{"type":"Topology","objects":{"foo":{"type":"GeometryCollection","geometries":[{"type":"MultiPolygon","arcs":[[[0,1,2,3,4,5,6]]],"properties":{"postal_code":"83622","realtor_list_price":780427.571,"realtor_list_price_yoy":0.0551,"realtor_list_price_base":1.4956,"realtor_active_listings":47.333,"realtor_active_listings_yoy":-0.1497,"realtor_active_listings_base":-0.0309,"realtor_new_listings":4.667,"realtor_new_listings_yoy":-0.5333,"realtor_new_listings_base":-0.6325,"realtor_days_on_market":86.857,"realtor_days_on_market_yoy":0.1319,"realtor_days_on_market_base":0.2082,"zhvi":559349.42,"zhvi_yoy":0.031,"zhvi_base":1.2267,"zori":"NA","zori_yoy":"NA","zori_base":"NA"}},{"type":"MultiPolygon","arcs":[[[7]]],"properties":{"postal_code":"83656","realtor_list_price":"NA","realtor_list_price_yoy":"NA","realtor_list_price_base":"NA","realtor_active_listings":1.333,"realtor_active_listings_yoy":-0.2,"realtor_active_listings_base":-0.326,"realtor_new_listings":0,"realtor_new_listings_yoy":"NaN","realtor_new_listings_base":-1,"realtor_days_on_market":"NA","realtor_days_on_market_yoy":"NA","realtor_days_on_market_base":"NA","zhvi":348046.379,"zhvi_yoy":0.0513,"zhvi_base":1.319,"zori":"NA","zori_yoy":"NA","zori_base":"NA"}},{"type":"MultiPolygon","arcs":[[[8,9]]],"properties":{"postal_code":"83637","realtor_list_price":435000,"realtor_list_price_yoy":-0.0842,"realtor_list_price_base":"NA","realtor_active_listings":7.667,"realtor_active_listings_yoy":-0.1154,"realtor_active_listings_base":-0.292,"realtor_new_listings":1.333,"realtor_new_listings_yoy":1,"realtor_new_listings_base":0.1061,"realtor_days_on_market":85,"realtor_days_on_market_yoy":-0.0556,"realtor_days_on_market_base":"NA","zhvi":336546.358,"zhvi_yoy":0.0483,"zhvi_base":1.0259,"zori":"NA","zori_yoy":"NA","zori_base":"NA"}},{"type":"MultiPolygon","arcs":[[[10,-5,11,12,-2,13,14,15,16,17]]],"properties":{"postal_code":"83631","realtor_list_price":515005,"realtor_list_price_yoy":-0.0143,"realtor_list_price_base":"NA","realtor_active_listings":13.333,"realtor_active_listings_yoy":-0.322,"realtor_active_listings_base":-0.135,"realtor_new_listings":3.333,"realtor_new_listings_yoy":1.5,"realtor_new_listings_base":-0.1178,"realtor_days_on_market":46.2,"realtor_days_on_market_yoy":-0.3,"realtor_days_on_market_base":"NA","zhvi":408381.873,"zhvi_yoy":0.051,"zhvi_base":1.0878,"zori":"NA","zori_yoy":"NA","zori_base":"NA"}},{"type":"MultiPolygon","arcs":[[[18]]],"properties":{"postal_code":"83604","realtor_list_price":"NA","realtor_list_price_yoy":"NA","realtor_list_price_base":"NA","realtor_active_listings":1.667,"realtor_active_listings_yoy":4,"realtor_active_listings_base":"NA","realtor_new_listings":0,"realtor_new_listings_yoy":"NaN","realtor_new_listings_base":"NA","realtor_days_on_market":"NA","realtor_days_on_market_yoy":"NA","realtor_days_on_market_base":"NA","zhvi":550499.646,"zhvi_yoy":0.0969,"zhvi_base":1.4495,"zori":"NA","zori_yoy":"NA","zori_base":"NA"}},{"type":"MultiPolygon","arcs":[[[19,20,21,22,23,24,25]]],"properties":{"postal_code":"83616","realtor_list_price":1001587.356,"realtor_list_price_yoy":-0.0706,"realtor_list_price_base":0.9293,"realtor_active_listings":361,"realtor_active_listings_yoy":0.0884,"realtor_active_listings_base":0.2512,"realtor_new_listings":174,"realtor_new_listings_yoy":0.5444,"realtor_new_listings_base":0.5043,"realtor_days_on_market":51.494,"realtor_days_on_market_yoy":-0.0896,"realtor_days_on_market_base":0.0079,"zhvi":815205.302,"zhvi_yoy":0,"zhvi_base":0.8806,"zori":2242.108,"zori_yoy":0.0963,"zori_base":"NA"}},{"type":"MultiPolygon","arcs":[[[26,27]]],"properties":{"postal_code":"83626","realtor_list_price":"NA","realtor_list_price_yoy":"NA","realtor_list_price_base":"NA","realtor_active_listings":1.667,"realtor_active_listings_yoy":-0.375,"realtor_active_listings_base":-0.5864,"realtor_new_listings":0,"realtor_new_listings_yoy":"NaN","realtor_new_listings_base":-1,"realtor_days_on_market":"NA","realtor_days_on_market_yoy":"NA","realtor_days_on_market_base":"NA","zhvi":430552.83,"zhvi_yoy":0.0505,"zhvi_base":1.0962,"zori":"NA","zori_yoy":"NA","zori_base":"NA"}},{"type":"MultiPolygon","arcs":[[[28,29,30]]],"properties":{"postal_code":"83650","realtor_list_price":985000,"realtor_list_price_yoy":"NA","realtor_list_price_base":"NA","realtor_active_listings":1,"realtor_active_listings_yoy":0,"realtor_active_listings_base":-0.6422,"realtor_new_listings":0.667,"realtor_new_listings_yoy":"Inf","realtor_new_listings_base":-0.1389,"realtor_days_on_market":7,"realtor_days_on_market_yoy":"NA","realtor_days_on_market_base":"NA","zhvi":446490.554,"zhvi_yoy":0.081,"zhvi_base":1.3945,"zori":"NA","zori_yoy":"NA","zori_base":"NA"}},{"type":"MultiPolygon","arcs":[[[31,32]]],"properties":{"postal_code":"83657","realtor_list_price":560000,"realtor_list_price_yoy":-0.7754,"realtor_list_price_base":"NA","realtor_active_listings":1,"realtor_active_listings_yoy":-0.5714,"realtor_active_listings_base":-0.5675,"realtor_new_listings":1.333,"realtor_new_listings_yoy":1,"realtor_new_listings_base":2.1111,"realtor_days_on_market":"NA","realtor_days_on_market_yoy":"NA","realtor_days_on_market_base":"NA","zhvi":"NA","zhvi_yoy":"NA","zhvi_base":"NA","zori":"NA","zori_yoy":"NA","zori_base":"NA"}},{"type":"MultiPolygon","arcs":[[[33,34,-6,-11,35,36,37,38,39,40,-21,41]]],"properties":{"postal_code":"83629","realtor_list_price":797937.5,"realtor_list_price_yoy":0.1857,"realtor_list_price_base":0.9152,"realtor_active_listings":27.667,"realtor_active_listings_yoy":-0.2455,"realtor_active_listings_base":1.4874,"realtor_new_listings":12,"realtor_new_listings_yoy":0,"realtor_new_listings_base":2.354,"realtor_days_on_market":69.833,"realtor_days_on_market_yoy":0.044,"realtor_days_on_market_base":0.2479,"zhvi":530566.464,"zhvi_yoy":0.0202,"zhvi_base":1.1288,"zori":"NA","zori_yoy":"NA","zori_base":"NA"}},{"type":"MultiPolygon","arcs":[[[42,43,44,-39,45,46,47,-37,48,-17,49,-15,50,-9,51,52,53]]],"properties":{"postal_code":"83716","realtor_list_price":684427.941,"realtor_list_price_yoy":-0.0397,"realtor_list_price_base":0.6146,"realtor_active_listings":116,"realtor_active_listings_yoy":-0.0279,"realtor_active_listings_base":0.1762,"realtor_new_listings":45.333,"realtor_new_listings_yoy":0,"realtor_new_listings_base":-0.2832,"realtor_days_on_market":57.735,"realtor_days_on_market_yoy":0.2515,"realtor_days_on_market_base":0.6713,"zhvi":631365.441,"zhvi_yoy":0.0133,"zhvi_base":0.7833,"zori":2528.39,"zori_yoy":0.1238,"zori_base":"NA"}},{"type":"MultiPolygon","arcs":[[[54,55,56,57,-30,58]]],"properties":{"postal_code":"83641","realtor_list_price":924712.5,"realtor_list_price_yoy":0.1514,"realtor_list_price_base":"NA","realtor_active_listings":9,"realtor_active_listings_yoy":-0.069,"realtor_active_listings_base":-0.0829,"realtor_new_listings":2.667,"realtor_new_listings_yoy":0,"realtor_new_listings_base":0.0895,"realtor_days_on_market":93,"realtor_days_on_market_yoy":0.1625,"realtor_days_on_market_base":"NA","zhvi":673351.673,"zhvi_yoy":0.058,"zhvi_base":1.2308,"zori":"NA","zori_yoy":"NA","zori_base":"NA"}},{"type":"MultiPolygon","arcs":[[[59,60,61]]],"properties":{"postal_code":"83628","realtor_list_price":458542.857,"realtor_list_price_yoy":0.301,"realtor_list_price_base":1.4041,"realtor_active_listings":9.333,"realtor_active_listings_yoy":-0.5333,"realtor_active_listings_base":-0.162,"realtor_new_listings":4.667,"realtor_new_listings_yoy":-0.3,"realtor_new_listings_base":-0.3309,"realtor_days_on_market":69.143,"realtor_days_on_market_yoy":0.2687,"realtor_days_on_market_base":0.732,"zhvi":364191.927,"zhvi_yoy":0.0084,"zhvi_base":1.1062,"zori":"NA","zori_yoy":"NA","zori_base":"NA"}},{"type":"MultiPolygon","arcs":[[[62]]],"properties":{"postal_code":"83627","realtor_list_price":"NA","realtor_list_price_yoy":"NA","realtor_list_price_base":"NA","realtor_active_listings":2,"realtor_active_listings_yoy":1,"realtor_active_listings_base":-0.2967,"realtor_new_listings":0,"realtor_new_listings_yoy":"NaN","realtor_new_listings_base":"NA","realtor_days_on_market":"NA","realtor_days_on_market_yoy":"NA","realtor_days_on_market_base":"NA","zhvi":505752.34,"zhvi_yoy":0.0685,"zhvi_base":1.3467,"zori":"NA","zori_yoy":"NA","zori_base":"NA"}},{"type":"MultiPolygon","arcs":[[[-44,63,64]]],"properties":{"postal_code":"83712","realtor_list_price":1054807.231,"realtor_list_price_yoy":-0.2295,"realtor_list_price_base":0.6273,"realtor_active_listings":22,"realtor_active_listings_yoy":-0.3333,"realtor_active_listings_base":-0.2771,"realtor_new_listings":8.667,"realtor_new_listings_yoy":-0.3158,"realtor_new_listings_base":-0.4266,"realtor_days_on_market":41.769,"realtor_days_on_market_yoy":-0.1153,"realtor_days_on_market_base":0.0923,"zhvi":812300.904,"zhvi_yoy":0.046,"zhvi_base":0.8521,"zori":1862.189,"zori_yoy":0.0611,"zori_base":"NA"}},{"type":"MultiPolygon","arcs":[[[65,-54,66,67]]],"properties":{"postal_code":"83705","realtor_list_price":492375,"realtor_list_price_yoy":0.0766,"realtor_list_price_base":0.8193,"realtor_active_listings":43.667,"realtor_active_listings_yoy":-0.2682,"realtor_active_listings_base":-0.207,"realtor_new_listings":30.667,"realtor_new_listings_yoy":-0.098,"realtor_new_listings_base":-0.433,"realtor_days_on_market":35.065,"realtor_days_on_market_yoy":-0.1373,"realtor_days_on_market_base":0.4649,"zhvi":424415.572,"zhvi_yoy":0.0119,"zhvi_base":0.8617,"zori":1606.924,"zori_yoy":0.0967,"zori_base":"NA"}},{"type":"MultiPolygon","arcs":[[[68,69,70]]],"properties":{"postal_code":"83605","realtor_list_price":410888.76,"realtor_list_price_yoy":0.0039,"realtor_list_price_base":0.9285,"realtor_active_listings":112.333,"realtor_active_listings_yoy":-0.0344,"realtor_active_listings_base":0.2852,"realtor_new_listings":80.667,"realtor_new_listings_yoy":0.2347,"realtor_new_listings_base":0.0492,"realtor_days_on_market":40.686,"realtor_days_on_market_yoy":-0.2008,"realtor_days_on_market_base":0.492,"zhvi":373105.215,"zhvi_yoy":0.0143,"zhvi_base":1.0216,"zori":1511.66,"zori_yoy":0.0472,"zori_base":"NA"}},{"type":"MultiPolygon","arcs":[[[71,-47]],[[72,73,74,75,-40,-45,-65,76,77],[78]]],"properties":{"postal_code":"83702","realtor_list_price":826338.588,"realtor_list_price_yoy":-0.054,"realtor_list_price_base":0.464,"realtor_active_listings":65,"realtor_active_listings_yoy":-0.2724,"realtor_active_listings_base":-0.2691,"realtor_new_listings":34,"realtor_new_listings_yoy":-0.0556,"realtor_new_listings_base":-0.3117,"realtor_days_on_market":45.667,"realtor_days_on_market_yoy":0.0224,"realtor_days_on_market_base":0.0574,"zhvi":738201.575,"zhvi_yoy":0.0478,"zhvi_base":0.7522,"zori":1783.939,"zori_yoy":0.0841,"zori_base":0.7098}},{"type":"MultiPolygon","arcs":[[[79,80,81,-67,-53,82,-57,83]]],"properties":{"postal_code":"83634","realtor_list_price":541533.419,"realtor_list_price_yoy":-0.0543,"realtor_list_price_base":0.9574,"realtor_active_listings":161.667,"realtor_active_listings_yoy":0.2797,"realtor_active_listings_base":0.0852,"realtor_new_listings":151.333,"realtor_new_listings_yoy":0.7734,"realtor_new_listings_base":0.5556,"realtor_days_on_market":46.035,"realtor_days_on_market_yoy":-0.0905,"realtor_days_on_market_base":0.3223,"zhvi":462375.691,"zhvi_yoy":0.0049,"zhvi_base":0.8276,"zori":2323.619,"zori_yoy":0.0553,"zori_base":"NA"}},{"type":"MultiPolygon","arcs":[[[84,85,-84,-56,86]]],"properties":{"postal_code":"83686","realtor_list_price":519092.152,"realtor_list_price_yoy":-0.0513,"realtor_list_price_base":0.8991,"realtor_active_listings":193.333,"realtor_active_listings_yoy":-0.0554,"realtor_active_listings_base":-0.0249,"realtor_new_listings":100.667,"realtor_new_listings_yoy":-0.0066,"realtor_new_listings_base":-0.3323,"realtor_days_on_market":45.907,"realtor_days_on_market_yoy":-0.0094,"realtor_days_on_market_base":0.3354,"zhvi":432439.471,"zhvi_yoy":0.0193,"zhvi_base":0.8931,"zori":1663.365,"zori_yoy":0.0491,"zori_base":"NA"}},{"type":"MultiPolygon","arcs":[[[87,-77,-64,-43,-66,88,89],[90]]],"properties":{"postal_code":"83706","realtor_list_price":534533.277,"realtor_list_price_yoy":-0.0567,"realtor_list_price_base":0.5935,"realtor_active_listings":56.667,"realtor_active_listings_yoy":-0.2019,"realtor_active_listings_base":-0.0615,"realtor_new_listings":31.333,"realtor_new_listings_yoy":-0.0208,"realtor_new_listings_base":-0.4659,"realtor_days_on_market":42.234,"realtor_days_on_market_yoy":0.112,"realtor_days_on_market_base":0.7215,"zhvi":512295.41,"zhvi_yoy":0.0228,"zhvi_base":0.8291,"zori":1908.519,"zori_yoy":0.0744,"zori_base":0.7611}},{"type":"MultiPolygon","arcs":[[[-7,-35,91,92]]],"properties":{"postal_code":"83602","realtor_list_price":"NA","realtor_list_price_yoy":"NA","realtor_list_price_base":"NA","realtor_active_listings":2.333,"realtor_active_listings_yoy":0.4,"realtor_active_listings_base":"NA","realtor_new_listings":0,"realtor_new_listings_yoy":"NaN","realtor_new_listings_base":"NA","realtor_days_on_market":"NA","realtor_days_on_market_yoy":"NA","realtor_days_on_market_base":"NA","zhvi":"NA","zhvi_yoy":"NA","zhvi_base":"NA","zori":"NA","zori_yoy":"NA","zori_base":"NA"}},{"type":"MultiPolygon","arcs":[[[-28,93,94,-60,95]]],"properties":{"postal_code":"83676","realtor_list_price":730693.889,"realtor_list_price_yoy":0.276,"realtor_list_price_base":1.1886,"realtor_active_listings":16,"realtor_active_listings_yoy":-0.2836,"realtor_active_listings_base":-0.3791,"realtor_new_listings":6,"realtor_new_listings_yoy":0.5,"realtor_new_listings_base":-0.27,"realtor_days_on_market":51.111,"realtor_days_on_market_yoy":0.1572,"realtor_days_on_market_base":0.1119,"zhvi":552997.498,"zhvi_yoy":0.0574,"zhvi_base":1.279,"zori":"NA","zori_yoy":"NA","zori_base":"NA"}},{"type":"MultiPolygon","arcs":[[[-70,96,97,98,99,-80,-86,100,101]]],"properties":{"postal_code":"83687","realtor_list_price":494243.741,"realtor_list_price_yoy":0.0169,"realtor_list_price_base":0.8504,"realtor_active_listings":133,"realtor_active_listings_yoy":-0.0025,"realtor_active_listings_base":-0.0073,"realtor_new_listings":90,"realtor_new_listings_yoy":-0.0146,"realtor_new_listings_base":0.1115,"realtor_days_on_market":43.23,"realtor_days_on_market_yoy":0.0234,"realtor_days_on_market_base":0.2921,"zhvi":430621.567,"zhvi_yoy":0.0154,"zhvi_base":0.8707,"zori":1702.235,"zori_yoy":0.0575,"zori_base":"NA"}},{"type":"MultiPolygon","arcs":[[[-75,102,-73,103]]],"properties":{"postal_code":"83703","realtor_list_price":692282.692,"realtor_list_price_yoy":0.0415,"realtor_list_price_base":0.7628,"realtor_active_listings":44,"realtor_active_listings_yoy":-0.1698,"realtor_active_listings_base":-0.0966,"realtor_new_listings":26,"realtor_new_listings_yoy":0.3,"realtor_new_listings_base":-0.2877,"realtor_days_on_market":37.692,"realtor_days_on_market_yoy":-0.236,"realtor_days_on_market_base":0.2736,"zhvi":534159.433,"zhvi_yoy":0.0159,"zhvi_base":0.8625,"zori":1905.921,"zori_yoy":0.0845,"zori_base":"NA"}},{"type":"MultiPolygon","arcs":[[[104,-90,105,106]]],"properties":{"postal_code":"83704","realtor_list_price":493709.649,"realtor_list_price_yoy":0.0589,"realtor_list_price_base":0.9502,"realtor_active_listings":67,"realtor_active_listings_yoy":-0.2444,"realtor_active_listings_base":-0.0377,"realtor_new_listings":38,"realtor_new_listings_yoy":-0.2297,"realtor_new_listings_base":-0.5316,"realtor_days_on_market":41.175,"realtor_days_on_market_yoy":0.0591,"realtor_days_on_market_base":1.2429,"zhvi":428972.195,"zhvi_yoy":0.015,"zhvi_base":0.885,"zori":1646.604,"zori_yoy":0.0433,"zori_base":0.6668}},{"type":"MultiPolygon","arcs":[[[-25,107,-98,108]]],"properties":{"postal_code":"83669","realtor_list_price":713019.843,"realtor_list_price_yoy":-0.0369,"realtor_list_price_base":0.7906,"realtor_active_listings":141.667,"realtor_active_listings_yoy":-0.0385,"realtor_active_listings_base":0.3085,"realtor_new_listings":68,"realtor_new_listings_yoy":-0.1429,"realtor_new_listings_base":0.3709,"realtor_days_on_market":49.745,"realtor_days_on_market_yoy":-0.0536,"realtor_days_on_market_base":0.1452,"zhvi":578198.302,"zhvi_yoy":-0.0053,"zhvi_base":0.7877,"zori":2411.582,"zori_yoy":0.0513,"zori_base":"NA"}},{"type":"MultiPolygon","arcs":[[[-32,109,-92,-34,110]]],"properties":{"postal_code":"83670","realtor_list_price":"NA","realtor_list_price_yoy":"NA","realtor_list_price_base":"NA","realtor_active_listings":3.667,"realtor_active_listings_yoy":-0.1538,"realtor_active_listings_base":0.0645,"realtor_new_listings":0,"realtor_new_listings_yoy":-1,"realtor_new_listings_base":-1,"realtor_days_on_market":"NA","realtor_days_on_market_yoy":"NA","realtor_days_on_market_base":"NA","zhvi":660744.764,"zhvi_yoy":0.01,"zhvi_base":"NA","zori":"NA","zori_yoy":"NA","zori_base":"NA"}},{"type":"MultiPolygon","arcs":[[[111,112,113,-81,-100]]],"properties":{"postal_code":"83642","realtor_list_price":616235.156,"realtor_list_price_yoy":0.0495,"realtor_list_price_base":0.8253,"realtor_active_listings":217.667,"realtor_active_listings_yoy":-0.1419,"realtor_active_listings_base":-0.2173,"realtor_new_listings":149.333,"realtor_new_listings_yoy":-0.0744,"realtor_new_listings_base":0.0185,"realtor_days_on_market":38.08,"realtor_days_on_market_yoy":-0.0742,"realtor_days_on_market_base":-0.0723,"zhvi":537210.946,"zhvi_yoy":0.0157,"zhvi_base":0.7587,"zori":1912.76,"zori_yoy":0.0516,"zori_base":0.655}},{"type":"MultiPolygon","arcs":[[[-26,-109,-97,-69,114]]],"properties":{"postal_code":"83644","realtor_list_price":642489.75,"realtor_list_price_yoy":-0.0234,"realtor_list_price_base":1.1623,"realtor_active_listings":118.667,"realtor_active_listings_yoy":-0.0326,"realtor_active_listings_base":0.8473,"realtor_new_listings":72,"realtor_new_listings_yoy":0.2273,"realtor_new_listings_base":0.9695,"realtor_days_on_market":48.333,"realtor_days_on_market_yoy":-0.1042,"realtor_days_on_market_base":0.1248,"zhvi":504482.775,"zhvi_yoy":0.0145,"zhvi_base":0.9371,"zori":2268.889,"zori_yoy":"NA","zori_base":"NA"}},{"type":"MultiPolygon","arcs":[[[-108,-24,115,-112,-99]]],"properties":{"postal_code":"83646","realtor_list_price":633367.969,"realtor_list_price_yoy":0.0321,"realtor_list_price_base":0.8765,"realtor_active_listings":265,"realtor_active_listings_yoy":-0.1027,"realtor_active_listings_base":-0.1088,"realtor_new_listings":170.667,"realtor_new_listings_yoy":-0.0039,"realtor_new_listings_base":-0.1345,"realtor_days_on_market":37.367,"realtor_days_on_market_yoy":-0.1802,"realtor_days_on_market_base":0.145,"zhvi":533719.735,"zhvi_yoy":0.0044,"zhvi_base":0.7705,"zori":2371.11,"zori_yoy":0.036,"zori_base":0.6075}},{"type":"MultiPolygon","arcs":[[[-101,-85,116]]],"properties":{"postal_code":"83651","realtor_list_price":415744.616,"realtor_list_price_yoy":0.0178,"realtor_list_price_base":0.9424,"realtor_active_listings":83.333,"realtor_active_listings_yoy":-0.0909,"realtor_active_listings_base":-0.1077,"realtor_new_listings":66,"realtor_new_listings_yoy":0.2222,"realtor_new_listings_base":-0.3023,"realtor_days_on_market":37.596,"realtor_days_on_market_yoy":-0.1204,"realtor_days_on_market_base":0.36,"zhvi":378086.831,"zhvi_yoy":0.0074,"zhvi_base":0.9199,"zori":1516.77,"zori_yoy":0.0489,"zori_base":0.7746}},{"type":"MultiPolygon","arcs":[[[-4,117,-12]]],"properties":{"postal_code":"83666","realtor_list_price":"NA","realtor_list_price_yoy":"NA","realtor_list_price_base":"NA","realtor_active_listings":3.667,"realtor_active_listings_yoy":0.5714,"realtor_active_listings_base":"NA","realtor_new_listings":0,"realtor_new_listings_yoy":-1,"realtor_new_listings_base":"NA","realtor_days_on_market":"NA","realtor_days_on_market_yoy":"NA","realtor_days_on_market_base":"NA","zhvi":"NA","zhvi_yoy":"NA","zhvi_base":"NA","zori":"NA","zori_yoy":"NA","zori_base":"NA"}},{"type":"MultiPolygon","arcs":[[[118]]],"properties":{"postal_code":"83636","realtor_list_price":"NA","realtor_list_price_yoy":"NA","realtor_list_price_base":"NA","realtor_active_listings":0.333,"realtor_active_listings_yoy":0,"realtor_active_listings_base":"NA","realtor_new_listings":0,"realtor_new_listings_yoy":-1,"realtor_new_listings_base":"NA","realtor_days_on_market":"NA","realtor_days_on_market_yoy":"NA","realtor_days_on_market_base":"NA","zhvi":"NA","zhvi_yoy":"NA","zhvi_base":"NA","zori":"NA","zori_yoy":"NA","zori_base":"NA"}},{"type":"MultiPolygon","arcs":[[[119,-106,-89,-68,-82,-114]]],"properties":{"postal_code":"83709","realtor_list_price":531822.034,"realtor_list_price_yoy":-0.0059,"realtor_list_price_base":0.7561,"realtor_active_listings":111,"realtor_active_listings_yoy":-0.1144,"realtor_active_listings_base":-0.3947,"realtor_new_listings":78.667,"realtor_new_listings_yoy":-0.0635,"realtor_new_listings_base":-0.4747,"realtor_days_on_market":33.441,"realtor_days_on_market_yoy":-0.1539,"realtor_days_on_market_base":0.3508,"zhvi":485566.269,"zhvi_yoy":0.0154,"zhvi_base":0.8445,"zori":2139.689,"zori_yoy":0.0561,"zori_base":0.6968}},{"type":"MultiPolygon","arcs":[[[-74,-103]],[[-41,-76,-104,-78,-88,-105,120,-22]]],"properties":{"postal_code":"83714","realtor_list_price":802134.203,"realtor_list_price_yoy":-0.0156,"realtor_list_price_base":0.9985,"realtor_active_listings":157.667,"realtor_active_listings_yoy":0.0194,"realtor_active_listings_base":0.5604,"realtor_new_listings":52.667,"realtor_new_listings_yoy":-0.1505,"realtor_new_listings_base":-0.0798,"realtor_days_on_market":59.063,"realtor_days_on_market_yoy":0.014,"realtor_days_on_market_base":0.5995,"zhvi":561378.169,"zhvi_yoy":0.0082,"zhvi_base":0.8688,"zori":2002.738,"zori_yoy":0.0839,"zori_base":"NA"}},{"type":"MultiPolygon","arcs":[[[-61,-95,121,-59,-29,122]]],"properties":{"postal_code":"83639","realtor_list_price":665357.143,"realtor_list_price_yoy":-0.087,"realtor_list_price_base":1.3448,"realtor_active_listings":11,"realtor_active_listings_yoy":0.2222,"realtor_active_listings_base":-0.2596,"realtor_new_listings":4.667,"realtor_new_listings_yoy":0.75,"realtor_new_listings_base":-0.2469,"realtor_days_on_market":36.857,"realtor_days_on_market_yoy":-0.4031,"realtor_days_on_market_base":-0.1399,"zhvi":479082.434,"zhvi_yoy":0.0135,"zhvi_base":1.0162,"zori":"NA","zori_yoy":"NA","zori_base":"NA"}},{"type":"MultiPolygon","arcs":[[[-23,-121,-107,-120,-113,-116]]],"properties":{"postal_code":"83713","realtor_list_price":519797.34,"realtor_list_price_yoy":0.0005,"realtor_list_price_base":0.6981,"realtor_active_listings":48.667,"realtor_active_listings_yoy":-0.2193,"realtor_active_listings_base":-0.2561,"realtor_new_listings":31.333,"realtor_new_listings_yoy":0.0444,"realtor_new_listings_base":-0.4482,"realtor_days_on_market":43.596,"realtor_days_on_market_yoy":0.0984,"realtor_days_on_market_base":0.5933,"zhvi":472482.504,"zhvi_yoy":0.0115,"zhvi_base":0.8193,"zori":1973.632,"zori_yoy":0.0627,"zori_base":"NA"}}]}},"arcs":[[[451236,858634],[-784,659],[26065,-112],[-251,242],[-6351,123],[-827,1511],[-1661,925],[-1939,544],[-65,1185],[679,1034],[-347,519],[3285,1883],[1624,1415],[1858,409],[805,405],[-366,712],[758,155],[-146,1996],[2384,526],[-389,864],[-125,1183],[-1470,-317],[160,381],[1157,447],[174,673],[1085,163],[175,932],[-424,629],[583,14],[24,980],[687,-493],[650,3],[-482,1220],[-631,211],[481,409],[884,54],[741,837],[-776,72],[2073,2357],[961,322],[1634,-117],[-110,-651],[927,-273],[-461,-440],[855,5],[1667,-327],[-828,-581],[203,-793],[468,-74],[322,-1009],[-663,-153],[-444,-526],[2384,803],[-398,-424],[-1229,-427],[-1251,-957],[1850,647],[1326,283],[1598,105],[533,1856],[1191,1353],[18,652],[959,-283],[-714,616],[705,263],[-1714,535],[928,189],[794,1130],[972,-160],[-11,-425],[2331,75],[1615,-227],[413,233],[1097,-255],[1466,508],[1075,-59],[588,1501],[-706,239],[-1278,-37],[1101,1543],[-643,555],[203,698],[1376,488],[-1707,200],[-1030,900],[-619,17],[-883,-951],[-727,-1917],[-1556,-502],[-2914,-172],[-1208,-449],[-1747,-298],[-664,-370],[-2795,-910],[-2366,-171],[-485,546],[-3175,261],[807,478],[489,679],[-573,352],[527,444],[-272,675],[-1222,119],[747,763],[-1424,24],[280,652],[-369,422],[1303,-681],[5533,1032],[885,-168],[3262,120],[1456,588],[1585,-85],[1741,167],[1054,435],[25,608],[-923,-107],[-513,1185],[-147,963],[1361,384],[8,1024],[457,873],[514,265],[201,792],[1809,224],[1522,1588],[15,448],[1089,820],[-48,446],[985,952],[775,449],[1703,513],[2953,1244],[1456,193],[1685,-300],[938,121],[2092,-150],[804,-270],[444,204],[905,-963],[-348,-598],[1706,198],[980,807],[296,-571],[939,-809],[447,497],[-209,941],[1156,1496],[-448,464],[-87,700],[451,718],[1056,553],[116,794],[886,853],[-753,768],[357,254],[43281,37],[87252,-4],[-113,-959],[-1066,-606],[-1243,-322],[-1065,-618],[-666,120],[-2369,-720],[-825,375],[-29,-1162],[-1091,-567],[182,-482],[-749,50],[524,-531],[-2111,-886],[-1113,-1279],[-430,-91],[-1723,-1201],[18,-588],[-851,-1165],[-137,-579],[-782,-1406],[-559,-253],[95,-799],[-1444,-502],[-4063,-1758],[1147,-436],[1674,-163],[184,-915],[1140,357],[1017,-379],[-337,-643],[-396,-1688],[182,-210],[1812,817],[-47,340],[836,906],[971,531],[400,-52],[-33,-498],[646,-538],[-267,-693],[235,-852],[-511,-388],[276,-396],[-476,-450],[-298,-1173],[-289,-169],[-1040,405],[-1575,-120],[-886,153],[-735,-256],[-1223,-1123],[-1199,-317],[-1514,-1279],[360,-1629],[629,-604],[189,-792],[1225,-873],[1377,-99],[1439,-1271],[-381,-1703],[-1397,-1260],[-653,-1603],[-1139,-1015],[-1254,-294],[-614,-631],[-1117,-192],[-596,-347],[509,-541],[-299,-999],[725,-620],[-50,-663],[1395,250],[268,817],[951,465],[-429,-550],[390,-1128],[-396,-322],[-414,-1190],[-4,-1819],[-723,-1463],[-1039,-523],[-462,-952],[-1094,-1044],[-386,-939],[-773,-510],[-262,-580],[674,-724],[-454,-827],[126,-770],[-1761,268],[-1637,-587],[-408,-477],[-2133,-1091],[-1296,-1694],[-1751,-824],[-1496,-197],[579,343],[-1686,-410],[-296,-674],[1216,-842],[1970,-1025],[-616,-632],[-579,-126],[-433,-553],[384,-670],[8,-856],[-595,-2009],[407,-421],[-310,-1762],[-723,-517],[82,-324],[1485,-14],[2223,668],[2929,-130],[1198,89],[690,-245],[379,-619],[1269,-202],[1025,-504],[673,-77],[1455,726],[1283,-375],[1296,130],[1859,-881],[984,141],[1039,554],[1604,286],[2135,-696],[373,-620],[-1218,-7],[-174,212],[-2102,419],[-861,-317],[-543,-290],[3555,-2],[-310,-1042],[1516,-1638],[2627,-453],[746,148],[477,-768],[-178,-417],[-2489,-2359],[-517,-766],[207,-571],[1914,-140],[998,-645],[990,-1341],[1396,-1406],[185,-473],[2209,-2745],[3603,-1955],[-851,-352],[-1477,71],[-1034,-1221],[-1075,-432],[-1484,-76],[358,-732],[-612,-507],[893,-697],[-263,-1032],[-40,-1689],[-421,-997],[-1226,-1547]],[[644794,815870],[-2351,-184],[-389,268],[-520,1369],[-2201,338],[-966,502],[-550,624],[-961,207],[-1676,-234],[-562,235],[-1933,153],[-1238,1126],[-1895,-122],[-1887,392],[-860,-196],[-881,-796],[-979,-167],[-378,-200],[-173,-1496],[1511,-773],[43,-455],[-1333,3],[-1757,-365],[-1492,-647],[172,-313],[-500,-812],[-506,-182],[-287,-732],[1605,-870],[314,-415],[-871,-489],[-465,-669],[230,-1520],[-1305,-412],[-680,473],[-2061,569],[-1028,-133],[-603,-613],[368,-356],[-246,-574],[-573,-234],[373,580],[-872,667],[-1136,552],[-896,1422],[-1328,182],[-2159,917],[-1875,-361],[-2813,-1923],[-1525,-157],[-2223,-411],[-1136,311],[-2251,-61],[-1420,461],[-2087,-11],[-1879,619],[-1002,-779],[-2841,-569],[-432,-514],[-1003,99],[-845,-1451],[-1454,-1588],[24,-384],[-1647,-1838],[-2219,-1070],[-1373,-342],[-1826,-692],[-889,150],[-1756,-205],[-1800,91],[270,883],[-1512,250],[131,-798],[-708,-1023],[-1359,-1024],[-1052,-137]],[[568410,800016],[-348,400],[414,757],[348,1557],[427,1103],[1326,959],[437,1559],[-60,929],[-607,591],[41,588],[-525,793],[147,361],[-185,1339],[285,724],[-1226,2000],[3,1472],[638,1098],[910,2250],[1303,627],[38,625],[-1987,-154],[-668,-426],[-1238,-208],[-563,-365],[-1486,-478],[-834,-718],[-458,-785],[-871,-201],[-2335,620],[-706,-269],[-995,29],[-75,517],[-864,400],[-1831,57],[-555,-551],[-804,-95],[131,-778],[-1280,-548],[-1086,-1390],[668,-127],[-1175,-241],[-1230,358],[-1659,-710],[-995,-99],[-788,215],[-344,-856],[-420,68],[0,16641],[-1427,-136],[-300,89],[-1553,-1792],[756,-892],[11,-882],[-1436,-1102],[-1674,-920],[-140,-852],[-1110,-621],[-1348,-432],[-982,-1728],[724,-1225],[1865,-1106],[421,-443],[198,-946],[-329,-1180],[514,-1379],[194,-1723],[-17521,118]],[[524191,812502],[-5431,42],[-162,-65],[34,-5764],[-6507,-129],[-10780,-7],[-20227,-60]],[[481118,806519],[-914,29]],[[480204,806548],[-23,3179],[-48,5475],[-810,155],[-1281,868],[-1067,76],[-775,469],[-2661,-659],[-719,1928],[607,-364],[-193,2933],[-1798,1455],[85,1040],[-641,-649],[-918,87],[-881,-914],[-1744,373],[-123,384],[472,1552],[-190,1692],[-808,322],[124,1332],[-511,548],[-260,1111],[323,1008],[-766,162],[-877,-360],[-888,141],[-646,1124],[-1116,-83],[-1558,904],[-643,121],[-2226,946],[14,382],[-3115,682],[-665,299],[-3276,-375],[-1197,-699],[-716,15],[-327,327],[-1368,-162],[1860,1399],[-599,1252],[-1119,563],[675,124],[266,-467],[1144,436],[-550,540],[-313,913],[-1267,924],[-2393,2506],[-1294,490],[-2724,666],[433,1325],[-214,535]],[[440899,844579],[-1310,2007],[264,1212],[690,558],[2197,632],[-257,42],[1643,1660],[98,258],[870,375],[1855,30],[1684,858],[299,904],[917,774],[115,1000],[469,359],[1414,152],[771,1323],[-397,1247],[-985,664]],[[108953,703822],[2,1297],[12,206],[2384,6],[13,-268],[-3,-774],[724,-435],[1671,16],[-66,-2123],[-650,159],[-739,-42],[-1430,-415],[181,-259],[-199,-1],[-559,-105],[-564,-48],[-351,53],[-561,28],[-158,7],[888,1434],[-1053,576],[458,688]],[[988621,794316],[-2974,-372],[-2995,770],[-1506,181],[-1181,-111],[-676,-407],[-950,-20],[-743,635],[-1537,590],[-1191,234],[-3048,47],[-2867,200],[-3479,1487],[-1897,-1208],[-765,-838],[-1647,-1276],[-1000,217],[-2150,-386],[-851,-1170],[-2588,-139],[-619,126],[-1918,-1498],[-659,-713],[-1029,854],[-1459,150],[-910,334],[-897,768],[795,1013],[-22,1310],[282,755],[-675,535],[-1077,117],[-3613,-911],[-1629,1362],[-1911,898],[-38,874],[2671,2024],[698,272],[241,1023],[1121,875],[93,736],[-1488,1532],[-1398,258],[-926,-361],[45,-828],[-1030,-551],[-606,503],[-985,-2],[-913,-430],[-1247,475],[-1502,-538],[-588,-801],[-661,-248],[-637,299],[-1115,8],[-1752,1425],[-981,385],[-503,639],[72,818],[-2903,557],[-940,-74],[-5951,1478],[-589,326],[156,318],[-149,1804],[-1025,1495],[-1042,1076],[-2282,1311],[-804,998],[87,391],[1877,716],[403,488],[-2393,1588],[1648,1648],[-447,1546],[-595,822],[178,1063],[-216,1145],[-1172,1965],[-682,337],[-439,1253],[619,912],[596,2101],[-1091,1702],[347,939],[-460,559],[-410,1269],[-1141,364],[-883,841],[207,1042],[-434,400],[71,867],[478,536],[-1687,1241],[-1441,717],[-896,2455],[-69,1175],[-555,155],[-360,686],[-1401,-154],[-1421,512],[-670,880],[473,1084],[-653,606],[-2247,1083],[-1685,1117],[-171,539],[-1498,-800],[-1867,-122],[-764,44],[-1405,915],[-2240,187],[-1002,245],[-934,571],[-1113,65],[-2764,794],[-2650,-70],[-3322,697],[-2266,-99],[-1599,382],[-1149,-1189],[1448,-557],[1564,-6],[3817,-997],[2077,-1113],[755,-1087],[2779,-1341],[1643,-2828],[1112,-904],[1885,-1354],[315,-911],[-2444,-2224],[-1728,-595],[-778,-716],[-216,-622],[-1042,-834],[185,-1977],[-2192,-3329],[-1007,-3396],[83,-927],[-1811,-1341],[-1748,-992],[-583,-948],[-1221,-932],[-99,-670],[-1149,-1073],[-654,-220],[-836,-903],[50,-1179],[-302,-1368],[-538,-202],[-19,-655],[-2826,-1018],[-1030,-601],[149,-394],[-2079,-703],[-154,-390],[-2632,-1407],[-1373,-1441],[-767,-1691],[-2043,-1900],[-1049,-507],[-672,-788],[471,-456],[-639,-819],[-941,-344]],[[854830,805076],[-1041,639],[-57,483],[127,371],[1757,1717],[1151,2312],[1177,794],[-176,541],[-4927,1850],[-1410,76],[-1256,-263],[-1897,70],[-1321,221],[-2171,80],[-1197,-207],[-1715,-1221],[-1515,-680],[-3971,-2611],[-2710,-627],[-1464,94],[-3300,-560],[334,421],[-1660,161],[-1335,652],[657,99],[-549,605],[-1750,824],[241,261],[-1129,612],[-423,1775],[132,1503],[715,1382],[35,666],[-662,16],[55,501],[-584,341],[24,919],[400,876],[-1345,817],[-451,986],[-727,842],[1,1249],[928,1696],[-1566,-20],[-7,671],[1314,336],[-339,408],[-1256,521],[-2151,324],[-1935,-238],[-3482,-844],[-2867,-44],[-2932,900],[-1612,98],[-1417,433],[-722,536],[-2029,499],[-624,572],[-1614,983],[-2862,1224],[-822,469],[-1067,68],[-2400,1561],[-1842,655],[-1334,639],[-2842,810],[-2221,172],[-4056,-236],[-977,-194],[-2602,121],[-197,272],[-1444,-127],[-323,382],[-820,-286],[-546,174],[-1349,-119],[-409,300],[-1031,-598],[-178,-1101],[-777,-809],[-2014,-12],[-900,-316],[-1751,-969],[-1533,-608],[-1520,-1396],[-356,-1568],[-1422,-409],[-685,-1071],[-1621,-1281],[-1,-700],[-1621,-840],[-182,-571],[-1515,-1557],[-922,-752],[-887,-1876],[-1964,-1391],[-815,-428],[-904,-121],[-2067,-1047],[-1843,-344],[-1347,-554],[-2374,-532],[-2290,-825],[-1546,-773],[-2413,-783],[-1158,-198],[-889,-757],[-1823,-789],[-181,-400],[-1058,20],[-2259,-440],[-1661,-678],[-896,-140],[-973,-877],[-1147,-217],[-565,-452],[-971,51],[-921,-312],[-531,131],[-1197,-344],[-6,-902],[-1744,-1061],[-1267,-366],[-2875,-184],[-593,-707],[146,-837],[-1988,-265],[-926,-338],[-536,-1152],[-352,-199],[-665,815],[-1146,-165],[-1914,36],[-1832,367],[-609,-87],[-845,-617],[-436,-656],[186,-606],[-3308,-869],[-657,217],[-1176,-194],[-184,-372],[-1227,-378],[-798,-1133],[-44,-406],[-2077,-921],[-949,429],[523,966],[66,1058],[1304,1552],[1173,518],[188,466],[2138,909],[2676,152],[1648,444],[3418,1364],[-66,894],[2672,1727],[1680,1433],[257,-356],[1041,395],[1583,1139],[477,-509],[864,63],[813,1036],[965,-21],[-369,875],[1043,454],[740,-446],[1259,841],[477,-241],[686,355],[520,1366],[1218,-406],[194,824],[-792,-32],[-747,833],[1885,-31],[1127,-778],[1016,471],[715,1279],[-658,1141],[-52,586],[-762,807],[2020,1996],[1720,-76],[2057,569],[1222,-52],[893,-784],[1580,188],[1163,-112],[970,-436],[713,36],[348,703],[1477,138],[649,-451],[1403,235],[539,411],[781,1323],[-224,1165],[1274,229],[1212,738],[167,748],[-642,-601],[-1349,439],[-16,631],[1179,1340],[-40,999],[592,807],[-657,817],[-1651,656],[-923,-630],[-1115,-117],[-2187,384],[-662,265],[-1270,-75],[-1378,323],[-1153,1019],[-1229,293],[-1145,-359],[-969,396],[-65,-499],[-2437,-719],[457,-533],[-555,-309],[-1591,-140],[-959,300],[-964,-470],[-1216,-4],[-2233,483],[-606,-281],[-1893,469],[-1596,-29],[-288,-377],[-1349,122],[-520,-235],[-1840,820],[-1824,168],[-636,317],[-1409,126],[-2504,-469],[-492,160],[-1216,-397],[-719,-585],[-975,61],[-871,590],[-2080,476],[1697,176],[-648,532],[741,-45],[422,639],[885,-10],[169,-569],[719,-169],[301,446],[-475,1344],[-486,543],[1126,30],[676,-486],[-139,939],[-1759,433],[460,1125],[-911,691],[76,505],[-1272,559],[831,630],[-94,703],[-1735,975],[1148,575],[-1866,795],[1100,718],[6971,12],[207,973],[661,1020],[-1087,346],[-1485,-578],[-998,575],[-954,150],[-1940,-170],[-1763,939],[-898,223],[-1453,-177],[-846,201],[103,1067],[-2617,207],[-755,905],[-743,34],[-2019,-1865],[107,-993],[848,-704],[-92,-1254],[590,-899],[360,-276],[-6305,-903],[175,-260],[-2443,1144],[-3137,33],[12,256],[398,991],[11,58],[-2131,588],[-1128,153],[2268,37],[456,464],[-701,671],[627,99],[473,1488],[673,512],[450,1162],[394,998],[-618,268],[-1037,-773],[-1375,-262],[-1367,1066],[1036,-566],[796,1250],[1067,932],[1171,682],[1141,1341],[963,670],[2253,-484],[1231,-434],[978,-795],[2521,-66],[152,603],[-582,618],[1271,-435],[921,263],[138,571],[805,233],[-174,1125],[1569,750],[-977,1544],[1134,575],[1418,310],[87,386],[1313,410],[-48,585],[937,523],[-26,1046],[1724,218],[1061,749],[2289,379],[515,1070],[-944,1919],[1402,977],[608,723],[-221,595],[97,1015],[499,30],[795,1698],[-462,613],[576,1008],[-231,423],[820,1914],[-216,332],[1004,703],[1847,259],[-374,502],[15,710],[914,2037],[402,241],[402,1087],[-729,634],[74,1310],[714,318],[-164,405],[1989,319],[-1067,-209],[655,-326],[192,-568],[-773,446],[6,-612],[674,-686],[394,152],[2138,-1],[822,-531],[102,467],[1392,16],[1918,-357],[372,332],[847,-99],[-476,406],[-1113,22],[-672,519],[548,635],[869,375],[1376,-207],[1004,97],[-304,480],[593,416],[-1672,393],[-362,666],[1194,701],[-1298,380],[711,772],[828,322],[850,-235],[1502,86],[1238,-586],[309,741],[1026,-429],[201,557],[1639,403],[2394,1281],[1599,34],[1414,369],[1269,-10],[2072,-370],[1153,154],[-935,468],[396,1098],[798,612],[-1127,886],[327,873],[1276,41],[444,-406],[876,483],[337,877],[-1002,-574],[-604,429],[-1250,424],[-1079,-1],[1510,410],[-1301,26],[592,486],[172,663],[553,356],[-835,152],[-464,-418],[-681,146],[-1992,-159],[1330,928],[984,240],[1142,860],[1157,-34],[-169,811],[-1134,-544],[-955,485],[-46,478],[-797,335],[98,1174],[794,524],[649,769],[-553,848],[744,-71],[2884,1167],[1183,-366],[39,-327],[-946,-477],[463,-558],[751,-189],[366,-495],[-42,987],[787,234],[200,1340],[-1013,827],[24,304],[-991,1051],[750,418],[549,1128],[-469,918],[282,438],[2416,483],[501,465],[537,-489],[759,-35],[1315,596],[1083,1282],[1288,348],[757,1039],[633,166],[1970,-268],[3879,-1011],[-213,955],[1029,468],[1145,-217],[1057,410],[1665,11],[2472,334],[1089,873],[1531,347],[1718,896],[2341,3],[673,663],[119,760],[-489,550],[50,798],[2442,1005],[1042,741],[3400,949],[962,1125],[244,853],[2432,-231],[2234,452],[1799,-368],[844,-557],[1536,-503],[1185,-1801],[1550,-37],[437,260],[-228,1122],[189,1392],[1443,-146],[928,1041],[1397,-389],[1597,1146],[218,1523],[1032,1282],[-222,981],[516,1440],[-829,759],[778,551],[-229,395],[807,1036],[3715,623],[61,365],[1523,1520],[3046,82],[318,852],[2785,941],[792,555],[2392,758],[1213,160],[1050,1047],[-757,399],[-448,1867],[2179,861],[-782,2610],[313,1435],[-234,948],[-1010,868],[-1640,94],[-228,1135],[238,622],[2039,266],[922,1051],[-1036,1321],[-2485,1582],[-37,1014],[1042,137],[2966,1214],[984,-230],[1209,-697],[2589,-42],[1648,948],[928,40],[1548,963],[3598,-266],[79,-304],[1524,-775],[2235,-374],[1458,-485],[2289,-231],[1434,-482],[697,-809],[4296,-1255],[587,-1989],[1471,-1470],[1076,-410],[-476,-823],[100,-835],[590,-476],[3195,-525],[1154,-359],[176,-544],[1470,-1381],[1925,-1042],[2051,345],[1241,-423],[355,-615],[1516,362],[211,-701],[1733,-409],[756,280],[700,-332],[1959,-185],[739,-1575],[-404,-1988],[203,-1394],[378,-894],[1656,-802],[471,-1010],[1577,758],[331,603],[-85,848],[-1071,1140],[788,1969],[1701,1061],[751,-47],[1146,-704],[1931,27],[1178,668],[2558,-17],[1504,-776],[1123,-8],[1305,-534],[-161,-1636],[732,-1196],[426,-185],[245,-2231],[776,-1444],[1830,-694],[684,-745],[-71,-510],[1313,-351],[1603,163],[2358,927],[924,160],[1787,780],[604,940],[3530,2773],[687,-827],[1117,-613],[872,-1569],[115,-1035],[852,-367],[1295,-1064],[186,-1230],[1180,-1988],[-1180,-2270],[566,-1143],[1326,-842],[246,-938],[-1086,-1381],[-616,-467],[810,-861],[710,-308],[533,-1137],[1324,-783],[1184,-416],[731,-920],[-124,-766],[-1782,-2212],[-3651,-491],[-2346,-714],[-942,-487],[649,-1546],[901,-961],[553,-1366],[396,-152],[-265,-1361],[148,-569],[2399,-1789],[1077,-1104],[-466,-952],[-2052,-1922],[-638,-219],[768,-1326],[2770,-1085],[1059,-247],[686,-688],[1401,-72],[1346,-418],[1414,-1226],[2984,-1359],[3375,692],[3036,80],[1439,-220],[1148,-657],[1687,-2459],[2026,-1118],[938,-1091],[3091,-1132],[-107,-1967],[718,-363],[1499,46],[1223,401],[802,-7],[1182,955],[1516,-334],[2904,-109],[645,463],[744,-77],[1900,1143],[1673,-410],[1253,-950],[1712,-228],[196,-1154],[2032,-1365],[649,-76],[541,-691],[1958,-1644],[553,1252],[3240,789],[1281,49],[1613,-704],[799,-586],[1157,-295],[41,-761],[4766,24],[1291,133],[1289,-559],[1074,-117],[324,-616],[805,-502],[-174,-878],[706,-1643],[1073,-430],[1507,-1749],[304,-1045],[-653,-1041],[-1429,-1575],[-1262,-608],[-215,-1031],[-745,-912],[-1024,-508],[-1157,147],[-1079,-839],[-1464,-455],[-1123,49],[-689,-463],[-1092,212],[-1465,-439],[-840,256],[-260,-484],[136,-1003],[3323,-2931],[3071,-518],[1921,-469],[411,-1026],[605,-394],[-318,-715],[875,-438],[2832,-2286],[3073,-552],[1547,441],[1289,252],[2441,-834],[602,-30],[1966,658],[668,-501],[-117,-2621],[-902,-1021],[-439,-946],[-1116,-369],[-836,-1136],[-3414,-1962],[-1109,-115],[-992,465],[-1262,95],[-955,680],[-1800,-679],[-192,-1340],[-1481,-1228],[-528,-214],[-2404,-285],[-1211,-530],[-794,-951],[968,-1530],[-235,-1143],[-2183,-642],[-1768,-52],[-102,-761],[-1115,-1036],[196,-736],[-998,-788],[412,-2383],[-336,-907],[-278,-1936],[495,-1054],[1114,-297],[1750,-1414],[934,-1092],[-678,-720],[368,-836],[2652,-166],[131,-725],[897,-1142],[685,-46],[512,-610],[2972,-702],[1091,329],[996,-201],[893,-1605],[1951,634],[3035,-306],[1353,1127],[-112,720],[1329,238],[593,593],[1089,305],[1445,-1334],[-10,-1236],[1798,-1292],[1854,-82],[1032,-297],[1670,388],[-395,-2015],[-1045,-731],[1601,-1502],[-1273,-1740],[-488,-1061],[-764,-656],[557,-839],[670,-542],[2555,-1228],[2231,-739],[2434,-143],[1304,-638],[-994,-1874],[314,-1554],[-1081,-1117],[-1368,377],[-2337,-683],[-1238,-1207],[-76,-413],[-1482,-1213],[-1251,-1369],[-417,-1940],[-1707,-775],[259,-1393]],[[480257,793642],[-65,1543],[76,3569],[-64,7794]],[[481118,806519],[1229,-476],[1339,121],[1284,-509],[-281,-1085],[992,-589],[402,-753],[-237,-703],[1169,0],[214,-444],[1474,-1315],[1380,-471],[165,-496],[1192,-338],[1571,69],[837,-494],[575,-703],[1442,-473],[2753,-1137],[2470,-1610],[1258,-361],[656,-923],[499,-284],[1814,-397],[1427,-57],[2270,732],[311,-162],[690,-872],[1276,-1024],[-97,-606],[1094,-721],[458,-915],[719,-531],[3560,-2196],[1579,-871],[2493,-1093],[1898,-282],[1573,1606],[988,247],[2492,1801],[2248,361]],[[530294,788565],[833,-595],[1051,-254],[846,-499],[1620,89],[435,255],[1657,-731],[605,667],[925,-280],[467,972],[1442,814],[595,-190],[415,900],[1177,929],[724,1074],[1531,626],[511,-68],[566,-688],[-86,762],[459,419],[213,1278],[505,766],[1538,113],[395,1038],[1107,308],[1606,1226],[-81,1262],[407,779],[-590,840],[-2535,227],[-1178,512],[-165,608],[-1242,-191],[-164,448],[345,588],[716,405],[1532,386],[1365,-243],[1277,317],[524,586],[1805,546],[109,335],[-954,162],[683,1219],[570,-313],[1446,-58],[498,-751],[1463,118],[853,-141],[2130,-803],[4577,-704],[1336,-322],[367,-497],[1122,-789],[-237,-1317],[462,-715],[-468,-664],[301,-550],[581,206],[124,1034]],[[644794,815870],[529,-168],[150,-1437],[-202,-944],[-504,-1067],[238,-969],[574,-1107],[2867,-1505],[-228,-1428],[340,-690],[1084,-91],[-629,-728],[-933,-628],[-645,-1469],[714,-1183],[-600,-2259],[-856,475],[-796,-672],[-935,-136],[-1392,-734],[-311,-439],[-2036,-901],[-616,429],[-1288,-476],[-1201,859],[-1326,49],[-998,660],[-1427,225],[141,1959],[-79,1237],[-860,292],[27,523],[-1073,1475],[-2023,1475],[-598,130],[-1799,3358],[-541,656],[-358,-2015],[217,-1056],[-150,-1136],[-468,-665],[-1233,-851],[-1007,-301],[-1366,-1216],[-34,-668],[-2078,-733],[-3642,-1732],[-1637,-288],[-1587,154],[-1008,-193],[-1696,-875],[-2349,-786],[-580,-1577],[-769,-656],[-1058,-415],[-1181,1100],[-1030,-689],[214,-1602],[-568,-620],[-2240,-1705],[-2997,-1908],[-1072,-205],[-2538,199],[-1466,-653],[-1570,-1300],[648,733],[59,885],[-2171,-783],[-1541,580],[-811,932],[-897,368],[-48,398],[667,883],[-15,408],[1204,535],[-230,834],[419,1546],[1152,602],[426,521],[-1004,1127],[-26,525],[-782,844],[-1685,712],[-241,477],[-963,154],[-2030,-541],[-1827,80],[-1699,-486],[583,-385],[-679,-527],[-17,-926],[835,-1027],[1937,525],[1081,-606],[-1041,268],[53,-877],[-575,-253],[-668,172],[-243,-568],[337,-399],[854,253],[-534,-776],[584,-790],[-355,-399],[-894,178],[-663,575],[59,545],[-1299,23],[-135,-612],[738,-623],[-497,-401],[-949,-42],[-627,-371],[-115,-534],[-658,90],[-446,-476],[-620,334],[-8,-1270],[-818,34],[6,537],[-791,-309],[24,595],[-691,127],[-1228,-369],[231,830],[-637,-74],[-365,461],[1549,600],[-231,361],[-1681,1072],[-997,107],[-1708,918],[-1296,186],[-1115,-405],[-119,-1048],[-1248,-1283],[59,-363],[-2444,-968],[-889,-669],[-1093,-245],[822,-526],[-333,-979],[-949,-1103],[-533,-1237],[-781,-258],[-973,-664],[95,-611],[-861,-1761],[-691,-1022],[-1014,-294],[-1417,-1744],[-1121,-734],[-407,-1185],[-476,-273],[3056,-286],[1219,-613],[1790,-273],[1675,-705],[622,-2102],[816,-170],[-204,-652],[501,-1052],[1372,578],[2145,1344],[1996,803],[656,752],[1053,304],[874,-100],[-740,-248],[294,-518],[444,340],[1093,99],[714,-326],[246,545],[744,-66],[2932,506],[358,-238],[932,136],[584,-246],[513,-1148],[808,-462],[1874,80],[437,644],[-411,361],[562,162],[1188,-504],[212,-661],[-519,-244],[1096,-303],[-580,-721],[570,-701],[-162,-485],[-917,-720],[218,595],[-821,803],[-774,18],[53,-420],[-913,316],[-486,-263],[2238,-1295],[592,-714],[93,-1233],[2089,-1371],[-281,-914],[-1461,-337],[368,-514],[-1684,-842],[-446,285],[-638,-789],[-729,206],[-138,-627],[-834,211],[1380,-668],[1026,-1334],[1798,-1542],[862,-285],[191,-989],[674,-1178],[416,270],[582,1054],[1897,2158],[-155,868],[450,540],[53,1322],[1033,1781],[-107,931],[214,708],[845,1279],[52,1295],[422,424],[1889,-17],[2382,314],[1100,-28],[2167,-464],[1874,28],[1797,658],[1719,124],[2267,421],[1156,511],[581,588],[1476,764],[-1623,270],[-256,730],[1595,-211],[423,624],[685,297],[1014,36],[55,-569],[742,160],[585,668],[-453,762],[-740,665],[321,934],[701,1012],[-541,1216],[799,428],[590,848],[970,729],[1513,-72],[659,249],[1036,-242],[739,417],[2655,1092],[1345,1187],[984,607],[680,845],[616,-362],[229,-765],[1407,-116],[-1010,-194],[-1514,-1132],[-1027,-1054],[41,-531],[-608,-114],[-39,-822],[-413,-319],[919,-897],[505,-165],[801,-780],[1747,-187],[926,-446],[3770,175],[626,165],[2621,-959],[672,-666],[615,-61],[1081,-1517],[365,-786],[1106,-830],[1317,-1519],[1687,891],[1335,1296],[1699,992],[1021,1226],[1202,629],[174,489],[1353,1295],[919,171],[1360,693],[-1106,178],[1678,663],[1054,250],[1701,880],[-1452,-107],[-1176,734],[374,113],[948,-609],[732,271],[863,787],[611,137],[974,665],[118,692],[-471,972],[281,177],[1491,-685],[3317,1358],[691,56],[1256,698],[215,867],[1036,355],[926,922],[-165,901],[507,-58],[342,-1388],[783,554],[2098,149],[1682,1246],[2103,734],[1062,786],[1543,-121],[695,273],[1686,30],[777,421],[949,-250],[-113,-462],[1307,-15],[865,-645],[1187,-448],[1081,109],[207,-271],[510,641],[1462,-231],[858,187],[580,-437],[1043,583],[1311,-5],[-1449,-248],[-766,-577],[-1104,325],[-1524,-1198],[-764,-40],[-895,-520],[-263,-529],[1729,749],[2842,527],[926,-80],[703,469],[893,-185],[1597,213],[535,-368],[-48,-810],[481,-1194],[767,-620],[332,-739],[598,-306],[513,-830],[-457,-513],[1173,-1149],[-390,-799],[650,-1283],[1276,-542],[487,-533],[-380,-795],[634,-491],[-411,-1522],[0,-651],[-744,-298],[123,-1414],[604,-415],[-446,-253],[-113,-1142],[505,-460],[8,-654],[579,-749],[733,-232],[373,-743],[718,-351],[1048,-1191],[173,-946],[-361,-329],[1398,-2318],[1127,-87],[1448,-653],[2704,-505],[177,-593],[1241,-1021],[667,438],[763,-373],[848,-769],[726,108],[463,-548],[-329,-571],[685,-549],[870,-206],[671,-521],[1552,-73],[230,-664],[848,-264],[1537,27],[52,-675],[885,-72],[541,-766],[19,-969],[1237,-217],[70,-712],[-592,-354],[559,-455],[3267,-248],[1223,-433]],[[723337,754826],[452,-788],[1393,-702],[-1089,-520],[-163,15],[-160,45],[-388,77],[-93,-11],[-380,-14],[-320,-112],[-223,-96],[-55,-52],[-167,-223],[-30,-102],[15,-109],[226,-234],[667,-241],[415,-706],[-104,-718],[85,-245],[219,-215],[252,-143],[345,-25],[1514,120],[-603,-1260],[815,-345],[177,-404],[-1007,-148],[-182,-97],[-207,-170],[-11,-218],[596,-781],[501,-339],[-197,-1076],[-1151,-987],[10,-700],[541,-489],[-315,-1165],[252,-841],[485,-96],[1282,-56],[78,-676],[-1182,-590],[-381,-874],[-1104,-328],[-271,-273],[-218,-658],[-1533,-1041],[-764,-243],[-370,-261],[-261,-334],[-780,-106],[-1078,-465],[-256,-209],[-141,-246],[23,-371],[322,-518],[-411,-1135],[175,-782],[-132,-179],[-206,-867],[-389,-26],[-203,140],[-606,158],[-1894,280],[-559,45],[-1077,89],[-1540,-169],[-494,144],[-993,-35],[-879,-318],[-475,12],[-400,195],[-824,28],[-1383,-133],[-2121,604],[-1008,699],[-378,113],[-829,-156],[-674,310],[-925,31],[-575,-390],[-240,-826],[-1812,208],[-418,947],[-296,194],[-85,6],[-601,118],[-267,-34],[-228,-209],[-112,-1299],[-393,-292],[-474,-3],[-615,152],[-893,-28],[-1237,-777],[-689,-611],[-544,-267]],[[691114,729399],[-1323,-32],[-382,533],[-1685,777],[459,380],[-1352,1202],[-264,539],[714,795],[-474,795],[334,1031],[-870,554],[-1111,233],[-743,563],[-1437,79],[-424,678],[-1137,107],[-1125,1692],[-670,773],[284,638],[822,428],[726,999],[678,302],[-659,1186],[663,1475],[-424,443],[-116,-554],[-635,25],[43,-794],[-946,159],[-16,-1039],[-1175,-116],[-1156,251],[-512,665],[803,652],[-122,1238],[-1327,296],[-469,316],[-196,825],[-676,-343],[-756,52],[-1074,-1161],[-567,369],[-1263,-259],[-44,1192],[-521,257],[491,485],[1004,127],[238,308],[1593,211],[109,297],[-882,286],[-1330,809],[39,340],[2119,-136],[1628,137],[42,355],[-777,180],[580,952],[-650,-331],[-1319,67],[-270,-236],[-1329,221],[303,780],[-342,383],[348,491],[-962,652],[189,1729],[-985,1824],[-1413,1259],[-1590,717],[-844,-93],[-1395,183],[-1070,970],[-211,-556],[-1576,251],[-88,310],[-1777,235],[35,480],[-1157,-149],[-638,-540],[-960,-141],[-741,-484],[-170,-1591],[-965,-542],[-667,-701],[-1461,-736],[-2022,-511],[-973,27],[-2205,-391],[-471,-660],[-567,-150],[-89,-589],[420,-377],[-563,-2484],[-556,-442],[162,-600],[-571,-456],[-231,-997],[427,-237],[-75,-780],[1088,-1417],[-1316,226],[-320,413],[-2086,1056],[-466,465],[-61,-852],[941,-379],[-26,-503],[-756,-97],[-1419,619],[-901,1137],[-1097,181],[624,-473],[-722,-726],[-586,503],[-878,-635],[-837,-1097],[-1153,622],[42,-736],[-802,9],[68,-1481],[-524,337],[-709,-488],[385,-397],[-781,-1616],[-1013,298],[-923,-759],[1545,-1395],[202,-923],[-1051,633],[514,-1146],[-842,-51],[593,-940],[-1212,-717],[-1037,292],[-1338,-259],[-1949,-1739],[-781,-1580],[-150,825],[-455,405],[-12,1080],[-352,490],[-1470,84],[1247,-267],[33,-591],[-586,-624],[331,-400],[-582,-188],[573,-685],[-1202,-26],[302,-570],[-1805,74],[234,-569],[-545,-460],[-64,-590],[41,-1111],[-577,843],[-251,1109],[-1177,1248],[-934,344],[-505,620],[98,588],[-542,1924],[35,1081],[-573,587],[-652,1141],[-983,225],[-1153,887],[-1435,803],[-1597,1093],[-127,340],[-1647,288],[870,568],[-608,314],[-1106,-298],[-879,236],[841,222],[113,1347],[269,195],[-1012,218],[-1174,-39],[-821,433],[-2230,282],[-968,-132],[-1042,389],[-1414,-487],[-357,-472],[-1962,-909],[-170,-568],[-1922,-1127],[-717,-110],[-1480,264],[-1498,-228],[-305,-553],[-935,-601],[-471,-798],[-1078,-315],[189,-584],[-1024,-460],[167,-1087],[-767,-847],[345,-484],[-529,-481],[300,-276],[-421,-924],[-684,396],[-217,-1618],[67,-836],[-362,-429],[-1036,-159],[-474,-763],[-982,126],[-842,-988],[-389,1060],[-1016,-811],[-810,86],[121,355],[-833,144],[-717,-490],[582,-218],[347,-1821],[669,-263],[76,-708],[1979,488],[316,-486],[1284,342],[-741,-27],[-561,569],[-1313,117],[937,885],[152,-525],[1656,183],[660,-401],[467,129],[152,1003],[520,481],[773,-665],[1771,-296],[129,-456],[-887,-457],[-916,-135],[414,-266],[-510,-736],[1940,682],[816,-493],[-1469,17],[-1449,-1076],[1135,-176],[158,401],[768,13],[755,-573],[-561,-660],[828,-224],[95,-503],[-657,-153],[292,-1079],[-1156,786],[-479,-585]],[[589760,726014],[-1006,-1356],[67,-315],[-795,-561],[-2893,1],[-801,550],[229,793],[-520,196],[-1020,-307],[-661,568],[-1216,155],[-1023,366],[114,-902],[-745,95],[-458,-345],[-722,134],[-942,-348],[-2533,538],[-863,66],[351,324],[-750,1137],[-1004,627],[541,124],[-505,562],[-1632,-417],[-848,377],[624,-1276],[-880,-116],[-531,-395],[-950,306],[-978,-459],[-1102,-6],[676,-680],[-1639,-80],[-817,120],[-177,-338],[-1293,181],[-1124,704],[-1315,-123],[30,424],[-783,295],[-163,666],[698,719],[-2075,-1295],[568,570],[57,787],[493,344],[-405,291],[273,636],[1543,18],[876,-798],[68,1027],[-1765,1000],[924,982],[863,-157],[853,545],[-322,412],[395,383],[-818,307],[81,403],[1035,477],[929,-426],[424,592],[1468,-114],[1950,689],[-1306,667],[-3179,741],[-2003,175],[-989,-1384],[-1481,248],[-1304,1194],[-1216,-97],[2071,250],[-288,1043],[-1110,-293],[-652,276],[662,142],[-469,353],[1309,168],[-732,810],[516,834],[1229,823],[-20,623],[-602,611],[95,725],[-368,374],[-1201,283],[-592,-204],[-892,888],[-2,1220],[-980,42],[-94,684],[-912,-282],[-978,650],[-376,576],[-848,95],[973,338],[-1496,993],[-522,-689],[29,1074],[411,530],[-744,104],[229,621],[1021,-284],[684,277],[-4,519],[-717,-22],[738,791],[555,-479],[495,81],[107,605],[546,-451],[726,276],[44,781],[1004,223],[-155,323],[855,-69],[-81,710],[306,-62],[140,-156],[469,162],[-1069,495],[-1508,-1041],[-2891,-486]],[[551249,752090],[-3404,667],[-1992,-521],[-1872,-26],[-775,-545],[-1191,-322],[-2030,160],[197,581],[1061,557],[-539,836],[-885,62],[-42,643],[-2252,-84],[-285,1199],[-928,689],[-385,-1399],[-2908,-1241],[167,-1096],[1250,-723],[1019,546],[686,-758],[-793,-452],[-33,-752],[-1518,-310],[-1263,100],[-308,-1189],[-1454,-644],[-94,-946],[-754,-502],[-832,-994],[-2226,-363],[-744,-300],[-1286,-963],[-1826,-745],[-471,536],[-1811,600],[-1164,901],[-523,866],[-1128,715],[1396,-284],[977,1228],[-223,1928],[648,-15],[2120,1028],[-210,250],[1076,1058],[1327,635],[191,-403],[1950,896],[-435,205],[1036,377],[-30,1278],[788,880],[-560,1003],[-2137,1189],[-1503,-160],[-456,513],[-838,-134],[649,804],[-433,854],[733,64],[858,1668],[-242,961],[250,508],[1085,-593],[815,511],[1139,-207],[-177,924],[948,1334],[-379,560],[-242,1443],[1933,-817],[-103,975],[-1159,1026],[-1007,514],[-4,545],[-689,127],[-1149,1121],[-109,608],[250,648],[953,273],[878,627],[1324,-898],[633,334],[1082,-503],[449,1106],[-1306,440],[201,478],[-1629,324],[-432,1138],[-821,709],[1093,654],[-190,284],[948,691],[-626,418],[1699,399],[529,345],[-1537,242],[-615,583],[-1662,-209],[-43,-498],[-1035,40],[-1299,-601],[1170,-662],[-1922,-302],[-1645,-1274],[-1205,-1228],[-1175,-261],[-1083,-681],[-1014,-313],[-1518,22],[-950,-201],[-2075,373],[-1574,-554],[-1520,-2050],[-1709,-902],[-935,-792],[-2695,-1350],[-1499,-1187],[1063,1172],[-68,540],[-1327,662],[1215,-6],[662,341],[-702,408],[978,555],[-2969,451],[-1826,-1274],[-414,-770],[-384,341],[-562,-1087],[-744,-525],[-2168,-161],[-1252,-676],[433,920],[800,316],[-69,943],[-926,41],[128,893],[-1476,-399],[13,1165],[-621,362],[-963,-360],[-295,278],[-774,-101],[-162,43],[2164,692],[297,533],[1405,-488],[1109,-20],[1064,407],[2081,381],[429,308],[915,1383],[89,436],[1762,1178],[799,-92],[2061,338],[975,-170],[1756,-13],[942,443],[2376,398],[-27,613],[917,797],[-1705,229],[-428,-217],[-1766,466],[-1629,-293],[-1743,245],[-801,321],[-1891,68],[-1131,-138],[-1474,91],[-1803,-93],[-1507,204],[-637,384],[-3921,923],[-1431,-363],[-1954,-249],[-1014,-433],[-936,382],[-1971,103],[-712,277],[-2524,189],[1335,-442],[1072,-905],[1007,-163],[-342,-331],[514,-832],[-2003,-254],[136,1101],[-2498,745],[68,14494]],[[402852,66333],[448,837],[-299,2493],[851,819],[1284,1879],[-120,1572],[523,772],[-568,1200],[418,568],[75,1088],[-1165,986],[-90,1972],[2778,1014],[105,2967],[1422,1927],[-227,3804],[1964,834],[968,175],[213,810],[1505,1475],[3053,-156],[-97,991],[390,1871],[5311,3942],[1413,2137],[182,2039],[279,364],[3619,2489],[944,137],[688,668],[2060,543],[47,1141],[1757,-302],[429,-1019],[532,-266],[336,-784],[982,-916],[239,-1522],[1100,-1720],[-694,-342],[103,-3131],[482,-983],[1892,-2416],[2571,-632],[2675,643],[1061,94],[956,437],[-41,-3488],[1194,1015],[1792,1145],[1450,520],[746,959],[60,613],[1104,1536],[2750,149],[1584,605],[748,28],[2555,-456],[3737,373],[837,-177],[2586,75],[942,241],[1076,-55],[4141,372],[1001,-47],[2197,437],[1943,-168],[1823,47],[1788,338],[2806,98],[1404,-92],[1399,1140],[1060,-1547],[830,-1559],[192,-1712],[463,-1344],[1749,-1939],[1948,-838],[1243,-1055],[3385,-6452],[330,-906],[326,-2919],[612,-139],[3375,644],[4197,494],[762,-772],[1330,-316],[1045,28],[1568,410],[4211,1527],[687,335],[1554,-56],[299,568],[-359,483],[-1554,1042],[-2481,1395],[-3153,2371],[-927,344],[-1315,865],[-300,799],[88,2038],[-1136,641],[777,307],[433,744],[45,1127],[-613,1795],[-4,1041],[329,642],[-91,1079],[-1121,809],[-1863,1059],[-890,322],[-315,1293],[522,689],[-940,462],[509,107],[1422,-524],[2092,61],[563,-803],[1325,-978],[2236,-544],[2821,-382],[1462,470],[1747,311],[1001,697],[555,1471],[-556,509],[462,366],[1264,101],[1177,449],[627,1060],[1496,156],[1346,521],[1360,-239],[1518,239],[567,-389],[1564,485],[1256,-953],[933,-327],[1019,215],[930,578],[1008,-163],[926,194],[190,668],[1123,-271],[1999,408],[1705,-129],[667,613],[1748,-80],[420,243],[-115,706],[1095,46],[3165,-514],[1200,226],[236,470],[-418,1265],[-882,1191],[210,540],[1307,863],[-553,803],[324,402],[-576,2648],[209,2746],[1445,2279],[1234,828],[-1372,5360],[-421,882],[-2735,4141],[6736,5301],[673,783],[131,532],[-11,10964],[46,19522],[-1083,8510],[1157,70],[3695,-912],[444,192],[1853,-90],[3295,830],[412,993],[637,9],[812,-759],[2294,615],[3026,102],[4619,47],[1484,-149],[2560,332],[2413,484],[2095,229],[1996,-20],[2548,183],[1036,268],[2016,1124],[2407,304],[808,-165],[428,-378],[-240,-1209],[671,-315],[660,1078],[2010,2046],[285,-1302],[689,-641],[420,-1871],[1022,-150],[814,321],[1377,1106],[1032,313],[2472,-519],[1175,-514],[2808,950],[1083,658],[775,84],[1446,639],[870,822],[2994,1122],[4178,865],[2055,927],[2424,803],[1101,177],[1243,506],[-7212,413],[-14914,1937],[-2605,-188],[-2785,-412],[1426,930],[1096,1051],[2236,1720],[1832,2046],[1741,1710],[2087,864],[511,670],[2889,1699],[3733,2344],[948,275],[1267,709],[2289,23],[1077,384],[39,600],[1038,732],[1881,807],[2625,522],[3167,429],[297,345],[2134,679],[1996,465],[1381,744],[2537,875],[961,130],[510,1350],[2026,1487],[359,1302],[-134,540],[-1246,1201],[-1156,752],[-1442,614],[-684,684],[714,1027],[-136,883],[-1172,809],[-2012,484],[-1757,1078],[-1923,93],[-2356,-224],[-2673,-28],[-3799,1050],[-2268,371],[-692,455],[-1294,92],[-1399,-289],[-2640,847],[-1081,568],[2060,1180],[1643,1163],[1800,1554],[842,1825],[297,1089],[468,583],[-547,1738],[-1587,1573],[-547,1650],[-708,303],[-650,731],[-797,1493],[-626,687],[731,725],[376,1023],[-179,670],[-1878,940],[-1202,1070],[-916,231],[-2210,1658],[-1894,913],[497,1442],[-1006,2381],[-190,942],[-4228,1391],[-1803,2326],[-5438,2829],[-328,68],[-485,-1921],[1611,-575],[231,-332],[-1002,-728],[-428,-748],[-1838,-1489],[-41,-968],[594,-541],[-1185,-1494],[355,-1031],[-1575,-3172],[-364,-517],[-2380,-1795],[-55,-368],[-2353,-2682],[-1216,-289],[-1760,-1112],[-1722,-128],[-2024,304],[-2347,-899],[-1370,-828],[-4261,-674],[-4716,-428],[-754,-220],[-1542,-1439],[-42,-1200],[-950,-1660],[-833,-284],[-1439,5],[-1598,-547],[-530,-488],[-2088,-280],[-1772,538],[-514,-97],[81,-489],[-1949,-963],[-446,-501],[497,-1410],[-470,-429],[-1398,-435],[-1852,-2225],[-385,-156],[-3645,-590],[85,797],[-1179,2197],[-963,429],[-2220,415],[-677,490],[94,951],[2027,2294],[1661,1031],[-35,649],[-2395,3262],[-1538,1905],[-460,805],[-809,2312],[-2,927],[744,2410],[-178,1005],[-777,1147],[68,786],[1077,1623],[865,672],[338,561],[-473,2189],[429,2498],[613,1006],[1697,4741],[221,816],[-499,1595],[-824,1176],[-216,869],[597,1484],[-449,751],[-1086,661],[-495,556],[309,1393],[890,1222],[113,580],[-388,-371],[-3007,-130],[-997,-432],[-4940,-467],[-3555,-787],[-1175,-56],[-2328,212],[-818,510],[-2702,1060],[-483,-260],[-2480,-89],[-7,342],[1536,2804],[1514,1303],[-779,2005],[33,376],[-941,207],[-35,2253],[422,653],[-502,607],[-79,1290],[-941,712],[-63,1268],[-795,1415],[-455,1219],[-1129,306],[-467,790],[-889,428],[-1445,279],[-152,455],[-1190,362],[-858,-9],[-2111,995],[-1311,213],[-1222,846],[-603,1088],[-1280,1284],[-271,874],[-798,1023],[-467,195],[196,1126],[-106,1135],[-1115,362],[-2171,1376],[-76,521],[-3480,780],[-2471,1479],[-439,620],[-1807,1008],[-1793,597],[709,1069],[243,893],[-874,763],[-1039,297],[181,754],[-481,1144],[242,521],[-1266,363],[-483,-930],[-1342,-530],[-1644,-1431],[60,-586],[-1568,-84],[-1115,251],[287,680],[-1401,121],[-332,381],[-1567,298],[-135,568],[-1190,828],[51,771],[1204,189],[1896,1085],[-2396,1051],[-1508,-511],[-1040,-46],[-1206,-1004],[-2186,-697],[-1899,-289],[-2110,475],[-3498,-3237],[-1074,531],[-1576,1573],[-1904,280],[-1460,1271],[-1508,1079],[-4145,241],[-1899,-47],[-4405,415],[-3142,1130],[-1349,277],[-1542,-30],[-380,248],[-2540,11],[-2217,734],[-589,633],[-3114,821],[80768,49198],[-1088,7],[-11,1686],[-3581,1041],[-2145,213],[-756,697],[-1645,364],[-1641,-7],[-78,722],[-643,1682],[211,1126],[1746,717],[1870,1371],[-308,687],[-8231,1102],[1099,445],[-748,526],[468,458],[1193,63],[2830,-515],[-26,1222],[-634,1869],[-1352,188],[-1793,-521],[-653,111],[-955,1007],[-6250,1037],[-3118,1115],[-3403,831],[-3784,492],[-4948,1048],[-1060,402],[-606,676],[1913,997],[-69,568],[1126,671],[-675,88],[-40,136],[1372,419],[1725,184],[1096,-1459],[620,-587],[1471,-551],[3074,-1444],[816,-650],[2883,-1627],[1147,-474],[1971,-352],[2562,8],[1614,-258],[1827,-117],[674,112],[1888,-169],[3048,-11],[3407,-381],[262,-73],[1754,-607],[3019,-412],[915,-459],[296,62],[887,2323],[1072,1033],[-520,1328],[72,453],[-1170,1405],[-1468,1373],[-238,677],[-2103,2311],[315,721],[1095,793],[1171,1243],[-330,1196],[1452,2138],[1374,1386],[1982,173],[1189,616],[686,629],[4219,602],[1105,575],[1788,2028],[1653,608],[1067,-90],[2174,141],[1447,-217],[1351,-788],[762,-746],[1834,-836],[676,-901],[-303,-2390],[425,-424],[2157,-550],[1625,-843],[834,-266],[3724,-184],[2709,340],[1224,689],[756,884],[1019,444],[3925,617],[2108,-756],[1706,-854],[976,-297],[865,-610],[797,-2649],[592,-675],[2095,-351],[2448,-539],[309,-288],[4098,-1067],[630,-48],[2663,628],[1202,143],[2372,782],[4500,-13],[2771,-232],[1267,276],[3039,451],[1930,-186],[2250,6],[2517,-267],[1756,-456],[746,-459],[385,-623],[87,-1513],[982,-1317],[129,-777],[-1586,-1291],[-3602,-2284],[-169,-426],[385,-750],[1435,-883],[2526,-832],[1978,-183],[1329,-283],[1590,-732],[996,-202],[2190,-971],[1689,-29],[1192,151],[2046,37],[2700,-574],[2149,75],[-4,-617],[-601,-1161],[-1272,476],[-1446,-346],[-2547,-860],[-4492,37],[-2895,315],[-1638,1489],[-220,704],[-1194,842],[-2312,881],[-2281,1204],[-1395,-315],[-47,-1902],[-9080,-46],[30,-1666],[894,-268],[1331,-28],[159,-796],[1192,-584],[309,-495],[1549,-47],[856,-565],[-288,-410],[-4635,-118],[-2566,-320],[3338,-1906],[2594,-932],[4446,-2717],[1012,-529],[2112,-629],[803,-414],[1548,-1350],[902,517],[1356,187],[1674,-341],[6591,-473],[5186,2973],[-878,-1423],[601,-2865],[317,-2145],[979,-3175],[1812,-2398],[259,-1433],[1360,-1357],[2736,-2273],[1572,-1478],[589,-911],[1263,-959],[-15,-2550],[1548,-889],[2347,-453],[984,165],[4608,-1045],[2053,-1017],[2895,-177],[841,-219],[657,-605],[3531,-818],[655,-286],[2953,-505],[2357,-536],[-5,-21025],[45,-289],[-135,-8141],[4828,-61],[-35,-53453],[9490,-16],[317,-224],[11502,-6353],[3426,-1355],[3359,-2203],[9988,-7565],[8159,-31],[1614,-610],[3216,-1562],[1037,-298],[3065,-335],[3246,-577],[4267,-596],[661,-363],[3139,-1219],[872,-539],[1291,-410],[1127,-725],[1547,-736],[1215,-1311],[2899,-1385],[2328,1053],[-265,628],[1474,308],[2676,-2247],[-2108,-1736],[-520,-1909],[-709,-211],[1088,-598],[98,-784],[-1738,728],[-247,1034],[-515,589],[-898,210],[-1385,-606],[-929,53],[-451,682],[650,667],[1,1102],[-2119,481],[-1373,650],[361,977],[-155,500],[-1741,492],[-1496,971],[-1171,157],[-772,426],[-266,864],[-1035,30],[-2428,-1471],[-1882,-120],[-281,897],[-811,752],[-728,-134],[-408,-1372],[-1641,-424],[-1756,602],[-2881,25],[-833,108],[-1204,-367],[-1767,-178],[-541,-603],[-1150,125],[-458,-817],[-2030,819],[-1536,-76],[-321,372],[645,887],[-321,888],[-2412,-366],[-1851,1075],[299,565],[-786,364],[-2485,97],[-140,-627],[1118,-312],[-25,-790],[-703,-121],[-1818,484],[-927,-145],[-1093,631],[-1063,-563],[-1053,13],[-358,661],[-530,77],[-457,-515],[-671,109],[-881,643],[-1348,-354],[-964,611],[-1093,194],[-695,-156],[-1895,182],[-765,-569],[-1639,-800],[-1274,-1370],[-1060,-230],[-1235,-653],[-426,-846],[295,-768],[1889,-572],[482,-1416],[947,-815],[-49,-1846],[1013,-369],[1536,908],[1448,469],[858,-196],[487,-700],[275,-1134],[1115,-344],[1027,-84],[1287,-437],[2409,-175],[3046,-469],[1644,-711],[2945,159],[609,-432],[202,-436],[-302,-850],[278,-721],[-180,-779],[1316,-725],[252,-456],[-731,-607],[310,-384],[-465,-719],[-1909,-858],[-1520,63],[-1283,-800],[-158,-652],[1254,-754],[-781,-795],[1,-549],[1127,-316],[37,-853],[-710,-485],[-222,-895],[883,-783],[577,-1201],[2551,-430],[544,-585],[-738,-636],[1,-1120],[-378,-1418],[191,-513],[-368,-607],[-1351,-675],[-972,-213],[-1203,40],[-1649,-447],[263,-656],[-226,-1350],[-669,-320],[-205,-745],[645,-902],[1099,-504],[685,-944],[-342,-659],[393,-596],[-2301,-467],[-1173,136],[-1307,-927],[-305,-864],[-870,-1058],[-29,-357],[-1424,-1403],[-497,-270],[1200,-1154],[-323,-527],[-1464,-692],[-590,-103],[-876,1118],[-1594,-795],[-133,-418],[-957,-371],[-1429,333],[-418,-307],[-996,40],[-1654,-662],[194,-735],[-734,-256],[-1465,47],[-1884,-1537],[-155,-527],[525,-547],[-1112,-712],[-656,-812],[-1872,-111],[-1313,-410],[-2055,-274],[-1051,11],[-1666,-350],[-886,-388],[-1259,475],[-1630,-379],[-1166,107],[-997,-214],[-1033,40],[-546,460],[-2771,460],[-522,371],[-1414,140],[1,-10999],[-13,-13762],[-2028,-890],[-164,-1358],[-747,-2605],[45,-1459],[353,-1645],[-1146,-1546],[0,-475],[1257,-1414],[-838,-799],[-3638,2334],[-2052,1153],[-644,149],[-1230,-31],[-860,-463],[-5600,-2312],[-1917,-922],[864,-2977],[768,-743],[-117,-684],[1179,-1580],[2484,1684],[554,223],[-1823,-5748],[-134,-2996],[150,-409],[-554,-902],[-73,-800],[480,-874],[599,-3361],[-2009,-2538],[-308,-1167],[-46,-1473],[-874,-2365],[-3780,-2903],[-943,-2847],[-354,-2601],[172,-1495],[-550,-3876],[-2778,-840],[-2283,65],[-1887,-380],[-2008,-1197],[3532,-1154],[2033,-1150],[2606,-1017],[-517,-1204],[-787,-967],[-1326,-734],[-1610,-375],[-1118,94],[2179,-1281],[1682,-1134],[2140,-1713],[982,-9],[2771,-2704],[1519,-731],[2287,-2613],[285,-1339],[-164,-809],[-103,-2651],[-924,-1972],[433,-651],[-940,-428],[-1284,-1712],[-134,-773],[271,-3125],[-326,-1814],[-881,-800],[-627,-214],[-1642,-19],[-632,659],[12,-326],[-1252,-2500],[-719,-394],[-829,-877],[-573,-1577],[561,-628],[-35,-866],[-540,-1246],[-1713,-395],[-1394,164],[-2278,-197],[-2944,160],[-832,-54],[-1075,-534],[-935,-779],[-960,324],[-536,1326],[76,1535],[-223,855],[508,735],[-447,809],[494,1126],[-1099,-1202],[340,-401],[-706,-402],[-1529,-102],[-1158,-487],[-728,-705],[831,-717],[-617,-643],[-1802,-629],[-301,-705],[-1003,70],[-1136,-563],[-1582,673],[-2254,-924],[-1024,-65],[-1235,712],[-1365,-230],[-487,-553],[165,-603],[-427,-835],[-813,-578],[-928,134],[-633,-520],[1185,-621],[988,-1134],[-1085,-196],[-491,-1505],[824,-672],[-2109,25],[-1067,-878],[-641,-51],[-919,-1064],[1135,-263],[612,-554],[-1783,-525],[892,-500],[-1311,-540],[79,-594],[-845,-181],[-286,-882],[-1626,-287],[-676,-487],[147,-1003],[-1497,154],[-887,-837],[-741,545],[-720,53],[-848,-779],[-1446,-174],[-1427,-932],[-330,-535],[591,-270],[301,-849],[-1045,-252],[-811,-1896],[-748,-343],[-1786,61],[-526,-830],[727,-835],[-926,-491],[-1951,-233],[-976,-402],[-1328,107],[-1639,660],[-1063,140],[-1671,-391],[-930,-735],[-941,-145],[-2374,-1396],[-142,-599],[-701,-451],[-2400,-544],[-655,-741],[-2549,-1821],[-166,-739],[-745,-1100],[-1106,-493],[-816,-1234],[-967,-433],[379,-572],[-308,-560],[-1124,-915],[-2401,-682],[-651,-487],[-43,-949],[-540,-216],[1247,-1487],[-423,-531],[794,-1242],[1143,-632],[976,-226],[107,-525],[-1063,-1174],[-2206,-792],[-1671,-1457],[-371,-467],[769,-2632],[573,-576],[793,-566],[292,-988],[3817,234],[530,-553],[2699,-937],[551,-1033],[1591,-1721],[1325,-429],[490,-1116],[535,-494],[-16,-1451],[1912,-2178],[-32206,-101],[-21926,-27],[-2,0],[431,38890],[-153,383],[189,617],[111,25672],[-4980,-41],[-2461,153],[-50284,-14],[-4782,-117],[-23566,8],[-2492,-62],[-3928,57],[-4641,-116],[-1784,126],[-3784,5],[-60,772]],[[249798,736342],[9571,27],[4338,-1],[116,1105],[462,1600],[945,1904],[1785,3200],[1657,2566],[3237,4903],[532,1421],[1841,2284],[77,390],[-24,406],[-294,642],[262,-5],[2277,-349],[2093,777],[1100,555],[1721,237],[2598,871],[3332,849],[2608,966],[2841,250],[2840,1123],[2141,524],[2652,393],[2895,222],[4049,-495],[1579,-271],[2524,-149],[2430,-398],[2132,-1158],[630,-165],[761,237],[1093,-324],[630,1007],[-53,634],[715,-441],[1380,-214],[1714,-156],[799,549],[1065,-58],[1455,-688],[611,-726],[2306,-805],[1597,135],[1509,-200],[797,-1096],[1324,-623],[766,-600],[520,279],[336,-462],[1758,-169],[1344,382],[2021,-792],[1874,-306],[1429,-94],[1215,538],[1789,167],[417,1410],[-267,834],[869,1025],[202,813],[1504,-102],[463,-624],[3473,-293],[351,-292],[1889,919],[185,268],[1390,-632],[692,368],[2648,8],[1775,-272],[819,223],[272,696],[1496,1183]],[[365678,762272],[-98,-13183],[4,-12666],[-3883,2],[5637,-3456]],[[367338,732969],[-1201,-36],[-355,-1306],[-1104,-213],[-1365,242],[-625,388],[-1617,432],[-372,348],[-1861,-414],[-721,-363],[-1012,-1255],[-1440,195],[-1800,-523],[1328,-986],[-669,-231],[-305,-645],[-773,-370],[-1081,-1606],[-1173,-205],[-2817,376],[-3392,179],[-2824,726],[-2224,172],[-867,-104],[-1471,534],[-2685,53],[-4441,-188],[1149,-1369],[880,-587],[1878,-645],[2890,-1925],[-408,-663],[147,-777],[-469,-273],[-313,2],[-2,-2944],[-17929,-65],[30,-410],[1131,-1258],[-41,-229],[1471,-1401],[1789,-1085],[152,-104],[1018,-843],[717,-516],[487,-466],[243,-747],[1430,-313],[1139,16],[1525,-895],[682,0],[672,-520],[4152,-1558],[312,-562],[1387,-1178],[1780,-926],[384,-522],[1768,-1179],[3160,-41],[-24,-1788],[-1948,-774],[-389,-394],[1763,0],[425,-31],[-159,-635],[340,-527],[270,-292],[438,-449],[1796,-3286],[138,-591],[-1,-62],[-41,-2342],[-2147,-78],[-293,166],[223,-171],[152,-101],[41,-74],[48,-238],[52,-104],[1185,-1332],[698,-379],[-19,-1075],[-1,-91],[-6,-368],[-59,-3515],[-18,-3003],[-1,-42],[80,-458],[158,-156],[2186,-709],[212,-269],[1133,-341],[-1368,125],[-298,-16],[-609,60],[-1506,91],[-11,105],[-401,43],[-313,83],[-1007,420],[-1146,106],[-1021,-331],[-84,-271],[-882,11],[-411,-36],[-1543,825],[-22,-4102],[-3198,383],[134,-497]],[[336228,677676],[-9119,44],[-557,3],[-5457,-35]],[[321095,677688],[-1833,-3],[-2433,9],[-4450,-20],[0,284],[-383,-1],[-3,-284],[-2418,-5],[-2027,-2],[-3182,5],[3,736],[743,-95],[-54,710],[-2393,-1],[-6,-601],[685,-1],[-6,-748],[-3134,-1],[12,1477],[7,861],[4,616],[7320,5],[4424,6],[24,2893],[188,-114],[274,-66],[-551,424],[-772,248],[-706,-221],[-538,-225],[-2290,152],[-91,-109],[8,-46],[-11,0],[-1272,-66],[-1622,-1087],[-950,20],[-1386,-472],[-1286,148],[-407,-49],[-1949,-221],[-861,-248],[-9,483],[-1188,103],[-2772,1618],[-197,1536],[-937,169],[-1433,-541],[-1603,100],[-1472,-243],[-2527,499],[-1761,1347],[-1930,-154],[-147,-59],[-311,-539],[-619,-397],[-1379,-84],[-339,85],[62,366],[-754,45],[-235,70],[-2153,-317],[-52,-164],[-1130,-126],[-644,267]],[[274243,685660],[1074,3756],[694,-4],[21,1336],[17,1083],[-843,484],[-74,283],[-866,20],[3,766],[1803,-59],[15,1019],[15,2501],[51,3759],[2,758],[6,1317],[-39,157],[-2395,11],[52,2102],[248,0],[-62,109],[-123,306],[-71,460],[-110,1021],[278,2381],[1490,4141],[79,902],[-118,346],[-1673,-14],[-20,-1480],[-4872,67],[52,7295],[-9680,40],[-252,1254],[-2046,-1723],[-6235,-3038],[-946,-326]],[[249718,716690],[80,19652]],[[87135,689040],[292,1],[648,1605],[483,140],[537,-120],[3020,-1598],[2267,21],[-25,-1292],[1766,-728],[1303,-665],[1339,-220],[401,1],[0,-51],[100,-5],[2332,92],[26,-15],[84,0],[3291,30],[3838,-866],[24,3813],[432,3],[881,-745],[1101,-158],[2421,-1676],[19,-3325],[-2436,-78],[19,-953],[-572,-716],[17,-745],[-1098,1],[-51,-415],[-737,-5],[48,-2977],[-2464,-2],[-65,-5922],[-1869,-10],[-1325,2283],[-925,641],[-3024,-20],[7,-1935],[-1072,-132],[-2349,227],[-2103,-643],[-778,274],[-2062,-42],[-999,-335],[-1468,39],[-1075,302],[-882,-809]],[[86452,671310],[-1722,-9],[13,2964],[-4847,-36],[-28,1465],[2416,-33],[13,2959],[-2423,-3],[-13,1524],[4860,43],[3,2982],[5451,51],[-592,2587],[403,1449],[-273,352],[-2521,-30],[-57,1465]],[[61281,479933],[-59,353],[838,965],[-105,899],[795,440],[1195,325],[1818,1390],[-83,704],[547,806],[776,564],[-534,1254],[-1147,599],[202,856],[11943,-9],[5,20997],[-109,536],[30,307],[79,77],[21,13354],[9299,0]],[[86792,524350],[30903,2],[1819,-125],[15487,126],[73420,-47],[-50,-1514],[638,-270],[3437,-3217],[1263,-1711],[1803,1262],[1558,834],[638,1125],[1029,765],[1096,-18],[1798,-3243],[6662,7],[168,2975],[260,899],[537,372],[-343,1006],[716,-71],[189,614],[-806,1375],[-95,880],[-919,850],[154,1418],[127,-807],[636,-1124],[985,-2252],[487,-649],[-602,-869],[2279,-1665],[-76,-698],[669,-298],[1124,-1376],[669,-289],[136,-623],[1094,-1088],[607,-270],[2051,-2567],[531,-977],[-184,-2511],[-190,-858],[-1797,-4278],[918,522],[1042,1346],[234,1115],[667,1493],[1455,1761],[1013,518],[1584,444],[2508,1195],[2802,733],[1355,826],[1279,1426],[106,1756],[2462,1342],[3259,78],[2503,799],[1267,630],[1998,-294],[1258,-593],[2335,-811],[1179,-548],[949,-883],[1899,363],[1551,-306],[1079,186],[1,-456],[776,-614],[1020,-1237],[275,-660],[957,-46],[3247,-1023],[2017,-1097],[198,-548],[708,-347],[1457,-4],[980,-1379],[2739,-4],[19,-2902],[7546,66],[65,-586],[-192,-4669],[987,74],[9022,1040],[7193,2178],[1838,691],[870,-796],[538,-1497],[125,-1719],[255,-929],[-1368,-1945],[-1195,-1280],[-1463,-2460],[-101,-1403],[309,-1603],[593,-1734],[-1577,-3341]],[[311241,488313],[-2,-1488],[1062,-1093],[1277,-879],[127,-202],[2387,-1245],[2211,-750],[1626,-845],[1023,-1691],[602,-583],[1671,-950],[1233,-929],[1379,-1498],[1631,-906],[1020,-196],[2876,44],[2365,-477],[1742,-896],[1026,-1636],[467,-1436],[-327,-1607],[176,-330],[1256,-606],[1764,-416],[2820,-866],[894,-179],[1460,-1078],[1752,-2079],[267,-1300],[708,-1359],[544,-1843],[809,-935],[1409,-919],[1320,-413],[1182,-141],[2699,24],[4115,276],[2501,-13],[2039,-269],[3494,-833],[817,-389],[465,-546],[250,-1075],[-788,-1690],[481,-819],[3309,-1374],[2321,-834],[5384,-1136],[1086,-634],[2201,-754],[904,16],[53,-20140],[-249,-43228],[-22389,-20553],[2745,-6496],[-188,-1195],[274,-406],[914,-331],[146,-628],[548,-511],[1817,-991],[243,-286],[1417,-3475],[275,-347],[950,141],[765,-157],[83,-99],[2792,-7762],[-123,-1557],[8685,-6679],[1344,-429],[451,-616],[-1387,-1282],[1740,-81],[1034,-556],[639,-706],[692,-1643],[-31,-320],[-110,-212],[-8271,-7525],[-1510,-804],[-13022,-4180],[-1271,-212],[-1639,-551],[-1316,-931],[-2403,-1051],[-3763,-1421],[-534,-356],[-3582,-1331],[-963,-513],[-787,-1132],[-713,-1425],[70,-994],[-926,-1148],[-2881,-364],[-1263,-1281],[-1228,-496],[-2503,-606],[-914,-1287],[-946,-329],[-765,-788],[-887,-163],[-1765,157],[-1731,-518],[-1540,-2],[-2304,-1062],[-2305,-785],[-343,-952],[-535,-250],[-1133,-1543],[-1809,-571],[-1350,25],[-1619,-433],[-283,-320],[-125,-1015],[-1072,-1385],[-1719,-374],[487,273],[-847,1092],[549,564],[-671,541],[-1261,244],[67,1687],[564,533],[-743,1075],[-693,332],[-755,967],[1491,1230],[1168,544],[-122,579],[416,803],[-415,565],[-997,404],[-948,-147],[-892,548],[-396,1663],[-332,244],[-3087,356],[-1027,-733],[-4097,37],[-1928,141],[-1973,-106],[-3230,1289],[-424,479],[-2315,456],[-965,-391],[-236,787],[-1816,723],[-832,1156],[1455,120],[461,266],[-9,529],[-681,332],[937,1359],[807,736],[50,477],[1545,25],[1754,-645],[937,372],[1111,1041],[706,1225],[1053,391],[1739,46],[1079,263],[1172,-69],[1892,856],[2874,890],[2933,2148],[2891,1020],[2911,578],[2082,1162],[822,116],[2115,1477],[959,221],[426,831],[1320,789],[1020,1207],[1334,816],[198,1480],[550,824],[-33,1205],[571,710],[-410,2040],[447,1324],[-335,-317],[-137,1879],[1552,2660],[603,1228],[-615,44],[-1966,-656],[594,1392],[2526,1524],[786,850],[1008,436],[1751,1513],[-289,240],[-178,1373],[1123,1480],[-796,1179],[-811,-92],[-906,828],[60,567],[-1419,446],[-2734,2577],[226,1153],[-62,1200],[-770,363],[-1449,9],[-62,1832],[-1255,2240],[-1090,2855],[-500,1609],[-528,-390],[-2534,-2950],[-512,-391],[-664,-1246],[-405,-2065],[-481,-1488],[-1315,901],[-1358,371],[-2656,132],[-982,-418],[-1374,0],[-1375,-241],[-1587,-586],[-2917,-707],[-2038,19],[-891,-167],[-1086,-660],[-1915,-1700],[-937,-1033],[-905,-651],[-589,-1525],[-1494,-1199],[-469,-912],[-1631,-1284],[-1630,-2111],[-1826,-1051],[1644,-93],[1086,-642],[1116,-1358],[45,-642],[1781,-1097],[829,-894],[-619,-818],[-60,-590],[999,-2241],[379,-1168],[-561,-1449],[-4800,-1015],[-1409,430],[-2,758],[-543,531],[-1541,62],[-1074,-185],[-1511,40],[-1732,-318],[-643,-542],[925,-1711],[57,-1519],[-354,-1768],[214,-959],[1434,-1361],[299,-949],[-493,-35],[-1073,-942],[-657,-1494],[-1250,-1557],[-957,-381],[-1714,-40],[-2591,-677],[-741,283],[-1368,-485],[-421,-1637],[929,-405],[-433,-382],[565,-1293],[-24589,131],[-14846,38],[-1158,-959],[-919,957],[-4648,261],[-1037,-249],[-14084,29],[1055,-539],[593,42],[1360,-1337],[793,346],[300,-504],[919,-119],[-152,-890],[442,-1315],[643,33],[380,-815],[1118,-1046],[456,-134],[489,-1625],[1891,-415],[195,-592],[1277,-1261],[1117,-272],[-22,-507],[1436,-286],[-582,-562],[581,-670],[669,13],[1920,-471],[69,-502],[817,-351],[-243,-622],[770,-610],[-83,-351],[-931,-1402],[-291,-1500],[353,-682],[-720,-435],[-42,-695],[636,-913],[176,-1291],[436,-507],[369,-3464],[-924,-525],[-747,-1070],[-2125,-6444],[224,-900],[-35469,-103],[-19,-5221],[1030,-510],[1069,-864],[1016,-266],[2400,-1442],[2708,-847],[2509,-1413],[1338,-240],[238,113],[-695,1306],[-115,1255],[1344,143],[1182,-208],[260,-892],[-128,-829],[814,-1435],[1040,-719],[1313,-1845],[322,-251],[318,-1349],[312,-206],[2174,-146],[1080,-412],[993,-723],[-104,-741],[882,-2302],[1080,-2074],[1630,-1154],[1412,-749],[1070,-780],[1306,-1427],[103,-541],[1914,-1184],[597,-229],[1184,-921],[722,-1011],[1368,-667],[-326,-274],[132,-1178],[-1566,-2993],[-623,-124],[-1441,163],[-525,-191],[-2078,-1599],[-2208,-571],[-770,-867],[-667,-336],[-1256,164],[-9290,1938],[-2588,23],[-2061,-573],[-2352,352],[-1249,-141],[-699,-372],[-763,-991],[-476,-148],[-1862,87],[-1056,282],[-1216,904],[-858,255],[-1690,75],[-1714,-542],[-829,-78],[-2317,144],[-1069,-87],[-4634,200],[-1425,380],[-940,-801],[-1111,-550],[-1093,-220],[-543,-376],[257,-586],[-1063,-7],[-1010,98],[-718,-190],[-624,306],[-414,65],[-667,-62],[-807,-541],[-532,-1185],[-519,402],[-833,-192],[-188,-705],[-1414,-257],[-364,-324],[-289,630],[-732,-206],[-397,-571],[-432,614],[-740,-199],[-1305,-2509],[-2618,-554],[177,-1067],[386,-275],[-1507,-1063],[-407,-531],[-1190,328],[-174,915],[-1546,-339],[-1252,154],[-1518,756],[-1994,489],[-830,-273],[-1576,404],[-1377,741],[-2028,225],[-1817,-48],[-1749,279],[-1518,-41],[-3285,-539],[-2053,-1432],[1835,-1950],[377,-749],[-262,-808],[-615,-588],[1823,-4228],[314,-457],[1549,-567],[2344,-1776],[1187,-539],[1426,-186],[1683,-799],[3454,-46],[1066,-316],[766,-670],[256,-781],[-285,-1051],[75,-1098],[541,-1218],[-44,-2065],[422,-1954],[-181,-1182],[2386,-1647],[1910,-973],[1007,-1295],[915,-552],[181,-503],[1562,-874],[225,-372],[3899,-2623],[406,-791],[1155,-577],[1800,-1283],[2116,-1284],[-4336,-958],[-4065,-1144],[-270,-642],[-30,-1768],[-945,-553],[742,-300],[1181,-6],[342,-775],[1091,-393],[1713,-1697],[1062,310],[1530,-169],[3,-449],[1361,-277],[1893,-623],[1494,-1018],[64,-1268],[1324,-605],[2476,42],[3038,-758],[2565,-786],[450,-4153],[-1083,-605],[39,-364],[1323,-1226],[1051,-600],[-1221,-534],[-701,63],[-1173,570],[-982,-355],[-414,-442],[-94,-1567],[1017,-726],[435,-869],[-803,-1453],[64,-1732],[-396,-409],[-1665,675],[-511,864],[-571,272],[-1744,-307],[-644,484],[-1843,157],[-1139,-111],[-660,-1237],[-945,-641],[0,-466],[-1573,-1628],[-1245,-2260],[-300,-1153],[915,-2186],[748,-754],[-4225,-697],[-2603,23],[-450,-2014],[-35,-1471],[1213,-1435],[758,-2164],[-597,-590],[-3,-1035],[449,-1321],[1272,-715],[942,25],[801,417],[1144,145],[-2052,-753],[-2412,9],[-5492,-3070],[-974,-986],[-434,140],[-794,-856],[-1093,-2372],[-269,-1033],[-1076,-2605],[-3324,2353],[-2891,2288],[1302,1210],[-1303,148],[-176,828],[-1083,614],[449,1228],[1017,1144],[-1138,614],[253,1088],[-1513,623],[389,474],[-496,1470],[-764,920],[-884,633],[868,558],[119,502],[-1623,1358],[-2299,869],[-1969,394],[-995,-38],[-1131,-386],[-1095,215],[-4032,377],[-1128,373],[-1485,-35],[-1479,396],[-777,-225],[-1342,85],[-1162,-225],[-3822,-65],[-709,-352],[-825,-1324],[-1766,-993],[-893,1153],[-1554,-92],[-3007,142],[-1015,541],[-2518,-223],[958,1303],[-492,765],[-507,1813],[853,375],[-356,1365],[1400,946],[758,958],[235,951],[1754,1296],[-436,871],[935,1124],[574,1209],[-1225,444],[-1713,-64],[-1179,379],[-1950,985],[-2039,477],[-573,745],[-574,-373],[-1626,-2017],[-1079,-875],[-301,-1883],[-379,-986],[238,-554],[-736,-1817],[-1222,617],[-262,589],[-1054,620],[-888,1356],[-317,1859],[603,1029],[-817,1184],[821,865],[-344,951],[-794,857],[-1090,732],[-393,615],[-1420,8],[-1573,525],[-1573,-105],[-919,461],[-245,805],[-771,774],[-2217,1419],[120,789],[-810,1344],[-552,49],[-704,836],[-854,41],[-1441,497],[-1058,112],[-1519,-164],[-1454,-521],[-2459,538],[-1067,986],[-694,-551],[-287,-1141],[-763,-403],[-408,-803],[927,-1303],[-442,-793],[618,-649],[-792,-627],[237,-1096],[-71,-1924],[-1009,-862],[-1628,-686],[-355,-1383],[-1032,-417],[-1753,-1592],[-499,-1122],[-598,-467],[-1089,-1477],[-1012,-715],[-2177,-730],[-1547,-1050],[-1867,-2090],[-2677,-937],[-2125,-1114],[-1437,-253],[-1889,-1297],[-1610,-284],[-626,1469],[-1138,623],[-1033,-19],[-1317,316],[-2575,1004],[-1931,102],[-644,241],[-2915,2911],[-1486,2557],[-1345,1988],[-1741,-177],[-4862,-742],[-838,-255],[-3291,4],[-2329,-762],[-1691,-330],[-2158,-76],[-2592,-741],[-2697,-1552],[-573,-970],[150,-774],[-1290,-948],[-704,-9],[-1767,522],[-2098,186],[-1468,-492],[-1499,47],[-479,341],[-8,15259],[-28,49515],[-16,29545],[162,74068],[14,63],[24,112],[-43,18451],[1089,-660],[1340,-742],[-74,-1442],[514,-726],[-983,-1491],[-403,-1180],[528,-680],[21,-1310],[1223,-831],[1355,-107],[1308,649],[963,-300],[241,-788],[1802,-1550],[-1081,-1537],[503,-871],[-479,-940],[227,-1002],[442,-282],[799,-1255],[1400,-712],[1037,-1267],[155,-951],[1442,-1522],[182,-902],[1308,-1107],[330,-754],[1299,-8],[1136,614],[1519,487],[471,-189],[2229,-1705],[-1919,2675],[-575,1414],[663,679],[1116,521],[1130,102],[-91,1684],[1025,1005],[830,10],[1281,521],[1825,261],[3092,1805],[-29,-1823],[408,-707],[544,-2725],[347,-996],[-75,-1172],[845,-1655],[1238,-3181],[1403,-1991],[384,-1428],[263,456],[-315,866],[-1198,1907],[-1808,4257],[-558,1005],[203,622],[-497,1277],[-116,1636],[-779,1536],[238,1280],[655,1821],[-142,654],[843,1994],[897,532],[884,1332],[1817,1329],[453,692],[-62,605],[873,1047],[1713,543],[3427,658],[799,-25],[1141,-1195],[1898,-3713],[1407,-437],[1859,551],[1406,783],[1148,-28],[3004,1591],[1614,-29],[2913,474],[1554,-354],[2068,-140],[1540,521],[573,-205],[513,409],[1767,-448],[1492,-140],[814,-585],[2595,-308],[2265,9],[1583,717],[1344,-558],[2475,-147],[2896,745],[1100,586],[1660,577],[2143,410],[1405,-18],[936,-512],[1192,-1637],[1510,-920],[483,-577],[860,-2306],[-120,-661],[1117,-929],[800,-1842],[528,-735],[559,-1944],[-271,-1172],[-408,-363],[1479,-316],[2459,-893],[1523,-111],[302,-1433],[482,-400],[664,688],[664,-595],[2005,-1311],[1086,-875],[1100,-530],[1779,74],[2338,-577],[814,-344],[3197,372],[1645,334],[3663,-489],[-772,-864],[532,-486],[2840,-1359],[-265,-743],[2061,-1697],[487,-1541],[734,-918],[2,-1256],[1381,-1200],[1200,-735],[-2,-1694],[936,-1161],[746,-2222],[572,-386],[360,-1348],[-117,-517],[1045,-497],[458,-1022],[174,-1797],[351,-536],[1100,-665],[997,-1617],[112,13174],[44834,61],[-459,804],[783,794],[63,1194],[742,1428],[-377,598],[516,1420],[1198,641],[1467,1088],[875,1115],[808,1407],[2056,4042],[954,1363],[6412,-6],[1911,-497],[1569,-864],[2686,-883],[1492,-27],[784,167],[2488,1368],[1326,438],[2790,1722],[995,1227],[59,1601],[693,2093],[-348,678],[256,1517],[-302,2102],[452,707],[-152,1079],[-693,37],[-1811,585],[-1223,716],[75,670],[939,1090],[-4033,-300],[-2098,157],[-2061,322],[-2119,-572],[-1107,-496],[-1700,-2131],[-1375,-958],[-213,-527],[-264,-368],[869,-592],[-1730,-121],[-239,-543],[-1032,-111],[-2090,-889],[-52,-900],[-1713,-921],[-2126,-241],[-908,534],[-721,-295],[316,-577],[-2457,-806],[-1303,119],[-2353,574],[-2712,255],[-1640,-759],[-553,-757],[-620,95],[-1234,769],[-3463,67],[-2481,224],[-1441,1059],[-1066,476],[-3342,1049],[-1363,743],[-1028,258],[-3258,1395],[-498,572],[-1301,631],[-367,454],[-1901,975],[-856,2543],[-802,559],[-1477,2241],[-2471,2404],[-1417,386],[-1013,-65],[-1355,484],[-1632,1025],[-998,121],[-671,-228],[-415,-838],[-1497,-219],[-2048,123],[-2136,288],[-1537,644],[-1463,-110],[-1030,232],[-712,420],[394,401],[-415,640],[-2991,351],[-1080,343],[-5239,3586],[-1894,1661],[-387,1336],[-718,1086],[-691,397],[-695,93],[-1894,-570],[-1351,62],[-2035,978],[-1476,556],[867,183],[-642,368],[-935,1431],[62,375],[2175,1276],[932,127],[1461,-241],[699,217],[2574,-233],[733,152],[2353,1055],[290,261],[-350,2137],[113,741],[-700,322],[102,1573],[457,293],[-778,2797],[850,1239],[-733,80],[-931,851],[-407,1005],[-725,521],[-996,1256],[317,632],[-151,698],[349,567],[-1965,1507],[-302,1070],[1347,1284],[409,1032],[-650,540],[1709,1478],[824,974],[431,46037],[-642,212],[-1318,-372],[-833,-772],[-985,-28],[-636,-623],[-1288,-102],[-1560,670],[-787,1107],[-1984,186],[-1363,-326],[-4196,735],[-1318,1051],[-1167,558],[-970,1470],[-1454,790],[-531,1070],[712,1349],[-2921,425],[2010,1503],[-19,1359],[-353,882],[-134,1605],[2098,1333],[2189,2060],[1059,253],[1654,793],[-24330,17],[1,8394],[-1327,175],[-1342,-452],[-1438,734],[-1212,-185],[742,313],[645,1424],[-442,1452],[-3813,3201],[-1835,3423],[-720,609],[-697,1733],[-739,516],[-719,1861],[-870,427],[-269,831],[-1634,1058],[-116,849],[-425,298]],[[365819,852392],[-1078,-395],[-1841,-185],[-1882,255],[-868,393],[-1372,-455],[-2063,83],[-1542,623],[-2599,1442],[-1216,196],[-1993,-272],[820,-2034],[-1375,-876],[78,-944],[1885,386],[-406,-902],[-178,-1361],[-762,-78],[-1800,806],[-614,-67],[-477,-770],[928,-1195],[-502,-1053],[44,-917],[-1142,-467],[107,-499],[-1600,-893],[384,-1136],[632,-322],[1471,-22],[-48,-931],[-1678,-138],[-29,-1391],[1223,-1118],[-628,-292],[-1212,357],[-809,-895],[148,-487],[1470,-825],[296,-1723],[-2047,-1219],[-846,-919],[-269,-813],[-890,-685],[-2014,-74],[-1717,940],[435,1176],[654,859],[-141,359],[-1504,1056],[-1745,2263],[-104,1114],[-1907,1151],[-2783,-66],[-1400,-317],[-1211,-587],[-1331,-364],[-1662,189],[-2724,28],[-1098,377],[-3121,-1004],[-1321,-1357],[-399,-119],[-2597,271],[-585,238],[-1033,1472],[-157,879],[826,2496],[-720,970],[-1334,376],[-1326,74],[-884,-1012],[-2077,-178],[-2029,-449]],[[304530,841415],[-1084,9033],[-1268,119],[-1960,-444],[-706,-652],[-1493,460],[-22,458],[-1216,639],[-725,739],[-40,586],[-1397,54],[-204,442],[-3386,1322],[-976,714],[-3014,1223],[-743,837],[-810,-310],[-370,-699],[-1542,143],[-1216,-747],[-2984,-1215],[-469,-560],[235,22798],[22353,-133],[23079,9],[-14,732],[-855,514],[764,1901],[639,390],[113,943],[658,1416],[825,815],[-119,1262],[565,1933],[-884,1078],[-610,125],[-164,1594],[484,142],[935,1465],[-879,919],[806,868],[-1370,1507],[-239,846],[759,870],[-376,735],[472,1110],[-109,836],[-689,802],[1407,678],[1840,323],[751,373],[1158,1886],[1497,1039],[-1571,645],[-544,876],[400,1096],[1577,623],[-425,670],[-1102,816],[536,176],[-870,1761],[-767,354],[-1193,1123],[758,636],[1284,372],[427,384],[-1019,505],[-855,1035],[545,1089],[-74,1699],[1441,1288],[1110,557],[183,495],[-520,833],[373,803],[-303,823],[560,462],[-226,408],[753,941],[-954,935],[39,1381],[807,504],[373,781],[-234,1276],[-748,1186],[-103,1351],[-483,404],[-2993,161],[1279,1277],[-264,490],[928,628],[1625,2097],[461,170],[-385,1936],[879,679],[100,2047],[-1113,857],[-541,95],[-177,1267],[565,709],[-1515,1712],[-298,84],[1982,864],[1241,1032],[141,1477],[761,1460],[-325,1058],[788,1091],[1096,561],[88,1176],[1001,678],[1372,1330],[-17,567],[-619,686],[1540,1272],[354,1145],[-2025,402],[-1022,1314],[-414,1600],[1302,2392],[-22,1060],[-378,669],[2344,-199],[631,1943],[-35,946],[1091,204],[718,1253],[1170,620],[-211,508],[494,724],[-1196,966],[1122,1499],[-367,648],[83,1109],[970,918],[365,785],[-314,1714],[326,856],[-530,1964],[357,283],[-91,1431],[2022,934],[1664,-429],[1824,615],[135,958],[-434,148],[861,955],[108,740],[633,259],[-284,523],[794,879],[87,658],[663,1254],[970,1134],[647,405],[-92,682],[765,1473],[1125,792],[922,98],[1260,945],[1274,135],[370,483],[1869,522],[17,-541],[660,-310],[496,-836],[715,-581],[-552,-908],[-227,-1221],[-626,-988],[-41,-1739],[321,-669],[889,412],[1435,285],[-392,-704],[934,29],[781,616],[1086,-248],[1250,531],[825,-201],[1277,608],[480,-96],[1644,479],[974,-228],[1116,163],[1863,-34],[609,-340],[2300,-492],[2116,456],[1075,-252],[624,250],[2258,298],[814,402],[568,911],[1651,94],[1235,-437],[3226,-899],[561,-551],[347,-881],[-1027,183],[-837,647],[-859,-1225],[-959,-611],[-642,-1066],[-1585,526],[-1412,-396],[-395,-390],[-1486,-718],[122,-416],[2614,-1747],[-2330,-352],[371,-1647],[-103,-690],[716,-940],[-139,-427],[868,-1127],[-669,-733],[-944,-228],[1184,-726],[-1010,-2182],[-1578,-1510],[529,-380],[-92,-661],[-838,-871],[-305,-685],[120,-865],[-342,-605],[-504,-56],[341,-524],[-751,-278],[-886,-956],[1906,679],[731,648],[643,-71],[647,881],[1099,190],[902,445],[1065,-506],[854,865],[1407,594],[-380,355],[568,470],[-827,90],[-792,563],[919,690],[929,114],[930,701],[371,-207],[-100,-739],[364,-318],[-201,-733],[-416,-183],[784,-616],[-227,-1122],[-764,72],[-567,-420],[134,-463],[-654,-162],[282,-521],[-465,-232],[-1492,-63],[-154,-499],[1202,-700],[-530,-68],[584,-582],[-526,-448],[-1221,-299],[382,-1051],[-1140,-822],[-475,-1677],[228,-460],[1170,-769],[1518,928],[-392,-591],[-2458,-1928],[-1077,-438],[-1359,-1607],[-462,-2050],[420,-1117],[-654,-1295],[1237,-86],[1547,228],[1723,869],[1274,-212],[1648,636],[1211,-73],[1114,-381],[460,703],[914,-223],[-78,-290],[1887,-431],[820,473],[401,-164],[268,-775],[1047,-129],[1994,-676],[1233,-1386],[1408,-1154],[-386,-1153],[375,-835],[-947,-620],[279,-753],[-635,-714],[-56,-741],[608,-951],[-587,529],[-250,776],[-237,1155],[18,-1746],[-1327,-773],[-100,-418],[-1236,-249],[-3176,-16],[-30,-5725],[-505,-688],[-1732,-1286],[669,-1312],[808,-446],[-1850,-164],[-195,-744],[-685,-679],[-930,-280],[-158,-1082],[-820,-1326],[-1015,-945],[-429,-2042],[328,-704],[-1232,-909],[-2313,106],[-1095,-287],[-883,-725],[-860,-283],[-2306,74],[2938,-362],[695,-1172],[1057,-566],[976,-924],[728,-964],[1261,-93],[1516,99],[1525,-606],[-976,-137],[-330,-935],[305,-283],[-443,-1354],[1076,-455],[-905,-385],[373,-1040],[1717,-743],[-140,-978],[738,-513],[1571,744],[571,-1451],[532,581],[297,833],[-78,-5036],[9827,6],[7,5863],[13854,13],[-3,-1578],[233,-241],[144,-1569],[677,-1156],[-2861,-1351],[220,-1497],[1929,-741],[-42,-562],[-682,-556],[-901,-1330],[-685,-118],[-797,415],[-148,-817],[-1731,-560],[-9229,-24],[-114,-2939],[-4905,21],[-470,239],[-2985,-1309],[-1395,-779],[-138,-12572],[-30,-2500],[-691,-494],[-355,-676],[23,-1991],[242,-1738],[-500,443],[280,534],[-622,864],[-720,2393],[-751,1355],[-909,-239],[-386,-384],[-1464,-598],[287,-1012],[-1252,-900],[755,-838],[597,-65],[-21,-713],[608,-672],[-1522,469],[-2532,-113],[-755,105],[-2814,41],[-1476,-233],[486,-524],[1262,-818],[723,-708],[267,-932],[494,-736],[-80,-1344],[-17928,-57],[-133,-17159],[-95,-6708]],[[339136,790484],[-71,1492],[4828,27],[8,1484],[4801,-33],[0,-1456],[1470,-100],[6099,-39],[-578,1360],[-3592,2382],[-947,3352],[300,10695],[-2944,3549],[-1045,794],[409,582],[1186,908],[1239,219],[1583,957],[2363,635],[3665,72],[898,280],[420,521],[1887,591],[2015,-277],[1580,553],[1198,-185],[-83,-5568],[1642,-384],[2258,-1088],[1295,-312],[686,-420],[-520,1151],[1325,-476],[1703,514],[553,628],[2428,809],[43,-1123],[320,-1189],[-295,-1497],[245,-802],[954,-1129],[1158,-918],[1762,-205],[1586,103],[1461,529],[619,-429],[1941,690],[311,-592],[686,-308],[964,179],[-153,861],[147,1372],[1149,1508],[-749,2143],[360,906],[-394,917],[266,609],[-395,437],[-949,248],[-1323,1702],[-669,476],[-1595,207],[-703,990],[335,339],[1000,113],[2054,-59],[744,-248],[2601,741],[1777,778],[2446,236],[329,-504],[574,706],[1255,780],[1009,-76],[1677,513],[1352,836],[189,536],[1372,832],[1427,1585],[1513,-73],[765,968],[712,119],[1296,634],[1578,1069],[1121,546],[314,1699],[2428,1615],[1381,174],[352,241]],[[415543,833486],[1541,108],[4,-595],[1678,402],[2297,-183],[1962,1151],[-14,1389],[-3357,6],[355,810],[-251,849],[-690,1035],[1009,835],[11,553],[650,78],[855,1096],[972,292],[1733,76],[932,508],[1441,-105],[454,-768],[1175,-170],[1263,-708],[2006,-166],[2372,-755],[683,-712],[909,-177],[1382,-104],[2253,2267],[861,2053],[581,550],[16,1280],[273,198]],[[480257,793642],[-93,-564],[-665,-623],[-1955,-540],[-181,-330],[-1349,-421],[-1006,-902],[-856,-258],[356,-972],[-1183,-1510],[340,-922],[-1356,-310],[-231,-674],[-900,-431],[-363,-1600],[-1862,-1255],[-1544,-483],[-2145,-1017],[-420,-566],[-2030,469],[-2374,-463],[-1311,-441],[-1890,-6],[-697,-204],[-274,-576],[-1183,-699],[-1342,-1944],[358,-969],[1990,-20],[763,796],[1659,854],[732,-80],[522,508],[1184,102],[183,638],[283,-792],[-899,-850],[-203,-947],[-1038,-1442],[310,-444],[-335,-982],[-811,-520],[-567,-1203],[-2128,-2574],[-1297,-775],[-666,-866],[-508,-1272],[147,-991],[1347,188],[1437,-270],[654,333],[2119,372],[1626,-2],[884,-247],[550,247],[2152,-119],[335,508],[1732,158],[1114,-282],[1608,-735],[287,-339],[193,-630],[-380,-1645],[479,-411],[-755,-1219],[471,-243],[1632,306],[168,313],[1912,-541],[854,-709],[-444,-439],[407,-349],[1620,31],[278,-327],[1230,-39],[937,-402],[391,545],[1253,-221],[-32,-833],[703,-54],[-15,-620],[-621,-508],[-419,226],[-1640,-470],[-478,505],[-1073,-154],[-629,-930],[-965,-197],[546,-620],[1255,136],[-652,-665],[-1676,-883],[1309,-454],[78,-440],[1007,1079],[667,8],[751,-1206],[-480,-732],[590,38],[64,-574],[626,-143],[-685,-1601],[-780,250],[85,-790],[1639,264],[1482,-314],[-109,-1599]],[[480061,747122],[-94,-41]],[[479967,747081],[-1279,-988],[-1063,-111],[-191,227],[-2677,687],[-1962,-223],[-2109,-33],[-851,-357],[-469,207],[-1770,-134],[-1681,-1590],[-1564,-881],[1215,23],[1091,347],[97,-607],[-1923,-1480],[-2311,-402],[-1357,-413],[-712,227],[-768,-468],[-1671,390],[-1056,-199],[-2028,142],[-1368,-531],[-1075,140],[-1803,-810],[-1056,252],[-1130,-164],[-1340,440],[-1079,1033],[-2239,1008],[-1199,-329],[-1535,-130],[-1211,140],[-1152,-424],[-1265,-177],[-2737,641],[-552,-314],[-2378,-124],[-902,-257],[-1383,403],[-891,-411],[-1462,59],[-1092,585],[-732,922],[-3091,-325],[-645,-1052],[-3203,-1528],[-1284,7],[1246,-2549],[1140,-1188],[4226,-2348],[1189,-554],[566,-659],[-375,-656],[329,-585],[1026,-748],[715,326],[904,-143]],[[428090,731395],[323,-1523],[-413,-870],[764,-1330],[489,-87],[-12,-1083],[-453,-750],[389,-980],[-516,-1100],[228,-442],[-962,-2142],[-1082,-1373],[-111,-689],[607,-571],[-1468,454],[125,-404],[-2173,-215],[582,-11871],[-168,-2233],[-107,-5765]],[[424132,698421],[-3103,1909],[-16369,10093]],[[404660,710423],[-23439,14167],[-3352,2016],[-7120,4300],[-3411,2063]],[[365678,762272],[207,9201],[-77,7058],[2,197],[-842,582],[-1764,733],[-1139,861],[-412,987],[-117,1565],[263,1535],[-660,1594],[-811,690],[-1695,801],[-1335,356],[-2061,-11],[-1910,-446],[-2224,-94],[-1656,585],[-1331,217],[-2441,176],[-1221,421],[-4520,-638],[-2412,-875],[-1546,-758],[-1341,1090],[642,-22],[911,426],[2544,563],[417,343],[-13,1075]],[[410083,639147],[1008,-539],[154,-108],[1296,-48],[2859,-583],[3195,-356],[700,2],[1941,337],[2956,-295],[438,70],[5778,-560],[3354,108],[1206,-356],[-225,258],[-835,461],[158,387],[409,209],[-709,527],[74,675],[-1663,710],[-179,56],[-2989,-324],[-1011,1563],[-2649,867],[-291,165],[-743,1187],[-2134,1047],[6,565],[-1162,651]],[[421025,645823],[137,304],[-1563,1734],[29,27],[130,0],[411,-323],[422,-473],[876,-1126],[948,-611],[2746,-1859],[1698,-154],[1276,387],[7318,520],[1241,-409],[1069,-993],[-9,2433],[-12,2812],[588,0],[7015,-436],[26,-1493],[-2167,-242],[1394,-565],[583,-723],[317,468],[12,925],[682,603],[1490,-240],[283,237],[1322,71],[290,-236],[1176,48],[540,-734],[930,43],[1387,560],[1898,-217],[539,-329],[809,-19],[1573,1042],[946,1572],[948,856],[-398,242],[2582,474],[947,484],[-381,102],[-245,326],[1436,1218],[1329,325],[1405,977],[-855,316],[978,1219],[1895,381],[275,781],[-871,1274],[-459,1330],[-963,623],[-61,930],[1697,1190],[1406,344],[534,641],[-276,623],[-672,-83],[-2140,1180],[825,371],[-2139,327],[-1315,1125],[-46,-707],[-1864,1576],[4920,1517],[252,381],[441,-45],[-118,415],[897,1340],[-8900,5491],[-7532,4673]],[[452907,680644],[-5303,3282],[-17595,10883],[-5877,3612]],[[428090,731395],[1554,890],[1265,-159],[430,-670],[1562,-1371],[1055,-346],[1967,-1197],[2529,531],[2016,-260],[1228,652],[1589,-35],[361,-433],[2311,-541],[504,-764],[2432,-978],[1222,-308],[836,107]],[[450951,726513],[-806,-709],[-1926,71],[-1102,-174],[-175,-635],[-1553,128],[-868,-635],[-523,-764],[596,-815],[-9,405],[962,-368],[408,-805],[692,-365],[805,-1198],[551,-109],[570,1029],[1419,379],[12,510],[970,1143],[1305,188],[1561,-592],[1878,15],[806,269]],[[456524,723481],[-46,-923],[-2128,-434],[2019,-1362],[227,-1515],[951,-1006],[725,-306],[2156,-378],[1895,-98],[855,69],[2084,732],[1044,601],[-2007,628],[3974,1257],[2820,337],[1049,542],[1658,136],[978,665],[798,-384],[1787,-179],[430,-229],[2843,401],[898,-358],[1,22],[-29,14755],[-1444,-3],[-95,10630]],[[480061,747122],[208,156],[2279,-1065],[1847,-577],[1263,-29],[1936,-514],[1066,-824],[1023,-408],[640,-822],[1207,-554],[742,-1351],[1254,-754],[312,-503],[692,-27],[1589,-690],[784,-112],[942,64],[1283,537],[930,737],[783,987],[364,792],[978,177],[1009,-292],[909,272],[1649,-448],[766,-756],[880,-250],[938,41],[2801,-988],[589,-33],[832,-679],[1112,-60],[839,-504],[1660,-404],[762,-539],[-665,-400],[1297,-1855],[604,-1916],[-570,-1136],[-349,-1212],[-358,-466],[-1044,-543],[293,-892],[-175,-956],[-1112,-548],[141,-942],[-1649,-33],[-941,-419],[-1096,43],[-986,-1145],[-1207,-520],[-1029,-1198],[1270,-1298],[-240,-939],[-540,-366],[-218,-847],[312,-384],[410,-575],[-604,-1326],[2527,-2893],[562,-1568],[350,-379],[1347,-372],[530,-877],[773,-229],[237,-411],[1519,-1284],[1265,-77],[1655,-2076],[-195,-784],[1489,-494],[463,-746],[-934,-1369],[332,-260],[1564,-534],[895,-122],[1537,508],[854,912],[849,352],[-346,1602],[-1024,264],[272,1005],[506,417],[-22,677],[423,533],[-224,481],[215,1186],[-192,445],[885,1716],[445,481],[830,289],[-607,342],[1829,975],[118,526],[719,314],[-433,336],[390,652],[-696,567],[-1191,-3],[221,557],[-779,369],[76,670],[-349,365],[2405,-559],[289,293],[-857,595],[-577,701],[415,163],[4104,1111],[-2327,-76],[-224,-320],[-950,864],[-465,-438],[-1313,161],[-475,316],[-654,-292],[-1570,559],[-688,-611],[-190,-693],[-464,-73],[362,1460],[575,551],[1515,398],[-539,649],[111,832],[512,248],[1029,-34],[110,597],[738,657],[-384,1015],[87,600],[542,271],[-455,609],[983,657],[1233,11],[-326,481],[50,1004],[407,578],[1281,59],[1101,505],[899,851],[-808,434],[825,760],[1204,533],[1695,71],[977,740],[1231,-237],[-284,440],[632,995],[1703,346],[456,543],[-474,634],[753,413],[-100,930],[296,491],[-529,293],[686,840],[73,992],[1268,1213],[1198,55],[7,304],[945,-173],[-65,362],[966,88],[1415,1676],[-838,1394],[778,855],[17,715],[956,155],[601,1001],[457,-102],[542,828],[1151,645],[67,264]],[[589760,726014],[300,-838],[-588,-1753],[1053,236],[442,-448],[-800,-1082],[724,-907],[892,11],[1270,464],[37,-656],[634,-628],[502,647],[1014,212],[284,395],[1422,65],[-734,518],[798,245],[1248,850],[25,-1058],[746,-348],[1031,257],[4276,-66],[104,908],[472,-33],[931,-434],[250,-525],[1273,-1061],[540,451],[1013,-165],[1101,-498],[-812,-674],[788,-261],[54,-620],[599,-497],[1979,-200],[456,579],[1053,-171],[982,501],[1204,-198],[-61,-330],[1263,-312],[217,-899],[-149,-121],[471,-469],[430,26],[308,72],[177,85],[1549,286],[1301,-296],[-105,-503],[1412,-244],[504,436],[1027,-626],[956,737],[596,-1159],[576,-313],[563,-2083],[-134,-1110],[1304,-651],[1249,207],[1324,-384],[294,-482],[712,-88],[129,-780],[1568,-110],[788,318],[1044,69],[3865,-715],[1561,-904],[820,-308],[470,-676],[682,549],[-506,433],[890,-56],[2975,1026],[492,377],[-1304,44],[-966,278],[1525,500],[1900,1351],[685,111],[1904,-576],[2997,140],[2071,-396],[948,-799],[2293,58],[1271,-495],[370,-382],[1704,-422],[1297,204],[1148,-353],[1919,-279],[1537,334],[593,-416],[985,-115],[2256,132],[941,-202],[1286,27],[981,782],[1049,-636],[1029,-238],[1108,345],[1459,34],[-77,634],[-1425,-1],[-1335,302],[-704,891],[-52,386],[226,135],[337,28],[1130,-180],[619,611],[-1498,1229],[152,279],[1683,57],[335,228],[-290,373],[-77,120],[283,661],[296,109],[528,-74],[780,-293],[667,176],[-504,819],[974,566],[715,1148],[520,259],[1162,29],[400,307],[30,346],[-737,1281],[-1215,1331],[177,597],[312,560],[877,492],[-7,211],[-359,216],[-52,131],[115,139],[1234,577],[-4,1591],[1011,293],[226,677],[1056,-230],[1352,714],[323,614],[892,524],[796,995],[371,276]],[[723337,754826],[58,16],[-15,573],[1679,550],[363,708],[1134,116],[653,-276],[1714,225],[1358,464],[236,425],[-1133,296],[120,452],[2474,644],[78,1940],[-657,368],[883,780],[258,812],[1814,2114],[139,1084],[1436,930],[792,80],[429,810],[1543,553],[1123,-113],[997,434],[390,1178],[1391,87],[569,473],[1568,318],[1817,84],[1318,-209],[1582,797],[1595,-198],[1374,269],[484,-252],[841,288],[1730,22],[999,556],[419,581],[1130,488],[53,334],[1700,461],[725,652],[820,286],[1655,-354],[818,225],[716,-321],[1432,37],[1761,340],[1833,-123],[656,497],[2449,464],[331,357],[1531,487],[1004,2],[2197,1279],[4440,623],[251,513],[707,70],[734,-433],[2182,114],[763,497],[2812,457],[1670,808],[1759,238],[1404,-171],[2203,1085],[14,764],[2115,243],[-55,689],[1645,435],[616,-488],[880,92],[978,547],[878,-458],[830,83],[1802,565],[1265,-1168],[2404,710],[336,-1156],[1057,-580],[877,648],[1109,75],[1129,-601],[911,448],[1830,474],[749,-256],[1243,73],[904,-220],[677,1209],[2962,847],[1836,206],[686,-340],[1333,652],[1815,-41],[-345,741],[771,513],[1083,234],[617,-621],[3032,70],[1283,655],[1090,-17],[1821,283],[387,639],[961,241],[1555,-136],[3559,1117],[71,445],[-746,670],[696,429],[1639,322],[805,543],[1277,-170],[616,1211],[-549,1459],[1007,545],[-569,1431],[389,669],[-179,563],[835,131],[-415,664],[26,977],[1716,1624],[335,1023],[1633,1227],[-217,517],[537,456],[-335,385],[989,470],[3,597]],[[988621,794316],[1520,-431],[585,-696],[1228,-372],[2445,318],[1140,-740],[730,-1053],[1466,-893],[318,-775],[-565,-292],[-861,-1017],[-1549,-817],[-975,-55],[570,-1398],[-402,-738],[-884,-687],[-45,-518],[-1311,-1510],[-3304,218],[-669,-523],[-721,-1223],[-1585,-1160],[131,-1596],[289,-859],[2402,-1901],[1146,-1102],[-328,-817],[671,-1371],[-848,-367],[424,-1547],[-264,-832],[412,-1230],[1389,-9],[1269,-534],[1079,-1048],[1167,-208],[714,-671],[1326,-426],[-360,-877],[961,-2005],[-510,-1732],[-1052,-253],[-643,-1012],[-2300,342],[-2460,-1375],[-1102,-19],[94,-1260],[-1619,-1086],[-2330,-940],[-1510,-950],[-95,-580],[780,-870],[-398,-981],[-577,-232],[-1104,-1037],[15,-2108],[226,-1471],[445,-849],[-1070,-1017],[-2614,-629],[-1433,122],[-2210,-1363],[-1313,-489],[330,-2547],[-1337,-505],[-424,-415],[373,-862],[-118,-1190],[-1529,-471],[-739,-1139],[-81,-1002],[-1472,-2472],[-224,-902],[507,-487],[-119,-1219],[441,-827],[-265,-1399],[-591,-442],[300,-579],[-1418,-2268],[-1521,-1546],[48,-597],[-1110,-1481],[136,-496],[956,-348],[343,-1632],[-78,-663],[-1756,-924],[631,-2247],[554,-516],[-977,-511],[-310,-589],[-1515,-1188],[17,-389],[929,-1352],[1029,-623],[1069,-220],[1900,-1552],[331,-1329],[945,-1484],[-727,-469],[-249,-588],[33,-1222],[-349,-422],[-305,-1555],[-620,-986],[-1088,-189],[-1109,-555],[-2275,-524],[-858,158],[-1181,599],[-2174,674],[-1057,-719],[-2564,-883],[-1078,188],[-1237,887],[-1101,-815],[-839,-972],[-1894,-562],[-508,-683],[-620,-174],[-2894,254],[-1824,-113],[-1560,766],[-499,62],[-741,-829],[-2842,-1289],[-1548,-54],[-939,152],[-1625,842],[-295,565],[292,591],[-360,595],[-1400,661],[-1635,-1484],[-1270,-612],[-445,-430],[-1295,-460],[-871,3],[-374,-323],[-1981,-280],[335,-369],[-294,-1273],[-1099,-480],[-311,-581],[-1070,-756],[-2516,-463],[-707,168],[-1932,1426],[-2459,-208],[-2314,92],[-1242,272],[-2261,112],[-1533,-172],[-896,110],[-1669,-275],[-878,205],[-3070,1638],[-3172,613],[-2211,-220],[-2053,316],[-1881,0],[-1250,-251],[-1178,-455],[-1069,-4],[-1697,1213],[-535,923],[287,870],[-144,1968],[-1184,1345],[-54,727],[-1191,823],[-952,2243],[-1729,1434],[-1619,889],[-860,1038],[-256,1078],[-1059,324],[-1387,672],[-678,657],[-50,653],[-1008,655],[-222,589],[-1098,866],[163,304],[-1081,263],[-1480,1521],[-845,355],[-2225,133],[-1037,-966],[-380,-913],[-552,-323],[-1089,-1221],[-1611,-611],[-252,-1067],[-679,-541],[527,-1145],[-1178,-87],[-244,-510],[-2424,-233],[-358,-467],[-1267,-327],[-275,-673],[-1429,-448],[-898,98],[-613,-349],[-1480,134],[-392,272],[-63,-830],[1192,-876],[43,-658],[-2607,-1037],[8,-418],[330,-256],[-211,-475],[-1439,-656],[-429,-717],[-955,-793],[-786,-426],[-1971,-2695],[12,-869],[-584,-941],[917,-805],[-185,-801],[-1551,-387],[-344,-797],[1143,-495],[936,-1033],[146,-664],[-431,-960],[-506,602],[-1978,659],[-1412,-8],[-2045,-298],[-535,-266],[-1824,308],[-1834,640],[-2372,173],[-754,429],[-1067,63],[-1209,-451],[153,-127],[-2286,77],[-2044,-743],[-2179,-525],[-2933,-1667],[-908,-129],[-2222,626],[-1865,1313],[-2778,-221],[-4406,630],[-2389,1201],[-1717,-80],[-2129,-899],[-970,36],[548,170],[651,863],[1224,665],[-127,530],[694,480],[-426,447],[705,972],[-883,560],[-1191,220],[1489,994],[2349,570],[-345,733],[170,1857],[149,591],[-1111,183],[-1227,-103],[-585,-358],[-2195,-744],[-1172,-605],[-1104,937],[-2262,-1],[347,1014],[28,1011],[-492,557],[-1140,175],[-1026,-264],[-1074,521],[-549,-331],[-398,1033],[-1061,643],[8,548],[-578,326],[-1089,-647],[-455,1035],[-534,221],[703,349],[-1375,571],[-1384,-101],[-329,256],[543,481],[-278,786],[-701,360],[-1432,-444],[-956,736],[-164,-602],[-1212,-367],[-697,292],[-850,-116],[-929,1212],[-511,99],[-191,599],[-484,-170],[-1025,837],[78,-533],[-609,5],[-698,538],[-455,-859],[-696,1202],[-68,1616],[-1420,1300],[68,995],[2057,911],[1374,3],[145,938],[452,1080],[774,1129],[485,135],[2830,2327],[1241,278],[-1226,999],[-378,803],[-967,938],[-89,850],[1556,1030],[152,428],[1200,710],[463,515],[989,500],[901,1028],[1118,720],[-800,1007],[-737,318],[-545,756],[641,1220],[-1893,-338],[-2448,-1463],[-930,-1101],[-1371,-354],[-1011,-942],[-463,-135],[-1323,300],[-737,921],[-1495,561],[47,77],[-452,484],[-530,-8],[-745,-917],[-77,-948],[-1756,297],[-1552,-362],[-863,571],[-1593,-917],[-852,431],[-397,516],[-504,203],[-218,-73],[-459,-858],[-2038,-1032],[-2093,-331],[-1589,-578],[-1330,5],[-1000,-354],[-22,-791],[-374,-231],[-2026,121],[-904,-324],[-1156,534],[-741,93],[-1637,-250],[-2471,603],[-2442,295],[-840,-11],[-1519,-873],[-1830,-196],[-1100,220],[-885,-176],[-278,-322],[-134,-546],[-537,-363],[-3630,-263],[-826,749],[-1015,226],[-1997,-155],[88,523],[-868,-151],[-2188,-1202],[-190,-682],[-562,-347],[-1911,-540],[-1189,-834],[-742,-796],[-1088,-229],[-795,-487],[-1722,-704],[-224,-413],[-1471,-621],[-909,-936],[-2136,274],[-1009,-551],[-506,-751],[-981,-183],[-707,-55],[-2617,696],[-1105,58],[-387,-748],[-726,-431],[-1401,-178],[-315,-321],[585,-1060],[-1118,-731],[-489,-1154],[371,-695],[2085,31],[-1167,-307],[-834,-1346],[-619,-331],[-866,-1386],[-1080,-122],[-2133,-888],[-2214,-346],[-1274,-1398],[-12,-535],[-787,-861],[-1290,-244],[-359,-799],[-728,-302],[-2114,-73],[-1557,-520],[-967,235],[-651,-136],[-1250,-1188],[-735,-404],[-984,-39],[-1490,-397],[612,-640],[-1064,-236],[-857,-580],[-1754,480],[-1303,-284],[18,-905],[-1248,-701],[-1332,-230],[-820,-431],[-173,-918],[-1105,-579],[364,-848],[-868,-638],[-1084,75],[-1499,416],[-1277,11],[-662,-872],[-1158,-364],[-613,-702],[-63,-152],[-300,-111],[-615,85],[-1160,497],[-440,-55],[-482,-893],[-237,-157],[-874,161],[-589,-203],[582,-650],[-545,-856],[-423,-405],[-1430,-591],[-1051,-649],[-492,-994],[429,-931],[-263,-478],[-393,-138],[-1126,213],[-867,372],[-633,-104],[-885,-729],[-234,-1404],[-396,-457],[-1267,-412],[-537,-733],[-937,-352],[-2175,121],[-374,-295],[-7,-1146],[-471,-953],[-692,-538],[-282,-51],[-371,313],[-714,928],[-1519,-176],[-411,-268],[-26,-368],[-200,-495],[-2967,-1284],[-552,127],[-704,960],[-2278,177],[-1326,-388],[-308,36],[-1415,1419],[-648,221],[-915,-250],[-1445,-739],[985,-311],[1430,-819],[193,-508],[-752,-1821],[-933,-943],[-1027,-449],[-1078,-50],[-1741,640],[-722,86],[-911,-373],[-1001,-1171],[-688,-534],[-370,-1412],[-720,-339],[-3322,-1097],[-937,14],[-508,490],[289,410],[459,239],[-652,740],[-1863,837],[-1700,-456],[-3567,576],[-1778,-664],[-3571,-143],[-119,-769],[-493,-545],[-1481,-653],[-600,8],[-782,-445],[-437,-993],[-729,-255],[-2097,216],[81,-1029],[1282,-411],[337,-496],[-556,-329],[834,-687],[-1460,316],[-626,-473],[315,-198],[-370,-1232],[-1086,-805],[-2367,-599],[-725,-436],[-845,-909],[-741,-216],[-892,-949],[-1212,-318],[-607,-1028],[-523,968],[-1211,-137],[-189,-1211],[-1314,-1034],[-490,-172],[-463,-757],[496,-884],[-892,329],[-1904,-709],[-363,-555],[-834,-554],[-1792,-326],[-2794,571],[-2118,945],[-1282,-489],[-1719,-906],[-373,-1199],[-127,-770],[2108,-3],[1118,-336],[752,-548],[163,-594],[1604,-1168],[1038,-1491],[1404,-799],[-623,-918],[834,144],[2712,-990],[855,-702],[1537,-376],[482,-588],[689,-1532],[2141,-183],[782,-391],[1981,-10],[-22,-690],[500,-1196],[-1189,-1629],[-274,-794],[-911,-59],[1023,-585],[-189,-1675],[922,-937],[-426,-621],[297,-1013],[766,-353],[-418,-564],[477,-2170],[630,-945],[-1744,-1171],[-604,-1047],[167,-570],[577,-270],[516,-1287],[1322,-114],[537,-587],[-593,-295],[-359,-939],[1311,-576],[-174,-524],[838,-210],[1222,-1110],[-489,-733],[1645,-1025],[456,25],[1392,-700],[230,-409],[-797,-824],[734,-795],[848,-459],[1764,-226],[644,-901],[845,-14],[626,-540],[-630,-387],[703,-1202],[1435,-893],[14,-656],[1214,-751],[1391,15],[87,-901],[900,-445],[-223,-665],[-941,-430],[2114,-1369],[244,-1647],[431,-627],[1405,-751],[803,-1351],[-410,-530],[1500,-112],[716,-1012],[761,-270],[309,-1192],[1431,-418],[541,-659],[1093,-324],[-188,-870],[-1029,-1203],[697,-859],[32,-795],[446,-317],[427,-1371],[-607,-229],[-27,-674],[1714,-654],[1048,-1357],[1331,-258],[118,-377],[958,198],[48,-705],[1409,-706],[81,-574],[-552,-496],[586,-439],[271,-1168],[-592,-53],[-986,-911],[436,-900],[1379,-448],[383,-2520],[-87,-894],[-705,-1043],[1165,-1262],[-1777,13],[-257,-882],[-2769,-1563],[-3598,-616],[-709,112],[-821,-1330],[-1007,-651],[-2542,-557],[-1904,-242],[-1254,-420],[-720,32],[-1652,-752],[-834,-1225],[-888,-562],[-863,-1058],[335,-806],[-530,-1658],[-433,-2020],[-1124,-1516],[-574,-1460],[-1721,-955],[-1178,-902],[-944,-53],[-3837,-1586],[-715,-180],[-1304,-851],[-1621,-17],[-3602,-866],[-615,-20],[-1367,673],[-1420,1079],[-1685,-677],[-2181,-383],[-2842,-920],[-1073,-515],[1567,-896],[473,-583],[-149,-1938],[15,-2365],[-3722,2020],[-9785,-2],[-1526,-425],[-2623,-1980],[-875,-179],[-2365,-882],[-874,-502],[-3583,76],[181,-809],[-426,-772],[318,-1106],[1094,-987],[-2467,-785],[-2037,-163],[-1670,121],[-4069,1548],[-3113,1907],[-524,-110],[-820,-722],[-66,-591],[-1012,-1627],[-11644,10662],[-1664,-952],[-3053,-1480],[31556,-24553],[6684,-5216],[-660,277],[1361,-1071],[-137,-555],[1047,-167],[6255,-4838],[189,-4675],[5513,0],[1943,-1795],[-3428,-23],[-937,167],[-2552,903],[-116,-131],[-1941,-1262],[-1312,-341],[-2111,101],[-1499,-99],[-705,230],[-4412,-17],[-1122,156],[-4760,1272],[-2110,760],[-9442,-11],[98,-2773],[-223,-2422],[142,-595],[-9580,-16],[-30,-5877],[-9644,-14],[45,5878],[-9640,-32],[-47,-5911],[-7296,-142],[-803,-111],[-2245,-1208],[87,1046],[-650,358],[286,513],[-1282,16],[-971,409],[-2703,737],[-3125,2056],[-1477,328],[382,5080],[2148,-27],[1286,631],[2273,1605],[2674,1380],[158,466],[881,383],[1410,1207],[500,1526],[-1,1301],[1474,-250],[5636,365],[1509,31],[79,5873],[-1909,37],[-7845,-57],[-65,4408],[-1430,1004],[-2326,-288],[-3739,57],[-93,-1637],[-566,-3450],[-292,-3134],[-456,-1358],[-1248,-1413],[-1503,679],[-1322,112],[-4618,-166],[-1615,-319],[-895,44],[-101,8328],[-2599,-868],[-440,-402],[-1352,-236],[-785,129],[-2742,-828],[-1466,-771],[-1708,577],[-1753,113],[-1381,-417],[-2402,200],[-1461,-59],[-1724,749],[-1692,1054],[-2871,1100],[-1523,820],[-635,710],[1797,656],[-2079,110],[-79,14365],[-458,-5],[2280,547],[2088,799],[2022,361],[1732,122],[1449,473],[2426,546],[2679,427],[4675,-1616],[103,329],[1,7384],[-4880,2227],[163,668],[1203,156],[341,545],[-1903,2232],[1120,766],[-2972,4435],[934,-399],[-2825,4073],[-1721,4857],[-876,631],[-3499,1457],[-1235,1080],[6368,-67],[-51,17774],[-717,-5],[-1734,1715],[-953,142],[387,407],[-1242,1004],[-320,1219],[-13046,47],[-2330,-539]],[[442344,592705],[-394,419],[-8568,8062],[-1763,1012],[-13465,6016],[-1078,548],[-1275,868],[-1563,1286]],[[414238,610916],[-1233,813],[-1496,663],[-5939,2388],[-601,574],[-314,1207],[-1114,528],[-598,767],[-1310,498],[-1577,624],[-191,276],[24,1996],[33,2954],[-1412,-1],[-161,330],[-2613,99],[-350,207],[-134,233],[-79,177],[-69,450],[-165,127],[-80,3245],[98,1858],[6169,-757],[1098,-992],[2513,-635],[-36,2297],[2360,-338],[848,2680],[-509,592],[-2398,586],[-338,253],[4901,-30],[1258,-159],[-5388,3081],[-2292,981],[652,800],[326,-387],[1361,-838],[4074,-873],[-5,1411],[532,546]],[[129892,596564],[2403,-1317],[1972,-413],[2782,-1480],[1515,-1979],[1491,-973],[330,-495],[1946,-1448],[901,-698],[1588,-2141],[998,-441],[1050,-27],[3341,-1752],[279,-335],[1631,-1576],[302,-465],[989,-281],[1917,-1278],[1537,-775],[528,-815],[1288,-1164],[1812,-679],[264,-353],[1603,-1020],[1183,-53],[2797,-1315],[1073,-973],[1368,-398],[1434,-1057],[1275,325],[1499,-752],[712,-1503],[1805,-616],[2083,-234],[-2521,1395],[-849,783],[-572,1857],[-1777,2072],[5,2939]],[[171874,577129],[-8,5698],[-1,233],[19427,2],[-4,-301],[9636,-83],[12,455],[9701,-20],[8,8571],[120,-56],[959,-855],[234,-156],[311,-168],[117,-49],[315,-49],[325,14],[330,-49],[340,-154],[1993,252],[-1193,1549],[5051,-42],[775,293],[4,-282],[6665,0],[-352,-2981],[1575,540],[1181,594],[187,1138],[976,619],[6726,34],[-38,-1476],[1390,-5],[1049,-1],[-10,-1474],[-7,-2432],[2291,-330],[7359,-4904]],[[249318,581254],[4091,-2677],[2300,1850],[549,669],[249,1295],[1052,1329],[1316,503],[0,-9314],[5507,-3700],[13821,-11]],[[278203,571198],[-61,-4470],[133,-1630],[1705,307],[974,-1851],[579,-260],[-944,-660],[-1568,-1],[-1172,205],[-2359,-670],[-1749,129],[3611,-3526],[-1754,-76],[-1903,511],[-1233,111],[-2328,-642],[-1431,148],[4096,-4044],[-1080,-205],[-2739,-1089],[-2161,46],[-1659,316],[-897,-280],[2056,-1673],[822,-344],[3510,-1066],[1342,-263],[1752,1098],[2161,326],[4277,-4082],[-1035,-1684],[-679,-635],[11,2519],[-4694,21],[-137,-5828],[4782,-139],[7,-5831],[19237,-127],[37,-5416],[61,-242],[437,-192],[8388,-59],[744,-709],[-25,-5288],[-771,29],[-4735,37],[1496,-1421],[1883,-2121],[831,-451],[1235,-1503],[29,-986],[425,-847],[-107,-837],[1337,-28],[957,251],[1640,-1108],[6578,-5171],[1870,-3757],[4025,-5],[2028,-5508],[5920,-7014],[-3125,1951],[-3596,1957],[-854,665],[1399,-3181],[700,-2027],[775,-1023],[441,-1395],[1110,-2130],[-313,18],[-15390,-13],[-113,509],[57,91],[-20,285],[-223,169],[-228,-11],[-136,-271],[154,-544],[-56,-233],[-1299,-17]],[[86792,524350],[147,22027],[-154,246],[-866,1270],[-853,455],[-168,586],[59,2465],[-1021,1404],[-1963,1441],[-76,743],[-1717,1216],[1129,672],[1245,369],[318,801],[1402,246],[973,-280],[384,1492],[-141,-3],[-106,15927],[496,901],[636,565],[-70,388],[1198,1358],[-304,977],[614,523],[193,819],[1437,896],[222,971],[508,667],[1429,1188],[329,735],[1517,1102],[721,242],[880,1553],[402,1344],[765,315],[793,210],[812,839],[1292,494],[603,-40],[1719,685],[2082,518],[1829,685],[487,-47],[1127,708],[3245,600],[549,524],[1397,425],[1072,11],[673,-472],[853,378],[1797,109],[544,-286],[2639,349],[1873,-102],[1152,-396],[823,-547],[2843,1],[1376,846],[381,540],[1032,685],[542,-124]],[[183,684958],[2973,-1186],[4239,-1252],[2009,-316],[1466,-408],[1656,-161],[1959,-190],[2683,-308],[5531,264],[2700,-489],[2032,-763],[1117,-636],[1495,-1603],[695,-967],[91,-2950],[-133,-1753],[415,-906],[658,-414],[529,-1419],[218,-734],[2292,-2160],[1375,-669],[3163,-788],[3626,-1699],[3218,-1161],[3074,-1695],[1069,-679],[924,-717],[1246,-1414],[973,-1852],[2124,-2161],[2210,-1500],[458,-104],[1866,211],[3773,-933],[1385,-334],[2741,-450],[2774,-300],[2577,-564],[2258,-906]],[[75642,648892],[-122,-2808],[-3732,-15],[3690,-1044],[39,-36],[98,-9265],[-19211,11],[29,-5884],[-7724,5],[-814,-709],[1308,-1021],[-459,-1104],[689,-18],[-95,-771],[619,-910],[-506,-281],[234,-592],[561,-759],[-2037,-1190],[-1239,-1464],[323,-598],[-198,-1878],[304,-301],[-150,-1281],[-374,-576],[-725,-40],[-835,-509],[-1684,-3357],[-206,6],[-1262,-1182],[-1966,-1048],[-1220,-38],[-648,-456],[-1107,106],[-2529,634],[-727,-360],[-730,538],[-1311,-442],[-521,-691],[-619,566],[-1427,-83],[-1351,-1360],[-1033,-466],[593,-380],[-1310,-735],[-846,-1166],[-282,-1182],[-2739,754],[-1786,2622],[-1588,1340],[75,995],[1020,2078],[-231,2176],[-2470,-1099],[-2273,-270],[-1555,-792],[-152,-483],[-1035,586],[-2711,-529],[-962,-484],[-657,-998],[-2638,317],[-1282,-148],[-1907,-579],[-807,-598],[-1300,67]],[[131,609713],[-5,20319],[-1,7721],[-1,3655],[0,1552],[-14,467],[-72,6083],[16,976],[32,1758],[31,633],[-14,3561],[-72,2824],[-31,1390],[43,1450],[4,115],[97,2756],[21,13309],[-27,4529],[45,2147]],[[654772,378046],[804,598],[-228,1463],[2207,-19],[662,1355],[1698,199],[13,2648],[243,736],[-1440,-108],[-146,247],[2437,469],[3136,1037],[1385,292],[4147,2130],[3068,791],[1592,225],[1841,152],[4071,48],[1476,-219],[1232,-756],[1864,-534],[1361,-618],[623,-521],[331,-1272],[1696,-1329],[910,-893],[927,-1397],[663,-173],[3134,135],[2869,-404],[3414,21],[1216,216],[1572,-111],[3696,-516],[1799,-469],[2903,76],[19,1102],[-995,-436],[-1135,217],[-457,-464],[-1309,449],[203,275],[-771,547],[-2653,596],[-1810,-35],[256,5109],[3811,-110],[1100,-144],[1476,138],[1724,1079],[645,41],[-276,4571],[1060,316],[135,1683],[-920,334],[138,4355],[6789,-159],[3739,186],[2193,-579],[1414,-949],[647,-747],[508,-94],[393,-1487],[-979,-2297],[32,-666],[2055,-2844],[750,-602],[1023,-464],[905,-195],[1554,132],[4398,1542],[2098,117],[1262,-249],[5420,-1580],[1037,1773],[-1236,888],[1405,1127],[408,1681],[-295,663],[-1463,1376],[-194,1390],[943,1344],[-81,585],[-1133,861],[-19,686],[-1042,356],[-34,826],[-1118,381],[-393,824],[-2978,2027],[478,658],[710,-449],[3401,-2988],[1601,-627],[2265,-1819],[3717,-735],[1250,-138],[1432,176],[662,-700],[3221,-864],[2506,-409],[915,-21],[3152,-778],[569,-274],[1046,112],[842,-717],[1333,-310],[2072,-268],[2801,226],[2235,-257],[3103,17],[1420,-286],[591,-1351],[64,-1075],[1142,-53],[1419,690],[4491,91],[12491,3],[1135,-834],[1361,-537],[1631,-1939],[-10,-424],[1426,-15],[1450,-1327],[-2492,-1273],[-196,-199],[-2273,-871],[-2522,-331],[-3811,-191],[-902,-574],[-1252,-241],[-1029,321],[-3244,-472],[-2558,-876],[-234,-281],[-1681,-500],[-429,-407],[-2209,-759],[-1915,-98],[-1346,-673],[-2786,-583],[-1631,-562],[-2405,-254],[-1371,-545],[-2055,-538],[15,-8672],[36,-23663],[-6223,11],[-2041,187],[-28801,-134],[-17105,-48],[-859,1275],[53,981],[-482,1810],[-418,768],[-1542,-291],[-1555,232],[-1781,-65],[-1087,735],[-1493,492],[-615,978],[-533,250],[-1132,-1478],[-300,-1168],[-1109,-899],[-140,-1235],[-636,-1594],[-581,-845],[-27239,-2],[-4336,44],[289,329],[67,1823],[385,854],[188,1451],[568,894],[268,1317],[469,874],[1050,2916],[1100,1579],[21,8253],[-4413,-812],[-2092,1179],[-2069,289],[-2206,84],[-1237,1014],[-604,1079],[-951,428],[-682,669],[-90,1420],[-980,1120],[-1616,707],[-758,-134],[-1378,1115],[8,1168],[-659,-12],[220,881]],[[421025,645823],[-209,130],[-74,7],[-224,100],[37,96],[-13,137],[-702,612],[-148,93],[-556,436],[-1767,601],[-1508,436],[-836,1016],[-1015,467],[-529,1064],[-1134,928],[-343,206],[-2143,546],[-1125,-650],[-1566,135],[-148,122],[-295,218],[-2011,1157]],[[404716,653680],[45,1650],[130,1125],[288,114],[-1032,99],[-316,88],[1428,1244],[736,-558],[2318,544],[1981,437],[55,13],[-1402,1059],[-475,430],[59,198],[411,122],[1103,110],[667,653],[2706,1256],[954,615],[206,287],[131,185],[1618,846],[81,-122],[238,53],[168,-140],[261,-156],[652,183],[-54,142],[388,480],[366,186],[935,40],[809,35],[6836,-4],[-15,16],[8318,-27],[2369,-264],[1173,-263],[682,-271],[-1434,1810],[958,324],[858,-209],[704,556],[2289,15],[1816,1378],[380,2426],[991,903],[233,2477],[-605,43],[-856,1305],[1115,1535],[2660,1191],[214,521],[2538,1024],[1512,1260]],[[375485,653930],[4933,6],[4843,-13],[2408,-4],[3119,-10],[337,-31],[818,-177],[3240,-1171],[351,397],[85,-135],[154,162],[1793,-1021],[922,-1175],[39,-954],[-71,-143],[1614,-1391],[254,-299],[567,-961],[572,-1870],[1030,-1581],[761,-667],[837,-524],[498,-459],[75,-76],[797,-542],[1992,-703],[2630,-1441]],[[414238,610916],[-29231,79]],[[385007,610995],[65,3252],[444,474],[2073,738],[242,595],[-1125,1458],[-308,1248],[-962,649],[-225,1131],[-14,1443],[107,2248],[3,1510],[-19,7933],[-3846,593],[-716,350],[-2140,44],[-608,79],[-1553,227],[134,292],[-46,428],[-69,164],[-285,281],[-888,441],[-1359,1065],[-443,1243],[1696,1171],[373,572],[2605,-1],[1635,911],[353,709],[-4647,1889],[11,2516],[-788,265],[0,394],[-263,31],[-25,329],[643,-8],[0,157],[438,6],[0,168],[-16,1343],[-2712,587],[-1425,542],[39,903],[1013,-15],[-20,-931],[1801,28],[168,1471],[-733,48],[-815,1311],[517,54],[945,-117],[-1,-776],[935,-15],[283,569],[0,445],[6,493]],[[181382,691342],[187,-225],[1041,-165],[2639,793],[1221,79],[-4,-65],[371,-168],[3053,-688],[1166,-531],[502,-852],[333,0],[1644,2],[1075,52],[694,264],[1241,1168],[1980,-29],[1911,312],[481,186],[158,66],[188,67]],[[201263,691608],[3,-67],[901,107],[2627,-568],[544,-821],[-256,-1255],[181,-220],[1149,-346],[1165,-926],[742,-174],[-838,415],[1914,139],[973,-353],[1565,148],[-268,-978],[412,-1528],[511,-148],[-99,-408],[1347,-116],[731,-451],[1429,-529],[540,-506],[1190,-170],[2929,661],[1759,-610],[-121,-2170],[2783,15],[-11,-2937],[-9711,-120],[24,-2846],[-4833,-5],[22,-1420],[-4,-116],[-2430,46],[-1096,-1],[-1325,-10],[-47,-848],[-715,-623],[-1068,521],[-590,-528],[-330,864],[5,-862],[-1802,-5],[-282,327],[0,-329],[-967,-1],[-3783,-10],[-10,0],[-79,0],[8,-2122],[1,-318],[-624,-155],[-17,-1000],[-1038,-1230],[45,-1101],[642,-1057],[1007,-606],[-1,-382],[-2440,1242]],[[193627,665117],[-1666,795],[-295,-1],[-293,-1],[-40,-1320],[117,-233],[-2565,1329],[1304,-742],[-1374,-882],[-456,247],[-2875,1575],[-1944,-13],[15,-427],[-1369,5],[-4,414],[-595,-3],[9,-799],[-1112,-11],[-35,804],[-1485,-25],[-1032,-7],[-1211,-10],[1,-394],[-1229,-9],[2,391],[-1212,-4],[-1211,-15],[-1204,-9],[13,-4504],[-2429,-21],[-3,683],[-2410,100],[-1,682],[2415,22],[7,1479],[-25,1548],[-2413,-13],[-500,-7],[-4353,-24],[-2480,-5],[43,-2144],[-846,172],[-439,372],[-927,794],[731,799],[-992,-6],[15,-409],[-1207,-3],[-1218,-809],[-105,635],[-401,574],[-1931,-14],[8,1034],[5,571],[3,1519],[17,1315],[-13,1487],[-15,1470],[-12,1472],[-18,683],[-4,107],[17,5141],[-58,39],[-13,1021],[-241,366],[-4644,-33],[4,-1364],[-4822,-4],[56,3876],[-231,251],[-363,40],[-262,449],[-378,214],[-338,341],[-109,663],[1628,-159],[2094,-207],[51,177],[37,226],[294,360],[212,140],[1987,-316],[1499,-993],[98,-386],[955,-1139],[161,-83],[439,-140],[448,-9],[1150,-183],[253,16],[1974,298],[3292,-309],[39,32],[75,-42],[2063,248],[1083,619],[1288,273],[0,-55],[1822,134],[1164,373],[412,232],[411,472],[164,473],[-69,957],[-635,848],[-28,80],[-126,572],[-393,865],[100,586],[275,406],[1139,-92],[493,-62],[448,-96],[344,-30],[664,64],[449,-4],[361,-76],[180,-106],[-2,-38],[526,-722],[1572,-108],[-1007,439],[1353,211],[2057,-507],[1191,269],[2325,1634],[1137,555],[1686,93],[1248,-779]],[[450951,726513],[-1096,561],[-980,468],[1670,489],[2126,-124],[481,-333],[606,259],[750,-721],[1690,-119],[362,-212],[354,-2666],[-26,-614],[-364,-20]],[[384507,662391],[231,400],[2645,-4],[-458,862],[-349,1213],[1752,775],[838,7],[260,-148],[750,-3],[163,361],[-25,34],[162,1037],[10,2131],[81,627],[-93,2174],[973,1018],[-1242,281],[-44,3279],[525,199],[1235,-1084],[2258,-968],[5741,-27]],[[399920,674555],[0,-1274],[928,46],[-54,187],[-165,591],[-107,249],[646,469],[-370,1392],[-718,0],[-157,1007],[-1261,-7]],[[398662,677215],[-237,708],[-937,686],[-2319,1035],[-42,842],[308,560],[-114,469]],[[395321,681515],[1380,637],[942,75],[122,-767],[1323,-297],[2845,-83],[1072,-158],[1542,366],[697,456],[2863,819],[1643,-107],[-7204,6837],[2324,-1],[-210,21131]],[[404716,653680],[-943,385],[-2077,307],[-1871,-85],[-2384,1338],[-513,300],[-3226,991],[-2108,919],[-579,610],[-800,503],[-1886,226],[-557,493],[-728,610],[-399,211],[-1570,504]],[[385075,660992],[-273,317],[-308,1033],[13,49]],[[400904,659387],[1142,-485],[357,311],[-1143,485],[-356,-311]],[[268684,623508],[4854,-1997],[1362,-753],[933,-1102],[1688,-3155],[463,165],[402,597],[7,1271],[165,2571],[-176,388]],[[278382,621493],[2006,5],[424,-953],[-1,-1359],[628,-646],[1794,4],[4841,6],[-1,1220],[12,1775],[2414,58],[752,912],[925,-1270],[700,-198],[-8,-1015],[2433,-7],[-7,-1484],[2416,1],[-7,1479],[4800,-30],[50,2685],[-1346,-1092],[-587,525],[-1188,-1097],[-1726,1221],[3,752],[-12,891],[-8,584],[2244,-6],[1140,-4],[1790,-23],[571,-147],[268,-212],[244,-813],[68,-331],[103,-228],[442,-483],[153,-44],[246,32],[2,-755],[1938,0],[-1412,452],[1884,-16],[-2,-436],[7128,-4],[-10,-2959],[19884,-22]],[[334370,618461],[1855,4],[2638,16],[6257,49],[174,1],[-256,583],[-1470,789],[-77,1436],[455,806],[447,247],[1540,3],[31,2],[2700,522],[795,-230],[1070,195],[-34,103],[-214,1073],[524,411],[462,-49],[1800,-284],[876,-306],[-20,-3118],[-319,-3656],[-7622,-33],[31,-288],[830,-883],[4966,-2452],[2974,-820],[802,-353],[4954,-1359],[3026,-1172],[1549,-880],[1590,-504],[4533,-1145],[981,-165],[1387,1132],[1388,706],[-365,1107],[1010,989],[9369,57]],[[442344,592705],[-2346,-476],[-2023,-152],[-1257,-521],[-1190,28],[-367,-417],[-461,165],[-1351,75],[6,-1839],[-817,-468],[-50,-670],[-585,147],[-1241,-1021],[-519,-725],[-1205,-976],[-2240,-1451],[-824,-297],[-838,-902],[-1753,-1255],[-1295,-687],[-2347,-1683],[-991,-483],[-3611,-223],[-4250,-427],[-35,-399],[-816,-27],[-1558,373],[-2473,0],[-1228,299],[-492,447],[-12,-2150],[-842,6],[-14,-475],[966,-409],[91,-763],[-395,-827],[1732,-1799],[1186,-855],[-1922,856],[-1817,557],[-276,-945],[62,-1646],[746,-2065],[671,-3484],[-122,-3147],[-867,-1181],[606,-1268],[-28915,-103],[-333,-2],[-29160,-111],[-959,-223],[-24238,-6561],[-426,175],[501,791],[-397,1274],[898,493],[1095,140],[1065,809],[1566,1619],[-2466,83],[-761,158],[-4779,-20],[-2182,613],[-1949,-110],[-729,763],[488,874],[1492,617],[959,827],[2675,1191],[-1551,725],[-1105,949],[-364,837],[-1065,772],[-2573,643],[-569,786],[25,1143],[-293,560],[-658,-48],[-1961,699],[-29,-3354],[-882,1451],[-2392,365],[-107,-335],[-990,223],[-2452,140],[-700,196],[-1096,819],[-824,113],[-156,1683],[-19480,-11]],[[249318,581254],[18,4584],[-19,3038],[33,2764],[0,17],[-325,-148],[-564,-399],[-286,-94],[-435,99],[-259,-2],[-762,-130],[-906,394],[-103,9],[-267,-23],[-208,-38],[-128,16],[-541,179],[-140,31],[-160,2],[-213,-15],[-113,4],[-1021,1791],[-1841,821],[-11,743],[8313,-6],[-1,2530],[-1338,-1054],[-775,134],[-532,1190],[-1322,9],[3969,149],[12,1432],[-2326,15],[355,940],[-257,557],[2244,-6],[-72,761],[-940,191],[-10,393],[-1361,1604],[-2103,2],[-27,1473],[-985,0],[-506,1471],[5586,3],[-489,530],[495,935],[2794,32],[-5,1533],[1338,-38],[-57,1710],[494,738],[1549,-7],[103,558],[-980,1143],[16,1107],[-1445,738],[6251,16],[570,-46],[1813,1122],[25,371],[4830,-33],[2,-726],[2418,79],[-1,2125],[-28,4936]],[[174197,630677],[8378,3549],[332,402],[324,837],[-4763,726],[-2934,717],[-575,-87],[-1838,786],[-1220,1579],[-2,2874],[1156,11],[1467,-2936],[7074,81],[9734,115],[2833,4],[71,0],[3634,8],[748,5],[2409,7],[435,1],[772,1],[1219,3],[7314,55],[4241,40],[-3,337],[335,1],[1,-105],[119,0],[4,-235],[2567,-21],[1052,-2],[1089,328],[478,-279],[233,-127],[2484,4],[69,50],[194,116],[186,-106],[123,-61],[377,0],[337,0],[5541,-17],[311,321],[474,-282],[518,306],[493,-292],[478,305],[1,996],[-888,892]],[[231579,641584],[7776,-4532],[1132,-644],[3858,-2221],[2583,-1429],[2689,-1179],[9407,-3933],[9660,-4138]],[[171874,577129],[-7232,-9],[-5253,3191],[-768,251],[-696,1019],[-1176,499],[-729,601],[-2618,-572],[-456,934],[-365,765],[-85,332],[2,4485],[-6076,-89],[-2352,1273],[-1989,957],[-2867,2232],[-1003,507],[-1885,1283],[-953,903],[-84,464],[-1008,1022],[-1426,1949],[-1386,697],[-1210,1360],[-727,1333],[-735,761],[378,270],[1898,-954],[-164,982],[-1422,1137],[-972,1811],[50,2116],[384,518],[-357,869],[250,745],[739,946],[288,262],[1007,-139],[531,387],[1781,9],[384,-1132],[-74,-975],[841,-923],[1925,-111],[2184,-995],[1489,-406],[1673,-977],[1351,-365],[571,-581],[807,-368],[2382,-416],[1619,-945],[1292,-243],[2191,-24],[676,-405],[11,-1300],[4823,19],[4840,37],[20,4435],[-16,5895],[19,8874],[-2213,-55],[550,522],[1241,529],[-1269,1324],[-1005,647],[2699,19],[255,3011],[3335,60],[2974,-283],[910,-579],[1688,-312],[891,-390],[1905,-8],[1206,-283],[1718,-57],[1599,-311],[1615,-790],[1144,-135],[2597,-1076],[1143,-98],[1257,-302],[542,-165],[126,3690],[-695,160],[-334,76],[-2089,704],[-2,136],[-400,0],[-706,237],[-1217,491],[-600,242],[-2776,936],[-2014,822],[-467,191],[-1607,394]],[[375733,663581],[2321,-1179],[1665,-1458],[2285,-479],[1304,-546],[259,-87],[1048,-13],[238,44],[1147,412],[-533,402],[-392,315]],[[375485,653930],[-2463,-191]],[[373022,653739],[845,282],[1591,1074],[15,263],[-1217,15],[-2,397],[1231,-15],[0,1081],[-1824,24],[-607,74],[0,1082],[1839,-10],[592,-171],[19,1163],[65,833],[-392,423],[355,657],[103,1903],[98,767]],[[396919,654121],[1311,-507],[1845,-560],[732,977],[-1334,192],[-1787,1033],[-767,-1135]],[[415543,833486],[658,1055],[1009,276],[412,691],[-42,260],[-13870,28],[-64,5772],[-5510,-26]],[[398136,841542],[599,1059],[767,608],[966,70],[276,665],[1097,422],[2361,1214],[935,210],[1752,59],[1422,-505],[2395,-400],[301,125],[-29,686],[-900,233],[-1991,856],[-1515,477],[-1181,1006],[-1112,152],[-427,543],[-918,432],[757,745],[-531,1293],[-395,-178],[-1600,499],[-1350,723],[-121,-588],[-977,1813],[-945,1130],[-770,-55],[-1341,-797],[1170,882],[832,245],[221,395],[980,351],[1357,185],[367,366],[-214,1668],[-729,206],[-454,822],[755,447],[546,922],[1615,1070],[887,-138],[1957,1189],[369,-596],[1363,-469],[1379,-885],[298,-794],[-474,-787],[772,-1436],[905,-658],[166,-482],[1007,-835],[1208,-482],[-7,-222],[88,134],[-131,573],[1538,-497],[1035,351],[-328,1171],[1163,-121],[595,359],[845,1708],[-120,937],[709,-81],[1510,688],[422,404],[1317,270],[278,295],[-772,-1499],[873,-17],[-197,-936],[614,179],[875,-382],[300,767],[911,-255],[239,-715],[1140,-499],[-382,1502],[752,-305],[509,183],[412,1122],[723,-331],[906,501],[57,736],[438,-110],[862,1050],[-176,782],[720,789],[-543,690],[-1220,129],[-437,477],[-2037,386],[-1917,-151],[-35,1146],[-607,-127],[-1991,315],[740,502],[-542,892],[919,385],[-894,841],[663,35],[-248,1235],[-1699,-111],[-242,563],[851,1793],[403,321],[-533,630],[374,714],[-167,742],[659,169],[-169,516],[-536,-96],[-22,561],[2589,-4],[19,-1498],[20971,70],[-34,-1274],[-805,-670],[-893,-2235],[574,-836],[411,-1633],[1310,-458],[385,-518],[-450,-968],[498,-1458],[-633,-1291],[5,-603],[2470,-883],[275,-353],[-628,-887],[2120,-980],[895,-620],[1324,-572],[401,-8]],[[86452,671310],[-247,-339],[-1480,-434],[48,-5073],[4896,72],[48,-6332],[14,-3363],[-631,-417],[276,-96],[190,-123],[203,-1847],[103,-3983]],[[89872,649375],[-1497,447],[-5347,103],[-3308,-265],[-2984,-877],[-1094,109]],[[183,684958],[18,894],[-53,4367],[458,168],[9122,12],[109,-1269],[368,-220],[5368,11],[941,440],[629,1040],[-20,4490],[9614,-30],[-6,-744],[1529,-136],[849,151],[2443,-55],[944,-4],[753,-386],[1583,495],[2075,7],[380,-2279],[5913,-24],[-47,-1174],[-606,-759],[976,-1019],[7434,7],[65,8931],[4872,4],[-63,-2973],[9741,51],[-6,-2979],[9827,-39],[51,4547],[619,-182],[2362,-1426],[1452,-1086],[4,-1816],[4829,-225],[2399,-886],[26,-1822]],[[201263,691608],[836,88],[2685,-507],[613,-893],[50,-767],[-220,-620],[1419,-558],[791,-565],[1206,216],[689,-68],[1278,-328],[1765,376],[1523,-592],[684,-773],[639,-181],[1568,290],[1377,-791],[1175,17],[1178,481]],[[220519,686433],[909,-138],[236,-522],[494,-473],[303,-173],[580,-145],[1865,292],[570,262],[4850,-324],[1182,-283],[1106,-834],[2685,-733],[746,279],[717,1179],[721,662],[1277,649],[2215,86],[1983,-474],[362,-898],[1344,-292],[2155,595],[1368,-43],[1493,282],[0,-71]],[[249680,685316],[-54,-7534],[-109,-5886],[6666,-19],[-5,-1773],[2148,-68],[681,283],[-39,-4338],[55,0],[1505,5],[909,1],[2435,-3],[1618,-14],[3248,-3],[-17,-2975]],[[268721,662992],[-42,-2979],[-5,-2611],[4,-377],[20,-2937],[24,-1484],[-3,-1473],[1,-169],[0,-106],[37,-3051],[568,18],[-4,-753],[1119,-48],[-1,-346],[3074,31],[27,-3021],[3589,21],[-126,-1475],[1364,-4],[31,-2964],[0,-2956],[-19,-1921],[-1235,19],[-937,-297],[-1186,298],[-1482,728],[-67,-4743],[9698,-15],[36,-2952],[-853,-4],[-724,-1360],[612,-604],[-6,-992],[-3841,-12],[-12,-2960]],[[231579,641584],[-1054,574],[-1046,557],[-2522,1479],[-6177,3433],[-9684,5529],[-435,265],[-2,112],[2,595],[-986,2],[-307,-1],[-6747,3809],[-1706,1032],[2,100],[0,67],[9,576],[-9,552]],[[200917,660265],[-5,696],[-7283,4009],[-2,147]],[[398662,677215],[-38,-1323],[1296,-1337]],[[384507,662391],[136,1158],[-583,579],[-1444,717],[-724,940],[-651,1026],[-635,20],[-205,-139],[-232,336],[-115,963],[-894,523],[-1089,150],[-109,-101],[-348,130],[-1201,1121],[-826,274],[-798,261],[-837,416],[-1741,360],[-1351,1720],[-78,-310],[-2442,1260],[-64,132],[-176,291],[398,-96],[-1992,1539],[-278,579],[1484,-138],[935,879],[-365,184],[-12,378],[76,-6],[319,-117],[219,211],[-111,42],[-125,16],[-382,6],[2,1463],[-11,2878],[3,1537],[-2,211],[145,1231],[2315,13],[1659,64],[3752,1384],[283,456],[1229,958],[598,-280],[1790,519],[873,-975],[-196,-1493],[2659,-733],[29,-194],[392,-1265],[1600,-22],[7,1466],[2387,-23],[66,2933],[2167,-19],[2497,-23],[17,-58],[46,-97],[59,-48],[105,-73],[1913,-843],[454,-487],[-151,-946],[1689,-2312],[-1104,-815],[-217,-587]],[[346112,676503],[2430,-529],[1302,-283],[225,-311],[928,-344],[306,-92],[712,-2],[1341,-343],[2160,-1118],[261,37],[-8,512],[2795,-544],[1969,-1428],[3091,-1089],[81,-877],[4274,-550],[1290,-879],[194,-1116],[576,-364],[2494,-462],[1119,-876],[1008,-1388],[860,-706],[213,-170]],[[373022,653739],[-24,-167],[-1216,75],[-6290,338],[-1802,95],[-1640,30],[-37,208],[-6203,350],[-9782,561]],[[346028,655229],[-15,928],[-17,888],[31,1328],[-1,1647],[35,2943],[-13,747],[-42,2189],[55,2950],[25,2960],[24,2546],[527,1470],[-527,-12],[2,690]],[[274243,685660],[-627,153],[-1153,-26],[-44,-308],[-1166,-25],[-1167,700],[-2087,275],[-841,-685],[-1288,-291],[-1768,157],[-1345,-393],[-2432,-130],[-1157,-226],[-4676,374],[-2439,-848],[-1063,82],[-1310,847]],[[220519,686433],[-59,90],[1043,-192],[966,-1152],[595,-133],[1447,484],[1234,118],[2206,-156],[1220,478],[2493,-90],[55,1274],[1454,162],[65,5123],[-3081,138],[22,2930],[3702,-49],[1091,-217],[15,-299],[1344,-237],[731,-469],[1613,-65],[1142,-422],[66,1668],[-1314,-101],[-2454,-493],[-2200,898],[518,652],[-2029,368],[-1099,13],[-1110,-289],[25,1390],[2,129],[6,1612],[1149,51],[3744,-461],[-4,668],[-1019,8],[2069,1444],[-1016,107],[-732,682],[-1656,-15],[66,413],[1220,225],[383,671],[3049,14],[160,1411],[582,133],[337,675],[1818,-571],[746,660],[-8,385],[-1100,1181],[-20,5487],[2783,1237],[1988,1059],[4951,1630]],[[365819,852392],[30,-3150],[1042,781],[912,-635],[691,296],[967,-126],[1373,1567],[1906,1364],[897,-900],[508,15],[476,958],[-16,-1256],[520,-634],[880,-329],[661,-676],[1455,-865],[-118,-487],[906,-401],[578,-1033],[1109,-372],[2569,-149],[30,-417],[1295,-1100],[-228,-857],[1094,-582],[245,-1652],[511,-366],[1534,-251],[1261,-841],[1219,-74],[1557,-633],[1009,-1339],[2080,-87],[2631,1646],[807,1036],[-74,699]],[[339136,790484],[-1849,166],[-743,336],[-3256,2436],[-784,408],[-2986,1114],[-1006,-177],[-2139,409],[-720,-17],[-992,-52],[-826,-375],[-1844,-171],[-652,-743],[-1829,-599],[-1464,19],[-519,-589],[160,-1444],[2933,-894],[-795,-927],[-2623,647],[-1629,149],[-1689,-46],[-1482,-571],[-680,-1154],[106,-678],[-1580,-1245],[-809,-1533],[-398,51],[-1071,1402],[-1423,592],[44,1299],[-629,857],[-1118,865],[115,613],[-670,797],[-142,1036],[-1083,2295],[547,841],[392,1236],[664,735],[370,1089],[1263,1166],[885,460],[578,2370],[-85,368],[-1009,1438],[-1048,284],[-1641,1527],[-74,312],[-139,1165],[601,317],[1355,1934],[-416,23575],[-777,7838]],[[268721,662992],[5881,-33],[1362,-79],[0,-1198],[114,-43],[2305,-1],[-3,-1655],[4255,-12],[3951,-10],[1502,-4],[4001,-37],[888,-7],[3772,7],[3,687],[1059,-61],[5,-627],[4807,-4],[1,244],[1815,-34],[-899,1284],[2173,-20],[620,-1220],[-17,1219],[1236,-1],[6,-781],[2242,-185],[126,1014],[2003,-10],[23,-1431],[645,6],[807,775],[894,1],[387,-447],[12,214],[612,-268],[1442,224],[8,463],[2052,-164],[1,-792],[431,1],[1,911],[1353,-470],[0,56],[1063,-140],[1618,-155],[50,-188],[3171,14],[3716,-15],[2439,-5],[629,-3]],[[333283,660012],[532,-3],[-3,-1039],[-597,-45],[600,-399],[-15,-2996],[7,-160]],[[333807,655370],[265,-116],[34,-1175],[-324,-2],[-6,-600],[-1042,63],[1140,-1495],[-302,-994],[-37,-97],[-555,-1646],[867,-456],[6,-1566],[2437,-1331],[-5,-766],[-847,-263],[-1475,86],[-789,47],[128,-25],[500,-1046],[162,-440],[-89,-591],[1091,-719],[117,0],[-8,-751],[-333,-5],[-1463,-737],[167,-1394],[1010,-90],[12,-1478],[-609,-5],[8,-1477],[-2417,11],[-5,-1479],[2416,9],[16,-1492],[-1238,-27],[31,-1474],[-1228,2],[22,-1462],[-3569,-13],[-1330,-6],[24,-2407],[7,-632],[5270,37],[2750,-2387],[160,-537],[1514,5],[-3,-294],[-1348,-28],[411,-1172],[-1228,-1],[-236,-404],[83,-1002],[1635,-81],[-1,-1504],[-3305,-79],[1274,-555],[798,-868]],[[181382,691342],[-21,189],[232,3804],[61,2961],[97,2933],[7,1507],[14,4418],[4,1129],[1070,411],[1261,658],[14,2228],[-1279,-1],[-570,390],[-184,1080],[-303,1],[-10,5889],[4813,4],[20,1264],[-1161,777],[-797,1067],[533,421],[-50,1211],[607,442],[-1285,1913],[-1653,1301],[3442,710],[1882,-235],[1068,-400],[2585,408],[1224,9],[2659,426],[2127,-298],[3274,-72],[-45,976],[306,1040],[-96,867],[7202,10],[2558,-113],[-67,5664],[12784,48],[26093,-37]],[[321095,677688],[-8,-1473],[604,1],[-3,-1475],[-11,-2990],[1219,4],[-1,-732],[1217,6],[-1,-739],[1233,3],[-161,-1477],[-3511,-5],[-194,0],[1952,-706],[2266,1],[801,-27],[95,-253],[13,-465],[2260,-9],[19,-1482],[1305,-1],[853,2],[2567,7],[233,0],[-13,-2918],[44,1],[-63,-2624],[-537,0],[10,-325]],[[174197,630677],[-1378,339],[-4984,2122],[-2419,1214],[-3081,1179],[97,10691],[190,1684],[3167,56],[595,-57],[2512,28],[42,0],[2967,-4213],[2,1298],[-5,2954],[1102,9],[1317,18],[2426,22],[14,1484],[3256,31],[1484,309],[-277,598],[-2048,1744],[-2,1779],[2438,15],[3382,43],[561,8],[221,-2],[8,0],[-28,65],[-953,2262],[-606,1846],[780,-87],[1488,352],[2427,31],[-4,738],[2451,-1302],[-9,2068],[714,4],[1165,7],[770,4],[58,1],[127,2],[886,14],[18,-22],[737,2],[115,1],[1833,919],[-1210,694],[761,262],[854,-672],[2411,-611],[348,-343]],[[524191,812502],[1358,-925],[1177,-175],[-1586,-466],[13,-859],[-438,-280],[132,-793],[-246,-1351],[168,-1404],[318,-513],[-89,-815],[-691,-1145],[-150,-1536],[-500,-551],[-112,-1290],[469,-1397],[1018,-828],[170,-2616],[767,-643],[152,-499],[-211,2],[-220,-1395],[406,-1023],[202,-38],[1518,520],[1910,1010],[-19,-4156],[396,-217],[191,-554]],[[158039,787777],[2227,-96],[2360,-274],[1320,-371],[103,-319],[3116,-1310],[730,-177],[1434,-1263],[1194,-335],[1840,-774],[2381,-1758],[1533,-810],[-118,-1049],[803,-621],[696,-238],[1033,-77],[342,-176],[453,-484],[325,-166],[357,-84],[1950,-229],[590,13],[-988,159],[1758,283],[767,-315],[360,-732],[394,-324],[439,-142],[660,-66],[840,281],[2222,-346],[468,-454],[728,-1551],[-249,1029],[943,-454],[854,-1262],[1112,-537],[895,-139],[-2156,-2221],[-2687,1381],[-2105,591],[-14,-459],[1097,-1200],[1271,-300],[788,-456],[-1006,-278],[-439,-241],[-1433,-73],[-1197,259],[-767,20],[-671,-256],[-935,134],[7,444],[689,285],[129,130],[-308,511],[-1338,652],[-843,118],[-343,1],[-1010,335],[-228,188],[-224,444],[-26,928],[-538,246],[-1433,-252],[-575,89],[-258,101],[-181,112],[-284,330],[432,698],[-1728,673],[-818,506],[-1216,-281],[-1383,268],[812,1442],[-682,1373],[-777,321],[-1994,1293],[-314,748],[-660,-179],[-2930,90],[-642,466],[-51,614],[925,1482],[-2323,1324],[-3130,-213],[-693,447],[143,1225],[-1357,652],[-468,656]],[[333807,655370],[2464,-35],[839,13],[6557,-70],[2361,-49]],[[346112,676503],[-1601,262],[-55,-393],[360,-424],[-782,-393],[-1972,-11],[-5,-520],[-1366,-122],[-1816,1028],[-1739,46],[-864,320],[-44,1380]],[[89872,649375],[2191,-1048],[2463,-2031],[679,-453],[4100,-1479],[2891,-1243],[2223,-1612],[828,-1017],[2339,-2689],[1197,-2145],[1006,-3942],[335,-634],[1374,-1268],[1966,-1629],[315,-600],[2059,-2058],[1689,-1145],[1513,-1050],[754,-944],[-142,-1454],[-1859,-2852],[-258,-571],[199,-1762],[720,-2059],[-54,-1753],[-934,-703],[424,-471],[457,-2018],[871,-1467],[263,-3006],[332,-505],[-538,-1022],[1444,-1769],[325,-429],[732,-160],[2190,-1382],[5926,-2441]],[[61281,479933],[-3229,582],[-622,427],[197,596],[-772,-154],[-737,-795],[-1409,-384],[-1377,-47],[-477,-799],[-1111,-67],[-104,-655],[328,-1283],[123,-2039],[463,-755],[1061,-251],[-909,-819],[-1691,-104],[-1677,-633],[-2420,-1642],[-929,-925],[-1176,444],[-1115,38],[-1795,-841],[-2241,15],[-1535,-132],[-966,-1110],[-713,-294],[-1711,-108],[-743,-1011],[-718,-469],[-1429,-207],[-1636,206],[-1860,802],[-2020,669],[-2712,577],[-1189,84],[-2635,-1080],[-530,-539],[-1380,-671],[-1894,-1256],[-3644,-1145],[-1320,-706],[-1803,381],[-180,2158],[-652,661],[-2233,1373],[-59,387],[-1660,462],[-2964,-834],[-1317,-521],[-11,56978],[-3,11824],[-4,23099],[-4,19809],[-6,30484]]],"bbox":[-117.027001,41.9964332,-114.967343,44.455515],"transform":{"scale":[0.0000020596600596600585,0.0000024590842590842587],"translate":[-117.027001,41.9964332]}}
