{"type":"Topology","objects":{"foo":{"type":"GeometryCollection","geometries":[{"type":"MultiPolygon","arcs":[[[0,1,2,3,4,5,6]]],"properties":{"postal_code":"60091","realtor_list_price":910923.077,"realtor_list_price_yoy":-0.1791,"realtor_list_price_base":0.2133,"realtor_active_listings":22.667,"realtor_active_listings_yoy":-0.4603,"realtor_active_listings_base":-0.8846,"realtor_new_listings":26,"realtor_new_listings_yoy":-0.25,"realtor_new_listings_base":-0.4234,"realtor_days_on_market":26.769,"realtor_days_on_market_yoy":-0.1991,"realtor_days_on_market_base":-0.5773,"zhvi":1013716.195,"zhvi_yoy":0.1339,"zhvi_base":0.5604,"zori":3290.639,"zori_yoy":"NA","zori_base":"NA"}},{"type":"MultiPolygon","arcs":[[[7,8,9,10]]],"properties":{"postal_code":"60458","realtor_list_price":324970,"realtor_list_price_yoy":-0.0529,"realtor_list_price_base":0.6213,"realtor_active_listings":13,"realtor_active_listings_yoy":-0.093,"realtor_active_listings_base":-0.5402,"realtor_new_listings":6.667,"realtor_new_listings_yoy":-0.2308,"realtor_new_listings_base":-0.4974,"realtor_days_on_market":37.6,"realtor_days_on_market_yoy":0.3319,"realtor_days_on_market_base":-0.2343,"zhvi":301942.589,"zhvi_yoy":0.0473,"zhvi_base":0.6267,"zori":"NA","zori_yoy":"NA","zori_base":"NA"}},{"type":"MultiPolygon","arcs":[[[11,12,13,14]]],"properties":{"postal_code":"60550","realtor_list_price":"NA","realtor_list_price_yoy":"NA","realtor_list_price_base":"NA","realtor_active_listings":3,"realtor_active_listings_yoy":0.125,"realtor_active_listings_base":-0.6653,"realtor_new_listings":0,"realtor_new_listings_yoy":-1,"realtor_new_listings_base":-1,"realtor_days_on_market":"NA","realtor_days_on_market_yoy":"NA","realtor_days_on_market_base":"NA","zhvi":283071.082,"zhvi_yoy":0.0613,"zhvi_base":0.6083,"zori":"NA","zori_yoy":"NA","zori_base":"NA"}},{"type":"MultiPolygon","arcs":[[[15,16,17,18,19,20,21,22]]],"properties":{"postal_code":"60512","realtor_list_price":"NA","realtor_list_price_yoy":"NA","realtor_list_price_base":"NA","realtor_active_listings":1.667,"realtor_active_listings_yoy":-0.2857,"realtor_active_listings_base":-0.7944,"realtor_new_listings":0,"realtor_new_listings_yoy":"NaN","realtor_new_listings_base":-1,"realtor_days_on_market":"NA","realtor_days_on_market_yoy":"NA","realtor_days_on_market_base":"NA","zhvi":399070.913,"zhvi_yoy":0.026,"zhvi_base":0.5566,"zori":"NA","zori_yoy":"NA","zori_base":"NA"}},{"type":"MultiPolygon","arcs":[[[23,24,25,26]]],"properties":{"postal_code":"60558","realtor_list_price":1250617.105,"realtor_list_price_yoy":0.1085,"realtor_list_price_base":0.8221,"realtor_active_listings":24,"realtor_active_listings_yoy":-0.2941,"realtor_active_listings_base":-0.7647,"realtor_new_listings":12.667,"realtor_new_listings_yoy":-0.2692,"realtor_new_listings_base":-0.5805,"realtor_days_on_market":37.158,"realtor_days_on_market_yoy":0.1326,"realtor_days_on_market_base":-0.2898,"zhvi":913430.803,"zhvi_yoy":0.121,"zhvi_base":0.5102,"zori":"NA","zori_yoy":"NA","zori_base":"NA"}},{"type":"MultiPolygon","arcs":[[[27,28,29,30,31,32]]],"properties":{"postal_code":"60153","realtor_list_price":324970.39,"realtor_list_price_yoy":-0.0013,"realtor_list_price_base":1.0808,"realtor_active_listings":51.667,"realtor_active_listings_yoy":0.3717,"realtor_active_listings_base":-0.0965,"realtor_new_listings":27.333,"realtor_new_listings_yoy":0.3226,"realtor_new_listings_base":0.0937,"realtor_days_on_market":33.195,"realtor_days_on_market_yoy":0.0168,"realtor_days_on_market_base":-0.2544,"zhvi":263816.766,"zhvi_yoy":0.0856,"zhvi_base":0.7913,"zori":1409.444,"zori_yoy":0.1104,"zori_base":"NA"}},{"type":"MultiPolygon","arcs":[[[33,34]]],"properties":{"postal_code":"60029","realtor_list_price":"NA","realtor_list_price_yoy":"NA","realtor_list_price_base":"NA","realtor_active_listings":"NA","realtor_active_listings_yoy":"NA","realtor_active_listings_base":"NA","realtor_new_listings":"NA","realtor_new_listings_yoy":"NA","realtor_new_listings_base":"NA","realtor_days_on_market":"NA","realtor_days_on_market_yoy":"NA","realtor_days_on_market_base":"NA","zhvi":1328785.036,"zhvi_yoy":0.1087,"zhvi_base":0.6304,"zori":"NA","zori_yoy":"NA","zori_base":"NA"}},{"type":"MultiPolygon","arcs":[[[35,36,37,38]]],"properties":{"postal_code":"60472","realtor_list_price":152850,"realtor_list_price_yoy":0.3632,"realtor_list_price_base":1.4859,"realtor_active_listings":12,"realtor_active_listings_yoy":0.44,"realtor_active_listings_base":0.1026,"realtor_new_listings":2.667,"realtor_new_listings_yoy":-0.3333,"realtor_new_listings_base":-0.3763,"realtor_days_on_market":87.5,"realtor_days_on_market_yoy":2.0523,"realtor_days_on_market_base":1.2669,"zhvi":120452.229,"zhvi_yoy":0.0839,"zhvi_base":1.3792,"zori":"NA","zori_yoy":"NA","zori_base":"NA"}},{"type":"MultiPolygon","arcs":[[[39,40,41,42,43,44]]],"properties":{"postal_code":"60632","realtor_list_price":346545.455,"realtor_list_price_yoy":0.1196,"realtor_list_price_base":0.5818,"realtor_active_listings":30,"realtor_active_listings_yoy":0.0112,"realtor_active_listings_base":-0.4892,"realtor_new_listings":22,"realtor_new_listings_yoy":0.2222,"realtor_new_listings_base":-0.3897,"realtor_days_on_market":30.364,"realtor_days_on_market_yoy":-0.126,"realtor_days_on_market_base":-0.1623,"zhvi":288051.478,"zhvi_yoy":0.0465,"zhvi_base":0.6112,"zori":1547.048,"zori_yoy":0.0437,"zori_base":"NA"}},{"type":"MultiPolygon","arcs":[[[45,46,47,48,49,50,51]]],"properties":{"postal_code":"60465","realtor_list_price":273807.143,"realtor_list_price_yoy":-0.199,"realtor_list_price_base":0.18,"realtor_active_listings":44.333,"realtor_active_listings_yoy":-0.1192,"realtor_active_listings_base":-0.3655,"realtor_new_listings":23.333,"realtor_new_listings_yoy":-0.186,"realtor_new_listings_base":-0.2644,"realtor_days_on_market":32.771,"realtor_days_on_market_yoy":-0.0034,"realtor_days_on_market_base":-0.221,"zhvi":298779.546,"zhvi_yoy":0.0475,"zhvi_base":0.4661,"zori":"NA","zori_yoy":"NA","zori_base":"NA"}},{"type":"MultiPolygon","arcs":[[[52,53,54,55]]],"properties":{"postal_code":"60476","realtor_list_price":235745,"realtor_list_price_yoy":-0.0028,"realtor_list_price_base":1.5478,"realtor_active_listings":7,"realtor_active_listings_yoy":-0.25,"realtor_active_listings_base":-0.299,"realtor_new_listings":4,"realtor_new_listings_yoy":0.2,"realtor_new_listings_base":-0.0513,"realtor_days_on_market":59.667,"realtor_days_on_market_yoy":0.4072,"realtor_days_on_market_base":0.4145,"zhvi":187169.284,"zhvi_yoy":0.0272,"zhvi_base":0.6809,"zori":"NA","zori_yoy":"NA","zori_base":"NA"}},{"type":"MultiPolygon","arcs":[[[56]],[[57,58,59,60,61,62,63,64,65,66,67,68,69]]],"properties":{"postal_code":"60010","realtor_list_price":880425,"realtor_list_price_yoy":-0.0723,"realtor_list_price_base":0.3501,"realtor_active_listings":132.667,"realtor_active_listings_yoy":-0.155,"realtor_active_listings_base":-0.8112,"realtor_new_listings":62.667,"realtor_new_listings_yoy":-0.0309,"realtor_new_listings_base":-0.4928,"realtor_days_on_market":37.511,"realtor_days_on_market_yoy":-0.0872,"realtor_days_on_market_base":-0.4897,"zhvi":738871.407,"zhvi_yoy":0.0835,"zhvi_base":0.4739,"zori":2950.4,"zori_yoy":"NA","zori_base":"NA"}},{"type":"MultiPolygon","arcs":[[[70,71,72,73]]],"properties":{"postal_code":"60469","realtor_list_price":235485.714,"realtor_list_price_yoy":-0.0473,"realtor_list_price_base":0.965,"realtor_active_listings":5.667,"realtor_active_listings_yoy":-0.0556,"realtor_active_listings_base":-0.4736,"realtor_new_listings":4.667,"realtor_new_listings_yoy":6,"realtor_new_listings_base":-0.347,"realtor_days_on_market":23.571,"realtor_days_on_market_yoy":-0.4643,"realtor_days_on_market_base":-0.2081,"zhvi":205371.458,"zhvi_yoy":0.0529,"zhvi_base":0.7174,"zori":"NA","zori_yoy":"NA","zori_base":"NA"}},{"type":"MultiPolygon","arcs":[[[74,75]]],"properties":{"postal_code":"60165","realtor_list_price":449950,"realtor_list_price_yoy":"NA","realtor_list_price_base":"NA","realtor_active_listings":3.667,"realtor_active_listings_yoy":0.5714,"realtor_active_listings_base":-0.1795,"realtor_new_listings":0.667,"realtor_new_listings_yoy":"Inf","realtor_new_listings_base":0.3671,"realtor_days_on_market":19,"realtor_days_on_market_yoy":"NA","realtor_days_on_market_base":"NA","zhvi":272510.047,"zhvi_yoy":0.0582,"zhvi_base":0.8822,"zori":"NA","zori_yoy":"NA","zori_base":"NA"}},{"type":"MultiPolygon","arcs":[[[76,-58,77]]],"properties":{"postal_code":"60021","realtor_list_price":425960,"realtor_list_price_yoy":0.0911,"realtor_list_price_base":0.4772,"realtor_active_listings":7.667,"realtor_active_listings_yoy":-0.3235,"realtor_active_listings_base":-0.7192,"realtor_new_listings":6.667,"realtor_new_listings_yoy":0.4286,"realtor_new_listings_base":-0.3223,"realtor_days_on_market":21.4,"realtor_days_on_market_yoy":-0.3911,"realtor_days_on_market_base":-0.6261,"zhvi":364827.798,"zhvi_yoy":0.0486,"zhvi_base":0.6448,"zori":"NA","zori_yoy":"NA","zori_base":"NA"}},{"type":"MultiPolygon","arcs":[[[78,79]]],"properties":{"postal_code":"60096","realtor_list_price":365937.5,"realtor_list_price_yoy":0.0733,"realtor_list_price_base":0.9232,"realtor_active_listings":15,"realtor_active_listings_yoy":0,"realtor_active_listings_base":-0.5313,"realtor_new_listings":9.333,"realtor_new_listings_yoy":0,"realtor_new_listings_base":-0.2984,"realtor_days_on_market":30.143,"realtor_days_on_market_yoy":-0.1758,"realtor_days_on_market_base":-0.4029,"zhvi":311603.548,"zhvi_yoy":0.1719,"zhvi_base":0.9716,"zori":"NA","zori_yoy":"NA","zori_base":"NA"}},{"type":"MultiPolygon","arcs":[[[80,81,82,83,84]]],"properties":{"postal_code":"46409","realtor_list_price":104426.316,"realtor_list_price_yoy":-0.1728,"realtor_list_price_base":3.1537,"realtor_active_listings":36.667,"realtor_active_listings_yoy":-0.0678,"realtor_active_listings_base":0.5982,"realtor_new_listings":12.667,"realtor_new_listings_yoy":0.0556,"realtor_new_listings_base":0.6866,"realtor_days_on_market":63.368,"realtor_days_on_market_yoy":0.0581,"realtor_days_on_market_base":-0.0679,"zhvi":81024.452,"zhvi_yoy":-0.0668,"zhvi_base":1.0514,"zori":1340.278,"zori_yoy":"NA","zori_base":"NA"}},{"type":"MultiPolygon","arcs":[[[85,86,87]]],"properties":{"postal_code":"60301","realtor_list_price":368475,"realtor_list_price_yoy":1.2781,"realtor_list_price_base":0.5303,"realtor_active_listings":3,"realtor_active_listings_yoy":0.8,"realtor_active_listings_base":-0.7588,"realtor_new_listings":0.667,"realtor_new_listings_yoy":-0.5,"realtor_new_listings_base":-0.8606,"realtor_days_on_market":33,"realtor_days_on_market_yoy":1.5385,"realtor_days_on_market_base":-0.0519,"zhvi":303314.654,"zhvi_yoy":0.0692,"zhvi_base":0.2284,"zori":2382.16,"zori_yoy":0.0412,"zori_base":"NA"}},{"type":"MultiPolygon","arcs":[[[88,89,90,-88,91,-29]]],"properties":{"postal_code":"60305","realtor_list_price":632493.75,"realtor_list_price_yoy":0.0197,"realtor_list_price_base":-0.145,"realtor_active_listings":23.333,"realtor_active_listings_yoy":0.2281,"realtor_active_listings_base":-0.751,"realtor_new_listings":10.667,"realtor_new_listings_yoy":-0.2,"realtor_new_listings_base":-0.4941,"realtor_days_on_market":33.562,"realtor_days_on_market_yoy":0.1818,"realtor_days_on_market_base":-0.4906,"zhvi":736113.166,"zhvi_yoy":0.1131,"zhvi_base":0.5089,"zori":2500,"zori_yoy":"NA","zori_base":"NA"}},{"type":"MultiPolygon","arcs":[[[92,93,94,95]]],"properties":{"postal_code":"46348","realtor_list_price":"NA","realtor_list_price_yoy":"NA","realtor_list_price_base":"NA","realtor_active_listings":1.667,"realtor_active_listings_yoy":0,"realtor_active_listings_base":-0.5473,"realtor_new_listings":0,"realtor_new_listings_yoy":-1,"realtor_new_listings_base":-1,"realtor_days_on_market":"NA","realtor_days_on_market_yoy":"NA","realtor_days_on_market_base":"NA","zhvi":221939.235,"zhvi_yoy":0.0048,"zhvi_base":0.74,"zori":"NA","zori_yoy":"NA","zori_base":"NA"}},{"type":"MultiPolygon","arcs":[[[96,97]]],"properties":{"postal_code":"46393","realtor_list_price":"NA","realtor_list_price_yoy":"NA","realtor_list_price_base":"NA","realtor_active_listings":1.333,"realtor_active_listings_yoy":-0.5556,"realtor_active_listings_base":"NA","realtor_new_listings":0,"realtor_new_listings_yoy":-1,"realtor_new_listings_base":"NA","realtor_days_on_market":"NA","realtor_days_on_market_yoy":"NA","realtor_days_on_market_base":"NA","zhvi":213608.649,"zhvi_yoy":-0.0018,"zhvi_base":0.7279,"zori":"NA","zori_yoy":"NA","zori_base":"NA"}},{"type":"MultiPolygon","arcs":[[[98]],[[99]],[[100,101,102,103,104,105,106,107,108],[109]]],"properties":{"postal_code":"60081","realtor_list_price":560845.833,"realtor_list_price_yoy":-0.0308,"realtor_list_price_base":0.7698,"realtor_active_listings":25.333,"realtor_active_listings_yoy":0.027,"realtor_active_listings_base":-0.689,"realtor_new_listings":12,"realtor_new_listings_yoy":-0.1429,"realtor_new_listings_base":-0.3969,"realtor_days_on_market":47.278,"realtor_days_on_market_yoy":0.5158,"realtor_days_on_market_base":-0.2578,"zhvi":425599.474,"zhvi_yoy":0.0636,"zhvi_base":0.6964,"zori":"NA","zori_yoy":"NA","zori_base":"NA"}},{"type":"MultiPolygon","arcs":[[[110,111,112]]],"properties":{"postal_code":"60456","realtor_list_price":250458.333,"realtor_list_price_yoy":0.0552,"realtor_list_price_base":0.9973,"realtor_active_listings":11.333,"realtor_active_listings_yoy":0.619,"realtor_active_listings_base":0.5867,"realtor_new_listings":4,"realtor_new_listings_yoy":-0.3333,"realtor_new_listings_base":-0.1589,"realtor_days_on_market":34,"realtor_days_on_market_yoy":0.4233,"realtor_days_on_market_base":-0.0945,"zhvi":215111.612,"zhvi_yoy":0.0382,"zhvi_base":0.7823,"zori":"NA","zori_yoy":"NA","zori_base":"NA"}},{"type":"MultiPolygon","arcs":[[[113,114,115,116]]],"properties":{"postal_code":"60461","realtor_list_price":396563.889,"realtor_list_price_yoy":0.0471,"realtor_list_price_base":0.7691,"realtor_active_listings":11,"realtor_active_listings_yoy":-0.1951,"realtor_active_listings_base":-0.6852,"realtor_new_listings":6,"realtor_new_listings_yoy":0,"realtor_new_listings_base":-0.4657,"realtor_days_on_market":46.111,"realtor_days_on_market_yoy":0.2351,"realtor_days_on_market_base":-0.2198,"zhvi":348504.918,"zhvi_yoy":0.0525,"zhvi_base":0.6532,"zori":"NA","zori_yoy":"NA","zori_base":"NA"}},{"type":"MultiPolygon","arcs":[[[117,118]]],"properties":{"postal_code":"60474","realtor_list_price":"NA","realtor_list_price_yoy":"NA","realtor_list_price_base":"NA","realtor_active_listings":0.333,"realtor_active_listings_yoy":0,"realtor_active_listings_base":-0.9358,"realtor_new_listings":0,"realtor_new_listings_yoy":"NaN","realtor_new_listings_base":-1,"realtor_days_on_market":"NA","realtor_days_on_market_yoy":"NA","realtor_days_on_market_base":"NA","zhvi":192164.577,"zhvi_yoy":-0.0093,"zhvi_base":"NA","zori":"NA","zori_yoy":"NA","zori_base":"NA"}},{"type":"MultiPolygon","arcs":[[[119,120,121,122]]],"properties":{"postal_code":"60661","realtor_list_price":398768.955,"realtor_list_price_yoy":-0.0505,"realtor_list_price_base":-0.0699,"realtor_active_listings":32.333,"realtor_active_listings_yoy":-0.1565,"realtor_active_listings_base":-0.2958,"realtor_new_listings":14.667,"realtor_new_listings_yoy":-0.0435,"realtor_new_listings_base":-0.4022,"realtor_days_on_market":30.682,"realtor_days_on_market_yoy":-0.1559,"realtor_days_on_market_base":-0.0615,"zhvi":345987.187,"zhvi_yoy":0.0303,"zhvi_base":-0.1222,"zori":2618.641,"zori_yoy":0.0272,"zori_base":0.247}},{"type":"MultiPolygon","arcs":[[[123,-18]],[[124,-21,125,126,127,128,129,130,131]]],"properties":{"postal_code":"60560","realtor_list_price":445344.207,"realtor_list_price_yoy":-0.0128,"realtor_list_price_base":0.6312,"realtor_active_listings":96.667,"realtor_active_listings_yoy":0.1462,"realtor_active_listings_base":-0.3858,"realtor_new_listings":38.667,"realtor_new_listings_yoy":-0.1714,"realtor_new_listings_base":-0.4166,"realtor_days_on_market":40.793,"realtor_days_on_market_yoy":0.2898,"realtor_days_on_market_base":-0.1552,"zhvi":409519.24,"zhvi_yoy":0.0263,"zhvi_base":0.6572,"zori":"NA","zori_yoy":"NA","zori_base":"NA"}},{"type":"MultiPolygon","arcs":[[[132,133,134]]],"properties":{"postal_code":"60602","realtor_list_price":490000,"realtor_list_price_yoy":-0.0577,"realtor_list_price_base":-0.2676,"realtor_active_listings":6,"realtor_active_listings_yoy":-0.64,"realtor_active_listings_base":-0.7061,"realtor_new_listings":1.333,"realtor_new_listings_yoy":-0.6667,"realtor_new_listings_base":-0.3585,"realtor_days_on_market":53.5,"realtor_days_on_market_yoy":0.2252,"realtor_days_on_market_base":-0.1219,"zhvi":299452.297,"zhvi_yoy":-0.08,"zhvi_base":-0.4404,"zori":"NA","zori_yoy":"NA","zori_base":"NA"}},{"type":"MultiPolygon","arcs":[[[135,-135,136,137,138,-122,139]]],"properties":{"postal_code":"60606","realtor_list_price":349800,"realtor_list_price_yoy":-0.072,"realtor_list_price_base":-0.2637,"realtor_active_listings":18.333,"realtor_active_listings_yoy":0.1224,"realtor_active_listings_base":-0.3568,"realtor_new_listings":3.333,"realtor_new_listings_yoy":-0.5833,"realtor_new_listings_base":-0.652,"realtor_days_on_market":37.8,"realtor_days_on_market_yoy":0.0035,"realtor_days_on_market_base":-0.1084,"zhvi":331804.072,"zhvi_yoy":0.0445,"zhvi_base":-0.1177,"zori":2755.34,"zori_yoy":0.0194,"zori_base":"NA"}},{"type":"MultiPolygon","arcs":[[[140,141,142,143]]],"properties":{"postal_code":"60611","realtor_list_price":620973.459,"realtor_list_price_yoy":-0.0535,"realtor_list_price_base":-0.0023,"realtor_active_listings":390.667,"realtor_active_listings_yoy":-0.1676,"realtor_active_listings_base":-0.4291,"realtor_new_listings":97.333,"realtor_new_listings_yoy":-0.2193,"realtor_new_listings_base":-0.328,"realtor_days_on_market":51.39,"realtor_days_on_market_yoy":-0.107,"realtor_days_on_market_base":-0.1799,"zhvi":361718.027,"zhvi_yoy":0.0299,"zhvi_base":-0.0839,"zori":2911.472,"zori_yoy":0.0485,"zori_base":0.3032}},{"type":"MultiPolygon","arcs":[[[144,145,146,147]]],"properties":{"postal_code":"60419","realtor_list_price":166847.674,"realtor_list_price_yoy":-0.0778,"realtor_list_price_base":0.8741,"realtor_active_listings":92.333,"realtor_active_listings_yoy":-0.1344,"realtor_active_listings_base":-0.2577,"realtor_new_listings":28.667,"realtor_new_listings_yoy":-0.2182,"realtor_new_listings_base":-0.3925,"realtor_days_on_market":55.047,"realtor_days_on_market_yoy":0.1859,"realtor_days_on_market_base":-0.0059,"zhvi":158919.523,"zhvi_yoy":0.0424,"zhvi_base":0.9596,"zori":2376.25,"zori_yoy":0.0354,"zori_base":"NA"}},{"type":"MultiPolygon","arcs":[[[148,149,150,151]]],"properties":{"postal_code":"60136","realtor_list_price":459996,"realtor_list_price_yoy":0.143,"realtor_list_price_base":0.7005,"realtor_active_listings":9.667,"realtor_active_listings_yoy":-0.5397,"realtor_active_listings_base":-0.7776,"realtor_new_listings":6,"realtor_new_listings_yoy":-0.4706,"realtor_new_listings_base":-0.6762,"realtor_days_on_market":33.667,"realtor_days_on_market_yoy":0.1999,"realtor_days_on_market_base":-0.1909,"zhvi":419663.332,"zhvi_yoy":0.0425,"zhvi_base":0.5939,"zori":"NA","zori_yoy":"NA","zori_base":"NA"}},{"type":"MultiPolygon","arcs":[[[152,153]]],"properties":{"postal_code":"60040","realtor_list_price":890950,"realtor_list_price_yoy":0.3169,"realtor_list_price_base":1.1824,"realtor_active_listings":4.333,"realtor_active_listings_yoy":0.4444,"realtor_active_listings_base":-0.748,"realtor_new_listings":3.333,"realtor_new_listings_yoy":0.6667,"realtor_new_listings_base":0.2839,"realtor_days_on_market":23,"realtor_days_on_market_yoy":-0.3365,"realtor_days_on_market_base":-0.5217,"zhvi":501178.034,"zhvi_yoy":0.112,"zhvi_base":0.577,"zori":2418.444,"zori_yoy":"NA","zori_base":"NA"}},{"type":"MultiPolygon","arcs":[[[154]]],"properties":{"postal_code":"60183","realtor_list_price":387450,"realtor_list_price_yoy":0.5504,"realtor_list_price_base":"NA","realtor_active_listings":0.667,"realtor_active_listings_yoy":0,"realtor_active_listings_base":"NA","realtor_new_listings":1.333,"realtor_new_listings_yoy":0,"realtor_new_listings_base":"NA","realtor_days_on_market":"NA","realtor_days_on_market_yoy":"NA","realtor_days_on_market_base":"NA","zhvi":"NA","zhvi_yoy":"NA","zhvi_base":"NA","zori":"NA","zori_yoy":"NA","zori_base":"NA"}},{"type":"MultiPolygon","arcs":[[[155,156,157,158,159]]],"properties":{"postal_code":"60097","realtor_list_price":320749.808,"realtor_list_price_yoy":0.0328,"realtor_list_price_base":0.7587,"realtor_active_listings":38.667,"realtor_active_listings_yoy":0.0943,"realtor_active_listings_base":-0.3382,"realtor_new_listings":17.333,"realtor_new_listings_yoy":-0.381,"realtor_new_listings_base":0.0249,"realtor_days_on_market":40.808,"realtor_days_on_market_yoy":0.3538,"realtor_days_on_market_base":-0.268,"zhvi":292046.205,"zhvi_yoy":0.0403,"zhvi_base":0.7426,"zori":"NA","zori_yoy":"NA","zori_base":"NA"}},{"type":"MultiPolygon","arcs":[[[-92,-87,160,161,162,163,164,-30]]],"properties":{"postal_code":"60130","realtor_list_price":327653,"realtor_list_price_yoy":0.0664,"realtor_list_price_base":0.2943,"realtor_active_listings":28.333,"realtor_active_listings_yoy":-0.1146,"realtor_active_listings_base":-0.5405,"realtor_new_listings":16.667,"realtor_new_listings_yoy":0.087,"realtor_new_listings_base":-0.3528,"realtor_days_on_market":34,"realtor_days_on_market_yoy":0.2219,"realtor_days_on_market_base":-0.2091,"zhvi":290978.016,"zhvi_yoy":0.0672,"zhvi_base":0.4453,"zori":1601.203,"zori_yoy":0.0566,"zori_base":"NA"}},{"type":"MultiPolygon","arcs":[[[165,166,167,168,169]]],"properties":{"postal_code":"60163","realtor_list_price":352125,"realtor_list_price_yoy":0.0097,"realtor_list_price_base":0.6233,"realtor_active_listings":6.333,"realtor_active_listings_yoy":-0.2692,"realtor_active_listings_base":-0.4602,"realtor_new_listings":4,"realtor_new_listings_yoy":0,"realtor_new_listings_base":-0.4104,"realtor_days_on_market":30.333,"realtor_days_on_market_yoy":-0.3053,"realtor_days_on_market_base":-0.2403,"zhvi":309437.832,"zhvi_yoy":0.0498,"zhvi_base":0.6883,"zori":"NA","zori_yoy":"NA","zori_base":"NA"}},{"type":"MultiPolygon","arcs":[[[170,171,172,173,174,175]]],"properties":{"postal_code":"46322","realtor_list_price":283264.062,"realtor_list_price_yoy":-0.0505,"realtor_list_price_base":0.6306,"realtor_active_listings":43.333,"realtor_active_listings_yoy":0.0317,"realtor_active_listings_base":-0.021,"realtor_new_listings":21.333,"realtor_new_listings_yoy":-0.2889,"realtor_new_listings_base":-0.4962,"realtor_days_on_market":43.625,"realtor_days_on_market_yoy":0.3557,"realtor_days_on_market_base":0.554,"zhvi":270436.933,"zhvi_yoy":0.0197,"zhvi_base":0.5743,"zori":1605.95,"zori_yoy":0.0755,"zori_base":"NA"}},{"type":"MultiPolygon","arcs":[[[176,177,178]]],"properties":{"postal_code":"46379","realtor_list_price":"NA","realtor_list_price_yoy":"NA","realtor_list_price_base":"NA","realtor_active_listings":1,"realtor_active_listings_yoy":-0.625,"realtor_active_listings_base":-0.5631,"realtor_new_listings":0,"realtor_new_listings_yoy":"NaN","realtor_new_listings_base":"NA","realtor_days_on_market":"NA","realtor_days_on_market_yoy":"NA","realtor_days_on_market_base":"NA","zhvi":75846.305,"zhvi_yoy":-0.2062,"zhvi_base":0.1903,"zori":"NA","zori_yoy":"NA","zori_base":"NA"}},{"type":"MultiPolygon","arcs":[[[179,180,181,182,183,-27,184,185]]],"properties":{"postal_code":"60526","realtor_list_price":530654.412,"realtor_list_price_yoy":0.2351,"realtor_list_price_base":0.3807,"realtor_active_listings":9,"realtor_active_listings_yoy":-0.25,"realtor_active_listings_base":-0.7975,"realtor_new_listings":11.333,"realtor_new_listings_yoy":0.3077,"realtor_new_listings_base":-0.4015,"realtor_days_on_market":27,"realtor_days_on_market_yoy":-0.1136,"realtor_days_on_market_base":-0.4345,"zhvi":502907.879,"zhvi_yoy":0.1058,"zhvi_base":0.4989,"zori":1670.389,"zori_yoy":"NA","zori_base":"NA"}},{"type":"MultiPolygon","arcs":[[[186,187,-81,188,189]]],"properties":{"postal_code":"46407","realtor_list_price":67475,"realtor_list_price_yoy":-0.2946,"realtor_list_price_base":1.7203,"realtor_active_listings":54.667,"realtor_active_listings_yoy":0.2059,"realtor_active_listings_base":1.8077,"realtor_new_listings":12,"realtor_new_listings_yoy":-0.28,"realtor_new_listings_base":0.5009,"realtor_days_on_market":93.667,"realtor_days_on_market_yoy":1.4546,"realtor_days_on_market_base":0.4569,"zhvi":61576.97,"zhvi_yoy":-0.0101,"zhvi_base":0.9231,"zori":1219.467,"zori_yoy":"NA","zori_base":"NA"}},{"type":"MultiPolygon","arcs":[[[190,-95,191,192,193]]],"properties":{"postal_code":"46374","realtor_list_price":197400,"realtor_list_price_yoy":"NA","realtor_list_price_base":"NA","realtor_active_listings":2,"realtor_active_listings_yoy":0.5,"realtor_active_listings_base":-0.507,"realtor_new_listings":1.333,"realtor_new_listings_yoy":"Inf","realtor_new_listings_base":0.4844,"realtor_days_on_market":45,"realtor_days_on_market_yoy":"NA","realtor_days_on_market_base":"NA","zhvi":237401.05,"zhvi_yoy":0.0433,"zhvi_base":0.9599,"zori":"NA","zori_yoy":"NA","zori_base":"NA"}},{"type":"MultiPolygon","arcs":[[[194,-143,195,-140,-121,196]]],"properties":{"postal_code":"60654","realtor_list_price":468947.368,"realtor_list_price_yoy":-0.027,"realtor_list_price_base":-0.0833,"realtor_active_listings":109.333,"realtor_active_listings_yoy":-0.1253,"realtor_active_listings_base":-0.5661,"realtor_new_listings":50.667,"realtor_new_listings_yoy":-0.1059,"realtor_new_listings_base":-0.3337,"realtor_days_on_market":30.684,"realtor_days_on_market_yoy":-0.2569,"realtor_days_on_market_base":-0.3071,"zhvi":384201.054,"zhvi_yoy":0.0105,"zhvi_base":-0.1863,"zori":2911.692,"zori_yoy":0.0461,"zori_base":0.294}},{"type":"MultiPolygon","arcs":[[[197,-197,-120,198,199,200]]],"properties":{"postal_code":"60642","realtor_list_price":728281.25,"realtor_list_price_yoy":0.0565,"realtor_list_price_base":0.3486,"realtor_active_listings":39.333,"realtor_active_listings_yoy":-0.0923,"realtor_active_listings_base":-0.655,"realtor_new_listings":32,"realtor_new_listings_yoy":0.2,"realtor_new_listings_base":-0.3999,"realtor_days_on_market":22.917,"realtor_days_on_market_yoy":-0.2702,"realtor_days_on_market_base":-0.3012,"zhvi":579017.076,"zhvi_yoy":0.0624,"zhvi_base":0.1375,"zori":2691.516,"zori_yoy":0.0677,"zori_base":0.419}},{"type":"MultiPolygon","arcs":[[[-5,201,202,203,204,205,206]]],"properties":{"postal_code":"60076","realtor_list_price":511893.421,"realtor_list_price_yoy":0.0045,"realtor_list_price_base":0.3971,"realtor_active_listings":41.667,"realtor_active_listings_yoy":0.2755,"realtor_active_listings_base":-0.6752,"realtor_new_listings":25.333,"realtor_new_listings_yoy":0,"realtor_new_listings_base":-0.5333,"realtor_days_on_market":26.421,"realtor_days_on_market_yoy":-0.1696,"realtor_days_on_market_base":-0.3933,"zhvi":463980.725,"zhvi_yoy":0.0856,"zhvi_base":0.5469,"zori":2221.667,"zori_yoy":"NA","zori_base":"NA"}},{"type":"MultiPolygon","arcs":[[[207,-84,208,209,210,211]]],"properties":{"postal_code":"46410","realtor_list_price":264349.333,"realtor_list_price_yoy":-0.0411,"realtor_list_price_base":0.7105,"realtor_active_listings":98,"realtor_active_listings_yoy":0.0889,"realtor_active_listings_base":-0.2469,"realtor_new_listings":50,"realtor_new_listings_yoy":0.0714,"realtor_new_listings_base":-0.355,"realtor_days_on_market":49.573,"realtor_days_on_market_yoy":0.075,"realtor_days_on_market_base":0.1401,"zhvi":245067.765,"zhvi_yoy":0.0109,"zhvi_base":0.6917,"zori":1552.59,"zori_yoy":0.0335,"zori_base":"NA"}},{"type":"MultiPolygon","arcs":[[[212,-203]]],"properties":{"postal_code":"60203","realtor_list_price":603429.167,"realtor_list_price_yoy":0.1783,"realtor_list_price_base":0.3046,"realtor_active_listings":4.333,"realtor_active_listings_yoy":-0.1333,"realtor_active_listings_base":-0.8101,"realtor_new_listings":4,"realtor_new_listings_yoy":0.2,"realtor_new_listings_base":-0.3993,"realtor_days_on_market":25.667,"realtor_days_on_market_yoy":-0.0833,"realtor_days_on_market_base":-0.4752,"zhvi":610617.954,"zhvi_yoy":0.1055,"zhvi_base":0.4766,"zori":"NA","zori_yoy":"NA","zori_base":"NA"}},{"type":"MultiPolygon","arcs":[[[-174,213,214,-212,215]]],"properties":{"postal_code":"46319","realtor_list_price":279239.158,"realtor_list_price_yoy":0.0448,"realtor_list_price_base":0.8031,"realtor_active_listings":16.667,"realtor_active_listings_yoy":-0.2537,"realtor_active_listings_base":-0.4261,"realtor_new_listings":12.667,"realtor_new_listings_yoy":-0.4242,"realtor_new_listings_base":-0.4635,"realtor_days_on_market":47.789,"realtor_days_on_market_yoy":0.3956,"realtor_days_on_market_base":0.126,"zhvi":252680.944,"zhvi_yoy":0.0222,"zhvi_base":0.7032,"zori":1403.411,"zori_yoy":"NA","zori_base":"NA"}},{"type":"MultiPolygon","arcs":[[[216,-193,217,218]]],"properties":{"postal_code":"47957","realtor_list_price":155950,"realtor_list_price_yoy":-0.248,"realtor_list_price_base":"NA","realtor_active_listings":4,"realtor_active_listings_yoy":0.3333,"realtor_active_listings_base":-0.5428,"realtor_new_listings":0.667,"realtor_new_listings_yoy":0,"realtor_new_listings_base":-0.7774,"realtor_days_on_market":44,"realtor_days_on_market_yoy":0.6923,"realtor_days_on_market_base":"NA","zhvi":187045.019,"zhvi_yoy":0.112,"zhvi_base":1.1886,"zori":"NA","zori_yoy":"NA","zori_base":"NA"}},{"type":"MultiPolygon","arcs":[[[-82,-188,219,220,221,222]]],"properties":{"postal_code":"46405","realtor_list_price":196854,"realtor_list_price_yoy":0.1137,"realtor_list_price_base":1.8382,"realtor_active_listings":18.333,"realtor_active_listings_yoy":-0.2667,"realtor_active_listings_base":-0.5126,"realtor_new_listings":9.333,"realtor_new_listings_yoy":-0.5172,"realtor_new_listings_base":-0.4961,"realtor_days_on_market":42.286,"realtor_days_on_market_yoy":0.1313,"realtor_days_on_market_base":-0.2269,"zhvi":160299.715,"zhvi_yoy":0.0044,"zhvi_base":1.0107,"zori":"NA","zori_yoy":"NA","zori_base":"NA"}},{"type":"MultiPolygon","arcs":[[[223,224,225,226]],[[227,228,229,230]]],"properties":{"postal_code":"60174","realtor_list_price":568622,"realtor_list_price_yoy":0.1536,"realtor_list_price_base":0.507,"realtor_active_listings":54.667,"realtor_active_listings_yoy":0.1549,"realtor_active_listings_base":-0.7109,"realtor_new_listings":38,"realtor_new_listings_yoy":-0.0172,"realtor_new_listings_base":-0.3944,"realtor_days_on_market":31.211,"realtor_days_on_market_yoy":-0.1191,"realtor_days_on_market_base":-0.443,"zhvi":440047.22,"zhvi_yoy":0.0635,"zhvi_base":0.6137,"zori":1937.814,"zori_yoy":0.0347,"zori_base":"NA"}},{"type":"MultiPolygon","arcs":[[[-10,231,-46,232]]],"properties":{"postal_code":"60457","realtor_list_price":399900,"realtor_list_price_yoy":0.0695,"realtor_list_price_base":0.5789,"realtor_active_listings":34.333,"realtor_active_listings_yoy":0.8393,"realtor_active_listings_base":-0.3367,"realtor_new_listings":16.667,"realtor_new_listings_yoy":0.1905,"realtor_new_listings_base":-0.2444,"realtor_days_on_market":49.92,"realtor_days_on_market_yoy":0.8327,"realtor_days_on_market_base":0.1673,"zhvi":345679.634,"zhvi_yoy":0.0659,"zhvi_base":0.6153,"zori":1448.333,"zori_yoy":"NA","zori_base":"NA"}},{"type":"MultiPolygon","arcs":[[[233,234,235,236,237,238],[239]]],"properties":{"postal_code":"60041","realtor_list_price":464403.846,"realtor_list_price_yoy":0.4786,"realtor_list_price_base":0.8874,"realtor_active_listings":21,"realtor_active_listings_yoy":0.1887,"realtor_active_listings_base":-0.6404,"realtor_new_listings":8.667,"realtor_new_listings_yoy":-0.0714,"realtor_new_listings_base":-0.4702,"realtor_days_on_market":30.846,"realtor_days_on_market_yoy":-0.1311,"realtor_days_on_market_base":-0.5045,"zhvi":310970.332,"zhvi_yoy":0.0601,"zhvi_base":0.6464,"zori":"NA","zori_yoy":"NA","zori_base":"NA"}},{"type":"MultiPolygon","arcs":[[[240,241,242,243,244,245,-64]]],"properties":{"postal_code":"60047","realtor_list_price":847796.324,"realtor_list_price_yoy":0.1055,"realtor_list_price_base":0.4898,"realtor_active_listings":88.667,"realtor_active_listings_yoy":0.0472,"realtor_active_listings_base":-0.7915,"realtor_new_listings":45.333,"realtor_new_listings_yoy":-0.2,"realtor_new_listings_base":-0.4725,"realtor_days_on_market":30.485,"realtor_days_on_market_yoy":-0.0584,"realtor_days_on_market_base":-0.4717,"zhvi":671465.379,"zhvi_yoy":0.0691,"zhvi_base":0.5044,"zori":3483.333,"zori_yoy":"NA","zori_base":"NA"}},{"type":"MultiPolygon","arcs":[[[246,247,248,249,250,251,252],[253]]],"properties":{"postal_code":"60119","realtor_list_price":568171.909,"realtor_list_price_yoy":0.1357,"realtor_list_price_base":0.478,"realtor_active_listings":18.333,"realtor_active_listings_yoy":-0.382,"realtor_active_listings_base":-0.7849,"realtor_new_listings":14.667,"realtor_new_listings_yoy":0.2941,"realtor_new_listings_base":-0.4543,"realtor_days_on_market":29.818,"realtor_days_on_market_yoy":-0.3103,"realtor_days_on_market_base":-0.5029,"zhvi":477070.42,"zhvi_yoy":0.0477,"zhvi_base":0.5812,"zori":3275,"zori_yoy":"NA","zori_base":"NA"}},{"type":"MultiPolygon","arcs":[[[254,-164,255,256,257,-182,258]]],"properties":{"postal_code":"60546","realtor_list_price":481130.158,"realtor_list_price_yoy":0.0963,"realtor_list_price_base":0.1469,"realtor_active_listings":14.667,"realtor_active_listings_yoy":-0.0638,"realtor_active_listings_base":-0.8319,"realtor_new_listings":12.667,"realtor_new_listings_yoy":-0.05,"realtor_new_listings_base":-0.5415,"realtor_days_on_market":32.842,"realtor_days_on_market_yoy":0.0043,"realtor_days_on_market_base":-0.3508,"zhvi":426888.236,"zhvi_yoy":0.064,"zhvi_base":0.4449,"zori":"NA","zori_yoy":"NA","zori_base":"NA"}},{"type":"MultiPolygon","arcs":[[[259,260,261,262,263]]],"properties":{"postal_code":"60636","realtor_list_price":222758.042,"realtor_list_price_yoy":0.1357,"realtor_list_price_base":3.0683,"realtor_active_listings":48,"realtor_active_listings_yoy":-0.2088,"realtor_active_listings_base":-0.4627,"realtor_new_listings":16,"realtor_new_listings_yoy":-0.4783,"realtor_new_listings_base":-0.5331,"realtor_days_on_market":60.125,"realtor_days_on_market_yoy":0.8148,"realtor_days_on_market_base":-0.0945,"zhvi":142781.159,"zhvi_yoy":0.0971,"zhvi_base":1.4824,"zori":1412.778,"zori_yoy":0.0119,"zori_base":"NA"}},{"type":"MultiPolygon","arcs":[[[264,265,266,267,268,269,270,271,272]]],"properties":{"postal_code":"60439","realtor_list_price":683369.907,"realtor_list_price_yoy":0.0658,"realtor_list_price_base":0.4099,"realtor_active_listings":59.667,"realtor_active_listings_yoy":-0.0324,"realtor_active_listings_base":-0.6349,"realtor_new_listings":28.667,"realtor_new_listings_yoy":0.1622,"realtor_new_listings_base":-0.3433,"realtor_days_on_market":37,"realtor_days_on_market_yoy":-0.1417,"realtor_days_on_market_base":-0.3712,"zhvi":596145.449,"zhvi_yoy":0.074,"zhvi_base":0.5748,"zori":"NA","zori_yoy":"NA","zori_base":"NA"}},{"type":"MultiPolygon","arcs":[[[273,274,275,276,277,278,279]]],"properties":{"postal_code":"60131","realtor_list_price":400797.368,"realtor_list_price_yoy":0.0727,"realtor_list_price_base":0.7113,"realtor_active_listings":14.667,"realtor_active_listings_yoy":-0.0435,"realtor_active_listings_base":-0.7157,"realtor_new_listings":12.667,"realtor_new_listings_yoy":0.1875,"realtor_new_listings_base":-0.5368,"realtor_days_on_market":34.842,"realtor_days_on_market_yoy":0.0173,"realtor_days_on_market_base":-0.2059,"zhvi":324014.643,"zhvi_yoy":0.0698,"zhvi_base":0.6646,"zori":1800,"zori_yoy":"NA","zori_base":"NA"}},{"type":"MultiPolygon","arcs":[[[280,281,282,283,284,285,286]]],"properties":{"postal_code":"60015","realtor_list_price":779952.632,"realtor_list_price_yoy":0.0648,"realtor_list_price_base":0.2098,"realtor_active_listings":53,"realtor_active_listings_yoy":0.2045,"realtor_active_listings_base":-0.801,"realtor_new_listings":25.333,"realtor_new_listings_yoy":-0.0732,"realtor_new_listings_base":-0.4956,"realtor_days_on_market":39,"realtor_days_on_market_yoy":0.1332,"realtor_days_on_market_base":-0.4133,"zhvi":734728.482,"zhvi_yoy":0.0805,"zhvi_base":0.5082,"zori":2668.435,"zori_yoy":0.0591,"zori_base":"NA"}},{"type":"MultiPolygon","arcs":[[[287,288,289,-242,290]]],"properties":{"postal_code":"60060","realtor_list_price":440400.344,"realtor_list_price_yoy":0.0834,"realtor_list_price_base":0.3005,"realtor_active_listings":68,"realtor_active_listings_yoy":0.0737,"realtor_active_listings_base":-0.587,"realtor_new_listings":40.667,"realtor_new_listings_yoy":-0.1408,"realtor_new_listings_base":-0.1828,"realtor_days_on_market":26.541,"realtor_days_on_market_yoy":-0.0196,"realtor_days_on_market_base":-0.5197,"zhvi":393621.029,"zhvi_yoy":0.0591,"zhvi_base":0.5676,"zori":2355.111,"zori_yoy":0.0432,"zori_base":"NA"}},{"type":"MultiPolygon","arcs":[[[291,292,293,294,295,296,297,298,299,300]],[[301,302]]],"properties":{"postal_code":"60417","realtor_list_price":340779.906,"realtor_list_price_yoy":-0.0309,"realtor_list_price_base":0.6555,"realtor_active_listings":52,"realtor_active_listings_yoy":-0.0127,"realtor_active_listings_base":-0.4184,"realtor_new_listings":21.333,"realtor_new_listings_yoy":0.0667,"realtor_new_listings_base":-0.3173,"realtor_days_on_market":50.156,"realtor_days_on_market_yoy":-0.0088,"realtor_days_on_market_base":-0.2095,"zhvi":302419.861,"zhvi_yoy":0.0372,"zhvi_base":0.6315,"zori":"NA","zori_yoy":"NA","zori_base":"NA"}},{"type":"MultiPolygon","arcs":[[[303,304,305]]],"properties":{"postal_code":"60157","realtor_list_price":636524.6,"realtor_list_price_yoy":0.1242,"realtor_list_price_base":0.3971,"realtor_active_listings":2.667,"realtor_active_listings_yoy":-0.4286,"realtor_active_listings_base":-0.797,"realtor_new_listings":3.333,"realtor_new_listings_yoy":0.25,"realtor_new_listings_base":-0.2778,"realtor_days_on_market":21.8,"realtor_days_on_market_yoy":-0.5209,"realtor_days_on_market_base":-0.5682,"zhvi":538502.807,"zhvi_yoy":0.0528,"zhvi_base":0.5336,"zori":"NA","zori_yoy":"NA","zori_base":"NA"}},{"type":"MultiPolygon","arcs":[[[306,307,308,309,-1,310]]],"properties":{"postal_code":"60093","realtor_list_price":2444557.5,"realtor_list_price_yoy":0.2741,"realtor_list_price_base":0.963,"realtor_active_listings":28.667,"realtor_active_listings_yoy":-0.181,"realtor_active_listings_base":-0.8736,"realtor_new_listings":20,"realtor_new_listings_yoy":-0.0909,"realtor_new_listings_base":-0.5525,"realtor_days_on_market":37.4,"realtor_days_on_market_yoy":-0.0952,"realtor_days_on_market_base":-0.5117,"zhvi":1598722.846,"zhvi_yoy":0.1472,"zhvi_base":0.6922,"zori":"NA","zori_yoy":"NA","zori_base":"NA"}},{"type":"MultiPolygon","arcs":[[[311,312,313,314,315,316,317,318]]],"properties":{"postal_code":"60195","realtor_list_price":533641.667,"realtor_list_price_yoy":1.0849,"realtor_list_price_base":2.262,"realtor_active_listings":4.667,"realtor_active_listings_yoy":0,"realtor_active_listings_base":-0.7569,"realtor_new_listings":2,"realtor_new_listings_yoy":-0.5,"realtor_new_listings_base":-0.81,"realtor_days_on_market":37.333,"realtor_days_on_market_yoy":0.4933,"realtor_days_on_market_base":-0.0671,"zhvi":309924.324,"zhvi_yoy":0.0284,"zhvi_base":0.4394,"zori":1785.278,"zori_yoy":-0.0432,"zori_base":"NA"}},{"type":"MultiPolygon","arcs":[[[319,320,321,-243,-290]]],"properties":{"postal_code":"60061","realtor_list_price":504600,"realtor_list_price_yoy":0.0193,"realtor_list_price_base":0.2824,"realtor_active_listings":47,"realtor_active_listings_yoy":0.2589,"realtor_active_listings_base":-0.7088,"realtor_new_listings":27.333,"realtor_new_listings_yoy":-0.1087,"realtor_new_listings_base":-0.4412,"realtor_days_on_market":25.268,"realtor_days_on_market_yoy":0.1351,"realtor_days_on_market_base":-0.4822,"zhvi":460756.201,"zhvi_yoy":0.0581,"zhvi_base":0.4821,"zori":2619.223,"zori_yoy":0.0401,"zori_base":"NA"}},{"type":"MultiPolygon","arcs":[[[-279,322,-75,323,-166,324]]],"properties":{"postal_code":"60164","realtor_list_price":331700,"realtor_list_price_yoy":0.0624,"realtor_list_price_base":0.6022,"realtor_active_listings":12.333,"realtor_active_listings_yoy":-0.1957,"realtor_active_listings_base":-0.7339,"realtor_new_listings":9.333,"realtor_new_listings_yoy":-0.1765,"realtor_new_listings_base":-0.6688,"realtor_days_on_market":37.857,"realtor_days_on_market_yoy":-0.0174,"realtor_days_on_market_base":-0.0126,"zhvi":316765.117,"zhvi_yoy":0.0594,"zhvi_base":0.7003,"zori":"NA","zori_yoy":"NA","zori_base":"NA"}},{"type":"MultiPolygon","arcs":[[[325,326]],[[327,328]],[[329,330,331,332,333,-235,334]]],"properties":{"postal_code":"60046","realtor_list_price":405482.456,"realtor_list_price_yoy":-0.0336,"realtor_list_price_base":0.4941,"realtor_active_listings":46.667,"realtor_active_listings_yoy":-0.1716,"realtor_active_listings_base":-0.772,"realtor_new_listings":38,"realtor_new_listings_yoy":-0.0656,"realtor_new_listings_base":-0.4319,"realtor_days_on_market":24.053,"realtor_days_on_market_yoy":-0.279,"realtor_days_on_market_base":-0.4947,"zhvi":363876.407,"zhvi_yoy":0.0538,"zhvi_base":0.6517,"zori":2352.222,"zori_yoy":0.0808,"zori_base":"NA"}},{"type":"MultiPolygon","arcs":[[[335,336,337,338,339,340,341,342],[343]]],"properties":{"postal_code":"60532","realtor_list_price":326721.078,"realtor_list_price_yoy":-0.3455,"realtor_list_price_base":-0.1403,"realtor_active_listings":63.333,"realtor_active_listings_yoy":0.4394,"realtor_active_listings_base":-0.5205,"realtor_new_listings":34,"realtor_new_listings_yoy":0.186,"realtor_new_listings_base":-0.3001,"realtor_days_on_market":36.49,"realtor_days_on_market_yoy":0.0391,"realtor_days_on_market_base":-0.2448,"zhvi":433958.312,"zhvi_yoy":0.0342,"zhvi_base":0.4689,"zori":1967.091,"zori_yoy":0.044,"zori_base":"NA"}},{"type":"MultiPolygon","arcs":[[[-150,344,345,346,347,348,349]]],"properties":{"postal_code":"60124","realtor_list_price":567513.163,"realtor_list_price_yoy":-0.0071,"realtor_list_price_base":0.6295,"realtor_active_listings":59.333,"realtor_active_listings_yoy":0.0114,"realtor_active_listings_base":-0.6956,"realtor_new_listings":32.667,"realtor_new_listings_yoy":-0.1833,"realtor_new_listings_base":-0.4272,"realtor_days_on_market":33.02,"realtor_days_on_market_yoy":-0.0438,"realtor_days_on_market_base":-0.3882,"zhvi":510474.111,"zhvi_yoy":0.0432,"zhvi_base":0.5835,"zori":2270.302,"zori_yoy":"NA","zori_base":"NA"}},{"type":"MultiPolygon","arcs":[[[350,351,352,353,-42,354]]],"properties":{"postal_code":"60608","realtor_list_price":396977.941,"realtor_list_price_yoy":0.0142,"realtor_list_price_base":0.2514,"realtor_active_listings":46.333,"realtor_active_listings_yoy":-0.4009,"realtor_active_listings_base":-0.5512,"realtor_new_listings":22.667,"realtor_new_listings_yoy":-0.3061,"realtor_new_listings_base":-0.4727,"realtor_days_on_market":39.147,"realtor_days_on_market_yoy":0.1633,"realtor_days_on_market_base":-0.0647,"zhvi":363231.635,"zhvi_yoy":0.0461,"zhvi_base":0.2228,"zori":1867.302,"zori_yoy":0.0505,"zori_base":0.4201}},{"type":"MultiPolygon","arcs":[[[355,356,357,358,359,360]]],"properties":{"postal_code":"60660","realtor_list_price":256235.577,"realtor_list_price_yoy":0.0335,"realtor_list_price_base":0.1026,"realtor_active_listings":62.333,"realtor_active_listings_yoy":-0.2143,"realtor_active_listings_base":-0.5931,"realtor_new_listings":34.667,"realtor_new_listings_yoy":-0.1746,"realtor_new_listings_base":-0.4474,"realtor_days_on_market":31.25,"realtor_days_on_market_yoy":-0.0944,"realtor_days_on_market_base":-0.2454,"zhvi":304265.834,"zhvi_yoy":0.0599,"zhvi_base":0.3843,"zori":1919.394,"zori_yoy":0.0622,"zori_base":0.4599}},{"type":"MultiPolygon","arcs":[[[-72,361,362,-148,363,364,365]]],"properties":{"postal_code":"60426","realtor_list_price":154650,"realtor_list_price_yoy":0.091,"realtor_list_price_base":2.8492,"realtor_active_listings":78,"realtor_active_listings_yoy":0.0833,"realtor_active_listings_base":0.1475,"realtor_new_listings":21.333,"realtor_new_listings_yoy":-0.1795,"realtor_new_listings_base":-0.0526,"realtor_days_on_market":62.938,"realtor_days_on_market_yoy":0.2085,"realtor_days_on_market_base":-0.0896,"zhvi":110093.889,"zhvi_yoy":0.0257,"zhvi_base":1.0761,"zori":1358.75,"zori_yoy":"NA","zori_base":"NA"}},{"type":"MultiPolygon","arcs":[[[366,367,368,369,-180,370]]],"properties":{"postal_code":"60154","realtor_list_price":394201.538,"realtor_list_price_yoy":0.0653,"realtor_list_price_base":0.5182,"realtor_active_listings":25.667,"realtor_active_listings_yoy":-0.2524,"realtor_active_listings_base":-0.6451,"realtor_new_listings":17.333,"realtor_new_listings_yoy":-0.1875,"realtor_new_listings_base":-0.5212,"realtor_days_on_market":29.385,"realtor_days_on_market_yoy":-0.0521,"realtor_days_on_market_base":-0.2868,"zhvi":371215.654,"zhvi_yoy":0.0731,"zhvi_base":0.5543,"zori":"NA","zori_yoy":"NA","zori_base":"NA"}},{"type":"MultiPolygon","arcs":[[[371,372,373,374]],[[375,376,377,378,379,380,-245]]],"properties":{"postal_code":"60004","realtor_list_price":503240.225,"realtor_list_price_yoy":0.1176,"realtor_list_price_base":0.3432,"realtor_active_listings":62.333,"realtor_active_listings_yoy":0.1198,"realtor_active_listings_base":-0.7753,"realtor_new_listings":53.333,"realtor_new_listings_yoy":0.0667,"realtor_new_listings_base":-0.3892,"realtor_days_on_market":27.575,"realtor_days_on_market_yoy":0.0509,"realtor_days_on_market_base":-0.3878,"zhvi":511417.529,"zhvi_yoy":0.0887,"zhvi_base":0.5081,"zori":2116.497,"zori_yoy":0.0204,"zori_base":"NA"}},{"type":"MultiPolygon","arcs":[[[381,382]],[[383,-272,384,385,386,387,388,389,390]],[[391,392]]],"properties":{"postal_code":"60441","realtor_list_price":399295.444,"realtor_list_price_yoy":0.03,"realtor_list_price_base":0.5459,"realtor_active_listings":53.667,"realtor_active_listings_yoy":-0.0417,"realtor_active_listings_base":-0.5598,"realtor_new_listings":48,"realtor_new_listings_yoy":0.0435,"realtor_new_listings_base":-0.1864,"realtor_days_on_market":28.694,"realtor_days_on_market_yoy":-0.174,"realtor_days_on_market_base":-0.3553,"zhvi":363894.091,"zhvi_yoy":0.0383,"zhvi_base":0.4929,"zori":2135.905,"zori_yoy":0.0206,"zori_base":"NA"}},{"type":"MultiPolygon","arcs":[[[393]],[[394,395,396]]],"properties":{"postal_code":"60012","realtor_list_price":535817.188,"realtor_list_price_yoy":-0.1293,"realtor_list_price_base":0.4637,"realtor_active_listings":33.333,"realtor_active_listings_yoy":0.4706,"realtor_active_listings_base":-0.6359,"realtor_new_listings":21.333,"realtor_new_listings_yoy":0.4545,"realtor_new_listings_base":-0.0009,"realtor_days_on_market":32.5,"realtor_days_on_market_yoy":0.0392,"realtor_days_on_market_base":-0.5368,"zhvi":492483.47,"zhvi_yoy":0.0574,"zhvi_base":0.7163,"zori":"NA","zori_yoy":"NA","zori_base":"NA"}},{"type":"MultiPolygon","arcs":[[[397,-326,398,-328,399,-333,400,401,402,403,404,-288,405,406],[407]]],"properties":{"postal_code":"60030","realtor_list_price":356647.581,"realtor_list_price_yoy":-0.0217,"realtor_list_price_base":0.5716,"realtor_active_listings":64.333,"realtor_active_listings_yoy":0.2614,"realtor_active_listings_base":-0.7422,"realtor_new_listings":41.333,"realtor_new_listings_yoy":-0.0462,"realtor_new_listings_base":-0.5116,"realtor_days_on_market":30.274,"realtor_days_on_market_yoy":-0.0466,"realtor_days_on_market_base":-0.4041,"zhvi":359874.103,"zhvi_yoy":0.0571,"zhvi_base":0.5881,"zori":2491.536,"zori_yoy":0.0767,"zori_base":"NA"}},{"type":"MultiPolygon","arcs":[[[408,409,410,411,412,413,414]]],"properties":{"postal_code":"60452","realtor_list_price":324482.143,"realtor_list_price_yoy":0.1154,"realtor_list_price_base":0.6293,"realtor_active_listings":34.667,"realtor_active_listings_yoy":-0.2676,"realtor_active_listings_base":-0.6811,"realtor_new_listings":28,"realtor_new_listings_yoy":-0.25,"realtor_new_listings_base":-0.4326,"realtor_days_on_market":28.667,"realtor_days_on_market_yoy":-0.1626,"realtor_days_on_market_base":-0.2964,"zhvi":304010.629,"zhvi_yoy":0.0609,"zhvi_base":0.6014,"zori":2070.556,"zori_yoy":"NA","zori_base":"NA"}},{"type":"MultiPolygon","arcs":[[[415,416,-38,417,-74,418,-409,419]]],"properties":{"postal_code":"60445","realtor_list_price":269666.176,"realtor_list_price_yoy":0.0589,"realtor_list_price_base":0.8059,"realtor_active_listings":22,"realtor_active_listings_yoy":-0.1429,"realtor_active_listings_base":-0.5735,"realtor_new_listings":11.333,"realtor_new_listings_yoy":-0.32,"realtor_new_listings_base":-0.5819,"realtor_days_on_market":36.235,"realtor_days_on_market_yoy":-0.1919,"realtor_days_on_market_base":-0.2464,"zhvi":235478.659,"zhvi_yoy":0.0397,"zhvi_base":0.5445,"zori":1511.111,"zori_yoy":"NA","zori_base":"NA"}},{"type":"MultiPolygon","arcs":[[[420,421,422]],[[423,424,425,426]]],"properties":{"postal_code":"60064","realtor_list_price":252717.857,"realtor_list_price_yoy":0.0077,"realtor_list_price_base":1.9667,"realtor_active_listings":10.667,"realtor_active_listings_yoy":-0.1111,"realtor_active_listings_base":-0.3657,"realtor_new_listings":9.333,"realtor_new_listings_yoy":-0.125,"realtor_new_listings_base":-0.2301,"realtor_days_on_market":33.429,"realtor_days_on_market_yoy":0.4574,"realtor_days_on_market_base":-0.0496,"zhvi":225871.297,"zhvi_yoy":0.0809,"zhvi_base":1.3069,"zori":"NA","zori_yoy":"NA","zori_base":"NA"}},{"type":"MultiPolygon","arcs":[[[427,428,429,430,431,432]]],"properties":{"postal_code":"60490","realtor_list_price":578017.571,"realtor_list_price_yoy":0.108,"realtor_list_price_base":0.8901,"realtor_active_listings":30,"realtor_active_listings_yoy":-0.4118,"realtor_active_listings_base":-0.66,"realtor_new_listings":18.667,"realtor_new_listings_yoy":-0.3333,"realtor_new_listings_base":-0.4681,"realtor_days_on_market":29.714,"realtor_days_on_market_yoy":0.0348,"realtor_days_on_market_base":-0.3358,"zhvi":498790.432,"zhvi_yoy":0.0285,"zhvi_base":0.5928,"zori":"NA","zori_yoy":"NA","zori_base":"NA"}},{"type":"MultiPolygon","arcs":[[[433]],[[434,435,436,437,438]]],"properties":{"postal_code":"46320","realtor_list_price":227125,"realtor_list_price_yoy":0.3061,"realtor_list_price_base":2.304,"realtor_active_listings":15.333,"realtor_active_listings_yoy":-0.4103,"realtor_active_listings_base":-0.148,"realtor_new_listings":5.333,"realtor_new_listings_yoy":-0.3333,"realtor_new_listings_base":-0.205,"realtor_days_on_market":65.25,"realtor_days_on_market_yoy":0.3138,"realtor_days_on_market_base":0.0592,"zhvi":148916.503,"zhvi_yoy":0.0254,"zhvi_base":1.4859,"zori":1315.758,"zori_yoy":0.0749,"zori_base":"NA"}},{"type":"MultiPolygon","arcs":[[[439,440,-96,-191,441,442,443]]],"properties":{"postal_code":"46347","realtor_list_price":502971.429,"realtor_list_price_yoy":0.5425,"realtor_list_price_base":1.3068,"realtor_active_listings":5.667,"realtor_active_listings_yoy":-0.5143,"realtor_active_listings_base":-0.6316,"realtor_new_listings":4.667,"realtor_new_listings_yoy":-0.4615,"realtor_new_listings_base":-0.2849,"realtor_days_on_market":38.714,"realtor_days_on_market_yoy":-0.0054,"realtor_days_on_market_base":-0.1461,"zhvi":317503.063,"zhvi_yoy":0.0379,"zhvi_base":0.6676,"zori":"NA","zori_yoy":"NA","zori_base":"NA"}},{"type":"MultiPolygon","arcs":[[[444,445,-433,446,447]]],"properties":{"postal_code":"60585","realtor_list_price":626938.776,"realtor_list_price_yoy":0.0191,"realtor_list_price_base":0.5597,"realtor_active_listings":76.333,"realtor_active_listings_yoy":0.1063,"realtor_active_listings_base":-0.5262,"realtor_new_listings":32.667,"realtor_new_listings_yoy":-0.2097,"realtor_new_listings_base":-0.3492,"realtor_days_on_market":36.122,"realtor_days_on_market_yoy":-0.0237,"realtor_days_on_market_base":-0.313,"zhvi":560651.316,"zhvi_yoy":0.0243,"zhvi_base":0.5663,"zori":"NA","zori_yoy":"NA","zori_base":"NA"}},{"type":"MultiPolygon","arcs":[[[448,449,450,451,452,453]]],"properties":{"postal_code":"60444","realtor_list_price":236450,"realtor_list_price_yoy":-0.2634,"realtor_list_price_base":0.5909,"realtor_active_listings":3.667,"realtor_active_listings_yoy":-0.1538,"realtor_active_listings_base":-0.493,"realtor_new_listings":1.333,"realtor_new_listings_yoy":-0.3333,"realtor_new_listings_base":-0.425,"realtor_days_on_market":59,"realtor_days_on_market_yoy":1.5652,"realtor_days_on_market_base":-0.0974,"zhvi":276107.303,"zhvi_yoy":0.0397,"zhvi_base":0.3968,"zori":"NA","zori_yoy":"NA","zori_base":"NA"}},{"type":"MultiPolygon","arcs":[[[454,455,456,457,458]]],"properties":{"postal_code":"60505","realtor_list_price":280540.152,"realtor_list_price_yoy":0.0594,"realtor_list_price_base":0.7989,"realtor_active_listings":21,"realtor_active_listings_yoy":0.0678,"realtor_active_listings_base":-0.6849,"realtor_new_listings":22,"realtor_new_listings_yoy":0.0645,"realtor_new_listings_base":-0.5163,"realtor_days_on_market":28.636,"realtor_days_on_market_yoy":-0.1051,"realtor_days_on_market_base":-0.3094,"zhvi":255778.671,"zhvi_yoy":0.0465,"zhvi_base":0.8563,"zori":1631,"zori_yoy":"NA","zori_base":"NA"}},{"type":"MultiPolygon","arcs":[[[459,460,461,-48,462]]],"properties":{"postal_code":"60415","realtor_list_price":228795.364,"realtor_list_price_yoy":-0.0822,"realtor_list_price_base":0.582,"realtor_active_listings":26.667,"realtor_active_listings_yoy":-0.1209,"realtor_active_listings_base":-0.1885,"realtor_new_listings":14.667,"realtor_new_listings_yoy":-0.2143,"realtor_new_listings_base":-0.1326,"realtor_days_on_market":50.682,"realtor_days_on_market_yoy":0.4782,"realtor_days_on_market_base":0.1369,"zhvi":250058.075,"zhvi_yoy":0.0344,"zhvi_base":0.5701,"zori":"NA","zori_yoy":"NA","zori_base":"NA"}},{"type":"MultiPolygon","arcs":[[[463,464,465,466,-436,467]]],"properties":{"postal_code":"46312","realtor_list_price":129218.75,"realtor_list_price_yoy":-0.3427,"realtor_list_price_base":1.1031,"realtor_active_listings":12.333,"realtor_active_listings_yoy":-0.4127,"realtor_active_listings_base":-0.402,"realtor_new_listings":5.333,"realtor_new_listings_yoy":-0.5,"realtor_new_listings_base":-0.3987,"realtor_days_on_market":58,"realtor_days_on_market_yoy":0.234,"realtor_days_on_market_base":-0.006,"zhvi":132004.019,"zhvi_yoy":-0.0474,"zhvi_base":1.1722,"zori":1052.659,"zori_yoy":0.0549,"zori_base":"NA"}},{"type":"MultiPolygon","arcs":[[[-59,-77,468,469,470]]],"properties":{"postal_code":"60013","realtor_list_price":409127.632,"realtor_list_price_yoy":0.0551,"realtor_list_price_base":0.3904,"realtor_active_listings":30.667,"realtor_active_listings_yoy":-0.3235,"realtor_active_listings_base":-0.7917,"realtor_new_listings":25.333,"realtor_new_listings_yoy":-0.2692,"realtor_new_listings_base":-0.5318,"realtor_days_on_market":28,"realtor_days_on_market_yoy":-0.0582,"realtor_days_on_market_base":-0.4661,"zhvi":385315.587,"zhvi_yoy":0.0543,"zhvi_base":0.6491,"zori":2575,"zori_yoy":"NA","zori_base":"NA"}},{"type":"MultiPolygon","arcs":[[[471,472,473,474,475,476,477,478,479,480,481]]],"properties":{"postal_code":"60007","realtor_list_price":413089.231,"realtor_list_price_yoy":0.0641,"realtor_list_price_base":0.4978,"realtor_active_listings":42.333,"realtor_active_listings_yoy":-0.0155,"realtor_active_listings_base":-0.6504,"realtor_new_listings":43.333,"realtor_new_listings_yoy":0.2037,"realtor_new_listings_base":-0.2127,"realtor_days_on_market":21.338,"realtor_days_on_market_yoy":-0.3133,"realtor_days_on_market_base":-0.4787,"zhvi":403502.543,"zhvi_yoy":0.0612,"zhvi_base":0.5542,"zori":1813.261,"zori_yoy":0.018,"zori_base":"NA"}},{"type":"MultiPolygon","arcs":[[[482,483,484,-346]]],"properties":{"postal_code":"60123","realtor_list_price":316383.036,"realtor_list_price_yoy":-0.0096,"realtor_list_price_base":0.6003,"realtor_active_listings":48.333,"realtor_active_listings_yoy":0.0507,"realtor_active_listings_base":-0.4896,"realtor_new_listings":37.333,"realtor_new_listings_yoy":-0.125,"realtor_new_listings_base":-0.4533,"realtor_days_on_market":28.232,"realtor_days_on_market_yoy":0.0408,"realtor_days_on_market_base":-0.2096,"zhvi":313840.49,"zhvi_yoy":0.0462,"zhvi_base":0.6775,"zori":1752.5,"zori_yoy":0.0338,"zori_base":"NA"}},{"type":"MultiPolygon","arcs":[[[485,486,487,-118,488,-451]]],"properties":{"postal_code":"60407","realtor_list_price":165000,"realtor_list_price_yoy":"NA","realtor_list_price_base":"NA","realtor_active_listings":2.333,"realtor_active_listings_yoy":-0.4167,"realtor_active_listings_base":-0.644,"realtor_new_listings":0.667,"realtor_new_listings_yoy":"Inf","realtor_new_listings_base":"NA","realtor_days_on_market":42,"realtor_days_on_market_yoy":"NA","realtor_days_on_market_base":"NA","zhvi":224418.435,"zhvi_yoy":0.0441,"zhvi_base":0.6464,"zori":"NA","zori_yoy":"NA","zori_base":"NA"}},{"type":"MultiPolygon","arcs":[[[489,-447,-432,490,491,492,493,494,-127],[495]]],"properties":{"postal_code":"60544","realtor_list_price":396133.181,"realtor_list_price_yoy":-0.026,"realtor_list_price_base":0.4107,"realtor_active_listings":65,"realtor_active_listings_yoy":0.0484,"realtor_active_listings_base":-0.39,"realtor_new_listings":48,"realtor_new_listings_yoy":-0.04,"realtor_new_listings_base":-0.2356,"realtor_days_on_market":32.403,"realtor_days_on_market_yoy":0.0534,"realtor_days_on_market_base":-0.126,"zhvi":391814.518,"zhvi_yoy":0.0154,"zhvi_base":0.507,"zori":2595,"zori_yoy":"NA","zori_base":"NA"}},{"type":"MultiPolygon","arcs":[[[496,-22,-125,497,498,499]]],"properties":{"postal_code":"60545","realtor_list_price":373258.333,"realtor_list_price_yoy":0.2022,"realtor_list_price_base":0.9613,"realtor_active_listings":21,"realtor_active_listings_yoy":0.4,"realtor_active_listings_base":-0.6362,"realtor_new_listings":16,"realtor_new_listings_yoy":0.1429,"realtor_new_listings_base":-0.4165,"realtor_days_on_market":32.667,"realtor_days_on_market_yoy":0.2968,"realtor_days_on_market_base":-0.328,"zhvi":310758.906,"zhvi_yoy":0.0387,"zhvi_base":0.6649,"zori":"NA","zori_yoy":"NA","zori_base":"NA"}},{"type":"MultiPolygon","arcs":[[[500,501,502,503,504,505]]],"properties":{"postal_code":"60555","realtor_list_price":391372,"realtor_list_price_yoy":0.0971,"realtor_list_price_base":0.3914,"realtor_active_listings":20.333,"realtor_active_listings_yoy":0.0517,"realtor_active_listings_base":-0.6347,"realtor_new_listings":16.667,"realtor_new_listings_yoy":-0.0385,"realtor_new_listings_base":-0.2964,"realtor_days_on_market":23.64,"realtor_days_on_market_yoy":-0.187,"realtor_days_on_market_base":-0.4072,"zhvi":357324.409,"zhvi_yoy":0.0375,"zhvi_base":0.5202,"zori":2259.124,"zori_yoy":0.0532,"zori_base":"NA"}},{"type":"MultiPolygon","arcs":[[[-479,506,507,508]]],"properties":{"postal_code":"60191","realtor_list_price":411340.909,"realtor_list_price_yoy":0.2037,"realtor_list_price_base":0.5433,"realtor_active_listings":30.333,"realtor_active_listings_yoy":0.6852,"realtor_active_listings_base":-0.5363,"realtor_new_listings":14.667,"realtor_new_listings_yoy":0.1,"realtor_new_listings_base":-0.4336,"realtor_days_on_market":26,"realtor_days_on_market_yoy":-0.2818,"realtor_days_on_market_base":-0.4374,"zhvi":363139.602,"zhvi_yoy":0.0415,"zhvi_base":0.4595,"zori":"NA","zori_yoy":"NA","zori_base":"NA"}},{"type":"MultiPolygon","arcs":[[[-507,-478,509,-280,510,511]]],"properties":{"postal_code":"60106","realtor_list_price":399980.263,"realtor_list_price_yoy":-0.005,"realtor_list_price_base":0.5071,"realtor_active_listings":15.667,"realtor_active_listings_yoy":-0.1455,"realtor_active_listings_base":-0.6133,"realtor_new_listings":12.667,"realtor_new_listings_yoy":-0.0952,"realtor_new_listings_base":-0.4258,"realtor_days_on_market":31.895,"realtor_days_on_market_yoy":0.143,"realtor_days_on_market_base":-0.2001,"zhvi":353041.921,"zhvi_yoy":0.0463,"zhvi_base":0.5017,"zori":1792.833,"zori_yoy":"NA","zori_base":"NA"}},{"type":"MultiPolygon","arcs":[[[-225,512,513,514,-228,515]]],"properties":{"postal_code":"60184","realtor_list_price":1793000,"realtor_list_price_yoy":-0.2473,"realtor_list_price_base":1.6644,"realtor_active_listings":5.667,"realtor_active_listings_yoy":-0.0556,"realtor_active_listings_base":-0.8984,"realtor_new_listings":1.333,"realtor_new_listings_yoy":-0.3333,"realtor_new_listings_base":-0.8058,"realtor_days_on_market":44,"realtor_days_on_market_yoy":-0.3016,"realtor_days_on_market_base":-0.4955,"zhvi":806162.154,"zhvi_yoy":0.0773,"zhvi_base":0.6019,"zori":"NA","zori_yoy":"NA","zori_base":"NA"}},{"type":"MultiPolygon","arcs":[[[516,517,518,519,520,-161,-86,-91]]],"properties":{"postal_code":"60302","realtor_list_price":353884.483,"realtor_list_price_yoy":-0.1501,"realtor_list_price_base":-0.19,"realtor_active_listings":54,"realtor_active_listings_yoy":0.0385,"realtor_active_listings_base":-0.7584,"realtor_new_listings":38.667,"realtor_new_listings_yoy":-0.1594,"realtor_new_listings_base":-0.3649,"realtor_days_on_market":29.948,"realtor_days_on_market_yoy":0.0668,"realtor_days_on_market_base":-0.4243,"zhvi":471887.426,"zhvi_yoy":0.1068,"zhvi_base":0.331,"zori":1853.388,"zori_yoy":0.0513,"zori_base":0.3902}},{"type":"MultiPolygon","arcs":[[[521,-55,522,523,524,525]],[[526,527]],[[528,529]]],"properties":{"postal_code":"60430","realtor_list_price":247063.158,"realtor_list_price_yoy":-0.0554,"realtor_list_price_base":0.4978,"realtor_active_listings":60.333,"realtor_active_listings_yoy":0.071,"realtor_active_listings_base":-0.2995,"realtor_new_listings":25.333,"realtor_new_listings_yoy":-0.2083,"realtor_new_listings_base":-0.4318,"realtor_days_on_market":45.263,"realtor_days_on_market_yoy":0.2192,"realtor_days_on_market_base":-0.001,"zhvi":254004.54,"zhvi_yoy":0.0559,"zhvi_base":0.698,"zori":1910.333,"zori_yoy":"NA","zori_base":"NA"}},{"type":"MultiPolygon","arcs":[[[530,531,532,533,534]]],"properties":{"postal_code":"60111","realtor_list_price":"NA","realtor_list_price_yoy":"NA","realtor_list_price_base":"NA","realtor_active_listings":3.667,"realtor_active_listings_yoy":1.2,"realtor_active_listings_base":0.7089,"realtor_new_listings":0,"realtor_new_listings_yoy":"NaN","realtor_new_listings_base":"NA","realtor_days_on_market":"NA","realtor_days_on_market_yoy":"NA","realtor_days_on_market_base":"NA","zhvi":435775.377,"zhvi_yoy":0.1166,"zhvi_base":"NA","zori":"NA","zori_yoy":"NA","zori_base":"NA"}},{"type":"MultiPolygon","arcs":[[[535,-303,536,-294,537,-292,538]]],"properties":{"postal_code":"60484","realtor_list_price":201250,"realtor_list_price_yoy":-0.0752,"realtor_list_price_base":1.3267,"realtor_active_listings":13.333,"realtor_active_listings_yoy":-0.2857,"realtor_active_listings_base":-0.5173,"realtor_new_listings":4.667,"realtor_new_listings_yoy":-0.4167,"realtor_new_listings_base":-0.5305,"realtor_days_on_market":37.857,"realtor_days_on_market_yoy":-0.1945,"realtor_days_on_market_base":-0.2967,"zhvi":197591.245,"zhvi_yoy":0.0268,"zhvi_base":0.7321,"zori":1845.75,"zori_yoy":"NA","zori_base":"NA"}},{"type":"MultiPolygon","arcs":[[[539,540]],[[541,542,-68,543,544,-483,-345,-149,545]]],"properties":{"postal_code":"60118","realtor_list_price":429089.531,"realtor_list_price_yoy":-0.0936,"realtor_list_price_base":0.3243,"realtor_active_listings":28,"realtor_active_listings_yoy":-0.2364,"realtor_active_listings_base":-0.6934,"realtor_new_listings":21.333,"realtor_new_listings_yoy":-0.0857,"realtor_new_listings_base":-0.3057,"realtor_days_on_market":26.094,"realtor_days_on_market_yoy":-0.0812,"realtor_days_on_market_base":-0.4936,"zhvi":420083.36,"zhvi_yoy":0.0443,"zhvi_base":0.6353,"zori":2336.472,"zori_yoy":0.0366,"zori_base":"NA"}},{"type":"MultiPolygon","arcs":[[[546,547,548,549,550,-336,551,-502]]],"properties":{"postal_code":"60189","realtor_list_price":437161.094,"realtor_list_price_yoy":-0.1962,"realtor_list_price_base":-0.0635,"realtor_active_listings":37,"realtor_active_listings_yoy":0.2759,"realtor_active_listings_base":-0.7564,"realtor_new_listings":35.333,"realtor_new_listings_yoy":0.5143,"realtor_new_listings_base":-0.3781,"realtor_days_on_market":23.585,"realtor_days_on_market_yoy":-0.1171,"realtor_days_on_market_base":-0.4923,"zhvi":525582.827,"zhvi_yoy":0.0503,"zhvi_base":0.5114,"zori":2332.052,"zori_yoy":0.0302,"zori_base":"NA"}},{"type":"MultiPolygon","arcs":[[[552,553,554,555,556]]],"properties":{"postal_code":"60637","realtor_list_price":284537.5,"realtor_list_price_yoy":0.1389,"realtor_list_price_base":0.7005,"realtor_active_listings":85.333,"realtor_active_listings_yoy":-0.1821,"realtor_active_listings_base":-0.1417,"realtor_new_listings":26.667,"realtor_new_listings_yoy":-0.3333,"realtor_new_listings_base":-0.2007,"realtor_days_on_market":42.15,"realtor_days_on_market_yoy":-0.153,"realtor_days_on_market_base":-0.2863,"zhvi":243685.858,"zhvi_yoy":0.0249,"zhvi_base":0.1946,"zori":1826.131,"zori_yoy":0.0656,"zori_base":0.5016}},{"type":"MultiPolygon","arcs":[[[-379,557,558,559,560,561,-475,562,563],[564]]],"properties":{"postal_code":"60056","realtor_list_price":489521.233,"realtor_list_price_yoy":0.1145,"realtor_list_price_base":0.5055,"realtor_active_listings":61.333,"realtor_active_listings_yoy":-0.1321,"realtor_active_listings_base":-0.7297,"realtor_new_listings":48.667,"realtor_new_listings_yoy":-0.0641,"realtor_new_listings_base":-0.4548,"realtor_days_on_market":27.438,"realtor_days_on_market_yoy":-0.0174,"realtor_days_on_market_base":-0.3143,"zhvi":454118.329,"zhvi_yoy":0.0744,"zhvi_base":0.4871,"zori":1762.715,"zori_yoy":0.0033,"zori_base":"NA"}},{"type":"MultiPolygon","arcs":[[[-551,565,566,567,568,569,-337]]],"properties":{"postal_code":"60515","realtor_list_price":600548.98,"realtor_list_price_yoy":0.189,"realtor_list_price_base":0.3313,"realtor_active_listings":50,"realtor_active_listings_yoy":-0.1071,"realtor_active_listings_base":-0.7511,"realtor_new_listings":32.667,"realtor_new_listings_yoy":-0.02,"realtor_new_listings_base":-0.444,"realtor_days_on_market":28.429,"realtor_days_on_market_yoy":-0.0888,"realtor_days_on_market_base":-0.4183,"zhvi":513818.194,"zhvi_yoy":0.0605,"zhvi_base":0.4661,"zori":2284.019,"zori_yoy":0.0407,"zori_base":"NA"}},{"type":"MultiPolygon","arcs":[[[570,-230,571,572,-249]]],"properties":{"postal_code":"60134","realtor_list_price":584136.492,"realtor_list_price_yoy":0.0332,"realtor_list_price_base":0.4035,"realtor_active_listings":48.333,"realtor_active_listings_yoy":0.0821,"realtor_active_listings_base":-0.7546,"realtor_new_listings":42,"realtor_new_listings_yoy":0.1455,"realtor_new_listings_base":-0.3557,"realtor_days_on_market":29.714,"realtor_days_on_market_yoy":-0.0645,"realtor_days_on_market_base":-0.3948,"zhvi":552929.239,"zhvi_yoy":0.0691,"zhvi_base":0.6355,"zori":2158.333,"zori_yoy":0.0517,"zori_base":"NA"}},{"type":"MultiPolygon","arcs":[[[573,574,575,-406,-291,-241,-63,-62,576],[-57]]],"properties":{"postal_code":"60084","realtor_list_price":426000,"realtor_list_price_yoy":-0.0825,"realtor_list_price_base":0.434,"realtor_active_listings":35,"realtor_active_listings_yoy":0.1413,"realtor_active_listings_base":-0.6532,"realtor_new_listings":26,"realtor_new_listings_yoy":0.5,"realtor_new_listings_base":-0.0909,"realtor_days_on_market":26.282,"realtor_days_on_market_yoy":-0.318,"realtor_days_on_market_base":-0.5063,"zhvi":367311.595,"zhvi_yoy":0.0596,"zhvi_base":0.6083,"zori":"NA","zori_yoy":"NA","zori_base":"NA"}},{"type":"MultiPolygon","arcs":[[[577,-39,-417,578]]],"properties":{"postal_code":"60418","realtor_list_price":257876,"realtor_list_price_yoy":0.3128,"realtor_list_price_base":0.8533,"realtor_active_listings":25,"realtor_active_listings_yoy":0.1029,"realtor_active_listings_base":-0.3608,"realtor_new_listings":16.667,"realtor_new_listings_yoy":-0.0385,"realtor_new_listings_base":-0.2685,"realtor_days_on_market":32.92,"realtor_days_on_market_yoy":0.2737,"realtor_days_on_market_base":-0.1669,"zhvi":186572.028,"zhvi_yoy":-0.0243,"zhvi_base":0.1447,"zori":"NA","zori_yoy":"NA","zori_base":"NA"}},{"type":"MultiPolygon","arcs":[[[579,-524,580,581,582,583,-297,584,585,-115]]],"properties":{"postal_code":"60411","realtor_list_price":201114.286,"realtor_list_price_yoy":-0.087,"realtor_list_price_base":1.1928,"realtor_active_listings":127,"realtor_active_listings_yoy":-0.114,"realtor_active_listings_base":-0.1925,"realtor_new_listings":46.667,"realtor_new_listings_yoy":-0.186,"realtor_new_listings_base":-0.3562,"realtor_days_on_market":54.486,"realtor_days_on_market_yoy":0.057,"realtor_days_on_market_base":-0.056,"zhvi":182677.439,"zhvi_yoy":0.0247,"zhvi_base":0.9459,"zori":1619.444,"zori_yoy":-0.0286,"zori_base":"NA"}},{"type":"MultiPolygon","arcs":[[[586,-160,587,-397,588,589,590,591,592]]],"properties":{"postal_code":"60098","realtor_list_price":426252.364,"realtor_list_price_yoy":-0.0374,"realtor_list_price_base":0.6472,"realtor_active_listings":53.667,"realtor_active_listings_yoy":-0.195,"realtor_active_listings_base":-0.7261,"realtor_new_listings":36.667,"realtor_new_listings_yoy":0.0185,"realtor_new_listings_base":-0.3722,"realtor_days_on_market":31.073,"realtor_days_on_market_yoy":-0.2119,"realtor_days_on_market_base":-0.5009,"zhvi":341557.617,"zhvi_yoy":0.0413,"zhvi_base":0.6856,"zori":1373.056,"zori_yoy":0.0371,"zori_base":"NA"}},{"type":"MultiPolygon","arcs":[[[593,594,595,-463,-47,-232,-9,596]]],"properties":{"postal_code":"60455","realtor_list_price":341340.8,"realtor_list_price_yoy":0.0392,"realtor_list_price_base":0.4865,"realtor_active_listings":23,"realtor_active_listings_yoy":-0.0143,"realtor_active_listings_base":-0.505,"realtor_new_listings":13.333,"realtor_new_listings_yoy":-0.1304,"realtor_new_listings_base":-0.0338,"realtor_days_on_market":36.5,"realtor_days_on_market_yoy":0.0586,"realtor_days_on_market_base":-0.3027,"zhvi":319878.277,"zhvi_yoy":0.0525,"zhvi_base":0.5852,"zori":"NA","zori_yoy":"NA","zori_base":"NA"}},{"type":"MultiPolygon","arcs":[[[597,598,599,600,601,602,-331]]],"properties":{"postal_code":"60083","realtor_list_price":495400,"realtor_list_price_yoy":0.0111,"realtor_list_price_base":0.6008,"realtor_active_listings":24,"realtor_active_listings_yoy":0.0746,"realtor_active_listings_base":-0.6925,"realtor_new_listings":10.667,"realtor_new_listings_yoy":-0.2381,"realtor_new_listings_base":-0.5051,"realtor_days_on_market":37.375,"realtor_days_on_market_yoy":0.1475,"realtor_days_on_market_base":-0.3705,"zhvi":392395.113,"zhvi_yoy":0.061,"zhvi_base":0.618,"zori":"NA","zori_yoy":"NA","zori_base":"NA"}},{"type":"MultiPolygon","arcs":[[[603,604,605,606]]],"properties":{"postal_code":"60068","realtor_list_price":704122.881,"realtor_list_price_yoy":0.1873,"realtor_list_price_base":0.4073,"realtor_active_listings":60.333,"realtor_active_listings_yoy":0.0462,"realtor_active_listings_base":-0.7704,"realtor_new_listings":39.333,"realtor_new_listings_yoy":0.0926,"realtor_new_listings_base":-0.4653,"realtor_days_on_market":30.61,"realtor_days_on_market_yoy":-0.05,"realtor_days_on_market_base":-0.2329,"zhvi":598330.248,"zhvi_yoy":0.0938,"zhvi_base":0.456,"zori":2545.262,"zori_yoy":"NA","zori_base":"NA"}},{"type":"MultiPolygon","arcs":[[[607,608]],[[609,610,-117,611,612,613,614]]],"properties":{"postal_code":"60443","realtor_list_price":272470,"realtor_list_price_yoy":-0.0155,"realtor_list_price_base":0.5999,"realtor_active_listings":50,"realtor_active_listings_yoy":-0.2021,"realtor_active_listings_base":-0.4033,"realtor_new_listings":20,"realtor_new_listings_yoy":-0.1176,"realtor_new_listings_base":-0.5506,"realtor_days_on_market":48.533,"realtor_days_on_market_yoy":-0.0095,"realtor_days_on_market_base":-0.0694,"zhvi":274961.167,"zhvi_yoy":0.0469,"zhvi_base":0.5893,"zori":2546.042,"zori_yoy":"NA","zori_base":"NA"}},{"type":"MultiPolygon","arcs":[[[615,616,-609,617,-613]]],"properties":{"postal_code":"60471","realtor_list_price":274552.941,"realtor_list_price_yoy":0.1259,"realtor_list_price_base":1.3247,"realtor_active_listings":26.667,"realtor_active_listings_yoy":-0.4326,"realtor_active_listings_base":-0.3996,"realtor_new_listings":11.333,"realtor_new_listings_yoy":-0.4138,"realtor_new_listings_base":-0.492,"realtor_days_on_market":59.059,"realtor_days_on_market_yoy":0.5613,"realtor_days_on_market_base":0.0536,"zhvi":229677.2,"zhvi_yoy":0.0738,"zhvi_base":0.8872,"zori":"NA","zori_yoy":"NA","zori_base":"NA"}},{"type":"MultiPolygon","arcs":[[[618,619],[620],[621]]],"properties":{"postal_code":"60026","realtor_list_price":879632.143,"realtor_list_price_yoy":-0.0638,"realtor_list_price_base":0.3208,"realtor_active_listings":14.667,"realtor_active_listings_yoy":-0.2281,"realtor_active_listings_base":-0.8408,"realtor_new_listings":9.333,"realtor_new_listings_yoy":-0.1765,"realtor_new_listings_base":-0.5464,"realtor_days_on_market":30.286,"realtor_days_on_market_yoy":-0.1518,"realtor_days_on_market_base":-0.4237,"zhvi":824753.479,"zhvi_yoy":0.0808,"zhvi_base":0.3456,"zori":"NA","zori_yoy":"NA","zori_base":"NA"}},{"type":"MultiPolygon","arcs":[[[-498,-132,622,-130,623,624,625,626,627,628]]],"properties":{"postal_code":"60541","realtor_list_price":699750,"realtor_list_price_yoy":0.2615,"realtor_list_price_base":1.2897,"realtor_active_listings":2.333,"realtor_active_listings_yoy":-0.6316,"realtor_active_listings_base":-0.8509,"realtor_new_listings":0.667,"realtor_new_listings_yoy":-0.75,"realtor_new_listings_base":-0.859,"realtor_days_on_market":74,"realtor_days_on_market_yoy":0.0725,"realtor_days_on_market_base":0.1181,"zhvi":404584.906,"zhvi_yoy":0.0507,"zhvi_base":0.6123,"zori":"NA","zori_yoy":"NA","zori_base":"NA"}},{"type":"MultiPolygon","arcs":[[[629,630,631,632,633]]],"properties":{"postal_code":"60433","realtor_list_price":224300,"realtor_list_price_yoy":-0.0412,"realtor_list_price_base":0.8473,"realtor_active_listings":15.667,"realtor_active_listings_yoy":-0.0208,"realtor_active_listings_base":-0.4745,"realtor_new_listings":13.333,"realtor_new_listings_yoy":0.0526,"realtor_new_listings_base":-0.3914,"realtor_days_on_market":39.6,"realtor_days_on_market_yoy":0.172,"realtor_days_on_market_base":0.0266,"zhvi":215673.439,"zhvi_yoy":-0.0315,"zhvi_base":0.6594,"zori":1395,"zori_yoy":"NA","zori_base":"NA"}},{"type":"MultiPolygon","arcs":[[[634,635,636,-45,637,638,-594]]],"properties":{"postal_code":"60638","realtor_list_price":380021.212,"realtor_list_price_yoy":0.0796,"realtor_list_price_base":0.5091,"realtor_active_listings":59,"realtor_active_listings_yoy":-0.0684,"realtor_active_listings_base":-0.6615,"realtor_new_listings":44,"realtor_new_listings_yoy":0.1579,"realtor_new_listings_base":-0.4976,"realtor_days_on_market":32.091,"realtor_days_on_market_yoy":-0.0139,"realtor_days_on_market_base":-0.133,"zhvi":329692.456,"zhvi_yoy":0.0579,"zhvi_base":0.5271,"zori":1513.968,"zori_yoy":0.0185,"zori_base":"NA"}},{"type":"MultiPolygon","arcs":[[[639,-469,-78,-70,640,-541,641,-542,642]]],"properties":{"postal_code":"60102","realtor_list_price":485458.654,"realtor_list_price_yoy":0.0806,"realtor_list_price_base":0.6347,"realtor_active_listings":47.667,"realtor_active_listings_yoy":-0.1488,"realtor_active_listings_base":-0.7192,"realtor_new_listings":34.667,"realtor_new_listings_yoy":-0.1034,"realtor_new_listings_base":-0.4687,"realtor_days_on_market":29.346,"realtor_days_on_market_yoy":0.1139,"realtor_days_on_market_base":-0.3804,"zhvi":419797.997,"zhvi_yoy":0.0437,"zhvi_base":0.6399,"zori":2349.9,"zori_yoy":"NA","zori_base":"NA"}},{"type":"MultiPolygon","arcs":[[[643,644,645,646,647,648]]],"properties":{"postal_code":"60641","realtor_list_price":502793.902,"realtor_list_price_yoy":0.0467,"realtor_list_price_base":0.5033,"realtor_active_listings":41,"realtor_active_listings_yoy":-0.2215,"realtor_active_listings_base":-0.7086,"realtor_new_listings":27.333,"realtor_new_listings_yoy":-0.3492,"realtor_new_listings_base":-0.5262,"realtor_days_on_market":28.415,"realtor_days_on_market_yoy":0.1839,"realtor_days_on_market_base":-0.2806,"zhvi":420581.843,"zhvi_yoy":0.0702,"zhvi_base":0.4789,"zori":1857.407,"zori_yoy":0.0524,"zori_base":0.5233}},{"type":"MultiPolygon","arcs":[[[649,650,651,652,653,-605,654]]],"properties":{"postal_code":"60714","realtor_list_price":441048.78,"realtor_list_price_yoy":0.1837,"realtor_list_price_base":0.3351,"realtor_active_listings":29.333,"realtor_active_listings_yoy":-0.2542,"realtor_active_listings_base":-0.7517,"realtor_new_listings":27.333,"realtor_new_listings_yoy":-0.18,"realtor_new_listings_base":-0.4716,"realtor_days_on_market":24.341,"realtor_days_on_market_yoy":-0.2756,"realtor_days_on_market_base":-0.362,"zhvi":419569.057,"zhvi_yoy":0.0793,"zhvi_base":0.5039,"zori":2330.833,"zori_yoy":0.171,"zori_base":"NA"}},{"type":"MultiPolygon","arcs":[[[655,656,657,-277]]],"properties":{"postal_code":"60171","realtor_list_price":337560,"realtor_list_price_yoy":-0.1111,"realtor_list_price_base":0.4227,"realtor_active_listings":16.333,"realtor_active_listings_yoy":-0.1695,"realtor_active_listings_base":-0.5175,"realtor_new_listings":6.667,"realtor_new_listings_yoy":-0.5652,"realtor_new_listings_base":-0.4293,"realtor_days_on_market":32,"realtor_days_on_market_yoy":0.0985,"realtor_days_on_market_base":-0.2855,"zhvi":325900.352,"zhvi_yoy":0.0747,"zhvi_base":0.5904,"zori":1888.389,"zori_yoy":"NA","zori_base":"NA"}},{"type":"MultiPolygon","arcs":[[[658,-177,659,660]]],"properties":{"postal_code":"46376","realtor_list_price":"NA","realtor_list_price_yoy":"NA","realtor_list_price_base":"NA","realtor_active_listings":0.667,"realtor_active_listings_yoy":-0.6667,"realtor_active_listings_base":-0.8622,"realtor_new_listings":0,"realtor_new_listings_yoy":"NaN","realtor_new_listings_base":-1,"realtor_days_on_market":"NA","realtor_days_on_market_yoy":"NA","realtor_days_on_market_base":"NA","zhvi":180317.216,"zhvi_yoy":0.0054,"zhvi_base":0.8744,"zori":"NA","zori_yoy":"NA","zori_base":"NA"}},{"type":"MultiPolygon","arcs":[[[661,662,663,664,665,666,-145,-363,667]]],"properties":{"postal_code":"60827","realtor_list_price":164341.071,"realtor_list_price_yoy":0.1459,"realtor_list_price_base":1.9135,"realtor_active_listings":59.333,"realtor_active_listings_yoy":-0.1643,"realtor_active_listings_base":-0.1684,"realtor_new_listings":18.667,"realtor_new_listings_yoy":0.12,"realtor_new_listings_base":-0.2664,"realtor_days_on_market":54.321,"realtor_days_on_market_yoy":-0.1036,"realtor_days_on_market_base":-0.0986,"zhvi":135507.959,"zhvi_yoy":0.0837,"zhvi_base":1.1641,"zori":1396.722,"zori_yoy":0.0525,"zori_base":"NA"}},{"type":"MultiPolygon","arcs":[[[668,-108,669,670,-158]]],"properties":{"postal_code":"60072","realtor_list_price":1285362.5,"realtor_list_price_yoy":0.5395,"realtor_list_price_base":"NA","realtor_active_listings":1.333,"realtor_active_listings_yoy":-0.2,"realtor_active_listings_base":-0.8058,"realtor_new_listings":1.333,"realtor_new_listings_yoy":1,"realtor_new_listings_base":-0.2529,"realtor_days_on_market":36.5,"realtor_days_on_market_yoy":0.9211,"realtor_days_on_market_base":"NA","zhvi":511295.754,"zhvi_yoy":0.078,"zhvi_base":0.779,"zori":"NA","zori_yoy":"NA","zori_base":"NA"}},{"type":"MultiPolygon","arcs":[[[671,672,673,674,-430,675]]],"properties":{"postal_code":"60440","realtor_list_price":365903.191,"realtor_list_price_yoy":0.0191,"realtor_list_price_base":0.6194,"realtor_active_listings":60,"realtor_active_listings_yoy":-0.1469,"realtor_active_listings_base":-0.5028,"realtor_new_listings":62.667,"realtor_new_listings_yoy":0.0108,"realtor_new_listings_base":-0.2023,"realtor_days_on_market":26.894,"realtor_days_on_market_yoy":0.0297,"realtor_days_on_market_base":-0.3033,"zhvi":334363.808,"zhvi_yoy":0.0256,"zhvi_base":0.6142,"zori":2661.505,"zori_yoy":0.0636,"zori_base":"NA"}},{"type":"MultiPolygon","arcs":[[[-584,676,677,678,679,-298]]],"properties":{"postal_code":"46311","realtor_list_price":460277.782,"realtor_list_price_yoy":0.1131,"realtor_list_price_base":0.4807,"realtor_active_listings":73,"realtor_active_listings_yoy":0.2882,"realtor_active_listings_base":0.0036,"realtor_new_listings":36.667,"realtor_new_listings_yoy":0.2222,"realtor_new_listings_base":-0.0987,"realtor_days_on_market":43.382,"realtor_days_on_market_yoy":0.0285,"realtor_days_on_market_base":-0.0666,"zhvi":367647.6,"zhvi_yoy":0.0196,"zhvi_base":0.4777,"zori":"NA","zori_yoy":"NA","zori_base":"NA"}},{"type":"MultiPolygon","arcs":[[[680,681]],[[682,683]],[[684,-315]],[[-66,685,686,687,-313,688]]],"properties":{"postal_code":"60067","realtor_list_price":530959.507,"realtor_list_price_yoy":0.0109,"realtor_list_price_base":0.2352,"realtor_active_listings":70.333,"realtor_active_listings_yoy":-0.1059,"realtor_active_listings_base":-0.796,"realtor_new_listings":48.667,"realtor_new_listings_yoy":-0.1609,"realtor_new_listings_base":-0.4625,"realtor_days_on_market":26.055,"realtor_days_on_market_yoy":-0.2319,"realtor_days_on_market_base":-0.4974,"zhvi":491015.091,"zhvi_yoy":0.0715,"zhvi_base":0.4175,"zori":1882.56,"zori_yoy":0.0329,"zori_base":"NA"}},{"type":"MultiPolygon","arcs":[[[-632,689,690,691,692,693]]],"properties":{"postal_code":"60442","realtor_list_price":440993.818,"realtor_list_price_yoy":-0.0527,"realtor_list_price_base":0.5364,"realtor_active_listings":42,"realtor_active_listings_yoy":0.4651,"realtor_active_listings_base":-0.4439,"realtor_new_listings":14.667,"realtor_new_listings_yoy":-0.2143,"realtor_new_listings_base":-0.4274,"realtor_days_on_market":36.636,"realtor_days_on_market_yoy":0.0404,"realtor_days_on_market_base":-0.4525,"zhvi":398739.824,"zhvi_yoy":0.0352,"zhvi_base":0.5772,"zori":"NA","zori_yoy":"NA","zori_base":"NA"}},{"type":"MultiPolygon","arcs":[[[694,-154,695,696,697,698,-283]]],"properties":{"postal_code":"60035","realtor_list_price":866524.49,"realtor_list_price_yoy":-0.1815,"realtor_list_price_base":0.3167,"realtor_active_listings":50.667,"realtor_active_listings_yoy":-0.1412,"realtor_active_listings_base":-0.8621,"realtor_new_listings":32.667,"realtor_new_listings_yoy":0,"realtor_new_listings_base":-0.5231,"realtor_days_on_market":33.163,"realtor_days_on_market_yoy":-0.1226,"realtor_days_on_market_base":-0.5678,"zhvi":807454.885,"zhvi_yoy":0.0925,"zhvi_base":0.5697,"zori":2908.25,"zori_yoy":0.0642,"zori_base":"NA"}},{"type":"MultiPolygon","arcs":[[[699,700,-655,-604,701,-560]]],"properties":{"postal_code":"60016","realtor_list_price":335824.074,"realtor_list_price_yoy":0.0469,"realtor_list_price_base":0.2956,"realtor_active_listings":95.333,"realtor_active_listings_yoy":0.2328,"realtor_active_listings_base":-0.5728,"realtor_new_listings":72,"realtor_new_listings_yoy":0.0385,"realtor_new_listings_base":-0.3465,"realtor_days_on_market":30.352,"realtor_days_on_market_yoy":0.1346,"realtor_days_on_market_base":-0.2409,"zhvi":340426.199,"zhvi_yoy":0.0593,"zhvi_base":0.485,"zori":2035.293,"zori_yoy":0.0551,"zori_base":"NA"}},{"type":"MultiPolygon","arcs":[[[702,-614,-618,-608,-617,703,-539,-301,704,-692]]],"properties":{"postal_code":"60449","realtor_list_price":441549.812,"realtor_list_price_yoy":0.0955,"realtor_list_price_base":0.2706,"realtor_active_listings":28.667,"realtor_active_listings_yoy":0.0361,"realtor_active_listings_base":-0.5918,"realtor_new_listings":10.667,"realtor_new_listings_yoy":-0.2381,"realtor_new_listings_base":-0.3401,"realtor_days_on_market":38.812,"realtor_days_on_market_yoy":-0.0964,"realtor_days_on_market_base":-0.357,"zhvi":352713.062,"zhvi_yoy":0.0319,"zhvi_base":0.5741,"zori":"NA","zori_yoy":"NA","zori_base":"NA"}},{"type":"MultiPolygon","arcs":[[[-396,705,706,-60,-471,707,708,-589],[-394]]],"properties":{"postal_code":"60014","realtor_list_price":418039.062,"realtor_list_price_yoy":-0.0474,"realtor_list_price_base":0.4501,"realtor_active_listings":73.333,"realtor_active_listings_yoy":-0.0909,"realtor_active_listings_base":-0.71,"realtor_new_listings":53.333,"realtor_new_listings_yoy":0.0811,"realtor_new_listings_base":-0.46,"realtor_days_on_market":30.525,"realtor_days_on_market_yoy":-0.1378,"realtor_days_on_market_base":-0.4091,"zhvi":370424.92,"zhvi_yoy":0.0439,"zhvi_base":0.6663,"zori":1975.898,"zori_yoy":0.042,"zori_base":"NA"}},{"type":"MultiPolygon","arcs":[[[-585,-296,709]]],"properties":{"postal_code":"60475","realtor_list_price":234638,"realtor_list_price_yoy":-0.009,"realtor_list_price_base":1.2476,"realtor_active_listings":17.333,"realtor_active_listings_yoy":-0.35,"realtor_active_listings_base":-0.4722,"realtor_new_listings":6.667,"realtor_new_listings_yoy":-0.1667,"realtor_new_listings_base":-0.4629,"realtor_days_on_market":53.2,"realtor_days_on_market_yoy":0.1822,"realtor_days_on_market_base":0.0679,"zhvi":179895.174,"zhvi_yoy":-0.0184,"zhvi_base":0.5904,"zori":"NA","zori_yoy":"NA","zori_base":"NA"}},{"type":"MultiPolygon","arcs":[[[-258,710,711,-183]]],"properties":{"postal_code":"60513","realtor_list_price":429088.095,"realtor_list_price_yoy":0.0472,"realtor_list_price_base":0.5426,"realtor_active_listings":18,"realtor_active_listings_yoy":-0.2059,"realtor_active_listings_base":-0.7684,"realtor_new_listings":14,"realtor_new_listings_yoy":-0.3438,"realtor_new_listings_base":-0.6012,"realtor_days_on_market":25.095,"realtor_days_on_market_yoy":-0.1755,"realtor_days_on_market_base":-0.3734,"zhvi":362237.92,"zhvi_yoy":0.0813,"zhvi_base":0.518,"zori":2129.861,"zori_yoy":"NA","zori_base":"NA"}},{"type":"MultiPolygon","arcs":[[[-319,712,-317,713,714,715,716,717,718,719]]],"properties":{"postal_code":"60169","realtor_list_price":378235.5,"realtor_list_price_yoy":0.095,"realtor_list_price_base":0.495,"realtor_active_listings":49.667,"realtor_active_listings_yoy":0.3545,"realtor_active_listings_base":-0.4923,"realtor_new_listings":33.333,"realtor_new_listings_yoy":0.1628,"realtor_new_listings_base":-0.269,"realtor_days_on_market":28.68,"realtor_days_on_market_yoy":-0.0579,"realtor_days_on_market_base":-0.196,"zhvi":352101.294,"zhvi_yoy":0.0686,"zhvi_base":0.651,"zori":1988.986,"zori_yoy":0.039,"zori_base":"NA"}},{"type":"MultiPolygon","arcs":[[[-196,-142,720,721,722,-133,-136]]],"properties":{"postal_code":"60601","realtor_list_price":650583.333,"realtor_list_price_yoy":-0.1852,"realtor_list_price_base":-0.0261,"realtor_active_listings":88.667,"realtor_active_listings_yoy":-0.2378,"realtor_active_listings_base":-0.4601,"realtor_new_listings":26,"realtor_new_listings_yoy":-0.2642,"realtor_new_listings_base":-0.2598,"realtor_days_on_market":52.846,"realtor_days_on_market_yoy":-0.0179,"realtor_days_on_market_base":-0.1226,"zhvi":398465.736,"zhvi_yoy":-0.0095,"zhvi_base":-0.1505,"zori":3039.368,"zori_yoy":0.0337,"zori_base":0.2787}},{"type":"MultiPolygon","arcs":[[[723,724,725,726,727]]],"properties":{"postal_code":"60448","realtor_list_price":506715.426,"realtor_list_price_yoy":-0.1065,"realtor_list_price_base":0.3803,"realtor_active_listings":49.667,"realtor_active_listings_yoy":0.1203,"realtor_active_listings_base":-0.5578,"realtor_new_listings":31.333,"realtor_new_listings_yoy":0.093,"realtor_new_listings_base":-0.2673,"realtor_days_on_market":36.106,"realtor_days_on_market_yoy":0.054,"realtor_days_on_market_base":-0.2699,"zhvi":452571.42,"zhvi_yoy":0.0496,"zhvi_base":0.5748,"zori":"NA","zori_yoy":"NA","zori_base":"NA"}},{"type":"MultiPolygon","arcs":[[[-667,728,729,-439,730,731,732,-146]]],"properties":{"postal_code":"60409","realtor_list_price":172542.5,"realtor_list_price_yoy":-0.0457,"realtor_list_price_base":0.9088,"realtor_active_listings":123.667,"realtor_active_listings_yoy":-0.181,"realtor_active_listings_base":-0.1242,"realtor_new_listings":40,"realtor_new_listings_yoy":-0.1667,"realtor_new_listings_base":-0.2381,"realtor_days_on_market":56.383,"realtor_days_on_market_yoy":-0.0327,"realtor_days_on_market_base":-0.0688,"zhvi":158536.125,"zhvi_yoy":-0.022,"zhvi_base":0.8733,"zori":1571.528,"zori_yoy":0.0135,"zori_base":"NA"}},{"type":"MultiPolygon","arcs":[[[-129,733,734,735,736,737,-624]]],"properties":{"postal_code":"60447","realtor_list_price":399763.875,"realtor_list_price_yoy":-0.0055,"realtor_list_price_base":0.5617,"realtor_active_listings":37.333,"realtor_active_listings_yoy":0.3827,"realtor_active_listings_base":-0.2547,"realtor_new_listings":16,"realtor_new_listings_yoy":-0.2,"realtor_new_listings_base":-0.3602,"realtor_days_on_market":40.917,"realtor_days_on_market_yoy":0.3357,"realtor_days_on_market_base":-0.0216,"zhvi":373718.419,"zhvi_yoy":0.0373,"zhvi_base":0.617,"zori":"NA","zori_yoy":"NA","zori_base":"NA"}},{"type":"MultiPolygon","arcs":[[[738,739,740,-351,741,742]]],"properties":{"postal_code":"60612","realtor_list_price":385224.194,"realtor_list_price_yoy":-0.1832,"realtor_list_price_base":0.1124,"realtor_active_listings":41.333,"realtor_active_listings_yoy":-0.2,"realtor_active_listings_base":-0.5644,"realtor_new_listings":20.667,"realtor_new_listings_yoy":0.0333,"realtor_new_listings_base":-0.4576,"realtor_days_on_market":28.581,"realtor_days_on_market_yoy":-0.1069,"realtor_days_on_market_base":-0.2708,"zhvi":375936.264,"zhvi_yoy":0.0563,"zhvi_base":0.1231,"zori":2410.93,"zori_yoy":0.0468,"zori_base":0.5009}},{"type":"MultiPolygon","arcs":[[[-205,743,744,-356,745,746]]],"properties":{"postal_code":"60645","realtor_list_price":320500,"realtor_list_price_yoy":0.3384,"realtor_list_price_base":0.4595,"realtor_active_listings":42,"realtor_active_listings_yoy":-0.1429,"realtor_active_listings_base":-0.6452,"realtor_new_listings":26.667,"realtor_new_listings_yoy":-0.0476,"realtor_new_listings_base":-0.4864,"realtor_days_on_market":30.725,"realtor_days_on_market_yoy":-0.0187,"realtor_days_on_market_base":-0.2612,"zhvi":317088.39,"zhvi_yoy":0.0603,"zhvi_base":0.2677,"zori":1876.861,"zori_yoy":0.0586,"zori_base":0.5272}},{"type":"MultiPolygon","arcs":[[[747,-156,-587,748]]],"properties":{"postal_code":"60034","realtor_list_price":"NA","realtor_list_price_yoy":"NA","realtor_list_price_base":"NA","realtor_active_listings":3,"realtor_active_listings_yoy":0.5,"realtor_active_listings_base":-0.7967,"realtor_new_listings":0,"realtor_new_listings_yoy":-1,"realtor_new_listings_base":-1,"realtor_days_on_market":"NA","realtor_days_on_market_yoy":"NA","realtor_days_on_market_base":"NA","zhvi":325773.764,"zhvi_yoy":0.0671,"zhvi_base":0.7127,"zori":"NA","zori_yoy":"NA","zori_base":"NA"}},{"type":"MultiPolygon","arcs":[[[-529,749,750,-365,751,-526,752,753]]],"properties":{"postal_code":"60429","realtor_list_price":195055.556,"realtor_list_price_yoy":-0.055,"realtor_list_price_base":0.9271,"realtor_active_listings":56,"realtor_active_listings_yoy":-0.2971,"realtor_active_listings_base":0.1261,"realtor_new_listings":24,"realtor_new_listings_yoy":-0.1,"realtor_new_listings_base":-0.0943,"realtor_days_on_market":54.444,"realtor_days_on_market_yoy":0.1696,"realtor_days_on_market_base":0.0993,"zhvi":187092.364,"zhvi_yoy":0.0434,"zhvi_base":0.7814,"zori":"NA","zori_yoy":"NA","zori_base":"NA"}},{"type":"MultiPolygon","arcs":[[[754]],[[755]],[[756]],[[757,-513,-224,758]],[[-545,759,-719,760,761,762,-484]]],"properties":{"postal_code":"60120","realtor_list_price":328892.553,"realtor_list_price_yoy":0.0897,"realtor_list_price_base":0.6893,"realtor_active_listings":34.667,"realtor_active_listings_yoy":-0.0877,"realtor_active_listings_base":-0.658,"realtor_new_listings":31.333,"realtor_new_listings_yoy":-0.2295,"realtor_new_listings_base":-0.4722,"realtor_days_on_market":24.532,"realtor_days_on_market_yoy":0.0152,"realtor_days_on_market_base":-0.4105,"zhvi":304448.769,"zhvi_yoy":0.0409,"zhvi_base":0.7016,"zori":1688.294,"zori_yoy":0.0471,"zori_base":"NA"}},{"type":"MultiPolygon","arcs":[[[763,764,765,766,767,768,769]]],"properties":{"postal_code":"60656","realtor_list_price":472522.727,"realtor_list_price_yoy":0.4228,"realtor_list_price_base":0.6399,"realtor_active_listings":23.667,"realtor_active_listings_yoy":-0.1932,"realtor_active_listings_base":-0.7169,"realtor_new_listings":14.667,"realtor_new_listings_yoy":-0.3889,"realtor_new_listings_base":-0.6247,"realtor_days_on_market":34.364,"realtor_days_on_market_yoy":0.1145,"realtor_days_on_market_base":-0.0793,"zhvi":394889.127,"zhvi_yoy":0.1018,"zhvi_base":0.5644,"zori":1639.808,"zori_yoy":-0.0178,"zori_base":"NA"}},{"type":"MultiPolygon","arcs":[[[770,-557,771,772,-261]]],"properties":{"postal_code":"60621","realtor_list_price":166291.667,"realtor_list_price_yoy":0.2793,"realtor_list_price_base":2.7151,"realtor_active_listings":33.333,"realtor_active_listings_yoy":-0.0476,"realtor_active_listings_base":-0.1937,"realtor_new_listings":12,"realtor_new_listings_yoy":-0.1429,"realtor_new_listings_base":0.0072,"realtor_days_on_market":43.222,"realtor_days_on_market_yoy":0.0052,"realtor_days_on_market_base":-0.4418,"zhvi":130122.75,"zhvi_yoy":0.0352,"zhvi_base":1.0636,"zori":1574.121,"zori_yoy":0.0634,"zori_base":"NA"}},{"type":"MultiPolygon","arcs":[[[-76,-323,-278,-658,773,-89,-28,774,-167,-324]]],"properties":{"postal_code":"60160","realtor_list_price":402700,"realtor_list_price_yoy":0.0074,"realtor_list_price_base":0.9521,"realtor_active_listings":9.667,"realtor_active_listings_yoy":-0.2368,"realtor_active_listings_base":-0.5642,"realtor_new_listings":6,"realtor_new_listings_yoy":-0.1,"realtor_new_listings_base":-0.5171,"realtor_days_on_market":16.556,"realtor_days_on_market_yoy":-0.6185,"realtor_days_on_market_base":-0.6448,"zhvi":330550.875,"zhvi_yoy":0.0535,"zhvi_base":0.4665,"zori":"NA","zori_yoy":"NA","zori_base":"NA"}},{"type":"MultiPolygon","arcs":[[[775,-454,776,777,778]]],"properties":{"postal_code":"60479","realtor_list_price":"NA","realtor_list_price_yoy":"NA","realtor_list_price_base":"NA","realtor_active_listings":"NA","realtor_active_listings_yoy":"NA","realtor_active_listings_base":"NA","realtor_new_listings":"NA","realtor_new_listings_yoy":"NA","realtor_new_listings_base":"NA","realtor_days_on_market":"NA","realtor_days_on_market_yoy":"NA","realtor_days_on_market_base":"NA","zhvi":364506.247,"zhvi_yoy":0.0693,"zhvi_base":"NA","zori":"NA","zori_yoy":"NA","zori_base":"NA"}},{"type":"MultiPolygon","arcs":[[[-480,-509,779,780,-305,781]]],"properties":{"postal_code":"60143","realtor_list_price":447772.222,"realtor_list_price_yoy":-0.1537,"realtor_list_price_base":0.2482,"realtor_active_listings":13.667,"realtor_active_listings_yoy":-0.2931,"realtor_active_listings_base":-0.75,"realtor_new_listings":6,"realtor_new_listings_yoy":-0.5,"realtor_new_listings_base":-0.696,"realtor_days_on_market":30.444,"realtor_days_on_market_yoy":-0.0774,"realtor_days_on_market_base":-0.4034,"zhvi":449388.183,"zhvi_yoy":0.0437,"zhvi_base":0.4041,"zori":2341.167,"zori_yoy":0.0328,"zori_base":"NA"}},{"type":"MultiPolygon","arcs":[[[782,783,-372,784]],[[785,-374,786,-377]]],"properties":{"postal_code":"60090","realtor_list_price":324541.964,"realtor_list_price_yoy":-0.0213,"realtor_list_price_base":0.3614,"realtor_active_listings":45,"realtor_active_listings_yoy":-0.1867,"realtor_active_listings_base":-0.6555,"realtor_new_listings":37.333,"realtor_new_listings_yoy":-0.0667,"realtor_new_listings_base":-0.2949,"realtor_days_on_market":26.25,"realtor_days_on_market_yoy":-0.101,"realtor_days_on_market_base":-0.3326,"zhvi":318340.623,"zhvi_yoy":0.0444,"zhvi_base":0.574,"zori":2095.157,"zori_yoy":0.001,"zori_base":"NA"}},{"type":"MultiPolygon","arcs":[[[-348,787,-226,-516,-231,-571,-248,788],[-155]]],"properties":{"postal_code":"60175","realtor_list_price":837461.628,"realtor_list_price_yoy":0.1574,"realtor_list_price_base":0.5161,"realtor_active_listings":47.667,"realtor_active_listings_yoy":0.1085,"realtor_active_listings_base":-0.8346,"realtor_new_listings":28.667,"realtor_new_listings_yoy":-0.0652,"realtor_new_listings_base":-0.4932,"realtor_days_on_market":30.116,"realtor_days_on_market_yoy":-0.085,"realtor_days_on_market_base":-0.5779,"zhvi":651176.182,"zhvi_yoy":0.0609,"zhvi_base":0.6404,"zori":"NA","zori_yoy":"NA","zori_base":"NA"}},{"type":"MultiPolygon","arcs":[[[-14,789,790]]],"properties":{"postal_code":"60518","realtor_list_price":256225,"realtor_list_price_yoy":-0.172,"realtor_list_price_base":"NA","realtor_active_listings":5.333,"realtor_active_listings_yoy":-0.2727,"realtor_active_listings_base":-0.7117,"realtor_new_listings":1.333,"realtor_new_listings_yoy":-0.3333,"realtor_new_listings_base":-0.7121,"realtor_days_on_market":121,"realtor_days_on_market_yoy":0.9105,"realtor_days_on_market_base":"NA","zhvi":252952.284,"zhvi_yoy":0.0528,"zhvi_base":0.7764,"zori":"NA","zori_yoy":"NA","zori_base":"NA"}},{"type":"MultiPolygon","arcs":[[[-639,791,792,793,-595]]],"properties":{"postal_code":"60459","realtor_list_price":358047.919,"realtor_list_price_yoy":0.0155,"realtor_list_price_base":0.5459,"realtor_active_listings":42.333,"realtor_active_listings_yoy":-0.1477,"realtor_active_listings_base":-0.5596,"realtor_new_listings":24.667,"realtor_new_listings_yoy":-0.1395,"realtor_new_listings_base":-0.4073,"realtor_days_on_market":25.676,"realtor_days_on_market_yoy":-0.1674,"realtor_days_on_market_base":-0.3341,"zhvi":316156.362,"zhvi_yoy":0.0618,"zhvi_base":0.6453,"zori":1944.167,"zori_yoy":"NA","zori_base":"NA"}},{"type":"MultiPolygon","arcs":[[[794,-341]],[[-344]],[[795,-505,796]],[[-503,-552,-343,797,798,799]]],"properties":{"postal_code":"60563","realtor_list_price":583830.357,"realtor_list_price_yoy":0.1551,"realtor_list_price_base":0.3716,"realtor_active_listings":71,"realtor_active_listings_yoy":0.2312,"realtor_active_listings_base":-0.5676,"realtor_new_listings":37.333,"realtor_new_listings_yoy":0.0769,"realtor_new_listings_base":-0.4075,"realtor_days_on_market":30.821,"realtor_days_on_market_yoy":0.0807,"realtor_days_on_market_base":-0.324,"zhvi":468741.241,"zhvi_yoy":0.0337,"zhvi_base":0.5153,"zori":2160.416,"zori_yoy":0.0292,"zori_base":"NA"}},{"type":"MultiPolygon","arcs":[[[800,801,802]],[[803,804,-306,-781,805,806,807,808,809,810]]],"properties":{"postal_code":"60108","realtor_list_price":477355.128,"realtor_list_price_yoy":-0.0093,"realtor_list_price_base":0.3554,"realtor_active_listings":38.333,"realtor_active_listings_yoy":0.8548,"realtor_active_listings_base":-0.6141,"realtor_new_listings":26,"realtor_new_listings_yoy":0.3448,"realtor_new_listings_base":-0.3719,"realtor_days_on_market":27.795,"realtor_days_on_market_yoy":0.0361,"realtor_days_on_market_base":-0.388,"zhvi":442069.464,"zhvi_yoy":0.0432,"zhvi_base":0.5398,"zori":"NA","zori_yoy":"NA","zori_base":"NA"}},{"type":"MultiPolygon","arcs":[[[811,812,813,814]]],"properties":{"postal_code":"60129","realtor_list_price":"NA","realtor_list_price_yoy":"NA","realtor_list_price_base":"NA","realtor_active_listings":1,"realtor_active_listings_yoy":-0.5,"realtor_active_listings_base":-0.3445,"realtor_new_listings":0,"realtor_new_listings_yoy":-1,"realtor_new_listings_base":-1,"realtor_days_on_market":"NA","realtor_days_on_market_yoy":"NA","realtor_days_on_market_base":"NA","zhvi":"NA","zhvi_yoy":"NA","zhvi_base":"NA","zori":"NA","zori_yoy":"NA","zori_base":"NA"}},{"type":"MultiPolygon","arcs":[[[815,-199,-123,-139,816,817,818,-352,-741]]],"properties":{"postal_code":"60607","realtor_list_price":582081.333,"realtor_list_price_yoy":0.0963,"realtor_list_price_base":0.1896,"realtor_active_listings":107.667,"realtor_active_listings_yoy":-0.1965,"realtor_active_listings_base":-0.433,"realtor_new_listings":50,"realtor_new_listings_yoy":-0.1176,"realtor_new_listings_base":-0.406,"realtor_days_on_market":39.813,"realtor_days_on_market_yoy":-0.0306,"realtor_days_on_market_base":0.1219,"zhvi":438590.366,"zhvi_yoy":0.0408,"zhvi_base":-0.1311,"zori":2983.787,"zori_yoy":0.0575,"zori_base":0.3366}},{"type":"MultiPolygon","arcs":[[[819,820,-349,-789,-247,821,822,823]]],"properties":{"postal_code":"60151","realtor_list_price":657675,"realtor_list_price_yoy":0.5981,"realtor_list_price_base":1.0737,"realtor_active_listings":7.667,"realtor_active_listings_yoy":1.5556,"realtor_active_listings_base":-0.697,"realtor_new_listings":2.667,"realtor_new_listings_yoy":0,"realtor_new_listings_base":-0.5802,"realtor_days_on_market":42,"realtor_days_on_market_yoy":-0.0118,"realtor_days_on_market_base":-0.412,"zhvi":412890.728,"zhvi_yoy":0.0479,"zhvi_base":0.5846,"zori":"NA","zori_yoy":"NA","zori_base":"NA"}},{"type":"MultiPolygon","arcs":[[[824,825]],[[826,827,-566,-550,828,829]]],"properties":{"postal_code":"60137","realtor_list_price":624755.769,"realtor_list_price_yoy":0.101,"realtor_list_price_base":0.2643,"realtor_active_listings":61.333,"realtor_active_listings_yoy":0.2778,"realtor_active_listings_base":-0.7635,"realtor_new_listings":43.333,"realtor_new_listings_yoy":0.2264,"realtor_new_listings_base":-0.4557,"realtor_days_on_market":29.585,"realtor_days_on_market_yoy":0.011,"realtor_days_on_market_base":-0.4255,"zhvi":571239.987,"zhvi_yoy":0.0641,"zhvi_base":0.511,"zori":2139.289,"zori_yoy":"NA","zori_base":"NA"}},{"type":"MultiPolygon","arcs":[[[830,831,-151,-350,-821,832,833,834,835,836,837]]],"properties":{"postal_code":"60140","realtor_list_price":420755.556,"realtor_list_price_yoy":0.012,"realtor_list_price_base":0.5128,"realtor_active_listings":56.667,"realtor_active_listings_yoy":-0.2827,"realtor_active_listings_base":-0.581,"realtor_new_listings":42,"realtor_new_listings_yoy":-0.25,"realtor_new_listings_base":-0.1934,"realtor_days_on_market":32.111,"realtor_days_on_market_yoy":-0.0241,"realtor_days_on_market_base":-0.2647,"zhvi":396230.511,"zhvi_yoy":0.0343,"zhvi_base":0.5856,"zori":2540.833,"zori_yoy":"NA","zori_base":"NA"}},{"type":"MultiPolygon","arcs":[[[-168,-775,-33,838,-369,839]]],"properties":{"postal_code":"60104","realtor_list_price":283912.941,"realtor_list_price_yoy":0.1274,"realtor_list_price_base":0.6616,"realtor_active_listings":17,"realtor_active_listings_yoy":-0.2609,"realtor_active_listings_base":-0.5807,"realtor_new_listings":11.333,"realtor_new_listings_yoy":-0.1905,"realtor_new_listings_base":-0.5489,"realtor_days_on_market":52.588,"realtor_days_on_market_yoy":0.4268,"realtor_days_on_market_base":0.0969,"zhvi":261189.365,"zhvi_yoy":0.0598,"zhvi_base":0.7453,"zori":"NA","zori_yoy":"NA","zori_base":"NA"}},{"type":"MultiPolygon","arcs":[[[840,841,-189,-85,-208,-215]]],"properties":{"postal_code":"46408","realtor_list_price":141799.107,"realtor_list_price_yoy":-0.0966,"realtor_list_price_base":1.8308,"realtor_active_listings":52.333,"realtor_active_listings_yoy":0.4673,"realtor_active_listings_base":0.3279,"realtor_new_listings":18.667,"realtor_new_listings_yoy":-0.0345,"realtor_new_listings_base":0.3595,"realtor_days_on_market":62.964,"realtor_days_on_market_yoy":0.3436,"realtor_days_on_market_base":0.1673,"zhvi":112879.242,"zhvi_yoy":-0.0295,"zhvi_base":0.9372,"zori":"NA","zori_yoy":"NA","zori_base":"NA"}},{"type":"MultiPolygon","arcs":[[[-485,-763,842,-759,-227,-788,-347]]],"properties":{"postal_code":"60177","realtor_list_price":407047.647,"realtor_list_price_yoy":-0.05,"realtor_list_price_base":0.3107,"realtor_active_listings":26.667,"realtor_active_listings_yoy":-0.1209,"realtor_active_listings_base":-0.7151,"realtor_new_listings":22.667,"realtor_new_listings_yoy":-0.0811,"realtor_new_listings_base":-0.4119,"realtor_days_on_market":29.118,"realtor_days_on_market_yoy":-0.0977,"realtor_days_on_market_base":-0.4384,"zhvi":376527.773,"zhvi_yoy":0.0483,"zhvi_base":0.603,"zori":2625,"zori_yoy":"NA","zori_base":"NA"}},{"type":"MultiPolygon","arcs":[[[-591,843,844]]],"properties":{"postal_code":"60180","realtor_list_price":317467,"realtor_list_price_yoy":0.9848,"realtor_list_price_base":-0.0196,"realtor_active_listings":2.333,"realtor_active_listings_yoy":0.4,"realtor_active_listings_base":-0.6274,"realtor_new_listings":0.667,"realtor_new_listings_yoy":-0.5,"realtor_new_listings_base":-0.7524,"realtor_days_on_market":10,"realtor_days_on_market_yoy":-0.5652,"realtor_days_on_market_base":-0.8542,"zhvi":431868.808,"zhvi_yoy":0.081,"zhvi_base":0.828,"zori":"NA","zori_yoy":"NA","zori_base":"NA"}},{"type":"MultiPolygon","arcs":[[[845,-190,-842,846]]],"properties":{"postal_code":"46404","realtor_list_price":129545.833,"realtor_list_price_yoy":-0.1013,"realtor_list_price_base":1.9709,"realtor_active_listings":36.333,"realtor_active_listings_yoy":-0.2044,"realtor_active_listings_base":-0.0117,"realtor_new_listings":16,"realtor_new_listings_yoy":-0.2258,"realtor_new_listings_base":0.1885,"realtor_days_on_market":54.75,"realtor_days_on_market_yoy":0.0224,"realtor_days_on_market_base":-0.1028,"zhvi":101322.051,"zhvi_yoy":0.0729,"zhvi_base":1.2653,"zori":1409.667,"zori_yoy":0.0491,"zori_base":"NA"}},{"type":"MultiPolygon","arcs":[[[847,848,-210,849,850,851,852,853]]],"properties":{"postal_code":"46307","realtor_list_price":397928.932,"realtor_list_price_yoy":0.0264,"realtor_list_price_base":0.4288,"realtor_active_listings":282,"realtor_active_listings_yoy":0.1899,"realtor_active_listings_base":-0.0247,"realtor_new_listings":117.333,"realtor_new_listings_yoy":0.0667,"realtor_new_listings_base":-0.2098,"realtor_days_on_market":50.045,"realtor_days_on_market_yoy":0.0677,"realtor_days_on_market_base":0.0356,"zhvi":360703.563,"zhvi_yoy":0.017,"zhvi_base":0.5277,"zori":1782.35,"zori_yoy":0.034,"zori_base":"NA"}},{"type":"MultiPolygon","arcs":[[[854,855,-486,-450,856]]],"properties":{"postal_code":"60416","realtor_list_price":347288.636,"realtor_list_price_yoy":-0.0478,"realtor_list_price_base":0.7404,"realtor_active_listings":15.667,"realtor_active_listings_yoy":0.175,"realtor_active_listings_base":-0.5314,"realtor_new_listings":7.333,"realtor_new_listings_yoy":0.1,"realtor_new_listings_base":-0.3864,"realtor_days_on_market":35.909,"realtor_days_on_market_yoy":0.1152,"realtor_days_on_market_base":-0.2838,"zhvi":295179.927,"zhvi_yoy":0.0404,"zhvi_base":0.4885,"zori":1300,"zori_yoy":"NA","zori_base":"NA"}},{"type":"MultiPolygon","arcs":[[[857,858,859,860,861,862,863]]],"properties":{"postal_code":"46310","realtor_list_price":366126.667,"realtor_list_price_yoy":0.0749,"realtor_list_price_base":0.7752,"realtor_active_listings":33,"realtor_active_listings_yoy":-0.01,"realtor_active_listings_base":-0.3805,"realtor_new_listings":20,"realtor_new_listings_yoy":0.3636,"realtor_new_listings_base":-0.084,"realtor_days_on_market":39.267,"realtor_days_on_market_yoy":-0.2125,"realtor_days_on_market_base":-0.2004,"zhvi":313620.551,"zhvi_yoy":0.0251,"zhvi_base":0.7251,"zori":"NA","zori_yoy":"NA","zori_base":"NA"}},{"type":"MultiPolygon","arcs":[[[-685,-314,-688,864,-684,865,-682,866,-472,867,868,-714,-316]]],"properties":{"postal_code":"60173","realtor_list_price":495300,"realtor_list_price_yoy":0.4615,"realtor_list_price_base":0.4698,"realtor_active_listings":18.333,"realtor_active_listings_yoy":0.0784,"realtor_active_listings_base":-0.4276,"realtor_new_listings":8.667,"realtor_new_listings_yoy":-0.1875,"realtor_new_listings_base":-0.295,"realtor_days_on_market":39.846,"realtor_days_on_market_yoy":0.255,"realtor_days_on_market_base":0.0253,"zhvi":376700.085,"zhvi_yoy":0.0305,"zhvi_base":0.4488,"zori":2150.227,"zori_yoy":0.0293,"zori_base":"NA"}},{"type":"MultiPolygon","arcs":[[[-169,-840,-368,869]]],"properties":{"postal_code":"60162","realtor_list_price":351187.5,"realtor_list_price_yoy":0.4577,"realtor_list_price_base":0.7558,"realtor_active_listings":9.333,"realtor_active_listings_yoy":0.3333,"realtor_active_listings_base":-0.5355,"realtor_new_listings":2.667,"realtor_new_listings_yoy":-0.3333,"realtor_new_listings_base":-0.7787,"realtor_days_on_market":24,"realtor_days_on_market_yoy":-0.1818,"realtor_days_on_market_base":-0.4835,"zhvi":295792.606,"zhvi_yoy":0.0854,"zhvi_base":0.751,"zori":"NA","zori_yoy":"NA","zori_base":"NA"}},{"type":"MultiPolygon","arcs":[[[-839,-32,870,-259,-181,-370]]],"properties":{"postal_code":"60155","realtor_list_price":289766.667,"realtor_list_price_yoy":-0.0752,"realtor_list_price_base":0.5944,"realtor_active_listings":6.333,"realtor_active_listings_yoy":-0.3667,"realtor_active_listings_base":-0.5323,"realtor_new_listings":4,"realtor_new_listings_yoy":-0.1429,"realtor_new_listings_base":-0.5997,"realtor_days_on_market":26.667,"realtor_days_on_market_yoy":-0.174,"realtor_days_on_market_base":-0.2162,"zhvi":285279.765,"zhvi_yoy":0.0816,"zhvi_base":0.6857,"zori":"NA","zori_yoy":"NA","zori_base":"NA"}},{"type":"MultiPolygon","arcs":[[[-438,871,-171,872,873,-731]]],"properties":{"postal_code":"46324","realtor_list_price":208231.25,"realtor_list_price_yoy":-0.007,"realtor_list_price_base":0.9818,"realtor_active_listings":20.333,"realtor_active_listings_yoy":-0.3146,"realtor_active_listings_base":-0.4728,"realtor_new_listings":16,"realtor_new_listings_yoy":-0.2258,"realtor_new_listings_base":-0.4013,"realtor_days_on_market":34.458,"realtor_days_on_market_yoy":0.0077,"realtor_days_on_market_base":-0.08,"zhvi":187402.971,"zhvi_yoy":0.022,"zhvi_base":0.8543,"zori":1583.611,"zori_yoy":0.0285,"zori_base":"NA"}},{"type":"MultiPolygon","arcs":[[[874,875,-468,-435,-730],[-434]]],"properties":{"postal_code":"46327","realtor_list_price":174908.333,"realtor_list_price_yoy":0.0459,"realtor_list_price_base":1.3767,"realtor_active_listings":9,"realtor_active_listings_yoy":-0.3077,"realtor_active_listings_base":-0.2685,"realtor_new_listings":6,"realtor_new_listings_yoy":0,"realtor_new_listings_base":-0.3725,"realtor_days_on_market":42.444,"realtor_days_on_market_yoy":-0.2042,"realtor_days_on_market_base":-0.0982,"zhvi":160065.257,"zhvi_yoy":-0.0386,"zhvi_base":1.0923,"zori":1437.5,"zori_yoy":"NA","zori_base":"NA"}},{"type":"MultiPolygon","arcs":[[[-852,876,877,-443,878,-860,879]]],"properties":{"postal_code":"46341","realtor_list_price":352560,"realtor_list_price_yoy":-0.0392,"realtor_list_price_base":0.5866,"realtor_active_listings":16,"realtor_active_listings_yoy":-0.2941,"realtor_active_listings_base":-0.325,"realtor_new_listings":8,"realtor_new_listings_yoy":-0.3684,"realtor_new_listings_base":-0.4261,"realtor_days_on_market":46,"realtor_days_on_market_yoy":0.3006,"realtor_days_on_market_base":-0.0226,"zhvi":331722.62,"zhvi_yoy":0.0337,"zhvi_base":0.707,"zori":"NA","zori_yoy":"NA","zori_base":"NA"}},{"type":"MultiPolygon","arcs":[[[-229,-515,880,881,882,-547,-501,883,-572]]],"properties":{"postal_code":"60185","realtor_list_price":517808.857,"realtor_list_price_yoy":0.3403,"realtor_list_price_base":0.481,"realtor_active_listings":28,"realtor_active_listings_yoy":-0.0455,"realtor_active_listings_base":-0.7564,"realtor_new_listings":18.667,"realtor_new_listings_yoy":-0.1515,"realtor_new_listings_base":-0.5091,"realtor_days_on_market":36.857,"realtor_days_on_market_yoy":0.1661,"realtor_days_on_market_base":-0.233,"zhvi":392874.07,"zhvi_yoy":0.0426,"zhvi_base":0.453,"zori":"NA","zori_yoy":"NA","zori_base":"NA"}},{"type":"MultiPolygon","arcs":[[[-753,-525,-580,-114,-611,884,-527,885]]],"properties":{"postal_code":"60422","realtor_list_price":313990,"realtor_list_price_yoy":-0.0691,"realtor_list_price_base":0.2495,"realtor_active_listings":34,"realtor_active_listings_yoy":-0.2214,"realtor_active_listings_base":-0.5986,"realtor_new_listings":13.333,"realtor_new_listings_yoy":-0.2,"realtor_new_listings_base":-0.4066,"realtor_days_on_market":45.2,"realtor_days_on_market_yoy":-0.0035,"realtor_days_on_market_base":-0.1885,"zhvi":343386.112,"zhvi_yoy":0.05,"zhvi_base":0.6525,"zori":"NA","zori_yoy":"NA","zori_base":"NA"}},{"type":"MultiPolygon","arcs":[[[-727,886,887,-615,-703,-691,888]]],"properties":{"postal_code":"60423","realtor_list_price":642960.784,"realtor_list_price_yoy":0.0863,"realtor_list_price_base":0.5333,"realtor_active_listings":76,"realtor_active_listings_yoy":0.3818,"realtor_active_listings_base":-0.5997,"realtor_new_listings":34,"realtor_new_listings_yoy":-0.0893,"realtor_new_listings_base":-0.4393,"realtor_days_on_market":35.157,"realtor_days_on_market_yoy":0.1079,"realtor_days_on_market_base":-0.3069,"zhvi":503547.295,"zhvi_yoy":0.036,"zhvi_base":0.5418,"zori":"NA","zori_yoy":"NA","zori_base":"NA"}},{"type":"MultiPolygon","arcs":[[[889,-175,-216,-211,-849,890,-678]]],"properties":{"postal_code":"46375","realtor_list_price":353480.488,"realtor_list_price_yoy":-0.0691,"realtor_list_price_base":0.2132,"realtor_active_listings":62,"realtor_active_listings_yoy":-0.1878,"realtor_active_listings_base":-0.0442,"realtor_new_listings":27.333,"realtor_new_listings_yoy":-0.3387,"realtor_new_listings_base":-0.2819,"realtor_days_on_market":50.927,"realtor_days_on_market_yoy":0.254,"realtor_days_on_market_base":-0.0139,"zhvi":359733.133,"zhvi_yoy":0.0176,"zhvi_base":0.4746,"zori":"NA","zori_yoy":"NA","zori_base":"NA"}},{"type":"MultiPolygon","arcs":[[[-869,891,-715]],[[-318,-713]],[[-717,892,893]]],"properties":{"postal_code":"60194","realtor_list_price":416852.226,"realtor_list_price_yoy":0.1852,"realtor_list_price_base":0.6157,"realtor_active_listings":31.333,"realtor_active_listings_yoy":0.175,"realtor_active_listings_base":-0.5602,"realtor_new_listings":20.667,"realtor_new_listings_yoy":0,"realtor_new_listings_base":-0.5264,"realtor_days_on_market":27.258,"realtor_days_on_market_yoy":-0.0174,"realtor_days_on_market_base":-0.1998,"zhvi":334694.99,"zhvi_yoy":0.0373,"zhvi_base":0.4504,"zori":2399.208,"zori_yoy":0.0518,"zori_base":"NA"}},{"type":"MultiPolygon","arcs":[[[-698,894,-308,895]]],"properties":{"postal_code":"60022","realtor_list_price":2701666.667,"realtor_list_price_yoy":0.0596,"realtor_list_price_base":1.5166,"realtor_active_listings":24,"realtor_active_listings_yoy":0.1613,"realtor_active_listings_base":-0.7563,"realtor_new_listings":8,"realtor_new_listings_yoy":-0.2941,"realtor_new_listings_base":-0.5618,"realtor_days_on_market":42,"realtor_days_on_market_yoy":-0.1163,"realtor_days_on_market_base":-0.443,"zhvi":1663162.653,"zhvi_yoy":0.147,"zhvi_base":0.7709,"zori":"NA","zori_yoy":"NA","zori_base":"NA"}},{"type":"MultiPolygon","arcs":[[[-240]],[[896,-237]],[[-110]],[[-105,897,-335,-234,898,899]],[[900,-103],[-99]]],"properties":{"postal_code":"60020","realtor_list_price":302161.786,"realtor_list_price_yoy":0.0188,"realtor_list_price_base":0.5752,"realtor_active_listings":40,"realtor_active_listings_yoy":-0.1304,"realtor_active_listings_base":-0.6584,"realtor_new_listings":28,"realtor_new_listings_yoy":-0.1064,"realtor_new_listings_base":-0.3222,"realtor_days_on_market":31.571,"realtor_days_on_market_yoy":-0.1282,"realtor_days_on_market_base":-0.3823,"zhvi":267661.344,"zhvi_yoy":0.0409,"zhvi_base":0.6996,"zori":"NA","zori_yoy":"NA","zori_base":"NA"}},{"type":"MultiPolygon","arcs":[[[901,902,903,904,-548,-883]]],"properties":{"postal_code":"60190","realtor_list_price":429971.429,"realtor_list_price_yoy":0.0039,"realtor_list_price_base":0.1015,"realtor_active_listings":16,"realtor_active_listings_yoy":0.1707,"realtor_active_listings_base":-0.773,"realtor_new_listings":9.333,"realtor_new_listings_yoy":-0.3,"realtor_new_listings_base":-0.5488,"realtor_days_on_market":30.714,"realtor_days_on_market_yoy":0.0519,"realtor_days_on_market_base":-0.3661,"zhvi":460289.122,"zhvi_yoy":0.0422,"zhvi_base":0.5255,"zori":"NA","zori_yoy":"NA","zori_base":"NA"}},{"type":"MultiPolygon","arcs":[[[905,-2,-310]]],"properties":{"postal_code":"60043","realtor_list_price":2985000,"realtor_list_price_yoy":-0.0354,"realtor_list_price_base":0.8202,"realtor_active_listings":9,"realtor_active_listings_yoy":-0.129,"realtor_active_listings_base":-0.7975,"realtor_new_listings":3.333,"realtor_new_listings_yoy":0,"realtor_new_listings_base":0.3318,"realtor_days_on_market":39.6,"realtor_days_on_market_yoy":0.1379,"realtor_days_on_market_base":-0.4654,"zhvi":2148077.789,"zhvi_yoy":0.1465,"zhvi_base":0.7448,"zori":"NA","zori_yoy":"NA","zori_base":"NA"}},{"type":"MultiPolygon","arcs":[[[906,907,908,909,910,911,-736,912]]],"properties":{"postal_code":"60404","realtor_list_price":477392.273,"realtor_list_price_yoy":0.1194,"realtor_list_price_base":0.5701,"realtor_active_listings":47,"realtor_active_listings_yoy":0.5161,"realtor_active_listings_base":-0.5897,"realtor_new_listings":29.333,"realtor_new_listings_yoy":0.4667,"realtor_new_listings_base":-0.275,"realtor_days_on_market":34.136,"realtor_days_on_market_yoy":0.3231,"realtor_days_on_market_base":-0.3694,"zhvi":415993.244,"zhvi_yoy":0.0256,"zhvi_base":0.4986,"zori":"NA","zori_yoy":"NA","zori_base":"NA"}},{"type":"MultiPolygon","arcs":[[[-879,-442,-194,-217,913,-861]]],"properties":{"postal_code":"46392","realtor_list_price":397677.941,"realtor_list_price_yoy":0.0413,"realtor_list_price_base":0.6975,"realtor_active_listings":21.667,"realtor_active_listings_yoy":-0.1558,"realtor_active_listings_base":-0.3829,"realtor_new_listings":11.333,"realtor_new_listings_yoy":0.1333,"realtor_new_listings_base":0.0967,"realtor_days_on_market":27.059,"realtor_days_on_market_yoy":-0.3678,"realtor_days_on_market_base":-0.5793,"zhvi":341534.588,"zhvi_yoy":0.0364,"zhvi_base":0.7453,"zori":"NA","zori_yoy":"NA","zori_base":"NA"}},{"type":"MultiPolygon","arcs":[[[-893,-716,-892,-868,-482,914,915,916]]],"properties":{"postal_code":"60193","realtor_list_price":387012.171,"realtor_list_price_yoy":-0.0383,"realtor_list_price_base":0.3895,"realtor_active_listings":66.667,"realtor_active_listings_yoy":0.0929,"realtor_active_listings_base":-0.5847,"realtor_new_listings":50.667,"realtor_new_listings_yoy":-0.1461,"realtor_new_listings_base":-0.3528,"realtor_days_on_market":25.908,"realtor_days_on_market_yoy":-0.0176,"realtor_days_on_market_base":-0.3089,"zhvi":371620.816,"zhvi_yoy":0.0574,"zhvi_base":0.5289,"zori":2097.923,"zori_yoy":0.0295,"zori_base":"NA"}},{"type":"MultiPolygon","arcs":[[[917,-476,-562]],[[-565]],[[918,-380,-564,-563,-474,919]]],"properties":{"postal_code":"60005","realtor_list_price":469870.213,"realtor_list_price_yoy":-0.0343,"realtor_list_price_base":0.3113,"realtor_active_listings":41.667,"realtor_active_listings_yoy":-0.0809,"realtor_active_listings_base":-0.7386,"realtor_new_listings":31.333,"realtor_new_listings_yoy":-0.0208,"realtor_new_listings_base":-0.4543,"realtor_days_on_market":27.213,"realtor_days_on_market_yoy":0.0466,"realtor_days_on_market_base":-0.3382,"zhvi":459647.515,"zhvi_yoy":0.0822,"zhvi_base":0.5042,"zori":1871.299,"zori_yoy":0.0174,"zori_base":"NA"}},{"type":"MultiPolygon","arcs":[[[920,921,-93,-441,922]]],"properties":{"postal_code":"46383","realtor_list_price":396426.308,"realtor_list_price_yoy":0.0558,"realtor_list_price_base":0.3632,"realtor_active_listings":99,"realtor_active_listings_yoy":0.1693,"realtor_active_listings_base":-0.3374,"realtor_new_listings":52,"realtor_new_listings_yoy":0.2787,"realtor_new_listings_base":-0.2183,"realtor_days_on_market":47.41,"realtor_days_on_market_yoy":-0.0233,"realtor_days_on_market_base":-0.0467,"zhvi":349062.963,"zhvi_yoy":0.0215,"zhvi_base":0.5786,"zori":1346.378,"zori_yoy":0.0492,"zori_base":"NA"}},{"type":"MultiPolygon","arcs":[[[-392,923,-492,924,-383,925,-391,926]]],"properties":{"postal_code":"60403","realtor_list_price":297790.909,"realtor_list_price_yoy":0.086,"realtor_list_price_base":0.6025,"realtor_active_listings":29.333,"realtor_active_listings_yoy":0.0602,"realtor_active_listings_base":-0.2902,"realtor_new_listings":22,"realtor_new_listings_yoy":0.0312,"realtor_new_listings_base":-0.3241,"realtor_days_on_market":25.182,"realtor_days_on_market_yoy":-0.0384,"realtor_days_on_market_base":-0.3488,"zhvi":281569.347,"zhvi_yoy":0.0049,"zhvi_base":0.5303,"zori":"NA","zori_yoy":"NA","zori_base":"NA"}},{"type":"MultiPolygon","arcs":[[[-97,927,928,929,-923,-440,930,-877,-851,931]]],"properties":{"postal_code":"46385","realtor_list_price":511008.879,"realtor_list_price_yoy":0.0382,"realtor_list_price_base":0.5838,"realtor_active_listings":155,"realtor_active_listings_yoy":0.0449,"realtor_active_listings_base":-0.2507,"realtor_new_listings":71.333,"realtor_new_listings_yoy":-0.0183,"realtor_new_listings_base":-0.1555,"realtor_days_on_market":52.15,"realtor_days_on_market_yoy":-0.0199,"realtor_days_on_market_base":0.061,"zhvi":375871.682,"zhvi_yoy":0.0307,"zhvi_base":0.6003,"zori":1684.833,"zori_yoy":"NA","zori_base":"NA"}},{"type":"MultiPolygon","arcs":[[[932,933,-668,-362,-71,-418,-37,934]]],"properties":{"postal_code":"60406","realtor_list_price":232756.25,"realtor_list_price_yoy":0.0392,"realtor_list_price_base":0.8575,"realtor_active_listings":23,"realtor_active_listings_yoy":0.0299,"realtor_active_listings_base":-0.4208,"realtor_new_listings":10.667,"realtor_new_listings_yoy":-0.3333,"realtor_new_listings_base":-0.4896,"realtor_days_on_market":35,"realtor_days_on_market_yoy":-0.0615,"realtor_days_on_market_base":-0.1521,"zhvi":209384.607,"zhvi_yoy":0.052,"zhvi_base":0.7781,"zori":"NA","zori_yoy":"NA","zori_base":"NA"}},{"type":"MultiPolygon","arcs":[[[935,936,-464,-876,937]]],"properties":{"postal_code":"46394","realtor_list_price":244017.5,"realtor_list_price_yoy":-0.1666,"realtor_list_price_base":0.8702,"realtor_active_listings":17.333,"realtor_active_listings_yoy":0,"realtor_active_listings_base":0.1828,"realtor_new_listings":6.667,"realtor_new_listings_yoy":-0.2308,"realtor_new_listings_base":-0.1903,"realtor_days_on_market":38.9,"realtor_days_on_market_yoy":-0.4835,"realtor_days_on_market_base":-0.0801,"zhvi":206790.11,"zhvi_yoy":0.009,"zhvi_base":0.7093,"zori":1282.222,"zori_yoy":"NA","zori_base":"NA"}},{"type":"MultiPolygon","arcs":[[[938,939,-220,-187,-846,940]]],"properties":{"postal_code":"46402","realtor_list_price":79133.333,"realtor_list_price_yoy":-0.2277,"realtor_list_price_base":"NA","realtor_active_listings":16.333,"realtor_active_listings_yoy":-0.1091,"realtor_active_listings_base":0.7622,"realtor_new_listings":4,"realtor_new_listings_yoy":-0.5385,"realtor_new_listings_base":0.1389,"realtor_days_on_market":68,"realtor_days_on_market_yoy":0.4351,"realtor_days_on_market_base":"NA","zhvi":65273.345,"zhvi_yoy":-0.0537,"zhvi_base":0.8178,"zori":"NA","zori_yoy":"NA","zori_base":"NA"}},{"type":"MultiPolygon","arcs":[[[-544,-67,-689,-312,-720,-760],[-757]]],"properties":{"postal_code":"60192","realtor_list_price":579489.667,"realtor_list_price_yoy":0.1829,"realtor_list_price_base":0.5686,"realtor_active_listings":17.333,"realtor_active_listings_yoy":-0.0877,"realtor_active_listings_base":-0.8509,"realtor_new_listings":16,"realtor_new_listings_yoy":0.4118,"realtor_new_listings_base":-0.581,"realtor_days_on_market":25.875,"realtor_days_on_market_yoy":-0.052,"realtor_days_on_market_base":-0.4456,"zhvi":511588.493,"zhvi_yoy":0.0655,"zhvi_base":0.5377,"zori":"NA","zori_yoy":"NA","zori_base":"NA"}},{"type":"MultiPolygon","arcs":[[[941,942,-853,-880,-859,943,944,-178,-659,945,946],[947]]],"properties":{"postal_code":"46356","realtor_list_price":376126.358,"realtor_list_price_yoy":-0.0119,"realtor_list_price_base":0.6274,"realtor_active_listings":81,"realtor_active_listings_yoy":-0.1678,"realtor_active_listings_base":-0.3406,"realtor_new_listings":35.333,"realtor_new_listings_yoy":-0.197,"realtor_new_listings_base":-0.1674,"realtor_days_on_market":47.642,"realtor_days_on_market_yoy":-0.1123,"realtor_days_on_market_base":-0.2647,"zhvi":337236.236,"zhvi_yoy":0.0209,"zhvi_base":0.607,"zori":1916,"zori_yoy":"NA","zori_base":"NA"}},{"type":"MultiPolygon","arcs":[[[948,949,-598,-330,-898,-104,-901,-102]]],"properties":{"postal_code":"60002","realtor_list_price":425017.788,"realtor_list_price_yoy":0.1354,"realtor_list_price_base":0.6745,"realtor_active_listings":61.333,"realtor_active_listings_yoy":0.0952,"realtor_active_listings_base":-0.6365,"realtor_new_listings":34.667,"realtor_new_listings_yoy":-0.1613,"realtor_new_listings_base":-0.3183,"realtor_days_on_market":34.481,"realtor_days_on_market_yoy":0.2386,"realtor_days_on_market_base":-0.3577,"zhvi":358845.315,"zhvi_yoy":0.0647,"zhvi_base":0.6885,"zori":1967.944,"zori_yoy":"NA","zori_base":"NA"}},{"type":"MultiPolygon","arcs":[[[-809,950]],[[-916,951,-803,952,-811,953,954,955]]],"properties":{"postal_code":"60133","realtor_list_price":349622.642,"realtor_list_price_yoy":0.0303,"realtor_list_price_base":0.5612,"realtor_active_listings":41,"realtor_active_listings_yoy":-0.0611,"realtor_active_listings_base":-0.5674,"realtor_new_listings":35.333,"realtor_new_listings_yoy":0.06,"realtor_new_listings_base":-0.3015,"realtor_days_on_market":28.264,"realtor_days_on_market_yoy":0.0722,"realtor_days_on_market_base":-0.2699,"zhvi":335442.808,"zhvi_yoy":0.0457,"zhvi_base":0.6621,"zori":2466.937,"zori_yoy":"NA","zori_base":"NA"}},{"type":"MultiPolygon","arcs":[[[956,-511,-325,-170,-870,-367,957,958]]],"properties":{"postal_code":"60126","realtor_list_price":689967.164,"realtor_list_price_yoy":-0.1098,"realtor_list_price_base":0.1908,"realtor_active_listings":80.667,"realtor_active_listings_yoy":0.0476,"realtor_active_listings_base":-0.7254,"realtor_new_listings":44.667,"realtor_new_listings_yoy":0.2407,"realtor_new_listings_base":-0.3973,"realtor_days_on_market":31.343,"realtor_days_on_market_yoy":-0.0997,"realtor_days_on_market_base":-0.4,"zhvi":640354.609,"zhvi_yoy":0.0846,"zhvi_base":0.4418,"zori":2484.75,"zori_yoy":0.0267,"zori_base":"NA"}},{"type":"MultiPolygon","arcs":[[[-534,959,960,-823,961,962,963]]],"properties":{"postal_code":"60115","realtor_list_price":345685.119,"realtor_list_price_yoy":0.1185,"realtor_list_price_base":1.1349,"realtor_active_listings":34.667,"realtor_active_listings_yoy":0.0097,"realtor_active_listings_base":-0.7019,"realtor_new_listings":28,"realtor_new_listings_yoy":-0.0233,"realtor_new_listings_base":-0.4077,"realtor_days_on_market":38.619,"realtor_days_on_market_yoy":0.2219,"realtor_days_on_market_base":-0.2338,"zhvi":263156.528,"zhvi_yoy":0.0414,"zhvi_base":0.6744,"zori":1379.464,"zori_yoy":0.0796,"zori_base":"NA"}},{"type":"MultiPolygon","arcs":[[[-718,-894,-917,-956,964,-761],[-756],[-755]]],"properties":{"postal_code":"60107","realtor_list_price":360280.288,"realtor_list_price_yoy":0.0948,"realtor_list_price_base":0.6126,"realtor_active_listings":40,"realtor_active_listings_yoy":-0.2053,"realtor_active_listings_base":-0.7163,"realtor_new_listings":34.667,"realtor_new_listings_yoy":-0.2464,"realtor_new_listings_base":-0.596,"realtor_days_on_market":25.962,"realtor_days_on_market_yoy":-0.0742,"realtor_days_on_market_base":-0.2992,"zhvi":333910.12,"zhvi_yoy":0.0455,"zhvi_base":0.6276,"zori":2457.238,"zori_yoy":0.0251,"zori_base":"NA"}},{"type":"MultiPolygon","arcs":[[[965,-836]],[[-834,966]]],"properties":{"postal_code":"60109","realtor_list_price":"NA","realtor_list_price_yoy":"NA","realtor_list_price_base":"NA","realtor_active_listings":0.667,"realtor_active_listings_yoy":-0.3333,"realtor_active_listings_base":-0.7229,"realtor_new_listings":0,"realtor_new_listings_yoy":-1,"realtor_new_listings_base":-1,"realtor_days_on_market":"NA","realtor_days_on_market_yoy":"NA","realtor_days_on_market_base":"NA","zhvi":325050.488,"zhvi_yoy":0.0309,"zhvi_base":0.5778,"zori":"NA","zori_yoy":"NA","zori_base":"NA"}},{"type":"MultiPolygon","arcs":[[[967,-824,-961]]],"properties":{"postal_code":"60112","realtor_list_price":377044,"realtor_list_price_yoy":0.1136,"realtor_list_price_base":1.1019,"realtor_active_listings":23,"realtor_active_listings_yoy":-0.1977,"realtor_active_listings_base":0.6134,"realtor_new_listings":6.667,"realtor_new_listings_yoy":-0.2857,"realtor_new_listings_base":-0.2807,"realtor_days_on_market":45,"realtor_days_on_market_yoy":-0.0308,"realtor_days_on_market_base":-0.2216,"zhvi":300517.784,"zhvi_yoy":0.0602,"zhvi_base":0.8325,"zori":"NA","zori_yoy":"NA","zori_base":"NA"}},{"type":"MultiPolygon","arcs":[[[-602,968,-600,969,970,971,972],[973]]],"properties":{"postal_code":"60087","realtor_list_price":308462.5,"realtor_list_price_yoy":0.0218,"realtor_list_price_base":0.8611,"realtor_active_listings":17,"realtor_active_listings_yoy":-0.1639,"realtor_active_listings_base":-0.686,"realtor_new_listings":24,"realtor_new_listings_yoy":0.5652,"realtor_new_listings_base":-0.2424,"realtor_days_on_market":21.167,"realtor_days_on_market_yoy":-0.2851,"realtor_days_on_market_base":-0.5264,"zhvi":269671.598,"zhvi_yoy":0.09,"zhvi_base":0.8783,"zori":1587.024,"zori_yoy":"NA","zori_base":"NA"}},{"type":"MultiPolygon","arcs":[[[974,-109,-669,-157,-748],[-100]]],"properties":{"postal_code":"60071","realtor_list_price":591570.455,"realtor_list_price_yoy":-0.0803,"realtor_list_price_base":1.2055,"realtor_active_listings":13,"realtor_active_listings_yoy":0.56,"realtor_active_listings_base":-0.6219,"realtor_new_listings":7.333,"realtor_new_listings_yoy":0.5714,"realtor_new_listings_base":0.0342,"realtor_days_on_market":41.636,"realtor_days_on_market_yoy":0.152,"realtor_days_on_market_base":-0.2543,"zhvi":396813.142,"zhvi_yoy":0.0781,"zhvi_base":0.7843,"zori":"NA","zori_yoy":"NA","zori_base":"NA"}},{"type":"MultiPolygon","arcs":[[[-622]],[[-621]],[[-284,-699,-896,-307,975,-620,976,-700,-559,977,-783,978]]],"properties":{"postal_code":"60062","realtor_list_price":674919.62,"realtor_list_price_yoy":-0.0422,"realtor_list_price_base":0.1726,"realtor_active_listings":82.667,"realtor_active_listings_yoy":-0.1507,"realtor_active_listings_base":-0.7724,"realtor_new_listings":52.667,"realtor_new_listings_yoy":0.0533,"realtor_new_listings_base":-0.4132,"realtor_days_on_market":32.506,"realtor_days_on_market_yoy":-0.2061,"realtor_days_on_market_base":-0.4244,"zhvi":720414.455,"zhvi_yoy":0.1004,"zhvi_base":0.4619,"zori":2665.429,"zori_yoy":0.0402,"zori_base":"NA"}},{"type":"MultiPolygon","arcs":[[[-787,-373,-784,-978,-558,-378]]],"properties":{"postal_code":"60070","realtor_list_price":349577.174,"realtor_list_price_yoy":0.2518,"realtor_list_price_base":-0.0382,"realtor_active_listings":19,"realtor_active_listings_yoy":-0.25,"realtor_active_listings_base":-0.7792,"realtor_new_listings":15.333,"realtor_new_listings_yoy":-0.0417,"realtor_new_listings_base":-0.4409,"realtor_days_on_market":25.435,"realtor_days_on_market_yoy":-0.0521,"realtor_days_on_market_base":-0.4491,"zhvi":332902.297,"zhvi_yoy":0.0716,"zhvi_base":0.5471,"zori":1727.333,"zori_yoy":"NA","zori_base":"NA"}},{"type":"MultiPolygon","arcs":[[[-768,979,980,-648,981,982,983,984,-656,-276,985]]],"properties":{"postal_code":"60634","realtor_list_price":491841.892,"realtor_list_price_yoy":0.1341,"realtor_list_price_base":0.5723,"realtor_active_listings":65.333,"realtor_active_listings_yoy":-0.0841,"realtor_active_listings_base":-0.7221,"realtor_new_listings":49.333,"realtor_new_listings_yoy":0.0571,"realtor_new_listings_base":-0.5181,"realtor_days_on_market":25.176,"realtor_days_on_market_yoy":-0.2397,"realtor_days_on_market_base":-0.2813,"zhvi":380566.525,"zhvi_yoy":0.0609,"zhvi_base":0.4483,"zori":1825.004,"zori_yoy":0.0604,"zori_base":"NA"}},{"type":"MultiPolygon","arcs":[[[-625,-738,986,987,-857,-449,-776,988]]],"properties":{"postal_code":"60450","realtor_list_price":362844.118,"realtor_list_price_yoy":-0.0998,"realtor_list_price_base":0.3837,"realtor_active_listings":33.667,"realtor_active_listings_yoy":0.086,"realtor_active_listings_base":-0.5306,"realtor_new_listings":22.667,"realtor_new_listings_yoy":0.0303,"realtor_new_listings_base":-0.1411,"realtor_days_on_market":32.882,"realtor_days_on_market_yoy":-0.0036,"realtor_days_on_market_base":-0.3856,"zhvi":315865.712,"zhvi_yoy":0.0361,"zhvi_base":0.477,"zori":1402.083,"zori_yoy":"NA","zori_base":"NA"}},{"type":"MultiPolygon","arcs":[[[-794,-113,989,990,991,-460,-596]]],"properties":{"postal_code":"60453","realtor_list_price":276970.327,"realtor_list_price_yoy":-0.0216,"realtor_list_price_base":0.2707,"realtor_active_listings":139.667,"realtor_active_listings_yoy":0.1417,"realtor_active_listings_base":-0.4513,"realtor_new_listings":71.333,"realtor_new_listings_yoy":-0.0531,"realtor_new_listings_base":-0.3572,"realtor_days_on_market":32.897,"realtor_days_on_market_yoy":0.0326,"realtor_days_on_market_base":-0.1666,"zhvi":301388.286,"zhvi_yoy":0.0609,"zhvi_base":0.6025,"zori":1744.018,"zori_yoy":0.0282,"zori_base":"NA"}},{"type":"MultiPolygon","arcs":[[[-606,-654,992,-764,993]]],"properties":{"postal_code":"60631","realtor_list_price":521617.262,"realtor_list_price_yoy":-0.0351,"realtor_list_price_base":0.3996,"realtor_active_listings":30.333,"realtor_active_listings_yoy":-0.099,"realtor_active_listings_base":-0.7314,"realtor_new_listings":28,"realtor_new_listings_yoy":0,"realtor_new_listings_base":-0.4738,"realtor_days_on_market":28.357,"realtor_days_on_market_yoy":0.143,"realtor_days_on_market_base":-0.2322,"zhvi":465346.632,"zhvi_yoy":0.0892,"zhvi_base":0.4163,"zori":1846.944,"zori_yoy":"NA","zori_base":"NA"}},{"type":"MultiPolygon","arcs":[[[994,-938,-875,-729,-666,995]]],"properties":{"postal_code":"60633","realtor_list_price":215223.684,"realtor_list_price_yoy":-0.0806,"realtor_list_price_base":0.6909,"realtor_active_listings":31,"realtor_active_listings_yoy":0.0814,"realtor_active_listings_base":-0.2424,"realtor_new_listings":12.667,"realtor_new_listings_yoy":0,"realtor_new_listings_base":-0.0155,"realtor_days_on_market":45.316,"realtor_days_on_market_yoy":0.0709,"realtor_days_on_market_base":-0.2483,"zhvi":195671.849,"zhvi_yoy":0.0007,"zhvi_base":0.6519,"zori":"NA","zori_yoy":"NA","zori_base":"NA"}},{"type":"MultiPolygon","arcs":[[[996,997,998,999]]],"properties":{"postal_code":"47922","realtor_list_price":208650,"realtor_list_price_yoy":"NA","realtor_list_price_base":"NA","realtor_active_listings":5,"realtor_active_listings_yoy":0.5,"realtor_active_listings_base":-0.4559,"realtor_new_listings":0.667,"realtor_new_listings_yoy":"Inf","realtor_new_listings_base":-0.4968,"realtor_days_on_market":88,"realtor_days_on_market_yoy":"NA","realtor_days_on_market_base":"NA","zhvi":172646.333,"zhvi_yoy":0.0123,"zhvi_base":0.7785,"zori":"NA","zori_yoy":"NA","zori_base":"NA"}},{"type":"MultiPolygon","arcs":[[[1000,1001,1002,-996,-665,1003,-663,1004]]],"properties":{"postal_code":"60628","realtor_list_price":177566.667,"realtor_list_price_yoy":-0.106,"realtor_list_price_base":1.1754,"realtor_active_listings":148.333,"realtor_active_listings_yoy":-0.1698,"realtor_active_listings_base":-0.3876,"realtor_new_listings":60,"realtor_new_listings_yoy":-0.1964,"realtor_new_listings_base":-0.2996,"realtor_days_on_market":44.333,"realtor_days_on_market_yoy":0.0506,"realtor_days_on_market_base":-0.2148,"zhvi":152235.989,"zhvi_yoy":0.0138,"zhvi_base":0.5768,"zori":1735.752,"zori_yoy":0.0773,"zori_base":0.7389}},{"type":"MultiPolygon","arcs":[[[1005,1006]],[[1007,1008,1009,1010,-765,-993,-653]]],"properties":{"postal_code":"60646","realtor_list_price":592402.857,"realtor_list_price_yoy":0.1325,"realtor_list_price_base":0.25,"realtor_active_listings":29.667,"realtor_active_listings_yoy":-0.0326,"realtor_active_listings_base":-0.7523,"realtor_new_listings":23.333,"realtor_new_listings_yoy":-0.0541,"realtor_new_listings_base":-0.4119,"realtor_days_on_market":26.771,"realtor_days_on_market_yoy":0.1308,"realtor_days_on_market_base":-0.3827,"zhvi":564168.796,"zhvi_yoy":0.0755,"zhvi_base":0.3911,"zori":1906.111,"zori_yoy":"NA","zori_base":"NA"}},{"type":"MultiPolygon","arcs":[[[-462,1011,1012,-49]]],"properties":{"postal_code":"60482","realtor_list_price":339244.737,"realtor_list_price_yoy":0.0524,"realtor_list_price_base":0.7562,"realtor_active_listings":19.667,"realtor_active_listings_yoy":-0.1806,"realtor_active_listings_base":-0.5814,"realtor_new_listings":12.667,"realtor_new_listings_yoy":0.0556,"realtor_new_listings_base":-0.3786,"realtor_days_on_market":29.474,"realtor_days_on_market_yoy":-0.3817,"realtor_days_on_market_base":-0.2403,"zhvi":280049.522,"zhvi_yoy":0.0474,"zhvi_base":0.71,"zori":"NA","zori_yoy":"NA","zori_base":"NA"}},{"type":"MultiPolygon","arcs":[[[1013,1014,-887,-726,1015]]],"properties":{"postal_code":"60487","realtor_list_price":434074,"realtor_list_price_yoy":0.1611,"realtor_list_price_base":0.4866,"realtor_active_listings":24,"realtor_active_listings_yoy":-0.28,"realtor_active_listings_base":-0.7425,"realtor_new_listings":16.667,"realtor_new_listings_yoy":-0.359,"realtor_new_listings_base":-0.5864,"realtor_days_on_market":27.36,"realtor_days_on_market_yoy":-0.1861,"realtor_days_on_market_base":-0.3519,"zhvi":401214.429,"zhvi_yoy":0.0457,"zhvi_base":0.4815,"zori":3285.617,"zori_yoy":"NA","zori_base":"NA"}},{"type":"MultiPolygon","arcs":[[[1016,-51,1017,1018,1019,-269]]],"properties":{"postal_code":"60464","realtor_list_price":689875,"realtor_list_price_yoy":0.2727,"realtor_list_price_base":0.3867,"realtor_active_listings":21.333,"realtor_active_listings_yoy":-0.1688,"realtor_active_listings_base":-0.7635,"realtor_new_listings":9.333,"realtor_new_listings_yoy":0.0769,"realtor_new_listings_base":-0.5587,"realtor_days_on_market":24.429,"realtor_days_on_market_yoy":-0.3846,"realtor_days_on_market_base":-0.5813,"zhvi":565078.98,"zhvi_yoy":0.1019,"zhvi_base":0.6102,"zori":"NA","zori_yoy":"NA","zori_base":"NA"}},{"type":"MultiPolygon","arcs":[[[-359,1020,1021,1022]]],"properties":{"postal_code":"60640","realtor_list_price":313904.276,"realtor_list_price_yoy":-0.0431,"realtor_list_price_base":0.1488,"realtor_active_listings":63,"realtor_active_listings_yoy":-0.2348,"realtor_active_listings_base":-0.7415,"realtor_new_listings":50.667,"realtor_new_listings_yoy":-0.05,"realtor_new_listings_base":-0.4604,"realtor_days_on_market":25.592,"realtor_days_on_market_yoy":-0.1933,"realtor_days_on_market_base":-0.3609,"zhvi":371774.446,"zhvi_yoy":0.0465,"zhvi_base":0.3459,"zori":2017.525,"zori_yoy":0.0746,"zori_base":0.4468}},{"type":"MultiPolygon","arcs":[[[1023,1024,1025,-555]]],"properties":{"postal_code":"60649","realtor_list_price":146410.976,"realtor_list_price_yoy":0.0571,"realtor_list_price_base":0.2862,"realtor_active_listings":85,"realtor_active_listings_yoy":-0.0556,"realtor_active_listings_base":-0.0231,"realtor_new_listings":27.333,"realtor_new_listings_yoy":0.0513,"realtor_new_listings_base":-0.0774,"realtor_days_on_market":52.927,"realtor_days_on_market_yoy":-0.1561,"realtor_days_on_market_base":-0.0938,"zhvi":143767.042,"zhvi_yoy":-0.0385,"zhvi_base":0.2002,"zori":1319.481,"zori_yoy":0.0438,"zori_base":0.5138}},{"type":"MultiPolygon","arcs":[[[1026,-635,-597,-8,1027,1028]]],"properties":{"postal_code":"60501","realtor_list_price":380042.857,"realtor_list_price_yoy":0.2135,"realtor_list_price_base":1.3807,"realtor_active_listings":9.667,"realtor_active_listings_yoy":-0.0333,"realtor_active_listings_base":-0.5805,"realtor_new_listings":4.667,"realtor_new_listings_yoy":0.4,"realtor_new_listings_base":-0.1442,"realtor_days_on_market":36.571,"realtor_days_on_market_yoy":0.039,"realtor_days_on_market_base":-0.4178,"zhvi":284396.927,"zhvi_yoy":0.0315,"zhvi_base":0.7006,"zori":"NA","zori_yoy":"NA","zori_base":"NA"}},{"type":"MultiPolygon","arcs":[[[1029,-797,-504,-800,1030,-456,1031],[1032]]],"properties":{"postal_code":"60502","realtor_list_price":486642,"realtor_list_price_yoy":0.0713,"realtor_list_price_base":0.3396,"realtor_active_listings":54,"realtor_active_listings_yoy":0.9059,"realtor_active_listings_base":-0.4531,"realtor_new_listings":33.333,"realtor_new_listings_yoy":0.3889,"realtor_new_listings_base":-0.1822,"realtor_days_on_market":27.88,"realtor_days_on_market_yoy":-0.131,"realtor_days_on_market_base":-0.4177,"zhvi":422462.993,"zhvi_yoy":0.0149,"zhvi_base":0.5099,"zori":2473.063,"zori_yoy":0.0267,"zori_base":"NA"}},{"type":"MultiPolygon","arcs":[[[-1004,-664]],[[1033,1034,-1005,-662,-934,1035]]],"properties":{"postal_code":"60643","realtor_list_price":281293.968,"realtor_list_price_yoy":0.1856,"realtor_list_price_base":0.4841,"realtor_active_listings":85.333,"realtor_active_listings_yoy":-0.1715,"realtor_active_listings_base":-0.6229,"realtor_new_listings":41.333,"realtor_new_listings_yoy":-0.0462,"realtor_new_listings_base":-0.483,"realtor_days_on_market":35.839,"realtor_days_on_market_yoy":-0.1858,"realtor_days_on_market_base":-0.292,"zhvi":239567.75,"zhvi_yoy":0.0364,"zhvi_base":0.3734,"zori":2105,"zori_yoy":0.1676,"zori_base":"NA"}},{"type":"MultiPolygon","arcs":[[[1036,1037,1038,1039,-520]]],"properties":{"postal_code":"60644","realtor_list_price":356061.059,"realtor_list_price_yoy":-0.0216,"realtor_list_price_base":2.0617,"realtor_active_listings":20,"realtor_active_listings_yoy":-0.0769,"realtor_active_listings_base":-0.5557,"realtor_new_listings":11.333,"realtor_new_listings_yoy":0.0625,"realtor_new_listings_base":-0.3348,"realtor_days_on_market":29,"realtor_days_on_market_yoy":-0.2431,"realtor_days_on_market_base":-0.4313,"zhvi":225730.946,"zhvi_yoy":0.0478,"zhvi_base":0.5841,"zori":1390.463,"zori_yoy":0.0436,"zori_base":"NA"}},{"type":"MultiPolygon","arcs":[[[-1019,1040,-420,-415,1041,-1014,1042]]],"properties":{"postal_code":"60462","realtor_list_price":383957.44,"realtor_list_price_yoy":-0.0434,"realtor_list_price_base":0.2832,"realtor_active_listings":68.667,"realtor_active_listings_yoy":-0.0096,"realtor_active_listings_base":-0.6246,"realtor_new_listings":56,"realtor_new_listings_yoy":0.1053,"realtor_new_listings_base":-0.2449,"realtor_days_on_market":28.167,"realtor_days_on_market_yoy":-0.099,"realtor_days_on_market_base":-0.3515,"zhvi":378253.825,"zhvi_yoy":0.0679,"zhvi_base":0.5593,"zori":2188.194,"zori_yoy":0.0662,"zori_base":"NA"}},{"type":"MultiPolygon","arcs":[[[-1018,-50,-1013,1043,-579,-416,-1041]]],"properties":{"postal_code":"60463","realtor_list_price":398340.909,"realtor_list_price_yoy":0.0734,"realtor_list_price_base":0.2505,"realtor_active_listings":36.667,"realtor_active_listings_yoy":0.358,"realtor_active_listings_base":-0.5452,"realtor_new_listings":22,"realtor_new_listings_yoy":0.1,"realtor_new_listings_base":-0.3078,"realtor_days_on_market":38.727,"realtor_days_on_market_yoy":0.3604,"realtor_days_on_market_base":-0.0916,"zhvi":404487.875,"zhvi_yoy":0.0501,"zhvi_base":0.4817,"zori":"NA","zori_yoy":"NA","zori_base":"NA"}},{"type":"MultiPolygon","arcs":[[[-984,1044,-982,-647,1045,1046,-518,1047]]],"properties":{"postal_code":"60639","realtor_list_price":442307.692,"realtor_list_price_yoy":0.1639,"realtor_list_price_base":0.6894,"realtor_active_listings":22,"realtor_active_listings_yoy":-0.0959,"realtor_active_listings_base":-0.7029,"realtor_new_listings":17.333,"realtor_new_listings_yoy":0.1818,"realtor_new_listings_base":-0.5556,"realtor_days_on_market":28,"realtor_days_on_market_yoy":-0.0538,"realtor_days_on_market_base":-0.2947,"zhvi":335197.36,"zhvi_yoy":0.0494,"zhvi_base":0.4705,"zori":1775.678,"zori_yoy":0.0811,"zori_base":0.5378}},{"type":"MultiPolygon","arcs":[[[-293,-538]],[[-616,-612,-116,-586,-710,-295,-537,-302,-536,-704]]],"properties":{"postal_code":"60466","realtor_list_price":161898.77,"realtor_list_price_yoy":-0.0028,"realtor_list_price_base":1.3707,"realtor_active_listings":109,"realtor_active_listings_yoy":-0.236,"realtor_active_listings_base":-0.1351,"realtor_new_listings":40.667,"realtor_new_listings_yoy":-0.1408,"realtor_new_listings_base":-0.1415,"realtor_days_on_market":46.197,"realtor_days_on_market_yoy":-0.1293,"realtor_days_on_market_base":-0.1088,"zhvi":161614.206,"zhvi_yoy":0.05,"zhvi_base":1.0955,"zori":1796.083,"zori_yoy":"NA","zori_base":"NA"}},{"type":"MultiPolygon","arcs":[[[-1042,-414,1048,-888,-1015]]],"properties":{"postal_code":"60477","realtor_list_price":321590.068,"realtor_list_price_yoy":-0.0011,"realtor_list_price_base":0.5056,"realtor_active_listings":67.333,"realtor_active_listings_yoy":-0.0516,"realtor_active_listings_base":-0.6252,"realtor_new_listings":48.667,"realtor_new_listings_yoy":-0.1412,"realtor_new_listings_base":-0.3896,"realtor_days_on_market":33.068,"realtor_days_on_market_yoy":0.1553,"realtor_days_on_market_base":-0.1976,"zhvi":312467.89,"zhvi_yoy":0.0568,"zhvi_base":0.5559,"zori":2275.167,"zori_yoy":-0.0268,"zori_base":"NA"}},{"type":"MultiPolygon","arcs":[[[-257,1049,1050,-711]]],"properties":{"postal_code":"60534","realtor_list_price":349757.692,"realtor_list_price_yoy":0.1988,"realtor_list_price_base":0.7422,"realtor_active_listings":13.333,"realtor_active_listings_yoy":-0.1489,"realtor_active_listings_base":-0.4312,"realtor_new_listings":8.667,"realtor_new_listings_yoy":0.8571,"realtor_new_listings_base":-0.369,"realtor_days_on_market":44.462,"realtor_days_on_market_yoy":0.0769,"realtor_days_on_market_base":0.0441,"zhvi":280278.722,"zhvi_yoy":0.0214,"zhvi_base":0.5322,"zori":1450,"zori_yoy":"NA","zori_base":"NA"}},{"type":"MultiPolygon","arcs":[[[-628,1051]]],"properties":{"postal_code":"60537","realtor_list_price":"NA","realtor_list_price_yoy":"NA","realtor_list_price_base":"NA","realtor_active_listings":1.333,"realtor_active_listings_yoy":1,"realtor_active_listings_base":-0.5022,"realtor_new_listings":0,"realtor_new_listings_yoy":"NaN","realtor_new_listings_base":-1,"realtor_days_on_market":"NA","realtor_days_on_market_yoy":"NA","realtor_days_on_market_base":"NA","zhvi":288296.857,"zhvi_yoy":0.0099,"zhvi_base":0.4454,"zori":"NA","zori_yoy":"NA","zori_base":"NA"}},{"type":"MultiPolygon","arcs":[[[1052,-206,-747,1053,-1009]]],"properties":{"postal_code":"60712","realtor_list_price":664161.842,"realtor_list_price_yoy":0.0686,"realtor_list_price_base":0.4615,"realtor_active_listings":23.333,"realtor_active_listings_yoy":0.2727,"realtor_active_listings_base":-0.687,"realtor_new_listings":12.667,"realtor_new_listings_yoy":0.2667,"realtor_new_listings_base":-0.4187,"realtor_days_on_market":37.053,"realtor_days_on_market_yoy":0.0647,"realtor_days_on_market_base":-0.2185,"zhvi":579033.703,"zhvi_yoy":0.081,"zhvi_base":0.4793,"zori":2792.528,"zori_yoy":"NA","zori_base":"NA"}},{"type":"MultiPolygon","arcs":[[[1054,1055,1056,-1032,-455,1057,1058]]],"properties":{"postal_code":"60542","realtor_list_price":469844.571,"realtor_list_price_yoy":-0.0281,"realtor_list_price_base":0.58,"realtor_active_listings":24,"realtor_active_listings_yoy":-0.1429,"realtor_active_listings_base":-0.7012,"realtor_new_listings":23.333,"realtor_new_listings_yoy":-0.2222,"realtor_new_listings_base":-0.3153,"realtor_days_on_market":22,"realtor_days_on_market_yoy":0.002,"realtor_days_on_market_base":-0.5127,"zhvi":405783.134,"zhvi_yoy":0.0531,"zhvi_base":0.6064,"zori":2293.889,"zori_yoy":"NA","zori_base":"NA"}},{"type":"MultiPolygon","arcs":[[[1059,1060,1061,1062]]],"properties":{"postal_code":"60653","realtor_list_price":379289.6,"realtor_list_price_yoy":0.1202,"realtor_list_price_base":0.1967,"realtor_active_listings":47.333,"realtor_active_listings_yoy":-0.3333,"realtor_active_listings_base":-0.5308,"realtor_new_listings":16.667,"realtor_new_listings_yoy":-0.3243,"realtor_new_listings_base":-0.632,"realtor_days_on_market":42.4,"realtor_days_on_market_yoy":-0.0906,"realtor_days_on_market_base":-0.0758,"zhvi":329339.919,"zhvi_yoy":0.0159,"zhvi_base":0.1677,"zori":2068.788,"zori_yoy":0.0574,"zori_base":0.584}},{"type":"MultiPolygon","arcs":[[[-962,-822,-253,1063,1064,1065,1066]]],"properties":{"postal_code":"60520","realtor_list_price":390990,"realtor_list_price_yoy":-0.056,"realtor_list_price_base":0.5426,"realtor_active_listings":4.333,"realtor_active_listings_yoy":-0.2353,"realtor_active_listings_base":-0.7411,"realtor_new_listings":1.333,"realtor_new_listings_yoy":-0.7143,"realtor_new_listings_base":-0.6853,"realtor_days_on_market":50,"realtor_days_on_market_yoy":1.3649,"realtor_days_on_market_base":-0.0611,"zhvi":338080.948,"zhvi_yoy":0.06,"zhvi_base":0.663,"zori":"NA","zori_yoy":"NA","zori_base":"NA"}},{"type":"MultiPolygon","arcs":[[[1067]],[[-185,-26,1068,1069,1070,1071]]],"properties":{"postal_code":"60521","realtor_list_price":1478447.321,"realtor_list_price_yoy":0.1704,"realtor_list_price_base":0.2789,"realtor_active_listings":42.333,"realtor_active_listings_yoy":-0.0662,"realtor_active_listings_base":-0.8453,"realtor_new_listings":18.667,"realtor_new_listings_yoy":0.2727,"realtor_new_listings_base":-0.561,"realtor_days_on_market":36.5,"realtor_days_on_market_yoy":-0.3514,"realtor_days_on_market_base":-0.4513,"zhvi":1266773.392,"zhvi_yoy":0.0951,"zhvi_base":0.4074,"zori":3900,"zori_yoy":"NA","zori_base":"NA"}},{"type":"MultiPolygon","arcs":[[[1072,1073]],[[1074,1075,1076,1077]]],"properties":{"postal_code":"60657","realtor_list_price":619293.511,"realtor_list_price_yoy":0.1193,"realtor_list_price_base":0.1829,"realtor_active_listings":88.667,"realtor_active_listings_yoy":-0.1502,"realtor_active_listings_base":-0.7949,"realtor_new_listings":87.333,"realtor_new_listings_yoy":-0.0966,"realtor_new_listings_base":-0.4515,"realtor_days_on_market":29.626,"realtor_days_on_market_yoy":0.0046,"realtor_days_on_market_base":-0.2055,"zhvi":542580.482,"zhvi_yoy":0.1235,"zhvi_base":0.2707,"zori":2526.999,"zori_yoy":0.0703,"zori_base":0.5097}},{"type":"MultiPolygon","arcs":[[[-1054,-746,-361,1078,1079,-1006,-1010]]],"properties":{"postal_code":"60659","realtor_list_price":313937,"realtor_list_price_yoy":-0.2048,"realtor_list_price_base":0.2183,"realtor_active_listings":26,"realtor_active_listings_yoy":-0.2277,"realtor_active_listings_base":-0.6701,"realtor_new_listings":16.667,"realtor_new_listings_yoy":-0.2424,"realtor_new_listings_base":-0.4301,"realtor_days_on_market":26.16,"realtor_days_on_market_yoy":0.0085,"realtor_days_on_market_base":-0.4573,"zhvi":367755.854,"zhvi_yoy":0.0861,"zhvi_base":0.2985,"zori":1825.417,"zori_yoy":0.0573,"zori_base":0.5158}},{"type":"MultiPolygon","arcs":[[[-24,-184,-712,-1051,1080,-1029,1081,1082]]],"properties":{"postal_code":"60525","realtor_list_price":476205.882,"realtor_list_price_yoy":-0.1106,"realtor_list_price_base":-0.0386,"realtor_active_listings":47,"realtor_active_listings_yoy":0.1102,"realtor_active_listings_base":-0.6918,"realtor_new_listings":34,"realtor_new_listings_yoy":-0.0377,"realtor_new_listings_base":-0.3232,"realtor_days_on_market":33.51,"realtor_days_on_market_yoy":0.2257,"realtor_days_on_market_base":-0.3663,"zhvi":505075.326,"zhvi_yoy":0.0968,"zhvi_base":0.3991,"zori":2210,"zori_yoy":0.0313,"zori_base":"NA"}},{"type":"MultiPolygon","arcs":[[[-263,1083,1084,-111,-793,1085]]],"properties":{"postal_code":"60652","realtor_list_price":324981.579,"realtor_list_price_yoy":0.1388,"realtor_list_price_base":0.6434,"realtor_active_listings":29.333,"realtor_active_listings_yoy":0.0233,"realtor_active_listings_base":-0.7346,"realtor_new_listings":25.333,"realtor_new_listings_yoy":0.0556,"realtor_new_listings_base":-0.5451,"realtor_days_on_market":31.263,"realtor_days_on_market_yoy":-0.2507,"realtor_days_on_market_base":-0.249,"zhvi":277075.89,"zhvi_yoy":0.0453,"zhvi_base":0.5853,"zori":"NA","zori_yoy":"NA","zori_base":"NA"}},{"type":"MultiPolygon","arcs":[[[-991,1086,-1036,-933,1087]]],"properties":{"postal_code":"60655","realtor_list_price":384620.395,"realtor_list_price_yoy":0.0829,"realtor_list_price_base":0.5032,"realtor_active_listings":39,"realtor_active_listings_yoy":0.17,"realtor_active_listings_base":-0.5489,"realtor_new_listings":25.333,"realtor_new_listings_yoy":0.1515,"realtor_new_listings_base":-0.3067,"realtor_days_on_market":27.132,"realtor_days_on_market_yoy":-0.2406,"realtor_days_on_market_base":-0.3463,"zhvi":339175.216,"zhvi_yoy":0.0684,"zhvi_base":0.4089,"zori":"NA","zori_yoy":"NA","zori_base":"NA"}},{"type":"MultiPolygon","arcs":[[[-1058,-459,1088,-16,1089]]],"properties":{"postal_code":"60506","realtor_list_price":346769.375,"realtor_list_price_yoy":0.101,"realtor_list_price_base":0.6274,"realtor_active_listings":47.333,"realtor_active_listings_yoy":0.0758,"realtor_active_listings_base":-0.6052,"realtor_new_listings":42.667,"realtor_new_listings_yoy":-0.0986,"realtor_new_listings_base":-0.3414,"realtor_days_on_market":31.375,"realtor_days_on_market_yoy":0.1383,"realtor_days_on_market_base":-0.3156,"zhvi":315449.688,"zhvi_yoy":0.0421,"zhvi_base":0.6755,"zori":2118.714,"zori_yoy":0.0056,"zori_base":"NA"}},{"type":"MultiPolygon","arcs":[[[-1070,1090,1091]]],"properties":{"postal_code":"60514","realtor_list_price":776878.462,"realtor_list_price_yoy":0.5966,"realtor_list_price_base":0.2904,"realtor_active_listings":16,"realtor_active_listings_yoy":0.3714,"realtor_active_listings_base":-0.7879,"realtor_new_listings":8.667,"realtor_new_listings_yoy":-0.2353,"realtor_new_listings_base":-0.5705,"realtor_days_on_market":41,"realtor_days_on_market_yoy":0.4925,"realtor_days_on_market_base":-0.1985,"zhvi":693222.452,"zhvi_yoy":0.0817,"zhvi_base":0.493,"zori":2680.556,"zori_yoy":"NA","zori_base":"NA"}},{"type":"MultiPolygon","arcs":[[[-1047,1092,1093,-739,1094,-1037,-519]]],"properties":{"postal_code":"60651","realtor_list_price":371110.87,"realtor_list_price_yoy":-0.0581,"realtor_list_price_base":0.7869,"realtor_active_listings":29,"realtor_active_listings_yoy":-0.3095,"realtor_active_listings_base":-0.4794,"realtor_new_listings":15.333,"realtor_new_listings_yoy":-0.0417,"realtor_new_listings_base":-0.4641,"realtor_days_on_market":35.87,"realtor_days_on_market_yoy":-0.0477,"realtor_days_on_market_base":-0.1113,"zhvi":288337.086,"zhvi_yoy":0.0675,"zhvi_base":0.638,"zori":1819.185,"zori_yoy":0.0695,"zori_base":"NA"}},{"type":"MultiPolygon","arcs":[[[1095,1096,1097,-428,-446,1098]]],"properties":{"postal_code":"60564","realtor_list_price":663890.357,"realtor_list_price_yoy":0.0087,"realtor_list_price_base":0.3257,"realtor_active_listings":88.667,"realtor_active_listings_yoy":0,"realtor_active_listings_base":-0.6932,"realtor_new_listings":46.667,"realtor_new_listings_yoy":-0.1358,"realtor_new_listings_base":-0.4163,"realtor_days_on_market":29.371,"realtor_days_on_market_yoy":-0.0503,"realtor_days_on_market_base":-0.399,"zhvi":700234.498,"zhvi_yoy":0.0308,"zhvi_base":0.6427,"zori":2739.331,"zori_yoy":0.0144,"zori_base":"NA"}},{"type":"MultiPolygon","arcs":[[[1099,1100,-673,1101,-676,-429,-1098]]],"properties":{"postal_code":"60565","realtor_list_price":626171.053,"realtor_list_price_yoy":0.0323,"realtor_list_price_base":0.2974,"realtor_active_listings":62,"realtor_active_listings_yoy":0.1205,"realtor_active_listings_base":-0.6676,"realtor_new_listings":38,"realtor_new_listings_yoy":-0.0339,"realtor_new_listings_base":-0.4246,"realtor_days_on_market":25.965,"realtor_days_on_market_yoy":-0.1145,"realtor_days_on_market_base":-0.4371,"zhvi":622428.461,"zhvi_yoy":0.0563,"zhvi_base":0.622,"zori":2202.81,"zori_yoy":0.0172,"zori_base":"NA"}},{"type":"MultiPolygon","arcs":[[[-947,1102]]],"properties":{"postal_code":"60940","realtor_list_price":446250,"realtor_list_price_yoy":0.3731,"realtor_list_price_base":1.0925,"realtor_active_listings":5.667,"realtor_active_listings_yoy":-0.2917,"realtor_active_listings_base":-0.6741,"realtor_new_listings":1.333,"realtor_new_listings_yoy":0,"realtor_new_listings_base":-0.6775,"realtor_days_on_market":54,"realtor_days_on_market_yoy":0.125,"realtor_days_on_market_base":-0.4,"zhvi":301163.286,"zhvi_yoy":0.0944,"zhvi_base":0.5901,"zori":"NA","zori_yoy":"NA","zori_base":"NA"}},{"type":"MultiPolygon","arcs":[[[-569,1103,-1071,-1092,1104,1105,1106]]],"properties":{"postal_code":"60559","realtor_list_price":421619.828,"realtor_list_price_yoy":-0.0511,"realtor_list_price_base":0.1806,"realtor_active_listings":23.667,"realtor_active_listings_yoy":-0.1013,"realtor_active_listings_base":-0.7391,"realtor_new_listings":19.333,"realtor_new_listings_yoy":-0.2368,"realtor_new_listings_base":-0.373,"realtor_days_on_market":28.034,"realtor_days_on_market_yoy":0.1357,"realtor_days_on_market_base":-0.4281,"zhvi":411198.217,"zhvi_yoy":0.0417,"zhvi_base":0.4399,"zori":1969.263,"zori_yoy":0.0113,"zori_base":"NA"}},{"type":"MultiPolygon","arcs":[[[1107,-1039,1108,1109,-40,-637,1110]]],"properties":{"postal_code":"60804","realtor_list_price":303857.714,"realtor_list_price_yoy":0.0227,"realtor_list_price_base":0.5353,"realtor_active_listings":27.333,"realtor_active_listings_yoy":-0.4225,"realtor_active_listings_base":-0.517,"realtor_new_listings":14,"realtor_new_listings_yoy":-0.3636,"realtor_new_listings_base":-0.6433,"realtor_days_on_market":37.667,"realtor_days_on_market_yoy":-0.0847,"realtor_days_on_market_base":0.1644,"zhvi":279704.469,"zhvi_yoy":0.046,"zhvi_base":0.6804,"zori":1303.885,"zori_yoy":0.031,"zori_base":"NA"}},{"type":"MultiPolygon","arcs":[[[-1085,1111,-1034,-1087,-990,-112]]],"properties":{"postal_code":"60805","realtor_list_price":340873.077,"realtor_list_price_yoy":0.0525,"realtor_list_price_base":0.6516,"realtor_active_listings":31,"realtor_active_listings_yoy":0.022,"realtor_active_listings_base":-0.6111,"realtor_new_listings":17.333,"realtor_new_listings_yoy":-0.1613,"realtor_new_listings_base":-0.4732,"realtor_days_on_market":32.538,"realtor_days_on_market_yoy":0.0127,"realtor_days_on_market_base":-0.2095,"zhvi":293817.596,"zhvi_yoy":0.0488,"zhvi_base":0.6394,"zori":"NA","zori_yoy":"NA","zori_base":"NA"}},{"type":"MultiPolygon","arcs":[[[1112,1113]]],"properties":{"postal_code":"60553","realtor_list_price":"NA","realtor_list_price_yoy":"NA","realtor_list_price_base":"NA","realtor_active_listings":1.667,"realtor_active_listings_yoy":0,"realtor_active_listings_base":-0.3517,"realtor_new_listings":0,"realtor_new_listings_yoy":-1,"realtor_new_listings_base":-1,"realtor_days_on_market":"NA","realtor_days_on_market_yoy":"NA","realtor_days_on_market_base":"NA","zhvi":289354.094,"zhvi_yoy":0.0934,"zhvi_base":"NA","zori":"NA","zori_yoy":"NA","zori_base":"NA"}},{"type":"MultiPolygon","arcs":[[[1114,-1059,-1090,-23,-497,1115,-251]]],"properties":{"postal_code":"60554","realtor_list_price":503960.185,"realtor_list_price_yoy":0.0699,"realtor_list_price_base":0.5809,"realtor_active_listings":30.667,"realtor_active_listings_yoy":0.1084,"realtor_active_listings_base":-0.5949,"realtor_new_listings":18,"realtor_new_listings_yoy":0,"realtor_new_listings_base":-0.3583,"realtor_days_on_market":32.481,"realtor_days_on_market_yoy":0.1772,"realtor_days_on_market_base":-0.2123,"zhvi":460027.101,"zhvi_yoy":0.0414,"zhvi_base":0.6355,"zori":"NA","zori_yoy":"NA","zori_base":"NA"}},{"type":"MultiPolygon","arcs":[[[1116,1117,1118,1119,1120,-1000,1121,1122]]],"properties":{"postal_code":"47963","realtor_list_price":184440,"realtor_list_price_yoy":0.1666,"realtor_list_price_base":1.5279,"realtor_active_listings":6.333,"realtor_active_listings_yoy":-0.3214,"realtor_active_listings_base":-0.4014,"realtor_new_listings":3.333,"realtor_new_listings_yoy":-0.2857,"realtor_new_listings_base":0.2907,"realtor_days_on_market":38,"realtor_days_on_market_yoy":-0.0699,"realtor_days_on_market_base":-0.3147,"zhvi":196183.182,"zhvi_yoy":0.0392,"zhvi_base":0.8565,"zori":"NA","zori_yoy":"NA","zori_base":"NA"}},{"type":"MultiPolygon","arcs":[[[-819,1123,1124,-1060,1125,-353]]],"properties":{"postal_code":"60616","realtor_list_price":346736,"realtor_list_price_yoy":-0.0513,"realtor_list_price_base":-0.0132,"realtor_active_listings":102.667,"realtor_active_listings_yoy":-0.0638,"realtor_active_listings_base":-0.3772,"realtor_new_listings":50,"realtor_new_listings_yoy":0.1905,"realtor_new_listings_base":-0.3033,"realtor_days_on_market":37.52,"realtor_days_on_market_yoy":-0.0118,"realtor_days_on_market_base":-0.1393,"zhvi":335833.493,"zhvi_yoy":-0.0081,"zhvi_base":-0.0596,"zori":1800.874,"zori_yoy":0.0423,"zori_base":0.3237}},{"type":"MultiPolygon","arcs":[[[1126,1127,-144,-195,-198]]],"properties":{"postal_code":"60610","realtor_list_price":507779.474,"realtor_list_price_yoy":-0.0897,"realtor_list_price_base":-0.1467,"realtor_active_listings":113,"realtor_active_listings_yoy":-0.4155,"realtor_active_listings_base":-0.7193,"realtor_new_listings":63.333,"realtor_new_listings_yoy":-0.2748,"realtor_new_listings_base":-0.4848,"realtor_days_on_market":31.295,"realtor_days_on_market_yoy":-0.2143,"realtor_days_on_market_base":-0.3577,"zhvi":395254.94,"zhvi_yoy":0.0186,"zhvi_base":-0.013,"zori":2944.842,"zori_yoy":0.0631,"zori_base":0.3644}},{"type":"MultiPolygon","arcs":[[[1128,-1077,1129,-1074,1130,-1127,-201,1131,1132]]],"properties":{"postal_code":"60614","realtor_list_price":825532.374,"realtor_list_price_yoy":-0.0842,"realtor_list_price_base":0.1351,"realtor_active_listings":90.667,"realtor_active_listings_yoy":-0.2295,"realtor_active_listings_base":-0.8349,"realtor_new_listings":92.667,"realtor_new_listings_yoy":0.0146,"realtor_new_listings_base":-0.4366,"realtor_days_on_market":26.554,"realtor_days_on_market_yoy":-0.1928,"realtor_days_on_market_base":-0.3648,"zhvi":676448.341,"zhvi_yoy":0.1013,"zhvi_base":0.2418,"zori":2866.147,"zori_yoy":0.0858,"zori_base":0.5416}},{"type":"MultiPolygon","arcs":[[[1133,-863,1134,-1118]]],"properties":{"postal_code":"47943","realtor_list_price":"NA","realtor_list_price_yoy":"NA","realtor_list_price_base":"NA","realtor_active_listings":1.333,"realtor_active_listings_yoy":0.3333,"realtor_active_listings_base":"NA","realtor_new_listings":0,"realtor_new_listings_yoy":"NaN","realtor_new_listings_base":"NA","realtor_days_on_market":"NA","realtor_days_on_market_yoy":"NA","realtor_days_on_market_base":"NA","zhvi":362104.874,"zhvi_yoy":0.0576,"zhvi_base":0.8131,"zori":"NA","zori_yoy":"NA","zori_base":"NA"}},{"type":"MultiPolygon","arcs":[[[-354,-1126,-1063,1135,-771,-260,1136,-43]]],"properties":{"postal_code":"60609","realtor_list_price":274030.769,"realtor_list_price_yoy":0.0142,"realtor_list_price_base":0.3565,"realtor_active_listings":39.333,"realtor_active_listings_yoy":-0.0923,"realtor_active_listings_base":-0.4225,"realtor_new_listings":17.333,"realtor_new_listings_yoy":-0.1333,"realtor_new_listings_base":-0.2927,"realtor_days_on_market":51.846,"realtor_days_on_market_yoy":0.2228,"realtor_days_on_market_base":-0.0318,"zhvi":259823.386,"zhvi_yoy":0.0334,"zhvi_base":0.322,"zori":1608.158,"zori_yoy":0.015,"zori_base":"NA"}},{"type":"MultiPolygon","arcs":[[[-134,-723,1137,1138,-137]]],"properties":{"postal_code":"60603","realtor_list_price":577137.5,"realtor_list_price_yoy":-0.0253,"realtor_list_price_base":-0.2193,"realtor_active_listings":19.667,"realtor_active_listings_yoy":-0.2805,"realtor_active_listings_base":-0.3945,"realtor_new_listings":4,"realtor_new_listings_yoy":-0.1429,"realtor_new_listings_base":-0.5229,"realtor_days_on_market":49,"realtor_days_on_market_yoy":-0.1891,"realtor_days_on_market_base":-0.2083,"zhvi":343967.047,"zhvi_yoy":-0.0015,"zhvi_base":-0.4463,"zori":2484.25,"zori_yoy":0.055,"zori_base":"NA"}},{"type":"MultiPolygon","arcs":[[[-1139,1139,-817,-138]]],"properties":{"postal_code":"60604","realtor_list_price":855225,"realtor_list_price_yoy":0.4113,"realtor_list_price_base":0.4571,"realtor_active_listings":6.667,"realtor_active_listings_yoy":0.4286,"realtor_active_listings_base":-0.5112,"realtor_new_listings":0.667,"realtor_new_listings_yoy":0,"realtor_new_listings_base":-0.7362,"realtor_days_on_market":52,"realtor_days_on_market_yoy":0.4857,"realtor_days_on_market_base":-0.2069,"zhvi":327225.442,"zhvi_yoy":0.0392,"zhvi_base":-0.043,"zori":"NA","zori_yoy":"NA","zori_base":"NA"}},{"type":"MultiPolygon","arcs":[[[-1122,-999,1140]]],"properties":{"postal_code":"47951","realtor_list_price":189850,"realtor_list_price_yoy":0.0321,"realtor_list_price_base":1.1984,"realtor_active_listings":9,"realtor_active_listings_yoy":-0.1,"realtor_active_listings_base":-0.3126,"realtor_new_listings":0.667,"realtor_new_listings_yoy":-0.75,"realtor_new_listings_base":-0.8082,"realtor_days_on_market":43,"realtor_days_on_market_yoy":-0.0753,"realtor_days_on_market_base":-0.2901,"zhvi":178923.044,"zhvi_yoy":0.0227,"zhvi_base":0.8106,"zori":"NA","zori_yoy":"NA","zori_base":"NA"}},{"type":"MultiPolygon","arcs":[[[-431,-675,1141,-273,-384,-926,-382,-925,-491]]],"properties":{"postal_code":"60446","realtor_list_price":324877.016,"realtor_list_price_yoy":-0.0103,"realtor_list_price_base":0.4969,"realtor_active_listings":48.333,"realtor_active_listings_yoy":0.2083,"realtor_active_listings_base":-0.5373,"realtor_new_listings":41.333,"realtor_new_listings_yoy":0.1923,"realtor_new_listings_base":-0.4091,"realtor_days_on_market":30.903,"realtor_days_on_market_yoy":0.1833,"realtor_days_on_market_base":-0.1779,"zhvi":321391.966,"zhvi_yoy":0.0255,"zhvi_base":0.6022,"zori":2104.381,"zori_yoy":0.0289,"zori_base":"NA"}},{"type":"MultiPolygon","arcs":[[[1142,1143,-357,-745]]],"properties":{"postal_code":"60626","realtor_list_price":275414.773,"realtor_list_price_yoy":0.037,"realtor_list_price_base":0.5151,"realtor_active_listings":28.667,"realtor_active_listings_yoy":-0.415,"realtor_active_listings_base":-0.7758,"realtor_new_listings":29.333,"realtor_new_listings_yoy":-0.0435,"realtor_new_listings_base":-0.4933,"realtor_days_on_market":27.432,"realtor_days_on_market_yoy":-0.1188,"realtor_days_on_market_base":-0.2955,"zhvi":267749.833,"zhvi_yoy":0.0566,"zhvi_base":0.4035,"zori":1729.827,"zori_yoy":0.0711,"zori_base":0.5284}},{"type":"MultiPolygon","arcs":[[[1144,-732,-874,1145,-582,1146,-53]]],"properties":{"postal_code":"60438","realtor_list_price":210428.017,"realtor_list_price_yoy":-0.0483,"realtor_list_price_base":0.6537,"realtor_active_listings":86.667,"realtor_active_listings_yoy":-0.2758,"realtor_active_listings_base":-0.3209,"realtor_new_listings":38.667,"realtor_new_listings_yoy":-0.0794,"realtor_new_listings_base":-0.3705,"realtor_days_on_market":47.466,"realtor_days_on_market_yoy":0.0623,"realtor_days_on_market_base":-0.0545,"zhvi":202537.212,"zhvi_yoy":0.0147,"zhvi_base":0.7817,"zori":1716.711,"zori_yoy":"NA","zori_base":"NA"}},{"type":"MultiPolygon","arcs":[[[1147,-742,-355,-41,-1110]]],"properties":{"postal_code":"60623","realtor_list_price":279565.385,"realtor_list_price_yoy":0.325,"realtor_list_price_base":1.6143,"realtor_active_listings":21.667,"realtor_active_listings_yoy":1.1667,"realtor_active_listings_base":-0.1814,"realtor_new_listings":8.667,"realtor_new_listings_yoy":0.8571,"realtor_new_listings_base":-0.3278,"realtor_days_on_market":68.923,"realtor_days_on_market_yoy":0.5414,"realtor_days_on_market_base":0.2077,"zhvi":226246.52,"zhvi_yoy":0.0241,"zhvi_base":0.7531,"zori":1596.68,"zori_yoy":0.0546,"zori_base":"NA"}},{"type":"MultiPolygon","arcs":[[[-812,1148]]],"properties":{"postal_code":"61052","realtor_list_price":423650,"realtor_list_price_yoy":"NA","realtor_list_price_base":"NA","realtor_active_listings":1.333,"realtor_active_listings_yoy":1,"realtor_active_listings_base":-0.6317,"realtor_new_listings":1.333,"realtor_new_listings_yoy":"Inf","realtor_new_listings_base":-0.381,"realtor_days_on_market":8.5,"realtor_days_on_market_yoy":"NA","realtor_days_on_market_base":"NA","zhvi":267325.495,"zhvi_yoy":0.1028,"zhvi_base":0.7609,"zori":"NA","zori_yoy":"NA","zori_base":"NA"}},{"type":"MultiPolygon","arcs":[[[1149,1150,1151,-634,1152,1153,-911]]],"properties":{"postal_code":"60436","realtor_list_price":267794.444,"realtor_list_price_yoy":0.239,"realtor_list_price_base":1.1465,"realtor_active_listings":23.333,"realtor_active_listings_yoy":-0.3137,"realtor_active_listings_base":-0.3789,"realtor_new_listings":18,"realtor_new_listings_yoy":-0.2703,"realtor_new_listings_base":-0.2449,"realtor_days_on_market":28.111,"realtor_days_on_market_yoy":-0.1943,"realtor_days_on_market_base":-0.3009,"zhvi":229978.097,"zhvi_yoy":0.0006,"zhvi_base":0.6348,"zori":"NA","zori_yoy":"NA","zori_base":"NA"}},{"type":"MultiPolygon","arcs":[[[-419,-73,-366,-751,1154,-412,1155,-410]]],"properties":{"postal_code":"60428","realtor_list_price":177211.207,"realtor_list_price_yoy":0.0427,"realtor_list_price_base":1.2536,"realtor_active_listings":46.667,"realtor_active_listings_yoy":-0.2308,"realtor_active_listings_base":0.1182,"realtor_new_listings":19.333,"realtor_new_listings_yoy":0.1154,"realtor_new_listings_base":0.0789,"realtor_days_on_market":47.034,"realtor_days_on_market_yoy":-0.2196,"realtor_days_on_market_base":-0.1961,"zhvi":157311.289,"zhvi_yoy":0.024,"zhvi_base":1.0615,"zori":"NA","zori_yoy":"NA","zori_base":"NA"}},{"type":"MultiPolygon","arcs":[[[1156,-494,1157,-1150,-910]],[[1158,-908]],[[1159,-913,-735]]],"properties":{"postal_code":"60431","realtor_list_price":375488.895,"realtor_list_price_yoy":0.0409,"realtor_list_price_base":0.53,"realtor_active_listings":55.667,"realtor_active_listings_yoy":0.1133,"realtor_active_listings_base":-0.5355,"realtor_new_listings":38,"realtor_new_listings_yoy":-0.1364,"realtor_new_listings_base":-0.3349,"realtor_days_on_market":29.298,"realtor_days_on_market_yoy":0.0253,"realtor_days_on_market_base":-0.3911,"zhvi":354321.37,"zhvi_yoy":0.0247,"zhvi_base":0.5531,"zori":"NA","zori_yoy":"NA","zori_base":"NA"}},{"type":"MultiPolygon","arcs":[[[-1135,-862,-914,-219,1160,-997,-1121,1161,-1119]]],"properties":{"postal_code":"47978","realtor_list_price":285541.667,"realtor_list_price_yoy":0.0601,"realtor_list_price_base":0.7399,"realtor_active_listings":22,"realtor_active_listings_yoy":-0.3196,"realtor_active_listings_base":-0.6444,"realtor_new_listings":12,"realtor_new_listings_yoy":-0.1429,"realtor_new_listings_base":0.0576,"realtor_days_on_market":50.333,"realtor_days_on_market_yoy":-0.3547,"realtor_days_on_market_base":-0.2502,"zhvi":255305.416,"zhvi_yoy":0.0424,"zhvi_base":0.7507,"zori":"NA","zori_yoy":"NA","zori_base":"NA"}},{"type":"MultiPolygon","arcs":[[[-107,1162,-899,-239,1163,-575,1164,-577,-61,-707,1165,-670]]],"properties":{"postal_code":"60051","realtor_list_price":470187.723,"realtor_list_price_yoy":0.1403,"realtor_list_price_base":0.6909,"realtor_active_listings":69,"realtor_active_listings_yoy":0.2176,"realtor_active_listings_base":-0.6009,"realtor_new_listings":43.333,"realtor_new_listings_yoy":0.2264,"realtor_new_listings_base":-0.2433,"realtor_days_on_market":29.262,"realtor_days_on_market_yoy":-0.1693,"realtor_days_on_market_base":-0.4945,"zhvi":332902.295,"zhvi_yoy":0.0439,"zhvi_base":0.6469,"zori":"NA","zori_yoy":"NA","zori_base":"NA"}},{"type":"MultiPolygon","arcs":[[[-1153,-633,-694,1166,1167]]],"properties":{"postal_code":"60421","realtor_list_price":387450,"realtor_list_price_yoy":0.0778,"realtor_list_price_base":0.6586,"realtor_active_listings":8.333,"realtor_active_listings_yoy":0.4706,"realtor_active_listings_base":-0.5332,"realtor_new_listings":2.667,"realtor_new_listings_yoy":-0.3333,"realtor_new_listings_base":-0.5287,"realtor_days_on_market":64,"realtor_days_on_market_yoy":0.8199,"realtor_days_on_market_base":0.1097,"zhvi":320615.837,"zhvi_yoy":0.0486,"zhvi_base":0.5579,"zori":"NA","zori_yoy":"NA","zori_base":"NA"}},{"type":"MultiPolygon","arcs":[[[-802,-804,-953]],[[-915,-481,-782,-304,-805,-801,-952]]],"properties":{"postal_code":"60172","realtor_list_price":428536.25,"realtor_list_price_yoy":0.0502,"realtor_list_price_base":0.4631,"realtor_active_listings":34.333,"realtor_active_listings_yoy":0.6094,"realtor_active_listings_base":-0.6601,"realtor_new_listings":26.667,"realtor_new_listings_yoy":0.0811,"realtor_new_listings_base":-0.4544,"realtor_days_on_market":27.05,"realtor_days_on_market_yoy":0.082,"realtor_days_on_market_base":-0.3584,"zhvi":383263.13,"zhvi_yoy":0.0405,"zhvi_base":0.4759,"zori":2307.106,"zori_yoy":"NA","zori_base":"NA"}},{"type":"MultiPolygon","arcs":[[[-262,-773,1168,-1001,-1035,-1112,-1084]]],"properties":{"postal_code":"60620","realtor_list_price":280405.405,"realtor_list_price_yoy":0.12,"realtor_list_price_base":1.1459,"realtor_active_listings":96,"realtor_active_listings_yoy":-0.2258,"realtor_active_listings_base":-0.5084,"realtor_new_listings":49.333,"realtor_new_listings_yoy":-0.0864,"realtor_new_listings_base":-0.4073,"realtor_days_on_market":36.432,"realtor_days_on_market_yoy":-0.0726,"realtor_days_on_market_base":-0.3218,"zhvi":186996.039,"zhvi_yoy":0.016,"zhvi_base":0.4818,"zori":1359.229,"zori_yoy":0.0132,"zori_base":0.5102}},{"type":"MultiPolygon","arcs":[[[-461,-992,-1088,-935,-36,-578,-1044,-1012]]],"properties":{"postal_code":"60803","realtor_list_price":268160.484,"realtor_list_price_yoy":-0.0353,"realtor_list_price_base":0.5272,"realtor_active_listings":36,"realtor_active_listings_yoy":0.1739,"realtor_active_listings_base":-0.4733,"realtor_new_listings":20.667,"realtor_new_listings_yoy":0.1071,"realtor_new_listings_base":-0.3668,"realtor_days_on_market":33.774,"realtor_days_on_market_yoy":-0.0637,"realtor_days_on_market_base":-0.1791,"zhvi":272045.037,"zhvi_yoy":0.0574,"zhvi_base":0.6946,"zori":1604.722,"zori_yoy":0.0477,"zori_base":"NA"}},{"type":"MultiPolygon","arcs":[[[1169,1170,1171,-567,-828,1172],[1173]]],"properties":{"postal_code":"60148","realtor_list_price":418203.297,"realtor_list_price_yoy":0.0914,"realtor_list_price_base":0.4715,"realtor_active_listings":99,"realtor_active_listings_yoy":0.5309,"realtor_active_listings_base":-0.4658,"realtor_new_listings":60.667,"realtor_new_listings_yoy":0.046,"realtor_new_listings_base":-0.3387,"realtor_days_on_market":31.681,"realtor_days_on_market_yoy":0.0964,"realtor_days_on_market_base":-0.2326,"zhvi":388572.126,"zhvi_yoy":0.0502,"zhvi_base":0.4648,"zori":2086.639,"zori_yoy":0.0217,"zori_base":"NA"}},{"type":"MultiPolygon","arcs":[[[-825,1174]],[[1175,-904]],[[1176,-954,-810,-951,-808,1177,-830,1178,-902,-882]]],"properties":{"postal_code":"60188","realtor_list_price":366783.163,"realtor_list_price_yoy":-0.0217,"realtor_list_price_base":0.3395,"realtor_active_listings":43.667,"realtor_active_listings_yoy":0.1008,"realtor_active_listings_base":-0.5186,"realtor_new_listings":32.667,"realtor_new_listings_yoy":-0.1833,"realtor_new_listings_base":-0.3658,"realtor_days_on_market":34.816,"realtor_days_on_market_yoy":0.49,"realtor_days_on_market_base":-0.0515,"zhvi":387800.172,"zhvi_yoy":0.0367,"zhvi_base":0.538,"zori":1851.681,"zori_yoy":0.0215,"zori_base":"NA"}},{"type":"MultiPolygon","arcs":[[[-1082,-1028,-11,-233,-52,-1017,-268,1179]]],"properties":{"postal_code":"60480","realtor_list_price":470980,"realtor_list_price_yoy":0.1397,"realtor_list_price_base":0.7271,"realtor_active_listings":8,"realtor_active_listings_yoy":-0.5,"realtor_active_listings_base":-0.8067,"realtor_new_listings":6.667,"realtor_new_listings_yoy":-0.2857,"realtor_new_listings_base":-0.4197,"realtor_days_on_market":29.2,"realtor_days_on_market_yoy":-0.1448,"realtor_days_on_market_base":-0.4757,"zhvi":396172.236,"zhvi_yoy":0.0794,"zhvi_base":0.4888,"zori":2329.417,"zori_yoy":"NA","zori_base":"NA"}},{"type":"MultiPolygon","arcs":[[[-496]],[[-493,-924,-393,-927,-390,1180,-1151,-1158]]],"properties":{"postal_code":"60435","realtor_list_price":297846.951,"realtor_list_price_yoy":0.031,"realtor_list_price_base":0.7775,"realtor_active_listings":59.333,"realtor_active_listings_yoy":-0.1055,"realtor_active_listings_base":-0.46,"realtor_new_listings":54.667,"realtor_new_listings_yoy":0.1081,"realtor_new_listings_base":-0.2997,"realtor_days_on_market":25.39,"realtor_days_on_market_yoy":-0.1529,"realtor_days_on_market_base":-0.3203,"zhvi":278515.143,"zhvi_yoy":0.0168,"zhvi_base":0.5691,"zori":1584.444,"zori_yoy":0.061,"zori_base":"NA"}},{"type":"MultiPolygon","arcs":[[[-1011,-1007,-1080,1181,-649,-981,1182,-766]]],"properties":{"postal_code":"60630","realtor_list_price":511617.157,"realtor_list_price_yoy":0.1149,"realtor_list_price_base":0.5131,"realtor_active_listings":39.333,"realtor_active_listings_yoy":-0.0084,"realtor_active_listings_base":-0.7187,"realtor_new_listings":34,"realtor_new_listings_yoy":0.1591,"realtor_new_listings_base":-0.5249,"realtor_days_on_market":26.627,"realtor_days_on_market_yoy":-0.1749,"realtor_days_on_market_base":-0.2739,"zhvi":425804.081,"zhvi_yoy":0.0813,"zhvi_base":0.4807,"zori":1832.854,"zori_yoy":0.0556,"zori_base":"NA"}},{"type":"MultiPolygon","arcs":[[[-972,1183,-424,1184,1185,1186]]],"properties":{"postal_code":"60085","realtor_list_price":260902.439,"realtor_list_price_yoy":0.1297,"realtor_list_price_base":0.964,"realtor_active_listings":32,"realtor_active_listings_yoy":-0.1028,"realtor_active_listings_base":-0.5345,"realtor_new_listings":27.333,"realtor_new_listings_yoy":-0.1087,"realtor_new_listings_base":-0.3601,"realtor_days_on_market":31.415,"realtor_days_on_market_yoy":-0.0665,"realtor_days_on_market_base":-0.2776,"zhvi":240038.11,"zhvi_yoy":0.0696,"zhvi_base":0.8607,"zori":1730.423,"zori_yoy":0.0207,"zori_base":"NA"}},{"type":"MultiPolygon","arcs":[[[-592,-845,1187,-831,1188]]],"properties":{"postal_code":"60152","realtor_list_price":406552.381,"realtor_list_price_yoy":-0.074,"realtor_list_price_base":0.493,"realtor_active_listings":21.667,"realtor_active_listings_yoy":-0.1558,"realtor_active_listings_base":-0.6861,"realtor_new_listings":14,"realtor_new_listings_yoy":0.05,"realtor_new_listings_base":-0.3589,"realtor_days_on_market":38.048,"realtor_days_on_market_yoy":-0.0898,"realtor_days_on_market_base":-0.3194,"zhvi":364048.207,"zhvi_yoy":0.0635,"zhvi_base":0.7886,"zori":"NA","zori_yoy":"NA","zori_base":"NA"}},{"type":"MultiPolygon","arcs":[[[-619,-976,-311,-7,1189,1190,-35,1191,-650,-701,-977]]],"properties":{"postal_code":"60025","realtor_list_price":648086.066,"realtor_list_price_yoy":-0.053,"realtor_list_price_base":0.1526,"realtor_active_listings":62,"realtor_active_listings_yoy":-0.0837,"realtor_active_listings_base":-0.7948,"realtor_new_listings":40.667,"realtor_new_listings_yoy":-0.2179,"realtor_new_listings_base":-0.4646,"realtor_days_on_market":29.033,"realtor_days_on_market_yoy":-0.0541,"realtor_days_on_market_base":-0.4769,"zhvi":641661.14,"zhvi_yoy":0.1043,"zhvi_base":0.4421,"zori":2483.754,"zori_yoy":0.0425,"zori_base":"NA"}},{"type":"MultiPolygon","arcs":[[[-974]],[[-969,-601]],[[-603,-973,-1187,1192,-404,1193,1194,-401,-332]]],"properties":{"postal_code":"60031","realtor_list_price":415431.154,"realtor_list_price_yoy":0.0214,"realtor_list_price_base":0.3253,"realtor_active_listings":49,"realtor_active_listings_yoy":-0.0068,"realtor_active_listings_base":-0.7438,"realtor_new_listings":43.333,"realtor_new_listings_yoy":0.0317,"realtor_new_listings_base":-0.3501,"realtor_days_on_market":26.323,"realtor_days_on_market_yoy":0.0124,"realtor_days_on_market_base":-0.4416,"zhvi":380033.272,"zhvi_yoy":0.0547,"zhvi_base":0.5715,"zori":1956.916,"zori_yoy":0.0359,"zori_base":"NA"}},{"type":"MultiPolygon","arcs":[[[-128,-495,-1157,-909,-1159,-907,-1160,-734]]],"properties":{"postal_code":"60586","realtor_list_price":416401,"realtor_list_price_yoy":0.0198,"realtor_list_price_base":0.6039,"realtor_active_listings":86,"realtor_active_listings_yoy":0.1622,"realtor_active_listings_base":-0.4059,"realtor_new_listings":56.667,"realtor_new_listings_yoy":0,"realtor_new_listings_base":-0.3551,"realtor_days_on_market":28.824,"realtor_days_on_market_yoy":0.062,"realtor_days_on_market_base":-0.2665,"zhvi":393922.795,"zhvi_yoy":0.0164,"zhvi_base":0.5998,"zori":3053.417,"zori_yoy":0.0716,"zori_base":"NA"}},{"type":"MultiPolygon","arcs":[[[-1156,-411]],[[-413,-1155,-750,-530,-754,-886,-528,-885,-610,-1049]]],"properties":{"postal_code":"60478","realtor_list_price":221857.432,"realtor_list_price_yoy":0.0873,"realtor_list_price_base":0.6451,"realtor_active_listings":53.667,"realtor_active_listings_yoy":-0.139,"realtor_active_listings_base":-0.1696,"realtor_new_listings":24.667,"realtor_new_listings_yoy":-0.1395,"realtor_new_listings_base":-0.0286,"realtor_days_on_market":42.73,"realtor_days_on_market_yoy":0.027,"realtor_days_on_market_base":-0.1957,"zhvi":217297.587,"zhvi_yoy":0.0535,"zhvi_base":0.6823,"zori":"NA","zori_yoy":"NA","zori_base":"NA"}},{"type":"MultiPolygon","arcs":[[[-388,1195]],[[1196,-386,1197,-728,-889,-690,-631]]],"properties":{"postal_code":"60451","realtor_list_price":502014.769,"realtor_list_price_yoy":0.0181,"realtor_list_price_base":0.5092,"realtor_active_listings":73.333,"realtor_active_listings_yoy":0.457,"realtor_active_listings_base":-0.4973,"realtor_new_listings":52,"realtor_new_listings_yoy":0.322,"realtor_new_listings_base":-0.1649,"realtor_days_on_market":40.41,"realtor_days_on_market_yoy":0.0847,"realtor_days_on_market_base":-0.1581,"zhvi":455699.995,"zhvi_yoy":0.0271,"zhvi_base":0.6531,"zori":2549,"zori_yoy":"NA","zori_base":"NA"}},{"type":"MultiPolygon","arcs":[[[1198,-80,1199,-970,-599,-950]]],"properties":{"postal_code":"60099","realtor_list_price":308548.75,"realtor_list_price_yoy":0.1337,"realtor_list_price_base":1.3244,"realtor_active_listings":37.667,"realtor_active_listings_yoy":-0.096,"realtor_active_listings_base":-0.6219,"realtor_new_listings":26.667,"realtor_new_listings_yoy":-0.2157,"realtor_new_listings_base":-0.4478,"realtor_days_on_market":38.525,"realtor_days_on_market_yoy":0.3204,"realtor_days_on_market_base":-0.178,"zhvi":270437.517,"zhvi_yoy":0.0777,"zhvi_base":0.869,"zori":1394.833,"zori_yoy":"NA","zori_base":"NA"}},{"type":"MultiPolygon","arcs":[[[1200,-769,-986,-275]]],"properties":{"postal_code":"60176","realtor_list_price":382325,"realtor_list_price_yoy":0.0562,"realtor_list_price_base":0.8709,"realtor_active_listings":19.333,"realtor_active_listings_yoy":0.0545,"realtor_active_listings_base":-0.4195,"realtor_new_listings":6.667,"realtor_new_listings_yoy":-0.4737,"realtor_new_listings_base":-0.6164,"realtor_days_on_market":33,"realtor_days_on_market_yoy":-0.0309,"realtor_days_on_market_base":-0.1364,"zhvi":316370.483,"zhvi_yoy":0.088,"zhvi_base":0.6749,"zori":"NA","zori_yoy":"NA","zori_base":"NA"}},{"type":"MultiPolygon","arcs":[[[-1192,-34,-1191,1201,-651]]],"properties":{"postal_code":"60053","realtor_list_price":478503.659,"realtor_list_price_yoy":-0.0774,"realtor_list_price_base":0.3404,"realtor_active_listings":41.333,"realtor_active_listings_yoy":0.0973,"realtor_active_listings_base":-0.6926,"realtor_new_listings":27.333,"realtor_new_listings_yoy":-0.0889,"realtor_new_listings_base":-0.4895,"realtor_days_on_market":29.171,"realtor_days_on_market_yoy":0.0849,"realtor_days_on_market_base":-0.3243,"zhvi":455201.631,"zhvi_yoy":0.0883,"zhvi_base":0.5453,"zori":2355.222,"zori_yoy":0.0958,"zori_base":"NA"}},{"type":"MultiPolygon","arcs":[[[1202,1203,1204]]],"properties":{"postal_code":"46301","realtor_list_price":1280000,"realtor_list_price_yoy":0.6853,"realtor_list_price_base":1.0131,"realtor_active_listings":6.667,"realtor_active_listings_yoy":0.3333,"realtor_active_listings_base":-0.6487,"realtor_new_listings":0.667,"realtor_new_listings_yoy":-0.6667,"realtor_new_listings_base":-0.8044,"realtor_days_on_market":89,"realtor_days_on_market_yoy":0.6182,"realtor_days_on_market_base":-0.1201,"zhvi":682365.92,"zhvi_yoy":0.1104,"zhvi_base":0.7595,"zori":"NA","zori_yoy":"NA","zori_base":"NA"}},{"type":"MultiPolygon","arcs":[[[-1185,-427,1205,-422,1206,1207,1208]]],"properties":{"postal_code":"60044","realtor_list_price":626355.882,"realtor_list_price_yoy":-0.1605,"realtor_list_price_base":-0.0326,"realtor_active_listings":17,"realtor_active_listings_yoy":-0.407,"realtor_active_listings_base":-0.8336,"realtor_new_listings":11.333,"realtor_new_listings_yoy":0,"realtor_new_listings_base":-0.4959,"realtor_days_on_market":30.706,"realtor_days_on_market_yoy":-0.3958,"realtor_days_on_market_base":-0.5992,"zhvi":668116.654,"zhvi_yoy":0.0968,"zhvi_base":0.575,"zori":2118.167,"zori_yoy":"NA","zori_base":"NA"}},{"type":"MultiPolygon","arcs":[[[-1183,-980,-767]]],"properties":{"postal_code":"60706","realtor_list_price":457064.516,"realtor_list_price_yoy":0.0702,"realtor_list_price_base":0.3245,"realtor_active_listings":33.667,"realtor_active_listings_yoy":0.086,"realtor_active_listings_base":-0.6331,"realtor_new_listings":20.667,"realtor_new_listings_yoy":0.0333,"realtor_new_listings_base":-0.5001,"realtor_days_on_market":29.484,"realtor_days_on_market_yoy":-0.0928,"realtor_days_on_market_base":-0.2322,"zhvi":412491.508,"zhvi_yoy":0.0684,"zhvi_base":0.498,"zori":1980.556,"zori_yoy":"NA","zori_base":"NA"}},{"type":"MultiPolygon","arcs":[[[-646,1209,-1133,1210,-1093,-1046]]],"properties":{"postal_code":"60647","realtor_list_price":675657.558,"realtor_list_price_yoy":0.13,"realtor_list_price_base":0.3185,"realtor_active_listings":58.667,"realtor_active_listings_yoy":-0.2446,"realtor_active_listings_base":-0.7364,"realtor_new_listings":57.333,"realtor_new_listings_yoy":-0.1134,"realtor_new_listings_base":-0.4606,"realtor_days_on_market":28.384,"realtor_days_on_market_yoy":0.0034,"realtor_days_on_market_base":-0.1329,"zhvi":584115.161,"zhvi_yoy":0.09,"zhvi_base":0.1619,"zori":2338.993,"zori_yoy":0.0733,"zori_base":0.4363}},{"type":"MultiPolygon","arcs":[[[-561,-702,-607,-994,-770,-1201,-274,-510,-477,-918]]],"properties":{"postal_code":"60018","realtor_list_price":534552.419,"realtor_list_price_yoy":0.1749,"realtor_list_price_base":0.7128,"realtor_active_listings":30,"realtor_active_listings_yoy":0.2676,"realtor_active_listings_base":-0.5812,"realtor_new_listings":20.667,"realtor_new_listings_yoy":0.4762,"realtor_new_listings_base":-0.3314,"realtor_days_on_market":31.29,"realtor_days_on_market_yoy":-0.1036,"realtor_days_on_market_base":-0.2726,"zhvi":396053.97,"zhvi_yoy":0.0748,"zhvi_base":0.5852,"zori":"NA","zori_yoy":"NA","zori_base":"NA"}},{"type":"MultiPolygon","arcs":[[[-20,1211,1212,-448,-490,-126]]],"properties":{"postal_code":"60543","realtor_list_price":488923.319,"realtor_list_price_yoy":0.0523,"realtor_list_price_base":0.6637,"realtor_active_listings":98,"realtor_active_listings_yoy":0.2,"realtor_active_listings_base":-0.4644,"realtor_new_listings":60.667,"realtor_new_listings_yoy":-0.09,"realtor_new_listings_base":-0.2482,"realtor_days_on_market":34.912,"realtor_days_on_market_yoy":0.0621,"realtor_days_on_market_base":-0.2605,"zhvi":422140.435,"zhvi_yoy":0.0308,"zhvi_base":0.6472,"zori":2481.869,"zori_yoy":0.0288,"zori_base":"NA"}},{"type":"MultiPolygon","arcs":[[[1213]],[[1214,1215]],[[1216,1217]],[[-570,-1107,1218,1219,-338]],[[1220]]],"properties":{"postal_code":"60516","realtor_list_price":521267.568,"realtor_list_price_yoy":0.0241,"realtor_list_price_base":0.2666,"realtor_active_listings":34.333,"realtor_active_listings_yoy":-0.2197,"realtor_active_listings_base":-0.7513,"realtor_new_listings":24.667,"realtor_new_listings_yoy":-0.1778,"realtor_new_listings_base":-0.4572,"realtor_days_on_market":30,"realtor_days_on_market_yoy":-0.0866,"realtor_days_on_market_base":-0.3749,"zhvi":506707.712,"zhvi_yoy":0.0616,"zhvi_base":0.492,"zori":2014.111,"zori_yoy":"NA","zori_base":"NA"}},{"type":"MultiPolygon","arcs":[[[-642,-540,-641,-69,-543]]],"properties":{"postal_code":"60110","realtor_list_price":320140.789,"realtor_list_price_yoy":0.0715,"realtor_list_price_base":0.5051,"realtor_active_listings":26,"realtor_active_listings_yoy":-0.1034,"realtor_active_listings_base":-0.6982,"realtor_new_listings":25.333,"realtor_new_listings_yoy":-0.0952,"realtor_new_listings_base":-0.5031,"realtor_days_on_market":27.421,"realtor_days_on_market_yoy":-0.0046,"realtor_days_on_market_base":-0.3326,"zhvi":294537.082,"zhvi_yoy":0.0437,"zhvi_base":0.6836,"zori":2278.333,"zori_yoy":"NA","zori_base":"NA"}},{"type":"MultiPolygon","arcs":[[[-270,-1020,-1043,-1016,-725,1221]]],"properties":{"postal_code":"60467","realtor_list_price":542906.5,"realtor_list_price_yoy":0.0807,"realtor_list_price_base":0.2787,"realtor_active_listings":53,"realtor_active_listings_yoy":-0.0422,"realtor_active_listings_base":-0.6447,"realtor_new_listings":29.333,"realtor_new_listings_yoy":-0.1852,"realtor_new_listings_base":-0.386,"realtor_days_on_market":35.909,"realtor_days_on_market_yoy":0.1788,"realtor_days_on_market_base":-0.3355,"zhvi":487318.517,"zhvi_yoy":0.062,"zhvi_base":0.463,"zori":"NA","zori_yoy":"NA","zori_base":"NA"}},{"type":"MultiPolygon","arcs":[[[1222,1223,-837,-966,-835,-967,-833,-820,-968,-960,-533]]],"properties":{"postal_code":"60178","realtor_list_price":441338.368,"realtor_list_price_yoy":0.2248,"realtor_list_price_base":0.6755,"realtor_active_listings":47.333,"realtor_active_listings_yoy":0.0365,"realtor_active_listings_base":-0.534,"realtor_new_listings":25.333,"realtor_new_listings_yoy":-0.24,"realtor_new_listings_base":-0.3807,"realtor_days_on_market":48.579,"realtor_days_on_market_yoy":0.3287,"realtor_days_on_market_base":-0.1834,"zhvi":322197.906,"zhvi_yoy":0.0375,"zhvi_base":0.5815,"zori":1572.917,"zori_yoy":"NA","zori_base":"NA"}},{"type":"MultiPolygon","arcs":[[[1224,-1099,-445,-1213,1225]]],"properties":{"postal_code":"60503","realtor_list_price":460715.114,"realtor_list_price_yoy":0.0446,"realtor_list_price_base":0.733,"realtor_active_listings":46.667,"realtor_active_listings_yoy":0.4433,"realtor_active_listings_base":-0.2103,"realtor_new_listings":23.333,"realtor_new_listings_yoy":-0.1026,"realtor_new_listings_base":-0.3079,"realtor_days_on_market":34.057,"realtor_days_on_market_yoy":0.0085,"realtor_days_on_market_base":-0.0137,"zhvi":417730.954,"zhvi_yoy":0.0176,"zhvi_base":0.6811,"zori":2550,"zori_yoy":"NA","zori_base":"NA"}},{"type":"MultiPolygon","arcs":[[[-626,-989,-779,1226]]],"properties":{"postal_code":"61360","realtor_list_price":291600,"realtor_list_price_yoy":0.0688,"realtor_list_price_base":0.1959,"realtor_active_listings":3.667,"realtor_active_listings_yoy":-0.3889,"realtor_active_listings_base":-0.6955,"realtor_new_listings":2,"realtor_new_listings_yoy":-0.625,"realtor_new_listings_base":-0.4317,"realtor_days_on_market":40.667,"realtor_days_on_market_yoy":0.3013,"realtor_days_on_market_base":-0.3295,"zhvi":234479.967,"zhvi_yoy":0.0346,"zhvi_base":0.4691,"zori":"NA","zori_yoy":"NA","zori_base":"NA"}},{"type":"MultiPolygon","arcs":[[[1227,1228,-1143,-744,-204]]],"properties":{"postal_code":"60202","realtor_list_price":425592.105,"realtor_list_price_yoy":-0.02,"realtor_list_price_base":0.323,"realtor_active_listings":36.333,"realtor_active_listings_yoy":0.0481,"realtor_active_listings_base":-0.6451,"realtor_new_listings":25.333,"realtor_new_listings_yoy":-0.0256,"realtor_new_listings_base":-0.4456,"realtor_days_on_market":30.553,"realtor_days_on_market_yoy":0.0629,"realtor_days_on_market_base":-0.3408,"zhvi":408037.259,"zhvi_yoy":0.0762,"zhvi_base":0.3527,"zori":1997.626,"zori_yoy":0.0533,"zori_base":0.5357}},{"type":"MultiPolygon","arcs":[[[-44,-1137,-264,-1086,-792,-638]]],"properties":{"postal_code":"60629","realtor_list_price":328618.519,"realtor_list_price_yoy":0.0735,"realtor_list_price_base":0.6937,"realtor_active_listings":43.667,"realtor_active_listings_yoy":-0.2339,"realtor_active_listings_base":-0.6632,"realtor_new_listings":36,"realtor_new_listings_yoy":-0.0526,"realtor_new_listings_base":-0.4791,"realtor_days_on_market":24.63,"realtor_days_on_market_yoy":-0.2509,"realtor_days_on_market_base":-0.4495,"zhvi":273184.146,"zhvi_yoy":0.0245,"zhvi_base":0.6105,"zori":1398.194,"zori_yoy":0.0615,"zori_base":"NA"}},{"type":"MultiPolygon","arcs":[[[-1204,1229,1230]]],"properties":{"postal_code":"46360","realtor_list_price":284584.337,"realtor_list_price_yoy":-0.0929,"realtor_list_price_base":0.0018,"realtor_active_listings":126.667,"realtor_active_listings_yoy":-0.0843,"realtor_active_listings_base":-0.3052,"realtor_new_listings":55.333,"realtor_new_listings_yoy":0.0641,"realtor_new_listings_base":-0.1427,"realtor_days_on_market":55.253,"realtor_days_on_market_yoy":-0.0311,"realtor_days_on_market_base":-0.2104,"zhvi":238969.903,"zhvi_yoy":0.051,"zhvi_base":0.8982,"zori":1116.997,"zori_yoy":0.053,"zori_base":"NA"}},{"type":"MultiPolygon","arcs":[[[-777,-453,1231]]],"properties":{"postal_code":"60420","realtor_list_price":232691.667,"realtor_list_price_yoy":0.1759,"realtor_list_price_base":0.7626,"realtor_active_listings":5.667,"realtor_active_listings_yoy":-0.4138,"realtor_active_listings_base":-0.8269,"realtor_new_listings":2,"realtor_new_listings_yoy":-0.7692,"realtor_new_listings_base":-0.7643,"realtor_days_on_market":53.667,"realtor_days_on_market_yoy":1.1802,"realtor_days_on_market_base":-0.3199,"zhvi":211232.823,"zhvi_yoy":0.1196,"zhvi_base":0.8418,"zori":"NA","zori_yoy":"NA","zori_base":"NA"}},{"type":"MultiPolygon","arcs":[[[-1174]],[[-806,-780,-508,-512,-957,1232,-1170,1233],[1234]]],"properties":{"postal_code":"60101","realtor_list_price":433227.907,"realtor_list_price_yoy":0.0702,"realtor_list_price_base":0.4243,"realtor_active_listings":39,"realtor_active_listings_yoy":0.0935,"realtor_active_listings_base":-0.7011,"realtor_new_listings":28.667,"realtor_new_listings_yoy":-0.0444,"realtor_new_listings_base":-0.4553,"realtor_days_on_market":30.326,"realtor_days_on_market_yoy":-0.0878,"realtor_days_on_market_base":-0.3517,"zhvi":378220.664,"zhvi_yoy":0.038,"zhvi_base":0.4805,"zori":1909.278,"zori_yoy":"NA","zori_base":"NA"}},{"type":"MultiPolygon","arcs":[[[-4,1235,-1228,-213,-202]]],"properties":{"postal_code":"60201","realtor_list_price":484461.207,"realtor_list_price_yoy":0.1289,"realtor_list_price_base":0.1041,"realtor_active_listings":50.333,"realtor_active_listings_yoy":-0.0793,"realtor_active_listings_base":-0.6913,"realtor_new_listings":38.667,"realtor_new_listings_yoy":-0.0938,"realtor_new_listings_base":-0.3799,"realtor_days_on_market":33.138,"realtor_days_on_market_yoy":0.1317,"realtor_days_on_market_base":-0.2799,"zhvi":579132.709,"zhvi_yoy":0.0956,"zhvi_base":0.2933,"zori":2709.424,"zori_yoy":0.0396,"zori_base":0.5098}},{"type":"MultiPolygon","arcs":[[[-708,-470,-640,1236]]],"properties":{"postal_code":"60156","realtor_list_price":422232.5,"realtor_list_price_yoy":0.0532,"realtor_list_price_base":0.598,"realtor_active_listings":27.333,"realtor_active_listings_yoy":-0.2115,"realtor_active_listings_base":-0.7838,"realtor_new_listings":26.667,"realtor_new_listings_yoy":-0.1667,"realtor_new_listings_base":-0.5815,"realtor_days_on_market":28.075,"realtor_days_on_market_yoy":0.0209,"realtor_days_on_market_base":-0.3509,"zhvi":380249.617,"zhvi_yoy":0.0396,"zhvi_base":0.757,"zori":2278.75,"zori_yoy":0.0456,"zori_base":"NA"}},{"type":"MultiPolygon","arcs":[[[-844,-590,-709,-1237,-643,-546,-152,-832,-1188]]],"properties":{"postal_code":"60142","realtor_list_price":458283.087,"realtor_list_price_yoy":0.0139,"realtor_list_price_base":0.6487,"realtor_active_listings":80.667,"realtor_active_listings_yoy":0.0168,"realtor_active_listings_base":-0.4532,"realtor_new_listings":61.333,"realtor_new_listings_yoy":-0.0316,"realtor_new_listings_base":-0.1318,"realtor_days_on_market":32.446,"realtor_days_on_market_yoy":-0.0454,"realtor_days_on_market_base":-0.2319,"zhvi":427841.442,"zhvi_yoy":0.0296,"zhvi_base":0.5445,"zori":2550,"zori_yoy":"NA","zori_base":"NA"}},{"type":"MultiPolygon","arcs":[[[-1215,1237,-1219,-1106,1238,-266,1239,-1217,1240],[-1214]]],"properties":{"postal_code":"60561","realtor_list_price":460040.761,"realtor_list_price_yoy":0.0037,"realtor_list_price_base":0.2223,"realtor_active_listings":44.333,"realtor_active_listings_yoy":0.642,"realtor_active_listings_base":-0.589,"realtor_new_listings":30.667,"realtor_new_listings_yoy":0.2778,"realtor_new_listings_base":-0.228,"realtor_days_on_market":26.413,"realtor_days_on_market_yoy":-0.0376,"realtor_days_on_market_base":-0.4469,"zhvi":460298.415,"zhvi_yoy":0.044,"zhvi_base":0.4377,"zori":2217.972,"zori_yoy":0.0217,"zori_base":"NA"}},{"type":"MultiPolygon","arcs":[[[-1031,-799,1241,-1096,-1225,1242,-457]]],"properties":{"postal_code":"60504","realtor_list_price":404599.286,"realtor_list_price_yoy":0.0551,"realtor_list_price_base":0.6633,"realtor_active_listings":76,"realtor_active_listings_yoy":0.5099,"realtor_active_listings_base":-0.2919,"realtor_new_listings":46.667,"realtor_new_listings_yoy":0.25,"realtor_new_listings_base":-0.2684,"realtor_days_on_market":29.771,"realtor_days_on_market_yoy":0.0241,"realtor_days_on_market_base":-0.2176,"zhvi":355417.801,"zhvi_yoy":0.0302,"zhvi_base":0.5874,"zori":2227.284,"zori_yoy":0.0338,"zori_base":0.5771}},{"type":"MultiPolygon","arcs":[[[1243,-963,-1067,1244,1245,-790,-13]]],"properties":{"postal_code":"60556","realtor_list_price":334900,"realtor_list_price_yoy":0.1117,"realtor_list_price_base":"NA","realtor_active_listings":4.667,"realtor_active_listings_yoy":-0.125,"realtor_active_listings_base":-0.4599,"realtor_new_listings":1.333,"realtor_new_listings_yoy":-0.3333,"realtor_new_listings_base":-0.538,"realtor_days_on_market":36,"realtor_days_on_market_yoy":0.3333,"realtor_days_on_market_base":"NA","zhvi":298496.058,"zhvi_yoy":0.07,"zhvi_base":0.7921,"zori":"NA","zori_yoy":"NA","zori_base":"NA"}},{"type":"MultiPolygon","arcs":[[[-1235]],[[-1233,-959,1246,1247,-1171],[1248]]],"properties":{"postal_code":"60181","realtor_list_price":437385.156,"realtor_list_price_yoy":0.1836,"realtor_list_price_base":0.6655,"realtor_active_listings":28,"realtor_active_listings_yoy":0.0244,"realtor_active_listings_base":-0.6567,"realtor_new_listings":21.333,"realtor_new_listings_yoy":-0.2,"realtor_new_listings_base":-0.466,"realtor_days_on_market":25.25,"realtor_days_on_market_yoy":-0.1441,"realtor_days_on_market_base":-0.3457,"zhvi":364473.643,"zhvi_yoy":0.046,"zhvi_base":0.53,"zori":2142.47,"zori_yoy":0.036,"zori_base":"NA"}},{"type":"MultiPolygon","arcs":[[[-1095,-743,-1148,-1109,-1038]]],"properties":{"postal_code":"60624","realtor_list_price":252140.909,"realtor_list_price_yoy":-0.0421,"realtor_list_price_base":1.0931,"realtor_active_listings":19,"realtor_active_listings_yoy":-0.2297,"realtor_active_listings_base":-0.3981,"realtor_new_listings":7.333,"realtor_new_listings_yoy":-0.1538,"realtor_new_listings_base":-0.3259,"realtor_days_on_market":33.909,"realtor_days_on_market_yoy":-0.4384,"realtor_days_on_market_base":-0.4465,"zhvi":228926.29,"zhvi_yoy":0.0788,"zhvi_base":0.5663,"zori":1683.857,"zori_yoy":0.0591,"zori_base":"NA"}},{"type":"MultiPolygon","arcs":[[[-1223,-532,1249]]],"properties":{"postal_code":"60145","realtor_list_price":"NA","realtor_list_price_yoy":"NA","realtor_list_price_base":"NA","realtor_active_listings":2.333,"realtor_active_listings_yoy":0.1667,"realtor_active_listings_base":-0.7778,"realtor_new_listings":0,"realtor_new_listings_yoy":-1,"realtor_new_listings_base":-1,"realtor_days_on_market":"NA","realtor_days_on_market_yoy":"NA","realtor_days_on_market_base":"NA","zhvi":334047.912,"zhvi_yoy":0.0781,"zhvi_base":0.7196,"zori":"NA","zori_yoy":"NA","zori_base":"NA"}},{"type":"MultiPolygon","arcs":[[[-1003,1250,-1025,1251,-936,-995]]],"properties":{"postal_code":"60617","realtor_list_price":240450.868,"realtor_list_price_yoy":0.0268,"realtor_list_price_base":1.0386,"realtor_active_listings":97,"realtor_active_listings_yoy":-0.2988,"realtor_active_listings_base":-0.4998,"realtor_new_listings":50.667,"realtor_new_listings_yoy":-0.1364,"realtor_new_listings_base":-0.181,"realtor_days_on_market":39.105,"realtor_days_on_market_yoy":-0.1029,"realtor_days_on_market_base":-0.3292,"zhvi":178714.297,"zhvi_yoy":0.0413,"zhvi_base":0.5457,"zori":1488.951,"zori_yoy":0.0234,"zori_base":0.5795}},{"type":"MultiPolygon","arcs":[[[-246,-381,-919,1252,-686,-65]]],"properties":{"postal_code":"60074","realtor_list_price":356415.873,"realtor_list_price_yoy":0.234,"realtor_list_price_base":0.3044,"realtor_active_listings":57.667,"realtor_active_listings_yoy":0.0949,"realtor_active_listings_base":-0.6328,"realtor_new_listings":42,"realtor_new_listings_yoy":-0.137,"realtor_new_listings_base":-0.3601,"realtor_days_on_market":32.889,"realtor_days_on_market_yoy":0.215,"realtor_days_on_market_base":-0.1646,"zhvi":316627.632,"zhvi_yoy":0.0415,"zhvi_base":0.4673,"zori":1992.646,"zori_yoy":0.0207,"zori_base":"NA"}},{"type":"MultiPolygon","arcs":[[[-1022,1253,-1075,1254,1255]]],"properties":{"postal_code":"60613","realtor_list_price":355906.858,"realtor_list_price_yoy":0.1935,"realtor_list_price_base":-0.0087,"realtor_active_listings":80.667,"realtor_active_listings_yoy":-0.2244,"realtor_active_listings_base":-0.6998,"realtor_new_listings":75.333,"realtor_new_listings_yoy":0.2283,"realtor_new_listings_base":-0.2751,"realtor_days_on_market":27.46,"realtor_days_on_market_yoy":-0.2212,"realtor_days_on_market_base":-0.2671,"zhvi":358154.369,"zhvi_yoy":0.0873,"zhvi_base":0.2309,"zori":2257.685,"zori_yoy":0.0798,"zori_base":0.4747}},{"type":"MultiPolygon","arcs":[[[-106,-900,-1163]],[[-159,-671,-1166,-706,-395,-588]]],"properties":{"postal_code":"60050","realtor_list_price":359918.868,"realtor_list_price_yoy":0.1262,"realtor_list_price_base":0.5798,"realtor_active_listings":46.667,"realtor_active_listings_yoy":-0.0345,"realtor_active_listings_base":-0.7062,"realtor_new_listings":35.333,"realtor_new_listings_yoy":-0.2319,"realtor_new_listings_base":-0.4333,"realtor_days_on_market":24.358,"realtor_days_on_market_yoy":-0.1394,"realtor_days_on_market_base":-0.5432,"zhvi":316220.409,"zhvi_yoy":0.0522,"zhvi_base":0.6956,"zori":1874.75,"zori_yoy":"NA","zori_base":"NA"}},{"type":"MultiPolygon","arcs":[[[-244,-322,1256,-287,1257,-285,-979,-785,-375,-786,-376],[1258],[1259]]],"properties":{"postal_code":"60089","realtor_list_price":481706.044,"realtor_list_price_yoy":0.048,"realtor_list_price_base":0.3804,"realtor_active_listings":80,"realtor_active_listings_yoy":0.3333,"realtor_active_listings_base":-0.6444,"realtor_new_listings":60.667,"realtor_new_listings_yoy":0.2133,"realtor_new_listings_base":-0.2716,"realtor_days_on_market":24.099,"realtor_days_on_market_yoy":-0.0726,"realtor_days_on_market_base":-0.4075,"zhvi":448136.599,"zhvi_yoy":0.0575,"zhvi_base":0.4769,"zori":2382.585,"zori_yoy":0.0112,"zori_base":"NA"}},{"type":"MultiPolygon","arcs":[[[-1102,-672]],[[-1220,-1238,-1216,-1241,-1218,-1240,-265,-1142,-674,-1101,1260,-339],[-1221]]],"properties":{"postal_code":"60517","realtor_list_price":455307.692,"realtor_list_price_yoy":0.1227,"realtor_list_price_base":0.4163,"realtor_active_listings":40.333,"realtor_active_listings_yoy":0.1415,"realtor_active_listings_base":-0.6037,"realtor_new_listings":26,"realtor_new_listings_yoy":-0.093,"realtor_new_listings_base":-0.4199,"realtor_days_on_market":32,"realtor_days_on_market_yoy":0.1353,"realtor_days_on_market_base":-0.2798,"zhvi":416404.112,"zhvi_yoy":0.0337,"zhvi_base":0.4593,"zori":1653.569,"zori_yoy":0.0082,"zori_base":"NA"}},{"type":"MultiPolygon","arcs":[[[-17,-1089,-458,-1243,-1226,-1212,-19,-124]]],"properties":{"postal_code":"60538","realtor_list_price":338255.814,"realtor_list_price_yoy":0.0006,"realtor_list_price_base":0.4714,"realtor_active_listings":29.667,"realtor_active_listings_yoy":0.3692,"realtor_active_listings_base":-0.7035,"realtor_new_listings":28.667,"realtor_new_listings_yoy":-0.1569,"realtor_new_listings_base":-0.4727,"realtor_days_on_market":27,"realtor_days_on_market_yoy":0.3729,"realtor_days_on_market_base":-0.3028,"zhvi":333879.516,"zhvi_yoy":0.0335,"zhvi_base":0.5529,"zori":2208.611,"zori_yoy":"NA","zori_base":"NA"}},{"type":"MultiPolygon","arcs":[[[-147,-733,-1145,-56,-522,-752,-364]]],"properties":{"postal_code":"60473","realtor_list_price":240535.366,"realtor_list_price_yoy":-0.0142,"realtor_list_price_base":0.6226,"realtor_active_listings":83.667,"realtor_active_listings_yoy":-0.2485,"realtor_active_listings_base":0.0417,"realtor_new_listings":27.333,"realtor_new_listings_yoy":-0.3387,"realtor_new_listings_base":-0.336,"realtor_days_on_market":49.756,"realtor_days_on_market_yoy":0.1589,"realtor_days_on_market_base":0.0358,"zhvi":232894.336,"zhvi_yoy":0.007,"zhvi_base":0.6346,"zori":"NA","zori_yoy":"NA","zori_base":"NA"}},{"type":"MultiPolygon","arcs":[[[-687,-1253,-920,-473,-867,-681,-866,-683,-865]]],"properties":{"postal_code":"60008","realtor_list_price":315230.769,"realtor_list_price_yoy":-0.0271,"realtor_list_price_base":0.2861,"realtor_active_listings":33.667,"realtor_active_listings_yoy":0.086,"realtor_active_listings_base":-0.6332,"realtor_new_listings":26,"realtor_new_listings_yoy":-0.093,"realtor_new_listings_base":-0.3639,"realtor_days_on_market":35,"realtor_days_on_market_yoy":0.4265,"realtor_days_on_market_base":-0.1009,"zhvi":347983.474,"zhvi_yoy":0.0714,"zhvi_base":0.5961,"zori":2028.513,"zori_yoy":0.0281,"zori_base":"NA"}},{"type":"MultiPolygon","arcs":[[[-1194,-403]],[[-1195,-402]],[[-1193,-1186,-1209,1261,1262,-320,-289,-405]]],"properties":{"postal_code":"60048","realtor_list_price":725715.625,"realtor_list_price_yoy":0.0781,"realtor_list_price_base":0.3616,"realtor_active_listings":55,"realtor_active_listings_yoy":0.1458,"realtor_active_listings_base":-0.8023,"realtor_new_listings":26.667,"realtor_new_listings_yoy":-0.0909,"realtor_new_listings_base":-0.5473,"realtor_days_on_market":37.075,"realtor_days_on_market_yoy":0.1644,"realtor_days_on_market_base":-0.4123,"zhvi":639552.611,"zhvi_yoy":0.0787,"zhvi_base":0.4532,"zori":2378,"zori_yoy":0.0869,"zori_base":"NA"}},{"type":"MultiPolygon","arcs":[[[-1202,-1190,-6,-207,-1053,-1008,-652]]],"properties":{"postal_code":"60077","realtor_list_price":373153.571,"realtor_list_price_yoy":-0.1214,"realtor_list_price_base":0.1461,"realtor_active_listings":43.667,"realtor_active_listings_yoy":0.0917,"realtor_active_listings_base":-0.6418,"realtor_new_listings":28,"realtor_new_listings_yoy":0.1053,"realtor_new_listings_base":-0.3964,"realtor_days_on_market":31.905,"realtor_days_on_market_yoy":0.0086,"realtor_days_on_market_base":-0.3019,"zhvi":390375.932,"zhvi_yoy":0.035,"zhvi_base":0.3438,"zori":2369.292,"zori_yoy":0.0541,"zori_base":"NA"}},{"type":"MultiPolygon","arcs":[[[-1062,1263,-553,-1136]]],"properties":{"postal_code":"60615","realtor_list_price":298911.538,"realtor_list_price_yoy":0.1082,"realtor_list_price_base":0.2505,"realtor_active_listings":104.333,"realtor_active_listings_yoy":-0.0399,"realtor_active_listings_base":-0.433,"realtor_new_listings":43.333,"realtor_new_listings_yoy":0.25,"realtor_new_listings_base":-0.2709,"realtor_days_on_market":42.154,"realtor_days_on_market_yoy":-0.0901,"realtor_days_on_market_base":-0.2644,"zhvi":251984.363,"zhvi_yoy":0.0279,"zhvi_base":0.2205,"zori":1861.95,"zori_yoy":0.0348,"zori_base":0.3475}},{"type":"MultiPolygon","arcs":[[[-1176,-903,-1179,-829,-549,-905]]],"properties":{"postal_code":"60187","realtor_list_price":598429.032,"realtor_list_price_yoy":0.0225,"realtor_list_price_base":0.2584,"realtor_active_listings":25.333,"realtor_active_listings_yoy":-0.05,"realtor_active_listings_base":-0.8274,"realtor_new_listings":20.667,"realtor_new_listings_yoy":-0.1389,"realtor_new_listings_base":-0.4873,"realtor_days_on_market":24.29,"realtor_days_on_market_yoy":-0.1719,"realtor_days_on_market_base":-0.5301,"zhvi":504735.136,"zhvi_yoy":0.0545,"zhvi_base":0.445,"zori":2023.238,"zori_yoy":0.0184,"zori_base":"NA"}},{"type":"MultiPolygon","arcs":[[[1264,1265,-929,1266,-222,1267]]],"properties":{"postal_code":"46368","realtor_list_price":320737.838,"realtor_list_price_yoy":0,"realtor_list_price_base":0.6021,"realtor_active_listings":86,"realtor_active_listings_yoy":0.1416,"realtor_active_listings_base":-0.1771,"realtor_new_listings":49.333,"realtor_new_listings_yoy":0.0423,"realtor_new_listings_base":-0.0787,"realtor_days_on_market":45.73,"realtor_days_on_market_yoy":0.0965,"realtor_days_on_market_base":-0.0692,"zhvi":274359.54,"zhvi_yoy":0.0041,"zhvi_base":0.6116,"zori":1483.669,"zori_yoy":0.0403,"zori_base":"NA"}},{"type":"MultiPolygon","arcs":[[[-521,-1040,-1108,1268,-162]]],"properties":{"postal_code":"60304","realtor_list_price":529375,"realtor_list_price_yoy":0.1636,"realtor_list_price_base":0.2808,"realtor_active_listings":11.667,"realtor_active_listings_yoy":-0.3636,"realtor_active_listings_base":-0.8617,"realtor_new_listings":16,"realtor_new_listings_yoy":0.0435,"realtor_new_listings_base":-0.4262,"realtor_days_on_market":21.917,"realtor_days_on_market_yoy":-0.291,"realtor_days_on_market_base":-0.549,"zhvi":511912.477,"zhvi_yoy":0.1038,"zhvi_base":0.3794,"zori":1485.179,"zori_yoy":"NA","zori_base":"NA"}},{"type":"MultiPolygon","arcs":[[[-891,-848,1269,-679]]],"properties":{"postal_code":"46373","realtor_list_price":664365.816,"realtor_list_price_yoy":0.2403,"realtor_list_price_base":0.7198,"realtor_active_listings":115.333,"realtor_active_listings_yoy":0.2674,"realtor_active_listings_base":0.0543,"realtor_new_listings":32.667,"realtor_new_listings_yoy":0.0426,"realtor_new_listings_base":-0.1524,"realtor_days_on_market":65.02,"realtor_days_on_market_yoy":0.0352,"realtor_days_on_market_base":0.1267,"zhvi":458344.901,"zhvi_yoy":0.0184,"zhvi_base":0.4184,"zori":"NA","zori_yoy":"NA","zori_base":"NA"}},{"type":"MultiPolygon","arcs":[[[-948]]],"properties":{"postal_code":"46377","realtor_list_price":"NA","realtor_list_price_yoy":"NA","realtor_list_price_base":"NA","realtor_active_listings":"NA","realtor_active_listings_yoy":"NA","realtor_active_listings_base":"NA","realtor_new_listings":"NA","realtor_new_listings_yoy":"NA","realtor_new_listings_base":"NA","realtor_days_on_market":"NA","realtor_days_on_market_yoy":"NA","realtor_days_on_market_base":"NA","zhvi":180751.744,"zhvi_yoy":0.0287,"zhvi_base":0.8028,"zori":"NA","zori_yoy":"NA","zori_base":"NA"}},{"type":"MultiPolygon","arcs":[[[-660,-179,-945,1270,-864,-1134,-1117,1271]]],"properties":{"postal_code":"46349","realtor_list_price":"NA","realtor_list_price_yoy":"NA","realtor_list_price_base":"NA","realtor_active_listings":9.333,"realtor_active_listings_yoy":-0.0667,"realtor_active_listings_base":-0.357,"realtor_new_listings":0,"realtor_new_listings_yoy":-1,"realtor_new_listings_base":-1,"realtor_days_on_market":"NA","realtor_days_on_market_yoy":"NA","realtor_days_on_market_base":"NA","zhvi":314369.123,"zhvi_yoy":0.0373,"zhvi_base":0.7381,"zori":"NA","zori_yoy":"NA","zori_base":"NA"}},{"type":"MultiPolygon","arcs":[[[-252,-1116,-500,1272,-1064]]],"properties":{"postal_code":"60511","realtor_list_price":"NA","realtor_list_price_yoy":"NA","realtor_list_price_base":"NA","realtor_active_listings":1.333,"realtor_active_listings_yoy":-0.2,"realtor_active_listings_base":-0.898,"realtor_new_listings":0,"realtor_new_listings_yoy":"NaN","realtor_new_listings_base":-1,"realtor_days_on_market":"NA","realtor_days_on_market_yoy":"NA","realtor_days_on_market_base":"NA","zhvi":420293.743,"zhvi_yoy":0.0573,"zhvi_base":0.5991,"zori":"NA","zori_yoy":"NA","zori_base":"NA"}},{"type":"MultiPolygon","arcs":[[[-271,-1222,-724,-1198,-385]]],"properties":{"postal_code":"60491","realtor_list_price":611426.098,"realtor_list_price_yoy":0.0611,"realtor_list_price_base":0.4293,"realtor_active_listings":33.667,"realtor_active_listings_yoy":-0.1513,"realtor_active_listings_base":-0.7443,"realtor_new_listings":27.333,"realtor_new_listings_yoy":0.64,"realtor_new_listings_base":-0.3005,"realtor_days_on_market":32.341,"realtor_days_on_market_yoy":-0.2096,"realtor_days_on_market_base":-0.3672,"zhvi":525723.773,"zhvi_yoy":0.042,"zhvi_base":0.5149,"zori":"NA","zori_yoy":"NA","zori_base":"NA"}},{"type":"MultiPolygon","arcs":[[[-1146,-873,-176,-890,-677,-583]]],"properties":{"postal_code":"46321","realtor_list_price":398435.556,"realtor_list_price_yoy":0.0102,"realtor_list_price_base":0.4942,"realtor_active_listings":59.333,"realtor_active_listings_yoy":-0.2964,"realtor_active_listings_base":-0.2885,"realtor_new_listings":30,"realtor_new_listings_yoy":-0.1,"realtor_new_listings_base":-0.2473,"realtor_days_on_market":48,"realtor_days_on_market_yoy":0.0601,"realtor_days_on_market_base":0.1092,"zhvi":356285.597,"zhvi_yoy":0.0195,"zhvi_base":0.4911,"zori":2124.167,"zori_yoy":"NA","zori_base":"NA"}},{"type":"MultiPolygon","arcs":[[[-437,-467,1273,-172,-872]]],"properties":{"postal_code":"46323","realtor_list_price":207342.105,"realtor_list_price_yoy":-0.0422,"realtor_list_price_base":1.0744,"realtor_active_listings":23.667,"realtor_active_listings_yoy":-0.3661,"realtor_active_listings_base":-0.3495,"realtor_new_listings":25.333,"realtor_new_listings_yoy":0.027,"realtor_new_listings_base":-0.0421,"realtor_days_on_market":33.184,"realtor_days_on_market_yoy":-0.1005,"realtor_days_on_market_base":-0.2464,"zhvi":190656.176,"zhvi_yoy":0.0171,"zhvi_base":0.8547,"zori":1567.056,"zori_yoy":0.0931,"zori_base":"NA"}},{"type":"MultiPolygon","arcs":[[[-807,-1234,-1173,-827,-1178],[-826,-1175]]],"properties":{"postal_code":"60139","realtor_list_price":295699.359,"realtor_list_price_yoy":-0.0157,"realtor_list_price_base":0.3955,"realtor_active_listings":29.333,"realtor_active_listings_yoy":-0.0638,"realtor_active_listings_base":-0.5781,"realtor_new_listings":26,"realtor_new_listings_yoy":-0.3036,"realtor_new_listings_base":-0.4431,"realtor_days_on_market":26.821,"realtor_days_on_market_yoy":-0.0145,"realtor_days_on_market_base":-0.275,"zhvi":324298.045,"zhvi_yoy":0.0444,"zhvi_base":0.6875,"zori":1974.718,"zori_yoy":0.0441,"zori_base":"NA"}},{"type":"MultiPolygon","arcs":[[[-574,-1165]]],"properties":{"postal_code":"60042","realtor_list_price":327510.714,"realtor_list_price_yoy":-0.0357,"realtor_list_price_base":0.3704,"realtor_active_listings":8.667,"realtor_active_listings_yoy":-0.2121,"realtor_active_listings_base":-0.8024,"realtor_new_listings":9.333,"realtor_new_listings_yoy":-0.0667,"realtor_new_listings_base":-0.48,"realtor_days_on_market":20.714,"realtor_days_on_market_yoy":-0.2422,"realtor_days_on_market_base":-0.5915,"zhvi":308823.056,"zhvi_yoy":0.0614,"zhvi_base":0.724,"zori":"NA","zori_yoy":"NA","zori_base":"NA"}},{"type":"MultiPolygon","arcs":[[[-798,-342,-795,-340,-1261,-1100,-1097,-1242]]],"properties":{"postal_code":"60540","realtor_list_price":707109.091,"realtor_list_price_yoy":0.0432,"realtor_list_price_base":0.2813,"realtor_active_listings":76.667,"realtor_active_listings_yoy":0.1558,"realtor_active_listings_base":-0.6779,"realtor_new_listings":44,"realtor_new_listings_yoy":0.2692,"realtor_new_listings_base":-0.3728,"realtor_days_on_market":29,"realtor_days_on_market_yoy":-0.149,"realtor_days_on_market_base":-0.4119,"zhvi":650775.526,"zhvi_yoy":0.0469,"zhvi_base":0.5742,"zori":2331.175,"zori_yoy":0.0529,"zori_base":"NA"}},{"type":"MultiPolygon","arcs":[[[-737,-912,-1154,-1168,1274,-987]]],"properties":{"postal_code":"60410","realtor_list_price":449200,"realtor_list_price_yoy":0.0646,"realtor_list_price_base":0.6346,"realtor_active_listings":52.333,"realtor_active_listings_yoy":0.1716,"realtor_active_listings_base":-0.3122,"realtor_new_listings":16,"realtor_new_listings_yoy":-0.3333,"realtor_new_listings_base":-0.3922,"realtor_days_on_market":46.5,"realtor_days_on_market_yoy":0.2363,"realtor_days_on_market_base":-0.2646,"zhvi":385992.101,"zhvi_yoy":0.0412,"zhvi_base":0.5519,"zori":"NA","zori_yoy":"NA","zori_base":"NA"}},{"type":"MultiPolygon","arcs":[[[-941,-847,-841,-214,-173,-1274,-466,1275]]],"properties":{"postal_code":"46406","realtor_list_price":128343.75,"realtor_list_price_yoy":-0.0384,"realtor_list_price_base":2.4808,"realtor_active_listings":18.333,"realtor_active_listings_yoy":-0.0179,"realtor_active_listings_base":0.1307,"realtor_new_listings":5.333,"realtor_new_listings_yoy":0,"realtor_new_listings_base":0.1632,"realtor_days_on_market":75.25,"realtor_days_on_market_yoy":0.4612,"realtor_days_on_market_base":0.1492,"zhvi":81811.658,"zhvi_yoy":0.0465,"zhvi_base":1.0528,"zori":"NA","zori_yoy":"NA","zori_base":"NA"}},{"type":"MultiPolygon","arcs":[[[1276,-487,-856]]],"properties":{"postal_code":"60408","realtor_list_price":295552.889,"realtor_list_price_yoy":-0.0803,"realtor_list_price_base":0.5597,"realtor_active_listings":8.333,"realtor_active_listings_yoy":-0.4186,"realtor_active_listings_base":-0.6869,"realtor_new_listings":6,"realtor_new_listings_yoy":-0.3571,"realtor_new_listings_base":-0.4819,"realtor_days_on_market":24,"realtor_days_on_market_yoy":-0.2632,"realtor_days_on_market_base":-0.4238,"zhvi":287223.055,"zhvi_yoy":0.0499,"zhvi_base":0.6735,"zori":"NA","zori_yoy":"NA","zori_base":"NA"}},{"type":"MultiPolygon","arcs":[[[1277,-1268,-221,-940]]],"properties":{"postal_code":"46403","realtor_list_price":190385.938,"realtor_list_price_yoy":-0.1548,"realtor_list_price_base":0.5581,"realtor_active_listings":31.667,"realtor_active_listings_yoy":-0.3667,"realtor_active_listings_base":-0.0045,"realtor_new_listings":10.667,"realtor_new_listings_yoy":-0.4483,"realtor_new_listings_base":-0.183,"realtor_days_on_market":58.625,"realtor_days_on_market_yoy":0.2302,"realtor_days_on_market_base":0.1231,"zhvi":154946.045,"zhvi_yoy":-0.0059,"zhvi_base":0.8003,"zori":1516.667,"zori_yoy":"NA","zori_base":"NA"}},{"type":"MultiPolygon","arcs":[[[-1045,-983]],[[-985,-1048,-517,-90,-774,-657]]],"properties":{"postal_code":"60707","realtor_list_price":366146.354,"realtor_list_price_yoy":-0.0234,"realtor_list_price_base":0.3019,"realtor_active_listings":57,"realtor_active_listings_yoy":-0.1276,"realtor_active_listings_base":-0.6274,"realtor_new_listings":32,"realtor_new_listings_yoy":-0.1111,"realtor_new_listings_base":-0.4864,"realtor_days_on_market":33.375,"realtor_days_on_market_yoy":-0.0419,"realtor_days_on_market_base":-0.1843,"zhvi":356232.404,"zhvi_yoy":0.0549,"zhvi_base":0.4437,"zori":1772.857,"zori_yoy":0.0421,"zori_base":"NA"}},{"type":"MultiPolygon","arcs":[[[-54,-1147,-581,-523]]],"properties":{"postal_code":"60425","realtor_list_price":225522.826,"realtor_list_price_yoy":0.0192,"realtor_list_price_base":0.8539,"realtor_active_listings":41.667,"realtor_active_listings_yoy":0.087,"realtor_active_listings_base":0.374,"realtor_new_listings":15.333,"realtor_new_listings_yoy":0.2105,"realtor_new_listings_base":-0.1459,"realtor_days_on_market":59.217,"realtor_days_on_market_yoy":0.2177,"realtor_days_on_market_base":0.2448,"zhvi":222418.532,"zhvi_yoy":0.0629,"zhvi_base":0.9677,"zori":"NA","zori_yoy":"NA","zori_base":"NA"}},{"type":"MultiPolygon","arcs":[[[-83,-223,-1267,-928,-98,-932,-850,-209]]],"properties":{"postal_code":"46342","realtor_list_price":274605.625,"realtor_list_price_yoy":0.0015,"realtor_list_price_base":0.9616,"realtor_active_listings":91.667,"realtor_active_listings_yoy":0.3889,"realtor_active_listings_base":-0.0783,"realtor_new_listings":42.667,"realtor_new_listings_yoy":-0.1233,"realtor_new_listings_base":-0.1998,"realtor_days_on_market":44.531,"realtor_days_on_market_yoy":0.2171,"realtor_days_on_market_base":0.0395,"zhvi":242428.609,"zhvi_yoy":0.011,"zhvi_base":0.639,"zori":1331.194,"zori_yoy":0.0411,"zori_base":"NA"}},{"type":"MultiPolygon","arcs":[[[-1079,-360,-1023,-1256,1278,-644,-1182]]],"properties":{"postal_code":"60625","realtor_list_price":387566.667,"realtor_list_price_yoy":0.0616,"realtor_list_price_base":0.1885,"realtor_active_listings":39.667,"realtor_active_listings_yoy":-0.1314,"realtor_active_listings_base":-0.7884,"realtor_new_listings":42,"realtor_new_listings_yoy":0.05,"realtor_new_listings_base":-0.4564,"realtor_days_on_market":24.905,"realtor_days_on_market_yoy":-0.0821,"realtor_days_on_market_base":-0.3545,"zhvi":421424.718,"zhvi_yoy":0.0717,"zhvi_base":0.2956,"zori":1924.926,"zori_yoy":0.0625,"zori_base":0.4801}},{"type":"MultiPolygon","arcs":[[[-1279,-1255,-1078,-1129,-1210,-645]]],"properties":{"postal_code":"60618","realtor_list_price":662186.207,"realtor_list_price_yoy":0.0216,"realtor_list_price_base":0.2742,"realtor_active_listings":51.667,"realtor_active_listings_yoy":-0.3487,"realtor_active_listings_base":-0.8244,"realtor_new_listings":58,"realtor_new_listings_yoy":-0.0745,"realtor_new_listings_base":-0.46,"realtor_days_on_market":25.138,"realtor_days_on_market_yoy":-0.111,"realtor_days_on_market_base":-0.3177,"zhvi":582202.772,"zhvi_yoy":0.1041,"zhvi_base":0.2863,"zori":2260.779,"zori_yoy":0.0772,"zori_base":0.4811}},{"type":"MultiPolygon","arcs":[[[1279,-535,-964,-1244,-12,1280,-1113,1281,-814]]],"properties":{"postal_code":"60150","realtor_list_price":346650,"realtor_list_price_yoy":0.0338,"realtor_list_price_base":"NA","realtor_active_listings":2,"realtor_active_listings_yoy":-0.5385,"realtor_active_listings_base":-0.6209,"realtor_new_listings":2,"realtor_new_listings_yoy":-0.4,"realtor_new_listings_base":0.5735,"realtor_days_on_market":28,"realtor_days_on_market_yoy":-0.4615,"realtor_days_on_market_base":"NA","zhvi":279989.761,"zhvi_yoy":0.0598,"zhvi_base":0.6889,"zori":"NA","zori_yoy":"NA","zori_base":"NA"}},{"type":"MultiPolygon","arcs":[[[-1262,-1208,1282,-696,-153,-695,-282,1283,1284],[1285],[1286]]],"properties":{"postal_code":"60045","realtor_list_price":2159320.513,"realtor_list_price_yoy":0.216,"realtor_list_price_base":1.067,"realtor_active_listings":54,"realtor_active_listings_yoy":-0.1606,"realtor_active_listings_base":-0.8531,"realtor_new_listings":26,"realtor_new_listings_yoy":-0.025,"realtor_new_listings_base":-0.4908,"realtor_days_on_market":42.128,"realtor_days_on_market_yoy":-0.0533,"realtor_days_on_market_base":-0.5439,"zhvi":1214518.309,"zhvi_yoy":0.1066,"zhvi_base":0.5469,"zori":4667.75,"zori_yoy":"NA","zori_base":"NA"}},{"type":"MultiPolygon","arcs":[[[-762,-965,-955,-1177,-881,-514,-758,-843]]],"properties":{"postal_code":"60103","realtor_list_price":434678.485,"realtor_list_price_yoy":-0.0361,"realtor_list_price_base":0.3383,"realtor_active_listings":42.333,"realtor_active_listings_yoy":-0.1806,"realtor_active_listings_base":-0.7445,"realtor_new_listings":44,"realtor_new_listings_yoy":-0.0571,"realtor_new_listings_base":-0.3237,"realtor_days_on_market":30.076,"realtor_days_on_market_yoy":0.1555,"realtor_days_on_market_base":-0.3362,"zhvi":440037.179,"zhvi_yoy":0.0402,"zhvi_base":0.5165,"zori":2335.556,"zori_yoy":"NA","zori_base":"NA"}},{"type":"MultiPolygon","arcs":[[[-1287]],[[-1286]],[[-286,-1258]],[[-1260]],[[-1259]],[[-321,-1263,-1285,-1284,-281,-1257]]],"properties":{"postal_code":"60069","realtor_list_price":700473.333,"realtor_list_price_yoy":0.101,"realtor_list_price_base":0.2557,"realtor_active_listings":23.667,"realtor_active_listings_yoy":0.0441,"realtor_active_listings_base":-0.7359,"realtor_new_listings":10,"realtor_new_listings_yoy":-0.0625,"realtor_new_listings_base":-0.374,"realtor_days_on_market":32.267,"realtor_days_on_market_yoy":-0.2021,"realtor_days_on_market_base":-0.4352,"zhvi":706430.154,"zhvi_yoy":0.0808,"zhvi_base":0.4913,"zori":"NA","zori_yoy":"NA","zori_base":"NA"}},{"type":"MultiPolygon","arcs":[[[-408]],[[-238,-897,-236,-334,-400,-329,-399,-327,-398,-407,-576,-1164]]],"properties":{"postal_code":"60073","realtor_list_price":297720.058,"realtor_list_price_yoy":0.0482,"realtor_list_price_base":0.534,"realtor_active_listings":74,"realtor_active_listings_yoy":0.023,"realtor_active_listings_base":-0.6403,"realtor_new_listings":57.333,"realtor_new_listings_yoy":-0.2321,"realtor_new_listings_base":-0.4705,"realtor_days_on_market":26.721,"realtor_days_on_market_yoy":0.1453,"realtor_days_on_market_base":-0.3841,"zhvi":282311.356,"zhvi_yoy":0.0473,"zhvi_base":0.7291,"zori":2346.88,"zori_yoy":0.0548,"zori_base":"NA"}},{"type":"MultiPolygon","arcs":[[[-573,-884,-506,-796,-1030,-1057,1287,-1055,-1115,-250]]],"properties":{"postal_code":"60510","realtor_list_price":508691.478,"realtor_list_price_yoy":0.0214,"realtor_list_price_base":0.3294,"realtor_active_listings":40,"realtor_active_listings_yoy":-0.0083,"realtor_active_listings_base":-0.7127,"realtor_new_listings":30.667,"realtor_new_listings_yoy":-0.0417,"realtor_new_listings_base":-0.3737,"realtor_days_on_market":31.565,"realtor_days_on_market_yoy":-0.09,"realtor_days_on_market_base":-0.3358,"zhvi":469963.724,"zhvi_yoy":0.054,"zhvi_base":0.5643,"zori":"NA","zori_yoy":"NA","zori_base":"NA"}},{"type":"MultiPolygon","arcs":[[[1288,-1205,-1231,1289,-921,-930,-1266]]],"properties":{"postal_code":"46304","realtor_list_price":443951.316,"realtor_list_price_yoy":0.0887,"realtor_list_price_base":0.5775,"realtor_active_listings":74,"realtor_active_listings_yoy":-0.1898,"realtor_active_listings_base":-0.372,"realtor_new_listings":38,"realtor_new_listings_yoy":-0.05,"realtor_new_listings_base":-0.1266,"realtor_days_on_market":57.105,"realtor_days_on_market_yoy":0.0295,"realtor_days_on_market_base":-0.1398,"zhvi":336462.637,"zhvi_yoy":0.0265,"zhvi_base":0.5904,"zori":1652.917,"zori_yoy":"NA","zori_base":"NA"}},{"type":"MultiPolygon","arcs":[[[-299,-680,-1270,-854,-943,1290]]],"properties":{"postal_code":"46303","realtor_list_price":423974.479,"realtor_list_price_yoy":-0.0068,"realtor_list_price_base":0.7035,"realtor_active_listings":103,"realtor_active_listings_yoy":0.1977,"realtor_active_listings_base":0.0722,"realtor_new_listings":32,"realtor_new_listings_yoy":-0.0588,"realtor_new_listings_base":-0.2093,"realtor_days_on_market":55.062,"realtor_days_on_market_yoy":0.1166,"realtor_days_on_market_base":-0.0591,"zhvi":336811.995,"zhvi_yoy":0.0223,"zhvi_base":0.5789,"zori":1847.5,"zori_yoy":"NA","zori_base":"NA"}},{"type":"MultiPolygon","arcs":[[[-1269,-1111,-636,-1027,-1081,-1050,-256,-163]]],"properties":{"postal_code":"60402","realtor_list_price":381531.154,"realtor_list_price_yoy":0.0818,"realtor_list_price_base":0.5482,"realtor_active_listings":78,"realtor_active_listings_yoy":-0.1203,"realtor_active_listings_base":-0.5147,"realtor_new_listings":43.333,"realtor_new_listings_yoy":-0.0714,"realtor_new_listings_base":-0.4576,"realtor_days_on_market":30.554,"realtor_days_on_market_yoy":-0.0443,"realtor_days_on_market_base":-0.1629,"zhvi":317008.711,"zhvi_yoy":0.0589,"zhvi_base":0.5702,"zori":1416.222,"zori_yoy":0.0556,"zori_base":0.5162}},{"type":"MultiPolygon","arcs":[[[-1211,-1132,-200,-816,-740,-1094]]],"properties":{"postal_code":"60622","realtor_list_price":704132.828,"realtor_list_price_yoy":0.0469,"realtor_list_price_base":0.2414,"realtor_active_listings":63.333,"realtor_active_listings_yoy":-0.2884,"realtor_active_listings_base":-0.7691,"realtor_new_listings":66,"realtor_new_listings_yoy":-0.0198,"realtor_new_listings_base":-0.4879,"realtor_days_on_market":23.677,"realtor_days_on_market_yoy":-0.0365,"realtor_days_on_market_base":-0.2849,"zhvi":656720.405,"zhvi_yoy":0.0905,"zhvi_base":0.1709,"zori":2562.679,"zori_yoy":0.0743,"zori_base":0.4364}},{"type":"MultiPolygon","arcs":[[[-1140,-1138,-722,1291,-1124,-818]]],"properties":{"postal_code":"60605","realtor_list_price":412267.46,"realtor_list_price_yoy":0.04,"realtor_list_price_base":-0.0378,"realtor_active_listings":91.333,"realtor_active_listings_yoy":-0.3687,"realtor_active_listings_base":-0.6085,"realtor_new_listings":42,"realtor_new_listings_yoy":-0.3152,"realtor_new_listings_base":-0.4335,"realtor_days_on_market":34.556,"realtor_days_on_market_yoy":-0.0352,"realtor_days_on_market_base":-0.2321,"zhvi":341086.592,"zhvi_yoy":-0.0199,"zhvi_base":-0.1914,"zori":2763.556,"zori_yoy":0.0498,"zori_base":0.2754}},{"type":"MultiPolygon","arcs":[[[-1249]],[[-1172,-1248,-1247,-958,-371,-186,-1072,-1104,-568]]],"properties":{"postal_code":"60523","realtor_list_price":1002882.353,"realtor_list_price_yoy":0.0711,"realtor_list_price_base":0.1354,"realtor_active_listings":31.667,"realtor_active_listings_yoy":-0.0594,"realtor_active_listings_base":-0.7529,"realtor_new_listings":11.333,"realtor_new_listings_yoy":-0.15,"realtor_new_listings_base":-0.5306,"realtor_days_on_market":51.294,"realtor_days_on_market_yoy":0.1671,"realtor_days_on_market_base":-0.3378,"zhvi":1007413.253,"zhvi_yoy":0.0899,"zhvi_base":0.5084,"zori":"NA","zori_yoy":"NA","zori_base":"NA"}},{"type":"MultiPolygon","arcs":[[[-1245,-1066,1292]]],"properties":{"postal_code":"60552","realtor_list_price":348900,"realtor_list_price_yoy":-0.2021,"realtor_list_price_base":0.5404,"realtor_active_listings":11,"realtor_active_listings_yoy":0.5,"realtor_active_listings_base":-0.6119,"realtor_new_listings":3.333,"realtor_new_listings_yoy":0,"realtor_new_listings_base":-0.6968,"realtor_days_on_market":33.6,"realtor_days_on_market_yoy":-0.2851,"realtor_days_on_market_base":-0.3869,"zhvi":333014.298,"zhvi_yoy":0.0742,"zhvi_base":0.7738,"zori":"NA","zori_yoy":"NA","zori_base":"NA"}},{"type":"MultiPolygon","arcs":[[[-1181,-389,-1196,-387,-1197,-630,-1152]]],"properties":{"postal_code":"60432","realtor_list_price":274775.111,"realtor_list_price_yoy":-0.0999,"realtor_list_price_base":0.6751,"realtor_active_listings":14.333,"realtor_active_listings_yoy":0.1026,"realtor_active_listings_base":-0.5169,"realtor_new_listings":12,"realtor_new_listings_yoy":0.0588,"realtor_new_listings_base":-0.2626,"realtor_days_on_market":28.444,"realtor_days_on_market_yoy":-0.2337,"realtor_days_on_market_base":-0.3132,"zhvi":212443.962,"zhvi_yoy":-0.0295,"zhvi_base":0.4817,"zori":"NA","zori_yoy":"NA","zori_base":"NA"}},{"type":"MultiPolygon","arcs":[[[-556,-1026,-1251,-1002,-1169,-772]]],"properties":{"postal_code":"60619","realtor_list_price":247760.87,"realtor_list_price_yoy":0.0498,"realtor_list_price_base":1.0584,"realtor_active_listings":104,"realtor_active_listings_yoy":-0.239,"realtor_active_listings_base":-0.4171,"realtor_new_listings":46,"realtor_new_listings_yoy":0.0455,"realtor_new_listings_base":-0.3636,"realtor_days_on_market":41.681,"realtor_days_on_market_yoy":-0.2012,"realtor_days_on_market_base":-0.2196,"zhvi":174052.006,"zhvi_yoy":0.0035,"zhvi_base":0.3142,"zori":1364.181,"zori_yoy":0.0455,"zori_base":0.563}},{"type":"MultiPolygon","arcs":[[[-1105,-1091,-1069,-25,-1083,-1180,-267,-1239],[-1068]]],"properties":{"postal_code":"60527","realtor_list_price":757816.667,"realtor_list_price_yoy":-0.2396,"realtor_list_price_base":0.1863,"realtor_active_listings":80,"realtor_active_listings_yoy":-0.0361,"realtor_active_listings_base":-0.7025,"realtor_new_listings":36,"realtor_new_listings_yoy":-0.0357,"realtor_new_listings_base":-0.4396,"realtor_days_on_market":32,"realtor_days_on_market_yoy":-0.0588,"realtor_days_on_market_base":-0.4807,"zhvi":519028.505,"zhvi_yoy":0.0518,"zhvi_base":0.3888,"zori":2059.667,"zori_yoy":0.0535,"zori_base":"NA"}}]}},"arcs":[[[562482,767413],[713,389],[615,-42],[839,-353],[662,-240],[-2,-384],[911,513],[1723,-2],[-20,-989],[1147,-54],[2347,-9],[451,49],[1714,218],[622,54],[1277,-141],[14,798],[259,-6],[2269,-51],[1519,-34],[15,273],[2886,217],[19,376],[278,-74]],[[582740,767921],[228,-838],[220,-810],[349,-1254],[880,-87],[791,24],[417,388],[2,911],[772,41],[513,-90],[642,22],[114,-7],[10,753],[4106,-135],[11,1119],[242,914]],[[592037,768872],[326,-296],[720,-654],[2161,-1961],[743,-461],[738,-457],[2255,-1398],[1710,-1060],[-162,-669],[-52,-215],[-158,-657],[1049,-2282]],[[601367,758762],[-1213,-10],[-39,-1254],[-1478,33],[-1179,58],[-8,-498],[-1147,19],[-2501,39],[-708,13],[-954,16],[-113,12],[-205,22],[-938,-18],[-1178,17],[-108,8],[-1069,11],[-810,11],[-812,13],[-826,14],[-1030,21],[-1521,27],[-434,-21],[-269,-10],[-2027,287],[-1330,-400],[-29,-2415]],[[579441,754757],[-1395,25],[-2766,48],[-1028,25]],[[574252,754855],[-731,-61],[-478,102],[-3005,48],[-322,-20],[-1246,26]],[[568470,754950],[25,1906],[3,397],[-78,1873],[-154,-35],[-1005,26],[-306,-62],[-964,4179],[-2741,69],[-2713,57],[-191,2266],[450,498],[955,79],[731,1210]],[[526966,575959],[2211,2464],[1648,2301],[293,428],[1054,1568],[2758,77],[465,-101],[564,9],[4741,150]],[[540700,582855],[2327,74],[98,-3117],[128,-4152],[32,-1066],[13,-471],[-495,-9],[14,-536],[-514,-9],[149,-1079],[890,19],[56,-2028],[1717,46],[170,-4126],[-1624,-60]],[[543661,566341],[-132,-3],[-4,137],[-5,164],[-2076,2052],[-1890,1749],[-260,2],[-968,-92],[-342,-4],[-577,28],[6,-1982],[36,-2196],[-130,-2],[-1901,-47],[-70,-20],[0,1077],[-1999,70],[-52,2905],[-2066,-38]],[[531231,570141],[-137,2644],[-1669,-419],[-152,651],[-589,895],[-1718,2047]],[[90215,632005],[7983,50],[9,-12501],[8058,-30],[-7,12371],[8041,90],[-5,-8254],[6935,10],[-800,978],[-328,4677],[2462,870]],[[122563,630266],[-2,-82],[-51,-22992],[8242,115],[-3376,-8367],[-2577,-6389],[-851,-1884],[1121,-6],[24,-8249],[-2650,-36],[-2359,-30],[-3922,-8286],[740,8],[5501,67],[-40,-8299]],[[122363,565836],[-5906,-8],[-4187,9],[-3904,-8249],[-5819,-46],[-284,-137],[-216,-235],[-123,-329],[-2,699],[-15939,-150],[-7,4073],[-1213,-1307],[-2078,-1521],[-1305,-620],[-175,-686],[-5579,-58]],[[75626,557271],[-321,28],[-122,5046],[-5,860],[20,2036],[33,16822],[6570,-15],[-31,24881],[8345,70],[100,25006]],[[282293,557174],[4395,162],[-56,2630],[4396,74],[1693,28]],[[292721,560068],[36,-1560],[20,-774],[7,-303],[13,-470],[9,-353],[43,-1706],[91,-3544],[-4066,-153]],[[288874,551205],[-17,715],[-80,3420],[-2047,-76],[-36,1752],[-4433,-170],[-78,-5257],[-463,-1040],[4555,-1159],[337,1428],[886,-219],[-337,-1428],[1760,-522]],[[288921,548649],[2088,-806],[308,829],[1067,-404],[-361,-821],[89,-34],[922,-364],[361,-147],[399,-159],[245,963],[473,-188],[-229,-965],[779,-307],[551,782],[2262,1962],[-1437,344],[-25,2192],[541,1],[2202,133],[609,-30],[572,-28],[581,49],[360,289],[243,-221],[397,-2],[555,0],[1893,359],[386,315],[478,1411],[552,-1000]],[[305782,552802],[-42,-34],[-337,-277],[-89,-72],[-298,-239]],[[305016,552180],[-531,-437],[-584,-438],[-1519,-787],[28,-1347],[-365,-9],[42,-1600],[-3232,-14],[-129,-118],[-517,-552],[-234,-210],[-271,-159],[694,-3215],[70,-399],[321,-4001],[-84,-358],[-855,-1654],[-1315,-873],[-882,1112],[-346,309],[-500,-878],[-1350,-56],[-100,511],[-1193,-909],[-1758,-477],[-1540,-1916],[-78,-582],[-583,1986],[-551,2114],[604,976],[193,235],[669,1361],[277,65],[38,267],[-6375,-1960],[-61,3271],[-1876,-75],[-23,150],[-118,1120],[-403,-17],[-1569,-66],[-98,-4]],[[278912,542546],[-53,2081],[-1350,-43],[-658,-507],[-650,-354],[-13,2734],[-5437,-147],[-1917,-102],[-112,130],[-46,4109],[876,3586],[-3779,585]],[[265773,554618],[71,881],[-529,2040],[358,2029],[5131,109],[11,-2957],[11478,454]],[[513965,615533],[1,-251],[66,-2068],[64,-2018],[4,-135],[60,-1849],[34,-1111],[2,-71],[37,-1036],[33,-1038],[34,-1179],[33,-960],[88,-2693],[3,-79],[27,-796],[-2007,-75],[48,-1538],[-1939,-71],[-58,1],[93,-2157],[322,-1958],[-1015,-30],[137,-844],[862,19],[-65,-1085],[-1539,-601],[-539,-359],[-522,-483],[-399,-316],[-721,-400],[-465,-222],[-336,-161]],[[506308,589969],[-148,6424],[-20,2059]],[[506140,598452],[-153,4235],[-72,443],[-657,2444],[-314,1118],[-399,1451],[-477,1679],[-246,941],[-63,370],[-58,787],[-157,2950]],[[503544,614870],[68,16],[262,58],[5373,1179],[684,-54],[3718,-500],[316,-36]],[[526337,655898],[524,-82],[804,-128],[2070,-311],[3077,-473],[-4,109],[-73,2454],[-39,1545],[-13,520],[-20,735],[1559,9],[505,-43],[1873,132],[396,35]],[[536996,660400],[-188,-776],[-4,-1048],[438,-956],[1440,-1238],[138,-948],[-1169,-885],[-196,-357],[-207,-557],[-25,-406],[388,-877],[986,-957],[472,-536],[886,-873],[-91,-639]],[[539864,649347],[-590,-1772],[1582,-879],[-214,-1353],[-3434,-203],[1,-174],[120,-3983]],[[537329,640983],[-2048,-49],[-512,-5],[-1526,-29]],[[533243,640900],[-2049,-72],[-515,-19],[505,275],[-104,3458],[4,253],[-533,152],[-1533,-53],[5,-174],[57,-1801],[-1024,-42],[-1024,-33],[-259,-5],[-1792,-56],[-62,2022]],[[524919,644805],[1729,58],[53,-2],[-163,3585],[-1734,341],[-26,657],[980,-13],[763,-471],[-49,2061],[-51,2063],[-41,1322],[-43,1492]],[[561362,749431],[-4129,-28],[-3050,-10],[-1061,0]],[[553122,749393],[-804,2098],[3328,7],[32,1009],[-701,-14],[-41,1070],[4679,-77],[1752,-113],[-5,-3942]],[[582408,520177],[4778,-364],[4045,114]],[[591231,519927],[5062,250],[17,-570],[1,-50],[37,-1606],[-502,-12],[-18,891],[-66,-6],[-442,-98],[19,-802],[39,-2043],[1419,-256],[-1374,-1529],[-205,-312],[-1737,-1988],[60,-2182],[0,-24],[9,-254],[6,-215],[3,-98]],[[593559,509023],[-759,215],[-1634,60],[-1207,-26],[-887,131],[379,119],[-1,40],[-1411,437],[-548,-271]],[[587491,509728],[-24,457],[-3,123],[-1021,971],[-896,1187],[-90,152],[315,285],[-450,631],[-29,920],[-1170,-398],[-847,-199],[-189,3782],[-1431,-29],[-495,166],[-22,1923],[1442,8],[-70,189],[-103,281]],[[574829,613857],[2063,971],[-1,81],[-19,1117],[-30,905],[-65,6131]],[[576777,623062],[6063,141],[68,-4480],[21,-1144],[4059,1742],[-4,228],[-11,339],[501,164],[3556,1609],[7,-251],[-13,-444],[4036,1731]],[[595060,622697],[3135,1337],[17,-1475],[22,-1022],[674,278],[8,-258]],[[598916,621557],[327,-1853],[-838,-215],[315,-827],[-199,-166],[245,-1097],[-3,-260],[308,-2837],[19,-1034],[-250,-5],[4,-237],[268,-787],[20,-1031],[2,-1031],[307,-508],[15,-527],[23,-1030],[0,-1126],[-244,-7],[18,-1717],[-232,-264],[519,7],[19,-1030],[-283,-7],[21,-1035],[-203,-1282],[-227,-799]],[[598867,600852],[-778,-19],[-512,-12],[3,-261],[-1012,-24],[-1015,-25],[-1019,-25],[-1,32],[-249,-36],[-768,-20],[-1523,-38],[-7,258],[-507,-14],[-512,-11],[6,-259],[-1022,-19],[-1526,-371],[-10,598],[-1042,-24],[-77,-3],[8,-274],[-1954,-43],[-1020,-20],[-1020,-21],[-7,271],[-258,-4],[-765,-7],[5,-265],[-1021,-13],[-1022,-13],[-1022,-7],[-511,-2],[-1421,-23],[-87,259],[-80,-1],[-973,-9]],[[576148,600407],[-544,-9],[-184,-6],[-331,898],[-31,1170],[-22,1128],[-21,951],[-39,2071],[-39,2072],[-75,3113],[-12,1042],[-21,883],[0,137]],[[531725,557735],[4002,133],[28,-776],[960,125],[1093,-467],[1,-866],[-19,-1577],[64,-544],[2025,49],[2018,47],[26,3],[15,2075],[1921,53],[60,-2059],[2011,59],[38,-1544],[668,363]],[[546636,552809],[-219,-266],[64,-2668],[216,6],[1114,33],[4260,118]],[[552071,550032],[69,-2091],[13,-457]],[[552153,547484],[-3898,-2251],[-98,-49],[-286,-165],[-989,-527],[43,-383],[1011,-394],[308,256],[10,-268],[39,-2037],[-17,-1055],[-962,-58],[27,-1842],[-9,-96],[-205,-841],[-535,-1212]],[[546592,536562],[-2199,565]],[[544393,537127],[-4390,869],[-1681,296],[-1952,276],[-1537,217],[-2915,389],[129,512],[218,1519]],[[532265,541205],[15,1660],[-206,2471],[-125,4135],[-54,2151],[-18,551],[-54,1961],[-98,3601]],[[642188,478095],[-722,-3193],[-6,-4248],[3,-4123]],[[641463,466531],[-5079,67],[-4574,-32],[-2256,-53],[-4333,33],[-729,-59],[9,1771]],[[624501,468258],[-51,10726],[-933,-40]],[[623517,478944],[4,104],[929,37],[6,1855],[-1263,3],[-429,-25],[-54,1],[489,502],[-3,1552],[4385,-5],[770,-1551],[30,-530],[34,-765],[53,-201],[424,-941],[743,-2],[1997,-6],[1056,-35],[1045,-148],[2065,-389],[2367,-298],[948,-47],[262,-18],[2813,58]],[[389227,859024],[39,75],[-3,26],[-5,44],[-3,145],[-5,21],[-1222,109],[11,2006],[1136,193],[1283,-1010],[-413,-923],[-445,-470],[-373,-216]],[[365478,824138],[1667,98],[1077,1],[264,-83],[51,-20],[1406,-394],[844,864],[463,306],[484,-254],[474,-28],[269,65],[1347,-505],[592,-367],[1116,-749],[387,-267],[-16,1113],[-3,287],[2622,21],[35,2040],[2058,23],[1008,-155],[495,121],[120,42],[119,2],[450,-226],[1850,-1106],[8,1283],[5,799],[5,866],[2,442],[1092,5],[68,1],[933,3],[2035,-1],[21,2095],[-4136,-89],[-773,6],[25,950],[37,1499],[727,221],[6,303]],[[384712,833350],[236,96],[1302,359],[521,582],[-205,1336],[-79,702],[1014,2403],[1048,1356],[239,-1],[862,2021],[897,957],[2211,512],[648,-1],[212,-82],[349,352],[153,73],[351,443],[0,622],[-63,381],[-169,726],[-440,995],[15,884],[-672,1219],[-1131,1391],[-351,1065],[-1374,1537],[-1618,-776],[-3728,-8],[22,204],[-1022,-2],[-1181,631],[-328,-183],[-1134,340],[-429,803],[-190,229],[-513,792],[-336,1903],[341,168],[945,767],[-14,1224],[-491,-22],[-278,-1079],[-976,-1066],[-406,-1072],[-46,-58],[-187,255],[148,934]],[[378865,857262],[1134,889],[366,1117],[-168,869],[-1281,994]],[[378916,861131],[-27,512],[1366,-1221],[726,582],[68,2527],[2059,-10],[54,-2040],[430,-1],[155,0],[1223,0],[187,2],[0,497],[-4,1297],[0,289]],[[385153,863565],[2023,-30],[22,-4171],[-457,-64],[1438,-434],[1048,158]],[[389227,859024],[9,-1661],[155,-70],[869,-18],[915,-13],[302,2040],[1830,5],[24,-2622],[1078,3],[10,-1482],[2984,13],[12,1007],[1559,-13],[66,242],[2270,-6],[16,-1274],[131,-9],[519,-13],[1278,-24],[236,-1],[1908,14],[8755,-108],[559,2777],[2967,-1463],[-23,-1371],[74,0],[623,0],[337,11]],[[418690,854988],[-174,-2451],[927,416],[689,-666],[662,665],[427,-1452],[72,-724],[2,-11060],[-2,-529],[-1,-675],[-1846,-749],[-166,130],[-3,-639],[1011,-11],[-8,-1716],[0,-1106],[-2703,17],[11,-165],[-41,-2162],[-33,-1743],[1838,-48],[9,-4091],[10,-2545],[-437,-808],[1448,-11],[1019,236],[2,-1040],[3099,-21],[-2931,-4078],[102,-1],[2940,4090],[852,-57],[0,46],[3996,-28],[23,-4129],[969,-9],[790,-13],[269,270],[1,-275],[5,-2060],[1998,-24],[0,-1033],[-2,-792],[77,-235],[2270,-19],[1755,0],[-2,-1030],[-3,-560],[1218,47],[816,-518],[-6,-1040],[2019,-4],[10,1039],[570,559],[2596,-1373],[1919,-1291]],[[446753,809522],[-915,-2044],[1764,335],[73,-1008],[1229,-687],[304,-47],[38,-671],[-7022,37],[-568,4],[-23,-991],[-24,-3404],[-20,-3938],[1,-1080]],[[441590,796028],[-65,-18],[-659,-149],[-2642,-330],[-1543,-196],[-7730,-1366],[-676,-164],[-267,-122],[-1012,-388],[-117,-1537],[328,-2565],[93,-548],[260,-1626],[307,-2046],[343,-2061],[-385,-4],[10,-478],[-1143,-15],[-1,-111],[-1338,-57],[-11,683],[-269,4],[-235,-5],[58,-2079],[-1657,-1]],[[423239,780849],[-2403,5],[-1050,-4],[-2619,10],[-1,-2035],[-2697,-61],[-35,-2251],[640,22],[-13,-3501],[-973,-14],[-288,-1302],[-483,224],[3,-1741],[-199,-1805],[3977,-6],[1,1468],[1558,-501],[2207,-678],[295,25],[79,3912],[2019,12],[-20,-4791],[1126,-367],[-4184,-50],[-29,-943],[-3044,-150],[0,-3971],[-1966,-41],[-56,805],[-6025,-68],[37,-2953],[-113,-579],[0,-2325],[2,-325],[382,-716],[-1569,1],[-268,63],[-930,52],[-1495,-1],[-4233,-202],[-1162,144],[-1172,10],[-5662,48],[-1577,-57],[-331,-113],[-3362,214],[1038,2102],[144,730],[7,1117],[-4602,1773],[-217,83],[-4044,1353],[-5292,648],[-2811,627],[-3338,1522]],[[368491,766268],[0,114],[8,4106],[1,172],[-34,7937],[3,1276],[6,2603],[-16,8802],[-3179,-32]],[[365280,791246],[38,1964],[938,0],[0,52],[148,1982],[-1988,44],[-5,2077],[-1310,-12],[-2460,-288],[-291,209],[1,52],[82,5244]],[[360433,802570],[-2,86],[-36,2909],[-19,4],[61,2804],[46,3266],[-1839,108],[-43,2060],[1857,6],[1,2051],[10,1179],[4,862],[6074,151],[-50,4161],[-1009,-16],[-10,1937]],[[593581,508223],[1251,15],[151,-4],[2629,62],[-8,356],[528,22],[-21,1032],[-527,-13],[-12,613],[-110,3523],[2346,48],[574,-856],[1182,-60],[51,-830],[22,-1303],[457,13],[594,-3075],[19,-96],[290,-1506],[252,83],[-36,-624]],[[603213,505623],[59,-804],[151,-716],[120,-522],[-273,0],[-404,33],[-1452,728],[-1184,-1258],[-1073,-1102],[-595,-621],[-276,-294],[-55,136],[-59,142],[-2379,-23]],[[595793,501322],[0,1060],[-34,936],[-2041,28]],[[593718,503346],[-59,2069],[-78,2808]],[[514861,661275],[428,10],[519,1784],[9,1205],[3,778],[-298,405]],[[515522,665457],[800,20],[1443,38],[3206,81],[93,3],[827,17],[-984,-1023],[-2,-125],[-484,-1271],[-760,-21],[-1265,-37],[17,-1318],[-466,-641],[-21,-1640],[-1541,36],[-1595,701],[71,998]],[[367244,827579],[483,422],[726,513],[967,258],[754,448],[1036,910],[1370,481],[1127,688],[328,700],[102,140],[-67,44],[272,875],[184,392],[571,409],[3532,1116],[952,177],[2292,-273],[1128,-416],[586,-690],[269,-323],[856,-100]],[[365478,824138],[-6,2312],[1591,779],[174,-150],[7,500]],[[529212,998315],[2092,-40],[530,-10],[663,-12],[156,-3],[821,-15],[1065,-20],[2176,-41],[3033,-57],[984,-19],[1389,-26],[2215,-41],[2894,-55],[2438,-46],[719,-1],[1135,-4861],[-347,-2498],[-112,-812],[985,-3622],[16,-59],[-11,-134]],[[552053,985943],[-7421,29],[-193,0],[-153,-2664],[-125,-233],[14,276],[-547,8],[0,-55],[-1667,119],[-1000,6],[-2292,-523],[-436,531],[-638,534],[-964,8],[-506,1],[-3643,-12],[-175,0],[-2836,4],[-934,2],[15,2061],[3,1019],[15,1032],[21,801],[20,228],[203,1029],[-1291,11],[1248,47],[255,1983],[-1989,23],[-3,-454],[-1006,15],[-53,-1601],[-1048,9],[214,7322],[993,418],[964,-457],[749,-1083],[227,-2082],[1049,-10],[59,2575],[30,1455]],[[744465,472306],[4031,-91],[4035,-83],[4459,422],[3564,923]],[[760554,473477],[58,18],[3,-451],[17,-1895],[-111,1],[-1975,1],[-367,178],[-2313,-3398],[-479,-960],[-338,-2000]],[[755049,464971],[-174,0],[-503,1],[57,-1327],[-1814,-432],[8,-309],[28,-2053],[50,-3562],[22,-2595],[20,-1933],[42,-4438],[4,-1922],[-325,4]],[[752464,446405],[239,686],[-26,351],[-5943,46],[-493,0],[-1566,11]],[[744675,447499],[-13,3126],[-4,1031],[-27,1031],[28,2068],[-57,4125],[-16,860],[-18,1204],[-18,1211],[-22,3945],[-8,1025],[-24,1378],[-31,3803]],[[549134,655353],[792,54],[50,415],[1190,-250],[1116,24],[1248,14],[8,-373],[381,13],[389,-560],[522,-23],[109,-662],[672,12],[-9,617],[-654,28],[-35,1748],[647,15],[684,15],[37,-1837],[18,-835],[-683,-12],[-682,-14],[-1366,-12],[-1111,-20],[-627,-13],[-661,-17],[-1985,-56]],[[549184,653624],[-4,160]],[[549180,653784],[-26,905],[-20,664]],[[536996,660400],[239,1438],[95,346],[430,1035],[216,286],[309,300],[1342,645],[1291,1107],[120,490]],[[541038,666047],[1713,40],[2028,47],[1019,23],[504,11],[514,12],[2046,61]],[[548862,666241],[45,-2099],[28,-1052],[26,-1037],[56,-2071],[28,-1022],[30,-1061],[37,-1368],[11,-589],[2,-137],[9,-452]],[[549180,653784],[-1073,-14],[-917,-15],[-2068,-37],[3,-129],[37,-1408],[17,-618],[48,-1806],[-673,-275],[-4690,-135]],[[907139,355178],[6693,-92],[15,4622]],[[913847,359708],[1359,1285],[1007,2399],[5750,-94],[-55,-8218],[16112,-189],[-78,-8232],[3937,-49],[15427,8],[4764,-24],[16313,-80],[-104,-8105],[-52,-443],[-57,-7907],[12497,-181],[-985,-995],[-5283,-4339],[-9230,-12588],[-13003,-6799],[-3002,-725],[-760,-86],[-1886,-536],[-4800,435],[-1378,-1598]],[[950340,302647],[-2137,-1202],[-2953,-645],[-2169,-108],[-4106,-620],[-1263,-730],[-1547,-1751],[-3694,-1440],[-2121,-728],[-903,-596],[-1722,-403],[-4659,-3115],[-2879,-1824],[-2179,-509],[-3977,-4677]],[[914031,284299],[217,6979],[-39,5602],[-76,255],[-4,8419],[-183,3945],[-158,37374],[-3118,31],[-147,1108],[-727,3604],[-15,275],[-2642,3287]],[[817066,446060],[3970,-18],[-23,-8083],[-30,-2567],[-1894,875],[-105,-226],[-630,288]],[[818354,436329],[-3532,1622],[-5736,-42],[-73,2703],[-1635,748],[276,1910],[-571,2826],[9983,-36]],[[385984,962402],[1325,-8],[2,-709],[-757,6],[-427,383],[-143,328]],[[352380,990801],[2035,54],[3039,82],[-12,2190],[-1038,0],[-285,396],[0,1459],[315,528],[2023,51],[20,1541],[2038,53],[-12,-915],[1018,22],[-15,-1125],[-1018,-16],[10,-3251],[-1316,-34],[1,-348],[2340,-82],[-153,-374],[-366,-9],[-2535,-60],[13,-4092],[-2056,-100],[-4026,-75],[-20,4105]],[[370582,999803],[797,3],[2148,9],[1040,4],[2021,8],[817,4],[1189,9],[1085,8],[2028,15],[2674,21],[325,1]],[[384706,999885],[-1,-1884],[-3,-2654],[79,-4055],[25,-4218],[5671,132],[-25,2058],[495,8],[-15,1266],[2051,-304],[263,-33],[89,-1119],[312,-1121],[-338,-527],[-387,649],[-367,-75],[223,-1733],[569,-423],[878,-299],[596,162],[701,444],[335,-384],[-437,-345],[-367,-1027],[111,1012],[-8,59],[-12,53],[-20,46],[-59,34],[-60,9],[-309,-147],[-60,-19],[-68,-10],[-138,-12],[-52,-1],[-223,14],[-143,23],[-218,72],[-163,70],[-184,68],[-219,133],[-59,56],[-25,43],[-81,-10],[-429,556],[-261,-219],[150,-285],[-494,-376],[757,-7],[-3,277],[-305,368],[490,-272],[0,-418],[-683,-52],[706,-49],[61,442],[518,-274],[154,-47],[100,-40],[203,-57],[177,-28],[284,-8],[182,31],[333,153],[147,-202],[-191,-841],[291,-1131],[-515,26],[-1501,353],[600,511],[-662,491],[-73,511],[-937,56],[-528,-146],[-979,-4],[2376,-1],[125,-1538],[523,-447],[1768,58],[488,-327],[32,-466],[-594,-321],[-617,-24],[-407,-759],[-93,417],[-335,123],[-54,-498],[-869,-32],[-280,-310],[-1105,-19],[-9,198],[-13,109],[-41,-171],[13,-203],[373,30],[547,-16],[1335,81],[588,88],[328,-492],[178,-1182],[179,-400],[-4530,-300],[178,-857],[1353,-1046],[-980,-1108],[-307,-2139],[167,-2490],[-1236,-260],[63,-249],[317,22],[284,30],[745,-38],[2100,-9],[480,144],[70,-147],[159,-419],[-1811,-2879],[988,211],[135,-249],[101,-343],[271,-406],[145,-483]],[[393783,966098],[-121,381],[-5627,87],[-376,-8],[-2688,30],[1,-931],[5,-2249],[-910,38],[-1132,1],[2,-1029],[2047,-12],[9,-1472],[-329,-3],[2,-452],[-291,-1],[214,-127],[3,-526],[79,-571],[-330,29],[652,-340],[5,-633],[2156,-77],[320,794],[1005,-347],[1190,-1302],[214,-148],[502,780],[186,227],[24,264],[55,313],[-168,186],[-67,165],[98,323],[7,530],[-59,295],[716,-2108],[2032,-11],[-3,1886],[0,225],[882,-12],[-10,454],[-877,759],[1262,93],[-72,733],[51,666],[426,1209],[-368,748]],[[394500,964955],[1709,-1051],[438,-1371],[75,-1040],[198,-154],[1356,-1256],[632,-78],[286,19],[-689,-1268],[116,-1470],[-131,-802],[-869,-2328]],[[397621,954156],[-7830,3],[-141,1],[-115,0],[-283,-448],[-188,-3575],[-1159,378],[-266,347],[-387,-736],[-220,282],[-837,-379],[49,-788]],[[386244,949241],[-387,1042],[34,1564],[-947,446],[2,-758],[-963,-540],[-1587,-80],[-375,463],[545,1232],[1319,158],[587,1219],[-342,99],[-1030,14],[-718,70],[-324,-1]],[[382058,954169],[-1200,3],[-3261,-26],[-1945,-11],[-2954,-7],[-3930,-22],[-2000,-32],[-552,-9],[-1521,-23],[-6,4127],[0,4856],[-713,-15],[2,-738],[-7441,-137],[-6,-5170],[-4091,-86]],[[352440,956879],[14,1024],[-1005,-10]],[[351449,957893],[-18,2606],[1030,13],[3,1530],[-2568,-41],[-4,1836],[2576,40],[-3,1208],[3,2392],[87,206],[1438,553],[1446,845],[460,715],[-425,387],[2101,-404],[2011,-58],[361,494],[1514,-87],[487,-593],[203,265],[2499,345],[1,363],[-2037,-46],[-33,4139],[-2035,-35],[6,-2056],[-2054,-55],[14,2060],[-1,2053],[2029,52],[6,6177],[2027,33],[5,2057],[506,8],[3,2025],[1520,51],[-43,3009],[31,600],[-8,519],[2031,22],[2,-562],[2022,16],[2,-628],[1269,12],[4,1064],[-1277,-10],[3,125],[1240,11],[23,1685],[595,400],[81,6569]],[[385236,966883],[1286,-13],[44,1055],[-290,2],[-9,721],[-752,-13],[-292,-678],[13,-1074]],[[575835,567145],[1882,48],[1247,29],[505,11],[292,6],[1226,30],[506,11],[309,7],[200,5],[1010,24],[1010,21]],[[584022,567337],[-18,-833],[-53,-471],[-20,-2716]],[[583931,563317],[-634,-1],[-3111,-96],[-436,-16],[-1134,-38],[-1762,-58],[-35,1003],[-997,-12],[-7,290],[-33,2116],[53,640]],[[587420,449747],[4045,17],[1889,8],[2155,8],[3084,9],[70,0],[3363,12],[1555,-80],[306,-10],[1723,-7],[2044,-1],[4,-60],[46,-2005]],[[607704,447638],[-44,-2078],[-2014,3],[-26,-1387],[-528,-168],[-1140,-62],[-329,-23],[3,-441],[6,-852],[9,-1078],[1,-128],[9,-2053],[10,-2035],[5,-1152]],[[603666,436184],[-2033,-54],[2,1251],[-3608,-5],[-4299,-2]],[[593728,437374],[-62,0],[-547,-2],[-3462,32],[-731,-1],[-1440,-63],[-17,2369],[-11,1777],[-15,4133],[-23,4128]],[[350126,263851],[3149,83],[101,-51],[638,16],[84,56],[1806,49],[368,-828],[1532,-1180],[421,-2034],[3996,40],[413,153],[3501,73]],[[366135,260228],[120,-4179],[224,-8279],[-3953,-51],[151,-5323],[-1447,-842],[-992,-976],[-75,-1171],[-3570,-85],[-651,-430],[-1425,345],[-7771,-214],[-4017,-102],[-106,3751],[-116,4542],[4035,101],[-65,2569],[4031,82],[-38,1630],[-293,12143],[-88,106],[37,6]],[[614344,654949],[191,5],[269,4]],[[614804,654958],[1371,-8],[609,8],[13,-571],[615,-6]],[[617412,654381],[13,-692],[9,-634],[609,11],[47,-1442],[23,-737],[-628,-14],[9,-377],[636,-344],[8,-361],[-618,-377],[34,-1444]],[[617554,647970],[-1223,-21],[-9,361],[-223,-365],[-495,-9],[-625,-11],[-50,2171],[-16,730],[-19,778],[-42,2075],[-18,338],[-473,-10],[-17,942]],[[288874,551205],[47,-2556]],[[243042,508717],[263,389],[839,679],[1876,247],[594,-30],[1990,-325],[1572,62],[1883,363],[1279,440],[370,368],[2105,224],[2228,1097],[1275,363],[1682,4],[2456,789],[1034,116],[1485,272],[1054,576],[3406,1173],[3673,673],[1105,18],[1905,-370],[399,-118],[753,-200],[983,-262],[512,-21],[-6,542],[358,702],[-88,300],[-1716,495],[-1226,1401],[-657,-345],[-1106,1048],[1115,1526],[-3123,-83],[-39,1932],[-2036,-96],[-3831,258],[14,-1343],[-3016,475],[-13,492],[-65,3225],[-2,56],[-29,1592],[-44,2508],[-43,2470],[3640,1108],[3132,966],[-27,1311],[-17,1008],[-60,2774],[-9,361],[3300,14],[29,608],[216,1398],[901,431],[2928,138],[670,-745],[-1,775]],[[305016,552180],[193,-378],[143,-1679],[41,-492],[-489,-2009],[45,-2355],[54,-465],[-6,-320],[226,-64],[-229,-625],[299,-832],[25,-1168],[-704,-28],[-1769,-73],[221,-6847],[-3085,-3123],[-604,-596],[-369,-312],[-920,-688],[346,-665],[1054,225],[1366,1678],[2821,2085],[2285,752],[1393,-61],[232,-504],[1736,88],[6,-246],[-1316,-147],[-1404,304],[-1368,-80],[-2963,-1555],[-808,-1024],[-688,-490],[-1526,-1556],[-423,-1977],[356,0],[44,898],[810,-145],[1398,2518],[1542,1406],[2168,1352],[1570,267],[2035,-402],[1528,313],[-4854,-1887],[-797,-534],[-938,-1074],[-1359,-2698],[3095,16],[6,-1321],[2574,4310],[566,587],[652,487],[1182,514],[27,-1213],[29,-3042],[452,14],[0,2114],[558,2077],[3223,949],[76,-5596],[1491,46],[-108,-1735],[1405,41],[20,-2128],[-1584,35],[-106,-1433],[-5378,-301],[-332,-1554],[-839,-878],[-321,-293],[274,-754],[460,-161],[919,-263],[1197,-952],[1934,-788],[18,-2521],[2,-1131],[66,-2],[-69,-1491],[259,-8563],[2642,99],[146,-485],[-305,-1637],[21,-4040],[-388,-686],[1452,-839],[2440,-148],[1993,17],[918,-233],[1597,-767],[2202,-324],[1030,125],[8378,1461]],[[336208,494580],[275,-8161],[3616,84],[-1458,-1151],[-363,-1100],[71,-3746],[-1638,-2274],[1,-53],[3814,94]],[[340526,478273],[90,-4070],[-3812,-110]],[[336804,474093],[20,-3787],[-3239,-92],[-42,920],[-722,-30],[-78,2870],[-2244,-46],[-52,466],[-45,135],[-202,28],[-299,171],[-132,187],[-133,395],[-50,335],[-403,281],[-241,62],[-331,4],[59,-2109],[-2138,-54],[113,-4126],[-1885,-47],[-4015,-97],[-72,2066],[-1933,-42],[21,-2141],[1917,52],[55,-2001],[-1935,-40],[18,-2062],[-2000,-44],[101,-4132],[1506,41],[32,-1098],[1786,-153],[792,-1630],[137,-5883],[-1309,77],[-818,-613],[-853,-169],[-914,800],[-1036,-87],[-399,-761],[-211,-1755],[-369,-317],[9,-960],[54,-4856],[-4077,-136],[-3,564],[-2128,-26],[49,-2239],[-1986,-28],[-42,2263],[1482,902],[672,1030],[-296,754],[910,1017],[1305,617],[-4103,-95],[-24,2797],[-39,-11],[-5694,-2390],[-999,-608],[-985,-85]],[[299366,448177],[-25,4180],[-324,4108],[6274,224],[-1268,2024],[-356,2055],[-16767,-580],[-221,8274],[-8066,-307],[246,-8257],[-2308,-82],[-28,3831],[-6450,-58],[-26,4247],[-2243,-85],[-1922,-73],[149,-5170],[-2031,1],[-49,1059],[-1986,-14],[-199,8235],[-2047,-4],[-77,2064],[-1985,3],[-67,2060],[-1380,-7],[-624,-7],[-6165,-50],[-1066,4945],[-424,309],[2771,2764],[-93,0],[-1146,-4],[-525,251],[-90,3112],[-5,142],[-147,67],[-1712,560],[-160,226],[25,544],[-3073,-8],[-235,540],[-1484,119],[-2,39],[-2120,1167],[-782,1098]],[[239153,491719],[44,571],[-563,-314]],[[238634,491976],[50,303],[-1079,165],[-855,1892],[15,3619],[1938,167],[-563,1563],[875,140],[-792,529],[-2863,4],[-217,3],[591,394],[709,347],[908,1289],[1876,1797],[1443,1908],[1021,529],[1351,2092]],[[620528,652356],[609,2],[1242,5],[9,-720],[652,2],[-17,723],[694,3],[371,1],[378,-15],[-11,-1342]],[[624455,651015],[-724,-17],[18,-734],[-649,-26],[-33,738],[-665,-25],[-1844,-29]],[[620558,650922],[-30,1434]],[[620499,653785],[29,-1429]],[[620558,650922],[10,-731],[19,-724]],[[620587,649467],[25,-1441]],[[620612,648026],[-619,-14],[634,-740],[12,-592],[-1004,-19],[-56,259],[-503,1077],[-1522,-27]],[[617412,654381],[-5,340],[585,-67],[1,304],[258,19],[269,-1046],[427,-446],[781,524],[771,-224]],[[624633,663587],[60,-165],[45,-123],[156,-424],[156,-424],[45,-122],[123,-34],[598,-165],[568,-157],[384,-728],[240,-455],[135,-256],[39,-73],[584,-1107],[274,-517],[669,-1269],[28,2],[48,2],[856,37],[724,1342],[89,166],[3221,-18],[42,-1724],[-3093,-71],[1,-27],[17,-599],[39,-1400],[-770,-53],[-51,609],[-690,-20],[-216,-6],[-6,-188],[-35,-1074],[0,-3]],[[628913,654543],[-1585,78],[-1199,74],[-949,158],[-674,38],[-370,-42],[-684,-459],[-467,-308]],[[622985,654082],[-8,992],[-7,917],[551,466],[-564,-8],[-9,453],[-18,911],[-8,457],[-19,1023],[-9,479]],[[622894,659772],[550,469],[-560,-16],[-1,87],[-7,381],[-20,826],[-2,83],[-8,465],[-4,185],[2,282],[-120,455],[-21,433],[293,7],[1637,158]],[[621188,507655],[3268,24],[1517,1],[1515,11],[-2,2052],[-2,2073],[-1,1056],[-2,914],[0,2000],[0,59],[-2,188],[1180,11],[872,1],[6033,2],[-8,-2209],[4054,27],[2,85],[709,-179],[3328,-1671]],[[643649,512100],[44,-250],[-17,-1624],[0,-31],[-74,-242],[-27,-2247],[-195,-1887],[8,-2209],[96,-1040],[26,-20],[163,8],[1523,31],[482,-15],[3,-974],[60,-614],[0,-1485]],[[645741,499501],[-695,-533],[669,-777],[-1004,-33],[333,-2426],[699,-362],[-785,10],[-1585,-56],[-583,754],[-60,-142],[-2785,3516],[-3137,4076],[-698,-6],[-235,-404],[-9,-2689],[142,-1029],[1128,16],[289,4],[1196,15],[744,9],[9,-2074],[-48,-360],[34,-1768],[-446,-125],[-1034,-432],[-2246,126],[-10,1404],[-14,1115],[6,2066],[-4040,24],[-342,32],[46,999],[-247,1071],[-347,15],[-125,2013],[-1011,6],[-2026,18],[-510,-6],[-1,288],[-1009,-4],[3,-287],[-1521,-2]],[[624486,503563],[-1172,-5],[-290,306],[-1539,1148],[-990,870],[693,1773]],[[303766,797294],[3687,-16],[-14,-2033],[2135,-13],[171,-233],[154,-1795],[1937,-17],[-30,-4092],[-25,-4140],[2037,-12],[10,-650],[312,-1200],[2768,-196],[3076,33],[-38,-405],[1,-1684],[-4,-2023],[-2,-2088],[1021,7]],[[320962,776737],[-26,-3967],[1216,-44],[-160,-5199],[-2037,1220],[-8,-139],[-39,28],[-36,-4272],[4,-1080],[-3,-198],[-24,-1779],[24,-1014],[-39,-1130],[-87,-1098],[34,-2081],[-329,44],[-382,-44],[-413,3266],[-814,322],[-3102,1312],[-2149,853],[-905,353],[-1469,588],[-637,299],[136,5495],[-763,897],[-289,1216],[-706,971],[-2313,607],[-994,-2250],[-1045,-1696]],[[303607,768217],[0,9308],[-66,28],[-4008,1882],[-2049,1298],[37,-4240],[-1422,708],[-1133,1218],[-754,346],[-379,1906],[460,820],[257,1182],[-6085,4014]],[[288465,786687],[75,111],[87,131],[2981,-1960],[-3,-220],[1798,-1179],[4067,-2676],[8,1647],[989,1130],[340,2162],[602,992],[145,2206],[4034,23],[31,8250],[147,-10]],[[542182,841921],[79,0]],[[542261,841921],[363,0],[925,-7],[910,196],[-250,-560],[591,-1292],[97,-227],[1104,429],[65,-166],[726,295],[522,81],[188,217],[140,-434],[1041,-2786],[-412,2],[167,-458],[-266,-148],[1272,-3431],[-1632,11],[-9,-45],[-6,-822],[-3,-655],[-2,-376],[-2,-240],[149,-333],[-178,-309],[25,-55],[-1,-218],[-7,-1150],[-4013,48],[0,243],[4,1807],[24,3099],[0,1037],[13,2035],[642,-8],[1109,-2045],[116,-3],[-3326,6110],[-75,1],[-53,94],[-37,63]],[[291937,686418],[7156,-2746],[-168,326],[-1619,928],[3167,2045],[689,-641],[321,-464],[515,-1056],[218,-1359],[-270,-965],[-1061,362],[-987,68],[576,-2033],[-765,-580],[-577,364],[-27,2115],[-4511,-757],[-324,1042],[-2305,-241],[-251,3029],[223,563]],[[295392,953508],[-9,9703],[840,-605],[2760,-848],[385,-46],[12271,11],[1101,243],[2540,1124]],[[315280,963090],[2867,-2186],[1607,-871],[-58,-6490],[4119,33],[977,9],[-1177,2097],[816,1996],[1545,185],[56,4981],[498,1125],[1380,-1330],[2014,-138]],[[329924,962501],[-229,-1735],[-1088,-1436],[-241,-1701],[-1106,-456],[-931,-878],[-1278,-57],[-879,-680],[720,-1974],[1002,8],[5134,40],[10,-1091],[-1602,-16],[-14,-2989],[-1433,-417],[-7,-762],[389,-284],[809,-592],[-93,-1256],[-1122,-7],[-8,-2904],[0,-1009],[2042,-16],[-5,-824],[467,33],[2639,189],[-15,-1897],[1025,16],[-9,-2571],[1010,15],[-5,-797],[3055,-2030],[1,783],[3632,-39],[-608,-1526],[-336,-525],[-381,-554],[-259,-402]],[[340210,932160],[-40,-197],[-6,-2022],[-2,-865],[-1016,-7],[-5059,-69],[-34,-4147],[1236,2],[-1,-1226],[780,-314],[-12,-444],[-2033,-31],[-2,-728],[-516,-8],[-976,-15],[-180,-700],[-746,-8],[2,-655],[-2459,-35],[-585,-9],[-2713,-35],[16,1561],[-1222,-2],[-816,-1],[-17,-1562],[-2177,1],[-1753,1],[-249,0]],[[319630,920645],[-275,-1],[-191,366],[-6,1959],[-78,549],[-662,300],[-816,-869],[0,-257],[-2040,2],[4,-1670],[949,-330],[-1758,-37],[-473,-4],[-769,-7],[-4059,-31],[0,1015],[-1914,-10],[-5,5145],[-3,2054],[-4176,-46],[0,626],[2040,21],[0,1424],[2025,17],[-18,2473],[-5,726],[-24,2933],[-2784,-9],[304,1340],[901,505],[1203,101],[466,646],[1766,-724],[1204,119],[1096,-507],[-86,2700],[1018,16],[12,2047],[-3063,277],[-3081,-47],[549,1735],[399,1257],[-3959,-262],[-13,-1035],[-2016,-17],[-4033,-24],[-1334,-2],[-643,7261],[110,1138]],[[549184,653624],[20,-738],[16,-635],[16,-604],[55,-2035],[22,-843]],[[549313,648769],[66,-2476],[4,-179],[4,-175],[12,-495],[53,-2059],[56,-2104]],[[549508,641281],[24,-986],[59,-2110],[540,10],[20,-773],[-540,-11],[4,-248]],[[549615,637163],[-1837,-38],[25,-883],[52,-1198],[-5294,-114],[-915,-2150],[-1779,-37],[-889,-26],[-1427,568]],[[537551,633285],[-122,3641],[-100,4057]],[[500957,655358],[1170,-45],[29,1169],[-643,3174],[6643,-993]],[[508156,658663],[6685,-945],[1578,-345],[12,-506]],[[516431,656867],[-1979,13],[-3022,125],[-1233,-80],[-40,-1911],[704,-25],[1,-286],[480,-16],[54,-1242],[-255,-13],[-496,-835],[-251,-8]],[[510394,652589],[-2199,-25],[-1,310],[-2030,13],[-868,7],[-178,1],[-36,-935],[-11,-810],[-274,-223],[-662,74],[2,-2972],[0,-62],[-4,-1011],[-2183,-742]],[[501950,646214],[-315,-105],[-609,-206],[-12,1398],[-4,475],[-3,98],[-2,185],[-41,3292],[0,214],[-7,3758],[0,35]],[[684234,472264],[629,-129],[1435,504],[361,35],[235,-23],[2699,1144],[665,-390]],[[690258,473405],[1759,-228],[346,292],[667,-240],[853,428],[518,214],[532,54],[-240,-366],[638,-661],[925,-97],[867,-489],[411,71],[-56,1066],[300,196],[2059,96],[669,-112],[-266,-1376],[396,-350],[2795,673],[1065,-856]],[[704496,471720],[1,-134],[-19,-3773],[0,-2424]],[[704478,465389],[-1,-2202],[24,-1922],[21,-1298],[-8,-4885],[-2018,25],[-3194,18],[-2634,16],[-227,2],[26,-3754],[15,-4500],[-87,0]],[[696395,446889],[-4061,46],[-1984,4],[-2035,10],[-3919,42]],[[684396,446991],[-14,6225],[-8,2036],[-22,954],[-33,879],[13,2566],[17,1777],[-10,1922],[-32,2787],[23,290],[-30,5336],[-66,501]],[[698482,248814],[771,-85],[1176,-452],[5357,-2914]],[[705786,245363],[3471,-1596],[2830,-1843],[404,-25]],[[712491,241899],[440,-347],[1108,148],[582,-505],[406,-1123],[-1141,-750],[-676,-944],[288,-974],[-4,-1578],[302,-2940],[343,-940],[-4435,27],[-11006,83],[-216,16758]],[[501654,623192],[424,17],[5115,169],[2113,63],[4049,141],[2033,66],[757,24],[1013,33],[249,8],[1091,42],[1412,54],[394,16],[-655,2044],[-1007,2761],[-382,1267],[-623,1486],[727,361],[1589,-1467],[1155,517],[1083,-448],[1719,-129],[50,13]],[[523960,630230],[56,13],[261,48],[100,-332],[1034,-498],[1741,-668],[357,422],[1153,608],[335,336]],[[528997,630159],[203,368],[180,-82],[72,-63]],[[529452,630382],[66,-2064],[0,-24],[17,-504],[20,-519],[64,-2070],[33,-1040],[-1017,-35],[-3056,-109],[60,-2072],[33,-1033],[66,-2072],[63,-2072],[30,-1032],[-1004,-997],[671,-151]],[[525498,614588],[-1109,-369],[-87,281],[100,1178],[-2389,-55],[-985,-63],[-966,-37],[-2610,-130],[38,-302],[-1522,189],[-496,67],[-1507,186]],[[503544,614870],[-1595,-360],[-15,482],[-131,3844],[-6,169]],[[501797,619005],[-12,361],[-131,3826]],[[736452,486070],[1772,82],[231,-958],[220,950],[1323,-24],[969,-237],[477,212],[947,-17],[1921,-35],[565,427],[2487,-830],[516,-76],[4082,-2203],[-165,-254],[36,-9],[551,-324],[6038,-3405],[2160,-1221],[763,-435]],[[761345,477713],[-164,-1682],[-754,-1403],[248,-163],[-121,-988]],[[744465,472306],[-4031,43],[-4068,809]],[[736366,473158],[-28,2370],[26,1],[-15,248],[264,7],[-29,2824],[239,1048],[-504,-6],[-24,2062],[-19,2065],[236,-1],[24,213],[-12,177],[-11,658],[-264,3],[15,1033],[188,210]],[[898095,274604],[2613,1601],[3130,1550],[5082,1830],[1937,970],[3174,3744]],[[950340,302647],[400,-69],[2043,-1486],[-3308,3],[-778,-350],[-1188,-1883],[-4,-1867],[2844,-7],[-43,-16831],[10,-8172],[-2012,18],[58,-8149],[-2020,6],[-87,-16325],[-1759,3],[-38,-2188],[-845,-3108],[-173,-1143],[680,-3135],[2966,-2971],[-1991,-1228],[-379,-117],[-6589,298]],[[938127,233946],[-316,36],[-1055,2022],[-3302,4],[-49,3295],[-19496,401]],[[913909,239704],[37,7666],[47,287],[-15953,-45],[20,8166],[8033,3],[54,14785],[-1048,20],[6,2138],[-528,1582],[-1805,1447],[-288,668],[-1329,-156],[-3060,-1661]],[[614760,658856],[1424,-1922],[981,7],[-804,831],[-90,850],[-15,546],[505,11],[578,10],[626,11],[63,1],[511,10],[617,254],[5,-243],[1238,25],[998,18],[236,5],[613,11],[-17,758],[659,11],[6,-278]],[[622985,654082],[-640,1],[-619,1],[-611,-255],[-616,-44]],[[614804,654958],[-2,1212],[-1,223],[369,0],[-8,390],[-350,-9],[-52,2082]],[[614527,667652],[5,-265],[9,-521],[1,-73],[16,-737],[9,-628],[1116,321],[923,-904],[-1698,-35],[-312,-790],[11,-772],[20,-525],[24,-677],[65,-1978],[36,-933],[8,-279]],[[614344,654949],[-1465,-22],[-972,-9],[-1003,-17],[-156,-2],[-658,-12],[-1370,46],[-250,-163],[-1103,80]],[[607367,654850],[-12,595],[-687,373],[-5,236],[-5,274],[222,556],[-235,-6],[-11,521],[-10,519],[-23,1033],[-10,483],[-11,547],[215,523],[-5,251],[2,266],[-7,516],[-7,516],[-251,511],[-11,519],[421,7],[-428,374],[-3,148],[280,-33],[-42,1580],[-55,2068],[-255,-5],[-25,1261],[-1,33],[346,297],[-230,522],[89,0],[-228,757],[-152,248]],[[606233,670340],[172,647],[-83,385],[-55,349],[-222,1710],[42,310],[281,-298],[1430,-2271],[86,-348],[256,-783],[1143,214],[1007,-853],[656,-2092],[400,6],[174,3],[462,1280],[517,-647],[3,-92],[1003,20],[515,-504],[-5,417],[510,-56],[2,-85]],[[579441,754757],[-15,-1241],[775,-1],[1346,2],[-19,-2055],[-11,-1025],[-11,-1027]],[[581506,749410],[-59,-4119],[501,10],[1274,18],[2239,32],[-39,-1826],[-1897,40],[-134,-1339],[2026,24],[-12,-773],[1004,12],[1992,138],[-3,-359],[511,9]],[[588909,741277],[-27,-1088],[-24,-1048],[-14,-1053],[-13,-936],[518,-5],[-35,-2017],[-41,-2121],[-35,-2129],[111,-1992]],[[589349,728888],[-31,-1811],[-4,-259],[-130,-2068]],[[589184,724750],[-3238,-39],[-276,-2],[-2605,-18],[39,2075],[-2023,-22],[-1006,-1],[-503,1],[-2013,5],[-503,3],[-2007,5],[-803,-60],[-1225,67]],[[573021,726764],[32,1670],[10,385],[67,1190],[208,476],[233,386],[1557,6],[-550,248],[-708,576],[-8,283],[-440,952],[-140,484],[-96,528],[240,9],[42,2063],[-239,517],[9,519],[22,1023],[485,-2],[-180,1532],[3,1556],[-242,3],[16,1028],[6,426],[258,601],[17,1030],[-238,778],[3,253],[501,-1],[29,1014],[-518,-188],[2,188],[1952,2078],[-1933,-4],[4,1055],[1529,-14],[14,782],[2126,96],[896,888],[55,2341],[-4078,-13],[36,1302],[249,47]],[[722483,446720],[6066,-60],[6052,-27],[-13,894],[6075,-18],[3943,-20],[69,10]],[[752464,446405],[-567,-2008],[-351,-3048],[-9,-1661],[830,-261],[477,77],[-7,-1474],[25,-5720],[8062,-1688],[3583,-755],[409,-1],[-179,1172],[1081,1201],[2181,-347],[733,-936],[233,234],[-2,609],[1109,-1228],[320,-1930],[328,-925],[18,-625],[2784,-1755],[867,1139],[-48,-1223],[693,-424],[-4,782],[1336,-13],[18,-1938],[658,-384],[38,-5864],[2015,-14]],[[779095,417397],[20,-2121],[6020,-46],[-2,-1252],[-4174,-2804],[-3843,-1804],[-14,-2530],[-1116,878],[-1001,302],[-1242,-941],[-1474,-583],[-825,-2006],[-1888,-711],[-422,90],[-13,1715],[-3171,-1456],[-2121,290],[-2018,-764],[-772,-48],[-22,6703],[-1072,-1741],[-883,-65],[-498,-583],[-360,-2423],[-427,-931],[592,-591],[-599,-704],[-351,-1345],[-901,-1086],[-1192,-730],[-204,-1050],[-2150,-1009],[1,-1268],[-1472,185],[-675,-55],[-96,-13],[-19,8019],[-5887,151],[-1977,18],[-4031,13],[-1030,3],[-2780,9],[-2265,13],[-24,0],[16,1086],[-18,967],[-1994,8],[-2068,510],[132,-2572],[-242,8],[-7423,132],[-34,2041],[-157,8773],[-38,2727]],[[720891,418806],[-75,7189],[-30,4121],[-27,2093]],[[720759,432209],[-81,5997],[-15,2170],[-1,78],[-12,1839],[-5,686],[-52,3747],[1890,-6]],[[581506,749410],[505,8],[3533,52],[701,-4],[501,-152],[1529,-978],[529,-338],[464,-195],[-241,-2287],[-71,-114],[-47,-4125]],[[704478,465389],[84,2423],[3932,-7],[4110,0],[0,-394]],[[712604,467411],[-316,-308],[168,-1852],[8,-635],[-290,0],[-68,-1281],[-596,0],[-828,-209],[-51,-844],[1983,-241],[9,-2361],[-5,-2175],[-12,-2486],[4685,-38],[1055,-2139],[1233,-32],[266,54],[-2,-984],[1151,598],[3,-1368],[3070,1013],[414,-1144],[24,-2139],[-1984,-89],[-38,-2031]],[[720759,432209],[-2817,967],[-1151,1267],[-89,187],[-786,885],[-912,389],[-470,-100],[-2285,-1194],[1363,-2490],[28,-52],[120,0],[2178,-3999],[437,-593],[-44,-40],[-1541,696],[44,-2140],[-258,-94],[-3816,-28],[-36,3962],[-971,25],[-710,14],[-2385,-219],[-442,321],[-122,1],[-2,162],[164,2],[-4,282],[-1221,93],[-397,72],[-127,7662],[-4126,23],[-3938,24],[-20,3270],[-2,180],[42,457],[-68,4688]],[[897751,190275],[1928,-59],[-14,-4071],[5970,25],[93,2084],[1961,-57],[32,10144],[6107,-14],[26,8250],[-4419,2],[-630,839],[-1921,586],[503,879],[261,1858],[-1764,-29],[37,12280],[53,4094],[7673,163],[255,-17],[-32,265],[39,12207]],[[938127,233946],[18,-2949],[11984,-24],[-7,-4106],[-924,7],[-3520,-598],[-491,-1846],[-504,-703],[-1969,-919],[9419,-13],[-3,-734],[1979,452],[403,295],[3641,67],[-5,-8257],[3870,71],[2,5844],[102,2416],[2078,-33],[2011,-33],[9551,-88],[-968,-4956],[256,-11505],[-4832,1],[29,-8211],[7781,-20],[-243,-1297],[-92,-6703],[-7833,-50],[-26,-16560],[-7865,-78],[82,8318],[-6024,-157],[-32,-8289],[-10020,2],[-3101,7],[-3325,-1899],[-599,-623],[-1001,-1964],[-390,-1145],[-236,-2487],[-1705,-67],[-5664,1],[10,8239],[-3990,-8],[-38,-1008],[-1058,-514],[-605,-1525],[-819,-721],[-340,-1772],[-1689,949],[-1020,183],[-3831,79],[-1247,1259],[-517,965],[73,2188],[-1112,16],[-25,-8263],[-10054,159],[-58,10425],[-3995,-8],[16,6050],[-801,-639],[-3249,-1402],[-608,-781]],[[894997,178984],[-807,1391],[-657,1716],[23,4893],[2106,321],[631,1071],[226,1865],[1232,34]],[[761345,477713],[-151,801],[-321,787]],[[760873,479301],[147,-3],[-552,787],[46,2166],[1405,-120],[4168,1523],[507,-157],[2029,-51],[1480,-13],[-6,1085],[3724,543],[11,936],[44,0],[-15,990],[-49,0],[-7,469],[2114,-49],[4744,-94],[0,43],[3850,-37],[7690,-13]],[[792203,487306],[2,-242],[23,-2390],[36,-4687],[7,-731],[39,-3118],[15,-1173],[37,-1575],[0,-1032],[26,-1513],[38,-2057]],[[792426,468788],[-2017,11],[-520,1030],[-23,1030],[-1499,8],[-2970,-203],[-71,-1878],[-950,-1148],[26,-849],[-3892,10],[-118,1],[-279,1844],[-1582,-7],[-282,227],[-1928,24],[-41,1959],[-3,150],[-1569,18],[-438,6],[-2005,-1628],[-550,-13],[-1415,205],[-980,-265],[-657,-425],[57,-1896],[33,-2083],[-1767,-8],[-124,-1922],[-1047,2],[-87,341],[-646,492],[34,-538],[-377,-45],[5,-304],[-518,-49],[-2623,1],[-1383,6],[-498,1],[-4646,40],[-27,2038]],[[350862,703670],[-53,-301],[-198,-1232],[-97,-310],[923,26],[1517,31]],[[352954,701884],[-174,-1224],[-790,-54],[-155,-713],[256,-2339],[693,41],[193,-1629],[-1767,7],[-44,-231],[-833,10],[4,-2178],[-2105,-4],[0,-649],[-717,-102],[-638,-111],[-697,881],[84,1534],[-939,29],[-56,-47],[-849,-712],[7,-799],[4,-348],[-310,-170],[16,-691],[-461,-389],[20,-1418],[-570,-13],[-1869,257],[-787,145],[216,411],[-979,23],[-1094,5],[4,427],[-930,79],[-70,-1957],[-193,-140]],[[337424,689815],[-193,2010],[-418,3442],[-2015,4732],[-85,395]],[[334713,700394],[-183,1632],[615,588],[1045,130],[379,-106],[1830,-1217],[1356,-785],[2268,-88],[2332,482],[243,66],[859,2257],[-99,1989],[460,-6],[2414,-206],[2615,-1175],[15,-285]],[[337452,689527],[1811,33],[47,3],[54,197],[1000,-8],[-28,-646],[423,633],[2463,-104],[18,-1077],[2069,182],[438,1972],[103,6],[293,-750],[-141,-4770],[-1374,-19],[-1227,616],[-596,-661],[498,-2445],[704,10],[-33,-1690],[936,7],[94,1666],[1004,57],[1059,206],[-114,-1190],[827,18],[71,604],[248,785],[245,20],[375,32],[-12,1300],[392,0],[0,-721],[1202,91],[-17,-564],[218,-22],[1189,-118],[640,884],[572,826],[450,999],[-376,59],[371,992],[-16,588],[780,214],[141,253],[130,254],[1096,298],[2093,-125],[62,-713],[-527,-2760],[-118,-2770],[90,3],[269,8],[917,33],[47,0]],[[358312,682223],[44,-4898],[3400,55],[216,140],[568,354],[-30,-2554],[522,21],[-12,-1202],[396,10],[-3,-245],[-3,-529],[-2972,-83],[5,3204],[-842,-564],[-197,-88],[-1044,-53],[16,-1994],[-18,-517],[16,-2655],[15,-3106],[1,-72],[0,-46],[0,-35],[30,-4056],[6,-2564],[-2032,-82],[-4006,-102]],[[352388,660562],[-2018,-65],[-1745,-342],[-523,366],[-1002,-383],[-1126,154],[-4441,-106],[-186,1],[-516,-2],[-730,-1],[-4011,14],[-939,3],[-939,-17],[-1133,-88],[-510,-15],[-2692,-67],[-211,-9],[-164,-8],[-3595,-110]],[[325907,659887],[193,2348],[5,1070],[0,2148],[-1854,344],[-72,1549],[-866,38],[28,1142],[2733,-165],[-1,2526],[1,64],[-1,83],[-3,721],[-35,2809],[-21,1406],[-8,1834],[-484,2322],[1846,664],[777,-1052],[2864,-561],[262,8],[127,1345],[1324,53],[500,-648],[196,229],[256,1430],[587,13],[1403,-26],[1677,3454],[169,498],[278,26],[-316,3753],[-20,215]],[[543661,566341],[2273,-2281],[172,-213],[109,-146],[214,-316],[191,-326],[55,-111],[-20,-263],[105,-2474],[972,-38],[40,-970],[60,-1035],[91,4],[1,-729],[-201,-3621],[-1087,-1013]],[[531725,557735],[-62,-3],[-1960,-50],[-239,8302],[2001,48],[-86,634],[-148,3475]],[[386968,931178],[692,1115],[846,161],[851,1062],[1495,450],[1978,-1675],[747,39],[-108,-1364],[253,28],[125,1182],[540,315],[-639,1200],[1511,228],[2,667],[925,-880],[-1006,-378],[862,-522],[573,96],[481,-3067],[223,1],[148,-1],[-75,1966],[3116,354],[697,-490],[151,1510],[-2376,11],[3,506],[-763,123],[-1015,-1057],[-142,-283],[-104,310],[-399,884],[741,42],[-14,2037],[1530,-146],[233,324],[389,1157],[-1026,715],[383,1],[1202,-723],[543,-165],[218,134],[578,561],[-198,221],[-1827,-25],[-15,2066],[407,-1644],[899,-54],[-15,1175],[737,53],[-26,2545],[1375,4],[265,-123],[691,599],[48,14],[192,396],[2544,-539],[142,892],[-347,935],[-2858,590],[1,-1614],[-574,1317],[702,894],[2387,-256],[982,274],[906,1076],[290,1070],[24,1505],[1206,-127],[104,-122],[-11,1164]],[[409368,949892],[1404,-4078],[1017,4],[452,7],[1232,17],[3152,22],[261,3],[767,8],[97,-4846],[1487,1062],[5,1721],[1718,-12],[482,1120],[3912,-591],[-24,-2591]],[[425330,941738],[-1,-1326],[-2036,4],[-1356,-900],[-1,-1360],[-1337,4],[96,-571],[-1494,25],[-1429,14],[9,-1025],[-1,-913],[-14,-1983],[3,-2279],[-9,-5337],[-1,-53],[-6,-203],[-3,-123],[-2431,39],[-1703,-406],[-4098,99],[2,-1182],[-1952,12],[-156,-657],[-826,315],[-646,215],[511,-754],[1,-2078],[3066,-12],[-2,-3439],[0,-696],[-26,-691],[-294,-1365],[-92,-1165],[202,-912],[-1849,6],[-44,-6206],[-4556,44],[5,1789],[-3023,-1768]],[[399839,906900],[-522,6179],[2044,1],[-7,1646],[61,12],[-65,2305],[854,-297],[281,245],[-35,342],[-46,735],[267,74],[172,188],[302,45],[160,-29],[79,-263],[5,1184],[-1326,1],[-721,2],[1,2062],[662,408],[-661,-173],[16,2594],[22,208],[2333,-42],[598,767],[-739,955],[777,841],[-313,152],[-401,253],[-20,0],[0,290],[1,1135],[-209,1],[-482,-66],[-370,-178],[-1314,-888],[-3929,-41],[-98,-1],[6,2065],[-507,-1],[-215,-1],[-1222,-8],[15,-2066],[-99,-1],[87,-1632],[12,-1428],[2013,-37],[-9,-3110],[-11,-4901],[-7,-3011],[-6,-4448],[96,-1028],[279,-926],[1171,-2101]],[[398819,904913],[-115,22],[-2792,-5],[-59,2]],[[395853,904932],[-1644,-13],[6,1988],[-1014,-3],[6,2280],[503,61],[225,1797],[-1,248],[-713,15],[-13,1808],[-3240,97],[-606,546],[-980,1435],[-1274,1108],[50,792],[1593,468],[697,1621],[1604,2139],[-1826,-819],[-4129,931],[-17,3996],[1334,507],[1230,1551],[873,130],[-730,562],[607,1330],[-1579,1445],[153,226]],[[403936,936469],[1323,103],[-77,572],[-90,653],[-754,49],[787,316],[-1155,177],[-34,-1870]],[[418690,854988],[610,20],[317,-170],[623,-726],[1069,645],[275,275],[440,232],[968,381],[1820,432],[129,43],[14,-621],[450,-4],[-3,799],[918,357],[702,273],[-257,-1949],[-10,-700],[688,4],[0,695],[2006,-7],[4053,-17],[40,0],[9,1822]],[[433551,856772],[227,-312],[-223,1325],[2740,103],[-33,1539],[-1492,584],[-1185,510],[0,635],[1227,-6],[242,1244],[2556,-4],[459,604],[-2,1181],[649,129],[825,816],[-1934,94],[0,2048],[-1572,1],[5,2052],[1571,4],[1188,-3],[613,-1141],[267,-498],[-48,-3522],[1799,246],[2195,-4234],[-582,-2],[-11,-1137],[917,-4],[257,39],[781,-1479],[244,-625],[140,-454],[116,-523],[60,-324],[179,-772],[24,-99],[43,-163],[58,-162],[1104,-7],[-5,-851],[-316,-210],[-756,-562],[-809,-974],[-104,-179],[-110,-206],[-381,-722],[1280,-18],[1554,-36],[-15,-1881],[967,44],[1545,516],[9,1156],[6440,179],[-60,3273],[1847,360],[-2114,-338],[-2032,-397],[-1262,-274],[-2811,-1269],[14,2812],[21,0],[2,430],[3126,1612],[211,-634],[2070,-801],[166,0],[531,0],[-10,-618],[-35,-778],[3783,739],[191,-2],[226,0],[1938,378],[1,-75],[1,-313],[-5,-1793],[2040,-7],[-17,-2285],[467,2],[-3,-60],[1551,4],[-21,814],[694,-2],[20,-775],[1494,-18],[-6,-1090],[-1646,16],[1040,-1626],[704,-1264],[616,77],[87,-1588],[1086,-2890],[82,-1201],[88,1618]],[[470329,842748],[-1,-309],[2009,-2],[2272,2],[1765,7],[2058,11],[-17,-4129],[4049,15],[853,3],[38,0],[395,-1034],[690,-1792],[-28,-113],[-327,-245],[-1293,808],[-333,1563],[-12,-3324]],[[482447,834209],[-4064,-33],[-54,544],[-1978,166],[-9,-897],[-41,-3913],[2273,-3],[422,0],[-33,-3784],[437,-1273],[-1390,1273],[-1003,8],[-10,-1627],[295,-3],[56,-1014],[949,-1822],[-452,1],[434,-785],[-6,-1295],[-4061,18],[0,-1201],[-13,-858],[-1805,1],[-1189,4],[209,-1135],[-734,-445],[-189,-2554],[3693,1],[-25,-4315],[-45,-3957]],[[474114,805311],[-3242,5],[-4879,6],[-2050,10],[-32,0],[-754,-1],[-1450,14],[-933,4]],[[460774,805349],[-2391,17],[-431,7],[-2033,-1],[-79,0],[-2164,8],[-26,256],[-8,3866],[-341,2],[-1458,9],[-2054,10],[6,1364],[-723,2],[-183,1],[-624,2],[-6,-1361],[146,-55],[-1,-623],[128,0],[0,680],[129,-56],[-1,-612],[1129,35],[-12,-1471],[-312,258],[-1714,1218],[0,-69],[-998,686]],[[216728,620557],[7350,60],[1733,-1179],[1870,1249],[1980,50],[1620,444],[1673,819],[-909,2990],[-487,637],[-355,1642],[-293,165],[60,1455],[-466,393],[-146,1129],[423,604],[-180,1614],[266,572],[1827,39],[502,-273],[2510,-3308],[755,-399],[9435,49],[1812,-2330],[266,23008],[4056,189],[104,8318],[2026,48],[5199,-1033],[4837,-522],[9,1704],[5427,111],[-8,3949],[1264,117],[1,2364],[1753,-7],[318,30],[-55,-2053],[4033,657],[-46,4365],[-37,3566],[-4024,1687],[-3628,2150],[-735,-39],[-305,1339],[-247,4779]],[[267916,681706],[8885,34],[2008,56],[-2,571],[22,-9],[1722,-620],[373,-135],[85,-814],[-642,0],[-327,-103],[326,-284],[192,-2375],[1437,31],[159,-673],[4319,371],[483,41],[7,-840],[1990,89],[19,-2319],[-897,-1263],[-1591,573],[497,1027],[-778,3],[-144,-926],[2971,-1042],[2269,-585],[345,-155],[554,2066],[944,21],[15,-1359],[555,542],[1492,81],[0,-1001],[895,-444],[1038,422],[2010,43],[42,-2552],[-68,-414],[-75,-293],[-1309,-3026],[-402,-1275],[-11,-201],[3263,-343],[-130,5089],[4333,20],[564,-163],[1674,-579],[2363,343],[0,-53],[-2363,-342],[-2167,710],[-28,-2296],[551,19],[29,-3410],[2133,-273],[-10,-96],[-437,-4157],[2587,47],[1780,19]],[[311466,659504],[-55,-4121],[-30,-2763],[-10,-587],[-4075,428],[-17,-1246],[-2220,34],[-1787,-1882],[-2060,-203],[-1295,-588],[-471,188],[-2777,-2178],[-1657,-157],[-4,-448],[-27,-3217],[-24,-2971],[9564,-399],[1376,27],[2389,75],[-5481,-4395],[-238,-384]],[[302567,634717],[-3971,4],[-7,358],[-3648,-195],[-16,-5149],[9,-6782],[-504,-856]],[[294430,622097],[-3305,-48],[-2733,-2194],[-193,-2014],[-1347,-25],[-2022,-665],[-1998,-158],[-2658,-317],[1904,613],[1413,1705],[2270,-370],[965,122],[1134,726],[1043,1623],[400,1870],[-521,568],[-3426,1562],[-762,-68],[-1097,-3128],[-4728,-226],[11,-1591],[-1275,-51],[-621,-2881],[-4058,339],[475,-2645],[-1436,382],[-740,445],[-622,576],[-861,1260],[-240,-239],[-258,-576],[233,-3154],[907,-1885],[-165,-2024],[-388,-334],[-2105,74],[-510,-27],[-864,936],[-2200,-1108],[-279,-3],[-2298,-45],[-3454,-101],[-8684,-221],[-1746,-44],[122,-1861]],[[247713,606895],[-4063,1145],[-3910,29],[-163,254],[0,257],[-16175,-336],[-107,84],[-6720,-83]],[[216575,608245],[113,8109],[40,4203]],[[249708,624814],[2240,-2282],[-4,598],[2,1904],[-561,-243],[-835,852],[-842,-829]],[[533362,634968],[784,-315],[3405,-1368]],[[549615,637163],[17,-1050],[25,-1140],[37,-1305],[-16,-691],[130,-4137],[63,-1192],[24,-867],[26,-1034],[27,-1042],[12,-417],[44,-1273],[25,-817],[3,-99],[42,-1527],[8,-304],[61,-2437]],[[550143,617831],[-1007,-514],[-876,-415],[160,-550],[-616,13],[-853,-85],[-905,43],[-1667,-30],[-741,37],[-1263,-108],[-158,101],[-1565,-1024],[-424,-1372],[-830,-136],[-733,337],[-206,117]],[[538459,614245],[-498,1021],[673,861],[-589,-65],[12,1491],[-94,-26],[-22,861],[-23,996],[-15,824],[-55,4207],[-136,2921],[-62,1224],[-4049,-39],[-1680,-180],[-1631,813],[-838,1228]],[[528997,630159],[-693,17],[-31,1494],[97,747],[1014,41],[2542,89],[1521,41],[-9,584],[-38,1431],[-38,365]],[[599616,600874],[235,-13],[495,-15],[1449,23],[868,13],[507,8],[508,6],[1012,16],[1014,15],[1012,15],[1015,16],[1010,26],[506,10],[508,7],[1012,23],[1012,18],[507,11],[505,11]],[[612791,601064],[2,-140],[-1012,-6],[7,-383],[253,8],[32,-1570],[18,-1032],[-255,-5],[23,-1035],[4,-258],[252,7],[-224,-1560],[5,-258],[253,6],[35,-1807],[-254,-6],[4,-259],[5,-276],[251,3],[15,-607],[-253,-1],[3,-151],[253,5],[17,-921],[-251,21],[2,-139],[20,-1034],[251,4],[14,-776],[-250,-9],[4,-254],[20,-1033],[254,5],[13,-765],[-252,-1],[6,-274],[251,6],[21,-1035],[-252,-6],[19,-1031],[6,-262],[251,6],[36,-1808],[19,-1035],[-252,-5],[18,-994]],[[612173,580399],[-2021,-64],[-2015,-32],[-504,-8],[-1031,-18],[-1506,-39],[-1017,-22],[-508,-14],[-1630,-27],[-692,2],[-1218,-44]],[[600031,580133],[-258,94],[-1258,-37]],[[598515,580190],[488,300],[742,689],[-36,2071],[261,8],[-21,1037],[-259,-8],[-33,1809],[-259,252],[254,5],[-21,1036],[256,2],[-22,1039],[-5,259],[-259,-6],[-14,776],[-21,1034],[-19,1037],[241,766],[-4,247],[-511,14],[248,273],[-35,1807],[-24,1038],[-270,1033],[228,1043],[-27,1035],[-29,1035],[273,7],[-21,1046]],[[445350,535706],[386,-520],[4053,326],[-123,1624],[2063,241],[-18,775],[689,204],[-141,1785],[-629,-402],[-25,1144],[1802,155],[1961,1222],[328,236],[1948,2755],[2372,490],[82,-2300],[1164,21],[673,12],[671,-1274],[183,-166],[-232,749],[484,423],[-925,271],[3188,49],[-15,726],[1775,62],[238,-11],[-24,1286],[-224,-11],[-1733,-71],[-3,138],[-18,1309],[-16,669],[-912,48],[-4409,-102],[-443,877],[-123,-4],[-1180,2350],[-141,1083],[5335,3977],[1300,-291],[21,-1675],[342,9]],[[465074,553895],[340,10],[-173,1300],[7,454],[92,229],[779,520],[148,348],[60,615],[376,586],[338,-444],[1789,51],[-3,-1407],[299,50],[1179,163],[790,-6],[-64,2906],[-274,15],[-1735,-45],[-10,437],[1318,911],[681,473],[-2,-838],[888,22],[-8,1319],[833,504],[1394,697],[438,201],[66,-288],[57,-52],[1785,-463],[2418,673],[-617,-528],[-76,-3],[113,-1359],[957,-918],[671,986]],[[479928,561014],[209,-563],[527,-1426],[849,-898],[2395,-1602],[118,-118],[80,-105],[152,-337],[229,-3648],[-887,-358],[-133,-599],[-19,-3187],[96,-3931],[380,147],[3307,2458],[1546,1226],[772,254],[2109,1467],[443,287],[-694,1246],[2719,2792],[1373,988],[4992,3094],[2076,657],[275,47],[438,71],[260,461]],[[503540,559437],[13,-438],[56,-2041],[-10,-1448],[231,-10014]],[[503830,545496],[114,-5075],[162,-5748],[53,-2468],[-6060,-119],[105,-4188],[6061,161],[17,-791],[107,-4106]],[[504389,523162],[85,-3357],[109,-4140],[-4105,-114],[-4037,-113]],[[496441,515438],[-4051,-121],[-3931,-124],[-77,-2],[-3459,-107],[-1542,-47],[-3175,-98],[71,-2966],[-2095,-397],[-1176,1182],[-728,-19],[-6,2139],[-826,-71],[-7270,-230],[-1356,-35],[-622,-732],[39,-1316],[-991,-33],[23,-1233],[-990,163],[-1323,-939]],[[462956,510452],[-407,3476],[-830,-28],[-1545,-445],[-139,-66],[-296,-331],[-198,-109],[-31,-145],[-1350,-173],[-672,-91],[-1141,-504],[-38,2249],[-100,4128],[-30,1523],[-45,2104],[-10,473],[-1,65],[-7570,-274],[-43,-88],[-465,-1485],[-200,-2628],[-4207,-165],[-563,-3380],[-23,-743],[-283,-1]],[[442769,513814],[-1349,-55],[502,4111],[776,2461],[903,1924],[-168,13],[1920,2898],[2710,2689],[1401,1076],[2184,1270],[3995,1769],[-187,765],[-381,1999],[-110,1487],[-761,-54],[-2250,-1337],[-1222,-133],[-4984,-224],[-912,16],[514,1217]],[[501146,694235],[1404,-263],[396,-144],[585,-364],[-1,-1859],[2409,-894],[1666,-399],[1390,-149],[1026,1],[658,198],[419,274],[324,344],[951,1290],[67,1920],[970,-31]],[[513410,694159],[125,-1932],[-84,-682],[2079,-83],[118,-4389],[2040,-8],[998,486],[6,-180],[1010,25],[4,-116],[5,-153],[4048,102],[1297,120],[-244,837],[1927,232],[-21,-1146],[1937,43]],[[528655,687315],[186,-513],[309,-1145],[633,-2421],[797,-866]],[[530580,682370],[-818,-15],[91,-3182],[42,-1401],[-427,0],[65,-2686],[16,-800],[-191,-258],[-38,-61],[68,-1684],[115,-275]],[[529503,672008],[-1168,-30],[57,-2100],[-230,348],[-61,1951],[9,51],[-228,143],[-1575,-1800],[-1696,-1947],[-287,-221],[-20,1342]],[[524304,669745],[-20,512],[-17,511],[-30,1077],[-49,1703],[-9,315],[-21,717],[-1518,-249],[16,-510],[-314,-6],[-35,-1],[-108,-2],[-35,0],[-1353,-42],[-670,-15],[-1533,-38],[-493,-15],[-1567,-42],[-458,-12],[-17,529],[-499,-20],[467,1034],[-2,72],[-20,697],[-509,244],[486,526],[-28,1005],[-635,-6],[-46,698],[-624,30],[-380,12],[-34,0],[-883,33],[-464,18],[-186,7],[-845,34],[-43,1173],[298,515],[-40,1516],[-315,-7],[-505,-12],[-3650,-83],[-3788,-120],[-115,552],[-144,-66],[-903,-720],[-320,-370],[-601,-1036],[-267,-949],[-106,4],[-275,11]],[[501097,678969],[10,2559],[6,3294],[2,867],[1,1838],[12,1872],[4,918],[3,1130],[11,2788]],[[499194,819063],[-429,1708],[301,271],[1897,419],[724,757],[1628,-384],[3541,-284],[255,-818],[1103,-1118],[37,1845],[504,-3],[1144,-9],[28,2058],[-1015,8],[9,773],[-2034,15],[12,1277],[65,0],[20,1048],[3189,-38],[-16,-1035],[401,-3],[220,1033],[209,510],[1011,-363],[3042,-175],[6,532],[3,270],[2,257],[1,46],[1094,-7],[-1073,2104],[-51,584],[-22,458],[28,999]],[[515028,831798],[1,352],[4,1629],[9267,3],[1188,-7],[4141,-46]],[[529629,833729],[-8,-3244],[2,-878],[-72,-4125],[2038,-41],[-18,-2319],[980,-786],[-986,19],[188,-520],[1017,-19],[230,-520],[163,-233],[2948,-1926],[506,-1980],[1573,-597],[573,-878],[382,-2488],[379,272],[-1,-251],[302,-41],[106,574],[237,-333],[193,141],[220,-1],[314,338],[667,-15],[-16,-831],[-60,-4725],[474,-1069],[509,-2558]],[[542469,804695],[-40,1],[-1354,83],[-1678,15],[-2107,13],[-33,-1596],[698,-1404],[462,-933],[297,-604],[-505,187],[-3188,1928],[-1143,530],[-753,130],[-1977,36],[-3132,78],[-5062,-78],[-31,131],[-1257,80],[-592,376],[-668,364],[-214,893],[-626,0],[-3118,4],[-1581,0],[-2119,25],[-2039,17],[-5293,59],[-591,3]],[[504825,805033],[283,846],[-716,68],[-485,660],[90,1765],[-2147,478],[-5015,-113],[-2736,-60],[177,-548],[-41,-123],[-385,1193],[-435,1350]],[[493415,810549],[-286,887],[-664,2085]],[[492465,813521],[243,-523],[3449,-61],[4008,-95],[354,-8],[-35,482],[-439,2014],[-71,327],[-579,2576],[-201,830]],[[423369,884910],[47,-43],[1384,-1165],[2142,-1414],[537,-547],[37,1660],[388,323],[2595,0],[1681,649],[1607,1428],[3843,-4],[2473,38],[-2285,1795],[-530,595],[-694,1549],[2878,1824],[1579,376],[597,-1],[4105,1],[4087,-2],[-9,-4155],[2109,70],[2354,507],[98,234],[1354,3339],[2133,-7],[2037,-5]],[[459916,891955],[1,-60],[27,-3752],[0,-79],[4094,-612],[2049,-266],[7,-870],[0,-107],[-164,-246],[13,-381],[151,-4008],[52,-1995],[84,2],[254,-42],[3482,-50],[155,53],[128,-3],[68,-23],[98,-83],[343,-471],[59,-55],[1226,-298],[394,81],[1488,-364],[695,472],[-5,-3785],[-18,-1698],[-18,-2057],[4119,-6]],[[478698,871252],[-25,-1243],[-152,-834],[-1781,-4921],[-88,-439],[-80,-835],[-10,-96],[-633,-2808],[95,-749],[-578,10],[-645,-473],[541,-990],[1054,265],[28,-86],[20,-65],[360,-1124],[581,-1980],[29,-192],[-425,9],[494,-991],[0,-148],[1089,-2858],[-1104,-4],[-1,-43],[-27,-1637],[-62,-1647],[-768,524],[-104,71],[-82,60],[8,2666],[-2034,-13],[-1,1911],[-1755,151],[-288,-442],[-1,-1403],[0,-206],[-909,5],[-401,3],[-748,-11],[2,-3776],[35,-1548],[-3,-2617]],[[433551,856772],[-1072,1148],[-666,705],[-2017,1718],[-1148,1847],[-2305,3192],[-874,1853],[-1567,3344],[-1650,2757],[-338,2148],[-193,1750],[-23,364],[78,495],[-391,228],[13,1393],[-688,10],[-38,76],[156,-446],[-330,-47],[-298,56],[5,343],[-845,10],[11,1150],[50,-16],[-9,6637],[1011,-19],[1382,-878],[1567,-1762],[-3,82]],[[605234,388609],[-18,2038],[0,12],[-24,1995],[-1,58],[1700,13],[43,1016],[2173,504],[-6,826],[-5,1600],[0,42],[-37,4342],[-1988,-23]],[[607071,401032],[-1961,-22]],[[605110,401010],[-11,1902],[-7,1037]],[[605092,403949],[46,0],[864,539],[-102,1927],[1014,90],[-338,565],[1448,-559],[-1,1726],[-1961,240],[-5,773],[-1004,-2],[-4,310],[479,-36]],[[605528,409522],[3580,184],[-249,4676],[242,949],[1892,-1657],[1437,-515],[111,-38],[366,-136],[772,-293],[1619,-408],[461,-99],[-496,-1807],[1807,130],[15,-1166],[2006,13],[-9,1866],[-1,263],[1425,90],[1323,78],[3282,-428],[2,35],[200,2299],[220,-101],[798,114],[649,8],[-746,3149],[1701,-2],[54,0],[2964,25],[394,-1],[538,14],[1656,-1],[504,5],[676,6],[3523,17],[1957,8],[851,3],[2952,17]],[[644004,416819],[109,-1],[98,1],[881,4],[803,7],[252,0],[6093,30],[877,7],[12528,116]],[[665645,416983],[-7,-3228],[-4,-1327],[-11,-4871],[-10,-4504],[-7,-1290],[-25,-4497],[-27,-4879],[-1,-103],[-2,-361],[-61,-11101]],[[665490,380822],[-3,-643],[-19,-3518],[-42,-7977]],[[665426,368684],[-7814,-79],[-1028,-16],[-9,1547],[-942,34],[-31,2535],[-6028,-84],[16,-3248],[-670,-507],[-1532,679],[79,-609],[-880,-31],[55,-461],[-1046,-16],[-1040,-14],[-32,2062],[-4964,-23],[10,2028],[-6332,-78],[-35,1780],[1327,16],[-17,1336],[1063,4898],[419,580],[-176,117],[-1401,-19],[-307,-302],[-1569,1442],[-610,-1415],[-1035,-392],[-255,-806],[-1616,-887],[73,-1621],[-325,-474],[-1113,-462],[-286,-801],[344,-733],[-1074,-1059],[-621,207],[-1367,-1081],[-1060,50],[296,2198],[568,1861],[7,20],[-1273,621],[-416,861],[-10,113],[-3752,-55],[141,2076],[-5920,-70],[-4021,-49],[42,-4120],[-3930,-48]],[[605329,376185],[-4006,-35],[-18,1299],[282,227],[923,2595],[1374,1114],[394,972],[-85,1186],[1062,1293],[-20,3720],[-1,53]],[[588954,409103],[2472,38],[1532,14],[108,470],[38,-598],[259,132]],[[593363,409159],[1688,-197],[-28,-1616],[-896,-848],[-1028,668],[38,-375],[-190,-1036],[-1113,-14],[-916,11],[51,-741],[-1975,-77],[-7,1677],[-19,1251],[968,44],[-18,708],[-948,-43],[-14,494],[-2,38]],[[438081,699329],[460,357],[252,194],[81,-393],[1026,1102],[1353,60],[120,5],[7,430],[16,778],[12,1453],[1877,87],[-703,-2320],[235,10],[180,7],[1727,69],[362,689],[225,177],[1030,472],[20,1039],[-2753,-127],[459,1099],[-1831,346],[40,1534],[117,-43],[3982,-1398],[14,749],[-3983,1087],[-118,118],[15,590],[42,1606],[-90,36],[15,593],[1,102],[87,2583],[46,710],[1871,129],[613,44],[1717,114],[-105,-1669],[-1105,-157],[-962,-739],[-64,-1721],[2090,89],[11,301],[39,768]],[[446509,710289],[41,-5],[736,-1022],[2385,121],[523,-994],[435,-1],[-106,-3776],[-2610,687],[-148,-818],[-376,-1223],[-124,-2252],[355,-1112],[1161,-1286],[2083,-488],[625,-826],[-452,-40],[-453,-254],[0,-30],[-1276,-76],[-2513,-1133],[-243,-61]],[[446552,695700],[-496,75],[0,46],[-1120,256],[-1566,-442],[-2011,415],[19,1421],[-255,-54],[-1007,-223],[-1479,-327],[106,664],[57,375],[-353,54],[-363,1130],[-3,239]],[[551679,777892],[-72,872],[-998,1849],[658,110],[3,4436],[41,207],[4102,-59],[-1,-64],[915,-503],[1184,-21],[-40,1238],[555,-732],[577,746],[963,-1954],[1008,-6],[896,-1978],[-27,1938],[16,-2],[882,-42],[1236,467],[36,1659]],[[563613,786053],[4026,15],[888,-44],[1012,-122],[1430,33],[601,65],[-1,-69],[2241,-46],[114,-186],[209,128],[72,52],[219,-54],[-1193,1911],[-533,867],[1456,449],[1414,708],[8,1139]],[[575576,790899],[11,-21],[228,-419],[2066,-3796],[1761,-2102],[311,-773],[249,-617],[2475,-3943],[24,-30],[1750,-2157],[1350,-1666],[62,-76],[2008,-2476],[519,-641],[7,-6]],[[588397,772176],[-871,-1034],[-1854,15],[-12,-1034],[-1623,75],[32,-394],[-440,8],[-349,359],[-1168,12],[628,-2262]],[[562482,767413],[-1190,44],[-39,2076],[-924,13],[115,1494],[-1139,-161],[-1,-119],[-2035,-154],[-1207,-369],[13,854],[-418,19],[25,547],[-432,5],[-3191,40],[-96,1439],[-3053,134],[277,68],[-388,993],[1750,-23],[-19,1038],[1318,-270],[-169,2811]],[[429971,755036],[-4,298],[135,770],[445,-2],[2869,-12],[-544,3639],[-3570,346],[-2287,118],[12,1073],[-769,5],[-14,-1064],[-623,4],[-32,-1608],[-443,-1],[7,2719],[1105,-30],[12,992],[904,-2],[94,2022],[2181,-20],[-127,1806]],[[429322,766089],[1955,-670],[-30,-59],[258,-113],[697,-340],[29,50],[1000,-589],[2138,-1627]],[[435369,762741],[-20,-5542]],[[435349,757199],[-33,-454],[-284,-661]],[[435032,756084],[-293,-701],[-27,-1137],[9349,-1561],[81,-221],[-752,124],[-495,29],[-5058,-95],[-518,-314],[-620,-1138],[-2030,-54],[-12,-1383],[-34,-3528],[-1,-76]],[[434622,746029],[-1450,-70],[-5,-52],[-165,-1741],[-477,155],[-1951,634],[-737,240],[-748,61],[-471,9],[-625,360],[-1064,-61]],[[426929,745564],[-539,45],[-1,296],[-2059,72]],[[424330,745977],[8,999],[17,4854],[1495,-85],[579,-10],[-16,-1725],[-46,-1448],[42,0],[-23,-2192],[1028,-249],[362,-213],[2152,229],[33,-319],[280,12],[291,16],[26,4000],[2049,53],[-12,1024],[19,1301],[-2,57],[2,53],[19,1920],[-1998,-17],[-47,697],[-617,102]],[[478698,871252],[2053,-193],[-13,-1884],[249,-1],[1810,296],[-16,-1520],[1038,-131],[5345,-684],[750,-4660],[7,-50],[13,-79],[14,-76],[671,-4597],[2022,-99],[60,-2],[-83,-774],[584,-2101],[70,3],[883,-819],[454,-1061],[-12,-1194],[1003,-3329],[-267,-723],[-966,-609],[-537,-504],[1071,-2547]],[[494901,843914],[-135,2],[843,-972],[168,-291],[438,-471],[-1644,-246],[-213,-302],[573,-1639],[537,-2581],[655,-593],[21,-1045],[-411,-6],[3,-14],[4,-21],[37,-208],[-91,-2913],[46,-423],[-962,207],[-376,-15],[-229,158],[-123,-10],[-140,-149],[-194,-46],[-320,79],[-189,166],[-29,383],[-210,467],[-459,703],[-975,774],[-1833,-128],[-1189,1581],[-162,-83]],[[488342,836278],[-791,1202],[-1017,-158],[0,-49],[-105,-92],[-17,-36],[9,-32],[-74,-75],[-14,-26],[-313,-514],[-1,-149],[-508,-1],[-474,-2143],[-95,-2],[-70,0],[-851,-55],[-1374,3],[-200,58]],[[524304,669745],[-675,-15],[-1345,-35],[-79,-2],[-1267,-32],[-12,308],[-659,-325],[-2029,-51],[-1763,-50],[-265,-4],[-2036,-40],[70,-1538],[-361,-506],[65,-2043],[1574,45]],[[514861,661275],[-590,554],[6,948],[-2014,-25],[-22,-507],[-2010,-54],[-5,-547],[-2,-468],[-2068,-91],[0,-2422]],[[500957,655358],[24,4298],[0,159],[3,1194],[57,4061],[12,4088],[13,1921],[9,2358],[5,1439],[1,489],[16,3604]],[[444826,930684],[-372,264],[-688,-1769],[-656,4],[-185,58],[-632,2025]],[[442293,931266],[-567,1817],[70,0],[-73,234],[-74,531],[46,19],[328,-631],[2803,-2552]],[[447203,937390],[-5,-1218],[-2,-578],[-1523,-203],[-265,-70]],[[445408,935321],[-3185,599],[422,1518],[-1036,8],[-71,494],[664,711],[1500,92],[0,245],[865,-9],[151,-1564],[965,-96],[1520,71]],[[409395,954202],[2,335],[27,2609],[10,1671],[934,-42],[135,1450],[534,1435],[681,505],[1202,25],[1086,24],[92,101],[1686,1829],[541,676],[455,293],[291,562],[-1390,2812],[780,-31],[1068,24],[2589,93],[252,487],[396,1517],[177,24],[1572,12],[252,1033],[502,5],[3,651],[408,-140],[1623,0],[-6,-1529],[168,0],[3416,-1],[318,-2],[137,0],[198,167],[-28,-168],[302,0],[263,1077],[11,128],[-108,1009],[472,-2214],[470,2],[1781,-11],[719,0],[98,0],[1891,-8],[615,-156],[1609,-472],[8,648],[27,2066],[598,-2],[1463,-164],[-27,-1881],[0,-1312],[763,-123],[0,1405],[1246,55],[63,0],[7,1635],[2048,-9],[-6,-978],[1045,-4],[1,-686],[-1046,-30],[-3,-1512],[-2053,26],[53,-3160],[1993,509],[5,2051],[1024,575],[3198,168],[921,-726],[3042,16],[32,2020],[6166,-60],[65,2112],[8143,-21],[-5,497]],[[466400,973099],[1186,170],[78,-1244],[490,-518],[-591,-1049],[28,-1],[497,-1838],[-381,-528],[404,-1516],[-651,-332],[-492,-1451],[-553,-505],[-17,-543],[788,-13],[-391,-378],[387,-156],[243,83],[264,311],[654,-382],[623,-91],[450,-209],[67,-40],[916,-1142],[-182,-557],[-401,8],[-28,-758],[-221,59],[-537,-1104],[-2741,237],[-7,-630],[-3,-283],[-37,-384],[-799,-242],[-601,5],[150,-458],[684,-1277],[-547,-498],[-3,-468],[1132,3],[-9,-1415],[0,-36],[-42,-4103],[488,-4],[1172,-44],[2691,-1468],[864,-942]],[[471422,947368],[1009,-1941],[-3465,43],[-11,-1892],[-18,-2048],[-50,-3],[-240,-13],[-27,-1975],[710,-56],[9,-718],[-404,-1099],[805,92],[-3,-441],[-260,-1110],[-818,-565],[-799,-2395],[-128,-375],[-468,-1375],[17,-273],[-417,-244],[1391,-1416],[443,-935],[38,-2085],[-4,-328]],[[468732,926216],[-1298,18],[-210,1692],[-875,1217],[-251,4],[-26,1657],[-2065,-9],[0,367],[2066,17],[0,16],[51,966],[-17,105],[7,2936],[-738,-44],[-989,-31],[-2479,-242],[-4054,2031],[-235,-3905],[-3877,-11],[-2998,13],[-17,17],[-37,53],[-25,48],[-40,116],[1089,-7],[7,2954],[-2023,-489],[-663,-123],[-830,1],[6,1774],[1066,-6],[-23,26],[182,784],[-697,1002],[663,247],[-1316,8]],[[448086,939418],[0,129],[0,69],[-400,657],[-196,-18],[193,424],[0,245],[-995,-1],[-285,641],[-706,22],[-213,12],[-265,11],[1,-553],[-420,2],[-1,549],[-1032,12],[-54,-702],[-2615,23],[-73,2],[-365,2142],[-204,1274],[-94,525],[-236,-493],[-1809,8],[420,-1319],[-94,-1],[-611,14],[-1088,475],[-1160,528],[-583,123],[-1055,-4],[3,-56],[-16,-2552],[-559,3],[-214,2544],[-1842,-21],[-50,-4569],[-2030,44],[-1,-607],[-2,-1457],[-2062,43],[0,4123],[-2043,29]],[[409368,949892],[27,4310]],[[420408,612725],[1750,26],[3350,54],[-8,2027],[2408,24],[-106,-519],[-49,-17],[-25,-22],[-9,-90],[-24,-45],[-56,-33],[-18,-78],[-22,-23],[0,-280],[720,9],[299,-943],[2755,44],[180,34],[2486,2],[226,-2],[3109,119]],[[437374,613012],[-101,-274],[-708,-2888],[574,116],[6013,156],[2740,-106],[0,-178],[-1,-128],[-4,-934],[-654,34],[-11,-894],[-329,-734],[-281,-857],[-316,-1443],[44,2],[1134,0],[463,131],[13,-436],[59,-1798],[13,-179],[-4,-92],[-1705,283],[-165,28],[69,-2122],[-319,-11],[74,-2418],[215,-1713],[431,-91]],[[444618,596466],[20,-98],[569,-2121],[861,-1727]],[[446068,592520],[-128,-12],[218,-325],[-1821,-75],[107,-2845],[-130,-1],[3,-28],[-2352,-48],[-881,-42],[-25,1055],[-2640,-310],[73,-272],[-55,-11],[-672,124],[-2402,-278],[-9,55],[-1033,-121],[-455,-56],[-684,-87],[-1480,-175],[26,-1094],[2,-69],[31,-897],[-1,-326],[76,-1773],[36,-1085]],[[431872,583824],[-53,-9],[-1590,-26],[-54,555],[-2574,-386],[-514,-46],[-81,-435],[-64,-4],[-220,-1276],[-211,-769],[72,-1871],[3,-71],[-2029,-410],[-2,66],[-30,2132],[87,294],[-2216,-62],[-13,373],[-12,329],[-44,1353],[-238,1233],[0,66],[-1284,-59],[256,1440],[77,208],[519,926],[240,1306],[84,467],[145,659],[946,226],[-17,596],[-54,2147],[1364,448],[2274,687],[-95,969],[-576,350],[90,1538],[79,1458],[81,1952],[-350,118],[308,70],[7,117],[-135,-32]],[[426048,600451],[-74,492],[103,27],[-33,578],[-1083,-279],[-43,560],[-300,-75],[44,-565],[80,-488],[32,-577],[16,-77]],[[424790,600047],[-73,-34],[-758,-423],[-2107,-1472],[-816,-573]],[[421036,597545],[-57,1466],[-965,-31],[-74,1969],[-123,137],[674,765],[-1315,-79],[-929,-212],[-63,540],[760,43],[-114,1973],[506,11],[244,-612],[2049,26],[-1251,330],[1178,1072],[-6,2429],[-8,244],[-646,1],[-2736,60],[92,212],[45,100],[653,1442],[-59,3],[471,1103],[64,-30],[771,1740],[211,478]],[[423493,600380],[207,42],[-28,353],[68,4],[202,-101],[103,-17],[89,34],[-25,345],[-38,557],[499,141],[-30,303],[-362,-93],[-21,256],[-586,-132],[53,-643],[-350,-60],[219,-989]],[[320962,776737],[5137,24],[1968,0],[14,-1904],[1,-205],[14,-1956],[-20,-4345],[-14,-690],[-25,-435],[-48,-1417],[-3,-157],[-4,-155]],[[327982,765497],[-31,-1560],[-3,-113],[-4,-175],[-344,-1263],[-1163,2012],[-477,3],[946,-1364],[118,-4794],[918,-5],[-19,-2131],[-39,-1130],[-54,-888],[-90,-795],[-30,-186],[-260,-1249],[-42,-172],[-86,-349],[-347,-965],[-863,-2414],[-425,-1232],[-57,-191],[-37,-1407],[12,-2143],[-4,-1249],[13,-1617],[37,-1217],[106,-351],[924,-1352],[170,-890],[-3472,1508],[-2335,796],[-183,-620],[704,304],[402,-130],[1565,-588],[293,-130],[400,-154],[249,-140],[488,-333],[581,-375],[771,-2296],[401,-213],[-228,-1632],[-251,30],[-1380,-958],[-385,-585],[-689,-1399],[1895,670],[758,58],[975,-1932],[189,-872],[8,-80],[15,-1072],[36,-4164],[81,-3883],[5,-239],[-26,-678],[-92,-443],[-185,-469],[-540,-671],[-588,-600],[-425,-797],[-57,-180],[-66,-311],[-22,-244],[-4,-728]],[[325739,712760],[-1187,785],[-451,2],[-1684,-63],[-1642,109],[-278,-21],[-168,-23],[-1985,-113],[38,-1098],[-792,11],[41,-826],[872,821],[840,-512],[108,-2278],[643,-94],[-686,0],[-774,1]],[[318634,709461],[15,212],[-424,-211],[-2040,65],[-455,46],[4,429],[-3998,74],[-399,-8],[-63,-2],[-140,-2],[-1440,201],[-1025,232],[-1353,329],[-313,85],[9,-1829],[-4005,-108],[-2553,-68],[-1547,13],[-917,-45],[-1129,-55],[-1501,-74],[-323,-5],[-3480,-53],[-849,-26],[-2292,-23],[-948,-9],[-262,-3],[2,-1208],[-243,-4],[-453,-7],[7,-1149],[-1444,-17],[-106,-4633],[1880,-1236],[-1235,-38],[-1300,1203],[219,343],[-1749,1124],[-1989,1285],[-966,624],[-986,380],[-127,49],[4,-1158],[-804,-1137],[-2092,-183],[-1054,350],[-730,-495],[-824,-1955],[-2631,1273],[-2009,0]],[[268576,702037],[-1,6178],[1976,43],[-16,2055],[1557,43],[-494,817],[-717,1197]],[[270881,712370],[-2167,3566],[1778,16],[-5,581],[-24,1283],[-132,6971],[-1937,-20],[-66,4115],[2314,51],[1800,1677],[544,167],[1314,-61],[-17,4855],[690,-24],[1172,-849],[5352,-426],[584,730],[248,1235],[-232,515],[-1253,692],[1030,28],[669,810],[260,1725],[481,1654],[895,1132],[1623,137],[304,-163],[543,-1842],[256,-204],[2524,-615],[904,325],[62,649],[-402,1419],[1468,-116],[45,1433],[1075,881],[91,-15],[488,-27],[844,-148],[2524,-438],[-45,4334],[570,-24],[1840,1075],[-178,268],[321,-92],[946,949],[-442,2960],[-1339,2000],[-1015,415],[314,-18],[1131,35],[914,-20],[-14,858],[13,5238],[26,2257],[4023,64],[11,3681],[12,53],[-9,115]],[[594668,642151],[-27,1358],[-3,188],[1996,36],[46,-828],[266,-722],[822,11],[-5,273],[781,14],[4,-277],[235,5],[1021,19],[1384,27],[1663,702],[2058,-629],[2058,18]],[[606967,642346],[2020,35],[-10,272],[2042,48],[7,-274],[2350,51],[45,-2039],[18,-692],[1294,29],[-26,871],[431,0],[4,-173],[-203,-177],[8,-395],[151,-3],[7,-116],[50,1],[30,-1384],[53,1]],[[615238,638401],[583,-2634],[-571,-348],[23,-1147],[451,8],[164,-1233],[251,-614],[108,15],[542,458],[857,1402],[580,1107],[304,-13],[53,-597],[-174,-454],[-479,-32],[-596,-1177],[-425,-490],[148,-487],[-423,-237],[-106,-39],[540,-684],[-1779,-716],[4,-377],[252,6],[26,-1036],[24,-1034],[-269,-21],[3,-115],[269,-15],[12,-761],[-266,-1],[20,-1160],[5,-241],[255,6],[31,-1833],[15,-1035],[-251,-4],[17,-1040]],[[615436,621828],[-276,-4],[8,290],[-488,-7],[4,-292],[-264,-4],[-1012,-20],[-4,258],[-1012,-17],[-6,265],[-310,-270],[-662,-12],[9,-260],[-666,-11],[-815,-13],[-42,267],[-395,671],[-150,88],[-1525,-15],[18,-1045],[-528,-10],[-5,247],[-487,-9],[-251,-4],[-766,1],[-510,-6],[4,-260],[-258,-3],[-3,259],[-1778,-22],[4,-266],[-510,-8],[-508,-7],[-13,555],[-687,-566],[-2110,-32],[-526,-9]],[[595060,622697],[0,697],[-1644,-709],[-1725,161],[349,828],[283,-529],[2738,1147],[-27,1322],[-2042,-50],[-88,3937],[453,162],[566,69],[769,13],[264,6],[-10,498],[-280,497],[-50,816],[291,3],[-5,216],[-11,516],[-252,-3],[230,1033],[-9,522],[-25,1042],[-15,533],[-791,-21],[-722,-192],[-2,89],[1508,445],[-4,178],[-33,1043],[-19,1042],[-26,1191],[-63,2952]],[[601245,716813],[159,4],[296,245]],[[601700,717062],[447,-225],[473,12],[680,17],[81,3],[-8,258],[1144,31],[5,-259],[403,11],[287,5],[606,11],[-11,510],[255,3],[13,-508],[246,4],[1054,15],[-35,222],[511,-215],[510,7],[-5,221],[513,-213],[542,8],[503,8],[288,3],[-2,288],[55,94],[84,25],[314,6],[129,-44],[77,-127],[7,-231],[600,3]],[[611466,717005],[129,-1001],[3,-25],[135,-1043],[24,-185],[7,-55],[57,-439],[43,-333],[32,-250],[33,-255],[62,-475],[62,-486],[3,-17],[4,-32],[85,-664],[15,-52],[132,-457],[680,-2373]],[[612972,708863],[-437,-18],[-583,-18],[-305,-23],[-302,-62],[-289,-5],[-295,-8],[-1148,-27],[-532,-10],[21,-1038],[-251,-6],[-21,1039],[-669,-15],[-586,-12],[-302,-5],[14,-534],[-937,-19],[-280,-8],[-80,533],[-702,-14],[-1009,-22],[6,-260],[-485,-9],[-6,258],[-245,-29]],[[603549,708551],[-10,489],[-24,1357],[16,44],[-22,2319],[-141,-3],[-1409,-34],[-283,-6]],[[601676,712717],[-15,689],[-199,678],[-117,-3],[-13,668],[-565,-14],[-40,1325],[-6,741],[524,12]],[[603213,505623],[477,1],[229,952],[-331,30],[998,1037],[744,720],[1584,1401],[1530,1545],[646,1382]],[[609090,512691],[364,-359],[24,91],[751,31],[297,-224],[684,-640],[1514,-1663],[655,-495],[633,-968],[148,-810],[2180,-2],[1037,7],[2026,1],[1785,-5]],[[624486,503563],[105,-260],[358,-1334],[127,-538],[369,9],[242,-998],[-1856,167],[-303,502],[46,1321],[-140,910],[-886,-1],[-43,-609],[-421,-13],[-625,-17],[8,-1031],[25,-2234],[268,3],[1506,7],[1335,4],[1,-2578],[-112,-1547],[15,-876],[-958,-87],[-84,-7],[-2062,-133],[197,-557],[-1820,1663],[-339,-4],[0,-359],[510,-153],[474,-436],[1414,-1291],[351,-828],[-401,-3],[-966,-286],[0,-675],[-99,1],[46,-80],[647,2],[89,-2179],[1467,15],[7,-1965],[-2095,7],[-23,-2036],[589,3],[-23,-2093],[-424,-2],[40,-680],[-1173,-335],[68,-959],[-239,-1],[-209,-56],[1,-272]],[[619490,480664],[-244,-770],[-418,-710],[-521,-291],[-5933,-81],[-1043,-11],[28,4135]],[[611359,482936],[804,2048],[813,2071],[748,1904],[-866,193],[-1524,-7],[-505,-1],[-1078,-206],[-428,1],[-1007,-8],[-963,1],[-541,42],[-182,772],[-93,387],[-248,1029],[-257,1034],[-128,515],[-179,-455],[-2439,-57],[1,-816],[1,-192],[-2025,15],[-480,-4],[-50,2957],[-174,1073],[-398,1306],[-1271,3075],[-2076,-73],[-1019,-886],[-2,2668]],[[501535,631450],[1025,54],[1753,52]],[[504313,631556],[3923,133],[58,1],[681,26],[43,-1057],[41,-1001],[2036,64],[-72,2063],[-1544,-49],[-92,2549],[-317,1580],[-41,2068],[-42,2063],[2736,106],[19,-612],[1333,142],[-14,520],[2972,114],[827,37],[-46,1217],[-80,2565],[-14,552]],[[516720,644637],[2064,-106],[567,39],[505,44],[1058,41],[151,6],[1791,66]],[[522856,644727],[74,-2118],[70,-2072],[58,-1801],[44,-1315],[39,-1044],[153,-4151],[623,22],[8,-133],[35,-1885]],[[501654,623192],[-350,4206],[231,4052]],[[488144,792793],[2012,-47],[-1,-251],[-7,-2890],[-683,2],[2,-944]],[[489467,788663],[-667,9]],[[488800,788672],[15,3001],[3,1010],[-724,111]],[[488094,792794],[50,-1]],[[474114,805311],[-23,-1217],[-167,-2903],[-1177,-3],[-402,23],[-2319,197],[-79,-1496],[298,10],[3690,-102],[129,-1045],[0,-157],[-2026,-12],[-13,-1541],[11,-2366],[2028,24],[-15,2337],[995,-1],[63,-1],[48,0],[45,-1],[894,-12],[-13,-3074],[-3,-874],[-13,-1075],[-7,-278],[762,-8],[3236,-18],[8,949],[188,28],[68,-2],[9,284],[-261,39],[-3,-59],[-201,1],[-1008,-10],[-78,1331],[10,2736],[562,-4],[779,-8],[-49,-1783],[1428,-15],[651,263],[12,653],[1940,270],[521,-586],[-367,-303],[1364,112],[0,-1371],[-1519,-128],[-1,-144],[0,-71],[0,-657]],[[484109,793243],[-2,-1004],[-3,-1408],[15,0],[-7,-1092],[0,-1016],[2005,-21],[280,-4],[-14,-2063],[-258,-2],[4,-566],[2,-464],[-1,-138],[5,-838],[2042,0]],[[488177,784627],[-3,-399],[1984,1],[19,-2391],[6,-1355],[1,-63],[-1597,17],[-6,-1561],[-664,-2554],[-1730,17],[-2096,22],[-1239,11],[-314,-350],[346,-316],[600,-548],[1034,-944],[474,-431],[1136,-1037],[29,1470],[2013,37],[1,-2040]],[[488171,772213],[-1483,22],[430,-393],[1099,-1027],[1452,-1613],[1012,-1152],[210,-243],[-678,-29],[-4,-971],[-16,-2878],[-24,0],[-2073,12],[16,-3113],[6,-999],[-2036,19],[-4,-792],[-526,319]],[[485552,759375],[-713,426],[-100,59],[-192,-17],[-6545,3973],[20,216],[-2021,1114],[1,-116],[-1525,925],[1,270],[-671,300],[-1380,834],[-435,264],[-956,578],[-1299,782],[-1017,605],[-2815,1718],[-420,254]],[[465485,771560],[-87,606],[512,-3],[2,169],[8,2402],[-366,0],[-5,214],[374,18],[6,1491],[61,3032],[42,1120],[403,-2],[144,1081],[-133,1024],[-21,156],[-151,937],[-45,293],[-195,-3],[-8,1241],[-20,3323],[2,182],[3,159],[-74,2543],[-38,1328],[39,4202],[-280,1],[-315,1322],[-128,380],[-407,920],[-807,1314],[-245,316],[-1524,1932],[210,5],[-707,894],[-961,1192]],[[412664,487859],[983,36],[3037,104]],[[416684,487999],[106,-4108],[1987,68],[-26,1073],[153,4],[-40,-3404],[-136,-56],[-221,-9],[-602,209],[-1058,-38],[-2,87],[-45,1666],[-275,391],[-2753,-114],[-1010,-34],[-98,4125]],[[418785,488082],[-95,4111],[1959,65],[-2133,7],[-1829,-62],[-5,102],[-109,3],[-102,3927],[5786,205],[291,-422],[101,-3693],[2014,68],[90,-3849],[3210,29],[3,575],[916,3426],[1920,228],[8,-2225],[1111,-895],[1121,59],[-2,-1125],[3471,54],[-41,-1342],[440,-138],[942,-351],[1193,-743],[757,-311],[417,-95],[462,2234],[115,1083],[-92,1607],[159,248],[243,2440],[1514,18392],[149,2120]],[[462956,510452],[384,-4261],[-33,-588],[-1256,-7684],[62,-1137],[471,-2868],[695,-4270],[465,-2137],[662,-1930],[117,4],[426,-967],[78,-3162],[3697,110],[-1182,541],[-89,3570],[224,6],[1203,39],[58,2],[748,23],[631,20],[44,-2071],[601,1059],[1108,33],[-19,1041],[897,31],[51,-2073],[4037,114],[-20,812],[2708,297],[1287,26],[-9,1044],[2008,71],[76,-2085],[-3031,-90],[13,-476],[-1001,-587],[27,-1022],[-2011,-43],[1,-44],[45,-2032],[23,-1025],[-1481,-44],[33,-1068],[-2153,-56],[-399,9],[103,-4146],[-3044,-99],[1905,-4083],[1196,-2602],[1087,-1471]],[[474399,465183],[-2929,-89],[-1227,-40]],[[470243,465054],[559,577],[-1373,-44],[-25,965]],[[469404,466552],[-76,3052],[-2929,-102],[31,-990],[-1109,-39]],[[465321,468473],[-16,555],[-2015,-56],[-2011,-56],[81,-3116],[-1961,-54],[-32,1322],[-1955,-21],[47,-2380],[-6952,-252],[-1042,-28],[-62,3116],[-993,-73],[19,-979],[-987,-36],[28,-1060],[-2018,-78],[10,-408],[-96,-620],[-894,-29],[-226,-6],[-39,-1],[-190,-12],[-465,-4],[-200,8],[-5812,-177],[-791,-57],[-23,0],[-136,-5],[-118,-4],[-196,-7],[-132,-5],[-423,-14],[-140,-4],[-476,-19]],[[435105,463913],[284,1265],[-275,304],[-110,112],[-595,608],[-2887,2941],[-496,409]],[[431026,469552],[-1021,553],[-1488,329],[-811,0],[-2574,-29],[-3684,-49],[-216,-3],[-953,-10],[-2458,-33],[-613,48],[-28,1193],[2280,74],[-68,2067],[-2285,-79],[52,-1534],[-474,-550],[-1760,-75],[-2240,1844],[-131,3],[-107,87],[-2274,1889],[810,-7],[-219,192],[6004,183],[274,122],[-11,468],[-2037,-166],[-105,3619],[2012,77],[1573,66],[823,13],[1724,65],[-154,4122],[-47,3],[-108,4116],[-1884,-67],[-43,-1]],[[408194,481900],[2,-127],[1225,-184],[1628,48],[24,-946],[455,11],[28,-1135],[-3309,-92],[86,-2581]],[[408333,476894],[-2025,1671],[-1056,861],[608,19],[562,8],[-10,853],[-562,-6],[10,-801],[-1679,1390],[-19,604],[254,2],[3484,58],[294,347]],[[325952,861050],[875,-116],[1114,436],[-2,-31],[-17,-390],[-596,24],[-57,-1306],[-1459,-52],[142,1435]],[[321776,887705],[4049,-30],[6119,-273],[-3,1708],[414,-5],[1114,-210],[-361,-1498],[676,2],[-47,1806],[919,753],[1356,32],[14,-2648],[6909,425],[64,0],[40,276],[1078,17],[-1,-291],[80,-1787],[3960,76],[25,-2091],[2044,21],[29,-4114],[2031,21],[8,-1121],[1012,4],[9,-943],[1027,4],[3312,20],[280,1331],[87,734],[513,4],[38,783],[467,427],[3,-77],[-48,-1132],[5478,68],[726,8],[3,-1089],[203,-79],[577,-35],[-4,1217],[504,7],[13,-2054],[-1783,-29],[-267,1413],[26,-3452],[4905,71],[1105,16],[-6,1219],[1269,442],[322,-842],[-198,-823],[354,-14]],[[372220,875973],[-965,-1639],[-397,-610],[-1736,-2025],[-372,-424],[-219,-250],[-1014,-1155],[-591,-670],[-1619,539],[-783,-23],[36,-2049],[-2127,-13],[49,-790],[-1479,-258],[-2,492],[-494,-480],[-8,-659],[-1203,-207],[-149,-25],[-4373,-753],[-436,-170],[-485,-413],[-377,-669],[-1121,-271],[-2840,2],[4,-400],[817,3],[-5,-1414],[332,238],[-590,-554],[-672,-770],[-42,-49],[-1055,-1196],[-579,-2],[-330,-2],[-1161,-10],[-239,-3],[-1778,-16],[-4036,-42],[-2352,-29],[-121,1535],[-1676,-11],[126,2781],[-2020,-37],[-44,-1250],[-29,-883],[0,-122],[-13,-1654],[-2014,-213],[-2047,1501],[-2003,1446],[-5,-101],[-16,-336],[-1249,-744],[-813,44],[73,1950],[670,46],[-5976,-65],[74,-268],[3227,-29],[-116,-2174],[-1426,-131],[843,-1103],[-376,-459],[-3119,-15],[-6072,-27],[-1014,-4],[-2,1382],[-462,-4],[1,-1373],[-202,8],[-661,60]],[[311367,858957],[-814,987],[-245,88],[-682,182],[15,2511],[-6,1671],[-2019,-88],[-13,1776],[2817,13],[575,-1427],[1501,1376],[-2625,4063],[874,65],[-10,714],[-308,-5],[-79,3983],[-378,405],[2569,-1847],[304,-221],[1161,-830],[2890,-2079],[381,550],[790,-553],[1651,25],[2,892],[1746,58],[443,1279],[-18,2857],[1994,69],[-20,2702],[-2025,-3],[-26,1308],[-2053,3],[-7,2326],[584,-33],[238,48],[26,122],[-235,715],[-263,201],[-348,25],[0,712],[-7,2012],[1481,27],[245,-110],[264,115],[39,2064]],[[429823,895181],[410,151],[94,338],[1081,389],[147,177],[1534,-35],[-68,556],[483,591],[721,647],[10,1572],[60,0],[-1,537],[100,4193],[92,2],[1206,68],[3460,-27],[46,6112],[120,2185],[-390,1],[2,425],[-205,214],[-902,547],[897,273],[-4,143],[303,331],[199,866],[514,-87],[241,3816],[-474,1724],[4,298],[6,630],[864,411],[-157,1841],[521,508],[728,181],[1939,-732],[160,135],[3,880],[-1410,11],[9,3078],[-216,1056],[73,2083],[270,-4]],[[444826,930684],[-147,4320],[729,317]],[[447203,937390],[-2,998],[-103,1035],[988,-5]],[[468732,926216],[-91,-567],[-676,-1663],[1021,-33],[645,786],[1083,175],[133,-1],[18,1],[52,0],[819,1],[221,-2],[284,0],[491,-4],[11,-4139],[1357,-4],[16,-2056],[1767,-18],[1293,-5],[-10,817],[-220,1249],[4000,-19],[28,-977],[1093,-1109]],[[482067,918648],[-217,-1522],[843,-524],[-1719,-16],[10,-710],[1983,-64],[54,-1]],[[483021,915811],[0,-518]],[[483021,915293],[1,-1162]],[[483022,914131],[-1,-284],[-1691,-4],[-362,431],[-1,-2789],[-2044,-42],[-5,-96],[-3,-3008],[2898,-11],[2,-4123],[-1313,-7],[-3632,104],[-40,-280],[-30,-3817],[-6418,5],[-260,-1422],[529,-859],[-4638,-12],[-2,196],[-41,950],[-14,1120],[-1272,2],[-2144,-79],[-199,-200],[-153,-147],[-3154,2531],[-429,3],[3355,-5763],[-122,-96],[130,-371],[-3,-289],[-58,0],[1,-176],[-355,-816],[-1525,-1771],[-112,-1056]],[[423369,884910],[99,5025],[-4063,135],[6,1328],[-719,23],[3,727],[-388,26],[-728,-298],[-4128,34],[-9,-1534],[-329,8],[-1436,-130],[-94,-2166],[-147,-458],[-56,32],[-1846,1213],[-146,1211],[-1227,-80],[-737,515],[930,1274],[-1408,1217]],[[406946,893012],[380,798],[-1,2673],[38,1872],[2055,-30],[463,661],[-8,1077],[1577,-454],[3,5068],[2141,20],[3923,-38],[71,-1],[7,1033],[16,1544],[3528,1217],[17,2042],[1531,-21],[403,-1312],[2118,722],[2119,659],[-120,-4839],[-28,-1208],[-870,8],[-1161,11],[110,-686],[200,-1187],[54,-269],[432,-1107],[711,-1288],[43,-2390],[13,-1401],[-1186,243],[-7,-2456],[3988,1398],[317,-190]],[[429823,895181],[328,-1178],[-563,-9],[-1,-3487],[495,-170],[3450,1232],[0,1088],[0,75],[-1972,1344],[-1737,1105]],[[561047,508808],[3602,92],[453,94],[4089,-5],[39,-1608],[10,-384],[459,-463],[781,-18],[26,-915],[10,-722],[549,14],[232,5],[1322,29],[738,14],[316,5],[210,-1038],[-499,-8],[18,-805],[1002,13],[-2,406],[-3,120],[260,4],[0,-34],[259,9],[482,331],[666,17],[437,5],[78,3],[430,9],[427,3],[15,-542],[12,-494],[6,-254],[1572,-736],[-15,-542],[67,-517],[473,8],[35,-1385],[671,11],[356,-144],[-449,-350],[17,-1061],[1,-92],[0,-62],[-114,-281],[337,-340],[-356,-399],[-96,-113],[1848,48],[4005,82]],[[585823,496818],[105,-4047],[-101,2],[-1153,-39],[318,-518],[963,-485],[22,-785],[114,-746],[593,-1039],[370,-718],[47,-178],[38,-249],[9,-161],[3,-318],[3,-544]],[[587154,486993],[-683,-6],[-627,-10],[-391,-84],[-529,27],[-215,-226],[410,-2923],[1387,820],[16,-804],[655,-4]],[[587177,483783],[3,-318]],[[587180,483465],[-888,-17],[19,-598],[-3329,26],[-316,65],[-198,57],[-606,205],[-418,357]],[[581444,483560],[-62,68],[-67,47],[-635,381],[-448,151],[-516,68],[-844,-1],[-867,-23],[106,-2237],[464,-1291],[-45,-48],[-1417,-1498],[-596,-744],[-180,147],[-180,1098],[-326,412],[-155,0],[-451,-2],[2,-95],[-608,-182],[622,-772],[5,-300],[140,17],[535,10],[-653,-476],[489,-582],[-192,-197],[-454,-469],[-471,-492],[-595,570],[-1067,-389],[6,-195],[-995,271],[-2018,-36],[-32,1224],[-83,380],[2105,60],[675,-380],[0,260],[54,222],[-725,15],[-2140,-90],[-78,620],[160,841],[1892,30],[66,1106],[1052,7],[-7,260],[-20,833],[-2,263],[1033,-11],[-161,1761],[-657,-17],[-3285,-84],[-28,1100],[-81,3045],[-101,4132],[-3412,-79],[-563,-15],[-1106,-26],[-1582,-39],[-1439,-35],[-2080,-50],[-999,-23],[-568,-14],[-465,-9],[-11,426],[-11,529],[-26,1081],[0,40],[-7,324],[-1841,-42]],[[555498,494416],[-57,2051],[-26,855],[-67,2358],[-29,740],[-1825,-31],[-56,2207],[-47,490],[-418,1327],[-80,513],[28,657],[274,1495],[87,853],[-13,722],[4238,66],[3540,89]],[[560844,517135],[2024,45],[1259,27],[4789,104],[39,2]],[[568955,517313],[126,-3698],[213,1],[354,-105],[1392,20],[-954,-554],[522,18],[526,-803],[26,-1236],[-208,-62],[209,-517],[1,-193],[1094,248],[998,-415],[-61,1580],[1689,386],[86,-2861],[340,-32],[979,-215],[-438,229],[1455,81],[339,28],[677,8],[1019,21],[2036,43],[2035,45],[2038,47],[-62,2028],[1039,-886],[-502,-89],[-8,-1019],[543,11],[555,4],[478,302]],[[593559,509023],[22,-800]],[[593718,503346],[-4039,-112],[34,-1054],[143,-5162],[-1759,-59],[-943,-25],[-1334,-15],[3,-101]],[[561047,508808],[-114,4769],[-89,3558]],[[525180,893376],[2058,-211],[569,13],[1945,224],[-1,-112],[-25,-2988],[-88,-27],[-675,6],[-961,-208],[-167,-2886]],[[527835,887187],[-70,-627],[-827,55],[-676,-43]],[[526262,886572],[-179,522],[-256,1021],[-647,5261]],[[515700,893527],[-29,6106],[2098,-85],[-975,4305],[-1077,4770],[16,1408],[20,2056],[4858,-40],[3289,-20],[92,-4114],[3955,-19],[998,-10],[2051,-18],[1017,-3],[13,2032],[-508,2],[8,1042],[509,-4],[9,1041],[1060,-6],[2999,-29],[1155,-47],[22,47],[2758,-20]],[[540038,911921],[-120,-2156],[-1510,-3471],[-495,-1693],[31,-799],[-1652,-71],[-319,-1316],[-648,-1142],[-844,-6],[-804,-1817],[-1257,-3421],[-167,-660],[-151,-941],[-44,-1554],[-444,-599],[-1258,390],[315,1785],[894,-33],[38,861],[-508,90],[-1330,8],[14,1772],[21,1205],[-414,-1092],[-1553,194],[-1517,13],[-507,4],[-63,-1955],[-960,-14],[394,-2127]],[[525180,893376],[-5415,67],[-346,0]],[[519419,893443],[-275,0],[459,-2075],[-1348,92],[-599,-1013],[-16,-2196],[981,15],[-33,-828],[-2928,-10],[-46,893],[32,4450],[54,756]],[[398432,536981],[124,453],[-27,3665],[4,98],[-35,822],[-2,55]],[[398496,542074],[896,609],[864,2027],[1246,2063],[1575,1791],[528,-379],[594,705],[1406,-737],[644,444],[196,194],[1,-55],[1050,521],[60,634],[216,816],[484,865],[238,82],[681,-150],[1873,1258],[115,-104],[106,-297],[206,-209],[988,88],[286,115],[747,212],[919,31],[63,1241]],[[414478,553839],[382,-1863],[119,-572],[565,-2192],[24,-79],[407,-1443],[1084,-3159],[-184,-721],[1003,-486],[231,-227],[725,-1328],[2052,-3688],[648,-1165],[1287,-2325],[1017,468],[1923,-296],[2207,99],[7,-1200],[-4632,-8],[2184,-4067],[240,-331],[1339,-1691],[2725,-1859]],[[429831,525706],[0,-11],[-246,54],[-1780,1182],[48,-1323],[-4057,-170],[-2012,-55],[-22,1048],[-145,7176],[-4055,-93],[86,-4106],[-1255,-37],[-786,-19],[126,-5338],[19,-1165],[15,-574],[0,-65],[-2332,-1204],[-379,-206],[-802,-489],[-505,-368],[-4485,-3397]],[[407264,516546],[-39,2240],[-3622,-126],[-399,430],[-93,1282],[-744,235],[-1820,-1122],[-535,-2329],[-820,-351],[12,-431]],[[399204,516374],[-1650,-54],[-362,-13],[-341,-91],[-82,20],[-1597,-62],[11,66],[-90,4084],[-2160,-82],[573,3406],[3507,140],[40,-1279],[1993,58],[-151,6162],[-134,4124],[-58,1907],[-23,932],[-5,174],[-16,569],[-329,210],[102,336]],[[670515,522171],[2245,-12],[-27,-5828],[642,-948],[278,-616],[175,-1749],[59,-1768],[133,-597],[282,-723],[-1583,-31],[13,3103],[7,3068],[-1785,2793],[-428,970],[-346,1037],[335,1301]],[[665895,505442],[999,-236],[798,-117],[949,-385],[2175,-1254],[1860,-1130],[2629,-1145],[1075,360],[589,-24],[1151,-1379],[1946,-147],[318,935]],[[680384,500920],[10,-966],[4,-299],[14,-2276],[21,-716],[1608,-222],[59,-17],[2333,-13],[-13,1366],[1510,-840],[774,-138],[5734,16]],[[692438,496815],[7,-466],[-19,-2685],[-639,-89],[-1232,-1547],[-227,-553],[-46,-3250],[-9,-463],[-936,-1024],[0,-150],[-2382,1657],[-2638,16],[-5,-2064]],[[684312,486197],[-1033,9],[-6995,-75],[17,2067],[-1027,-17],[-3,542],[-1755,1504],[-873,917],[0,106],[-68,34],[-236,106],[-1712,35],[-482,4],[1,859],[-1557,23],[-10,-873],[-29,0],[-231,0],[11,-251],[-837,7],[-2,247],[-294,1],[-1363,29]],[[665834,491471],[22,3603],[6,1002],[3,494],[4,494],[4,1496],[3,959],[7,2069],[6,1958],[0,253],[6,1643]],[[839236,358553],[378,1104],[17931,-34]],[[857545,359623],[7217,-27],[1545,935],[3264,54],[21,-13433],[4111,-27],[-91,8258],[17783,-58],[442,804],[1849,-805],[70,3244],[2625,815],[286,877],[1285,1103],[1853,1002],[-139,1125],[4049,-54],[103,-1483],[908,647],[893,-2437],[344,-3510],[1176,-1475]],[[898095,274604],[-3638,1030],[-411,344],[-2519,3151],[-11253,7506],[-9359,7517],[-4742,3786],[-6206,4956],[-5621,2080],[-12131,4422]],[[842215,309396],[-331,12919],[4143,116],[412,466],[2359,4754],[910,1045],[-21,2026],[-2962,-30],[-172,8270],[-7466,-24],[-93,2093],[-1010,2050],[8664,71],[29,4061],[-7818,-22],[-136,55],[-1137,527],[-94,3552]],[[837492,351325],[46,5063],[1495,1631],[203,534]],[[362193,536098],[1242,26],[58,1],[2734,60],[-88,4121],[3644,87],[-88,3654],[-1601,437],[-3245,-66],[-58,2418],[139,45],[1716,560],[410,211],[94,3378],[-1237,-26],[-35,1673],[-1761,-40],[-5,265],[3783,93],[-21,988],[1576,55],[318,11]],[[369768,554049],[25,-1032],[85,-3496],[15,-589],[7,-283],[3,-160],[301,-12218],[88,-3089],[117,-1],[2038,29],[27,-1009],[2047,49],[-9,410],[-46,1647],[2027,47],[1653,36],[378,10],[2028,43],[2004,44],[5,-135],[73,-2206],[108,5],[46,-315],[38,-1469],[7905,138],[74,-2067],[939,35],[-952,2694],[82,1415],[20,1360],[91,353],[699,1893],[346,404],[1054,-70],[2053,321],[3295,138]],[[399204,516374],[10,-413],[100,-3704],[-2623,-79],[-4082,126],[-1207,345],[9,-285],[-859,-394],[-221,-9],[-314,-8],[-1427,264],[2693,2420],[467,1436],[-2614,-56],[-100,4118],[-611,-11],[-10,-2990],[-1889,-3844],[-1227,-27],[-32,1223],[-2009,-39],[98,-2655],[-180,-2],[-2121,-48],[-1905,-42],[-2613,-59],[-390,-9],[-68,-2],[-984,-19],[-3571,-77],[-1829,-41],[-1584,-34],[-32,-1],[-59,-1],[-38,-1],[-32,-1],[-1580,-29],[-3412,-75],[-3160,-81],[-1134,-15],[-2882,-53],[81,-2478],[-882,20]],[[354981,508744],[-1575,753],[-41,1639],[-11,1339],[-1650,0],[13,938],[-30,1846],[-4084,-72],[-108,4133],[3136,57],[27,-992],[979,13],[-16,998],[1299,22],[2679,41],[-100,4217],[-96,4034],[3986,67],[-186,8262],[2990,59]],[[269550,305874],[-131,4913],[11165,413],[8116,286],[19977,613],[53,2984],[-18,1185],[-53,3825],[4081,79],[-90,4256],[1173,46],[1159,-1101],[44,-1117],[-861,-1642],[-434,-2220],[-1469,-1976],[-731,-300],[822,-469],[1330,397],[377,770],[683,-110],[326,-790],[1694,94],[4291,3816],[1257,697],[2373,97],[7999,227]],[[332683,320847],[131,-8069],[517,-24632],[3736,27]],[[337067,288173],[-4,-4238],[2005,13],[29,-2169]],[[339097,281779],[-1591,912],[-2847,884],[-941,54],[-282,168],[87,-3919],[-5903,-306],[-2144,49],[-8077,-273],[371,-12382],[-7992,-281],[100,-4131],[-8022,-263],[-8000,-273],[249,-8297],[223,-8252]],[[294328,245469],[-7968,-226],[-269,7580],[266,701],[-278,-17],[-15034,-551]],[[271045,252956],[-104,8279],[-6585,-202],[-700,1130],[661,311],[1219,1819],[1403,-526],[1651,529],[353,680],[1060,-319],[782,1197],[-236,7512],[-454,-202],[-188,203],[-536,140],[-238,483],[-214,40],[1570,1413],[-330,10555],[-609,19876]],[[336809,594179],[1166,0],[88,1],[-1481,3989],[114,6],[-1265,3942],[2250,148],[723,-279],[415,-34],[1032,413],[84,10],[2262,42],[-6,505]],[[342191,602922],[126,6],[788,68],[1942,147],[2053,161],[422,1340],[1009,-149],[640,1163],[1030,258],[15,-734],[1,-1619],[4311,353],[3148,244],[671,53],[8,-250],[13,-4285],[-3007,-681],[82,-183],[201,-841],[-496,-583],[-54,-1414],[8,-1426],[5,-1347],[6,-1447],[-1056,-14],[-574,-8],[42,-1129],[-2,-111],[-121,-1057],[2,-606],[-3016,-17],[-11,-287],[-283,-819],[1,-670],[22,-207],[16,-90],[1878,386],[1359,280],[50,-24],[13,-1084],[970,25],[50,-880],[20,-1180],[7,-357],[0,-354],[1507,373],[2538,350],[8,-1197],[-486,-6],[-445,-1217],[-164,-12],[-15,1225],[-908,404],[-1331,-957],[13,-1247],[-475,-209],[-216,-95],[-10,-1984],[-553,-7],[-199,-3],[-2765,-53],[-492,-1045],[3,-1052],[1021,12],[39,-3069]],[[351550,573764],[-1041,-23],[2,-1016],[5,-2168],[2,-951],[24,-647],[-1524,0],[-251,94],[-232,146],[-681,-232],[977,-3036]],[[348831,565931],[-2237,-242],[-3128,-288],[-505,20],[-507,-41],[-826,-45],[-193,189],[1,-270],[-1016,-83],[-2,1115],[-253,-8],[-259,-8],[3,-1076],[-2013,-707],[-1316,-471],[-915,-282],[-4,1235],[-641,1151],[-420,-11],[-268,-148],[6,-898],[-901,-30],[-106,1068],[-256,-6],[-5,787],[-307,-1],[-220,105],[-209,-23],[25,531],[-46,101],[182,15],[-17,317],[-1140,-6],[22,317],[290,953],[-1035,-23],[-138,-31],[-880,-70]],[[329597,569067],[20,56],[692,1834],[439,923],[526,876],[311,1653],[118,1126],[96,522],[1298,1554],[450,334],[1374,1236],[202,-177],[847,191],[-132,172],[96,666],[1284,819],[322,666],[174,354],[296,1173],[547,2008],[106,2687],[119,1968],[-96,819],[-305,654],[-920,1441],[-652,1557]],[[551879,557325],[1651,-1199],[163,185],[75,-56],[1848,225],[42,-1776],[1525,180],[265,10],[-21,374],[3,220],[224,7],[-50,2081],[-263,1034],[254,5],[1264,92],[744,377],[22,-420],[81,-3110],[29,-1039],[17,-503],[232,4],[30,-710],[196,235],[-340,-725],[1,-372],[2167,25],[1728,1396],[1085,634],[-27,-282],[136,-2781],[38,-1017],[-1058,-19],[98,-1990],[2005,-41],[2044,50],[56,-2086],[55,-2084],[71,-2091]],[[568269,542158],[-4092,-45],[-1022,-5],[-826,-9],[-193,-3],[-2049,-26]],[[560087,542070],[-117,4139],[-2742,-83],[-918,-31],[-130,-3],[-277,-8],[-272,-9],[-99,3155],[-28,-25],[-1660,-1472],[-1402,-1003],[-259,-170],[-30,924]],[[552071,550032],[-134,4259],[-58,3034]],[[680337,523419],[596,28],[2919,-54],[419,-8],[23,4138],[1898,-36],[-5,2076],[5955,-49],[-23,5727]],[[692119,535241],[5132,3297],[1297,-552],[848,-2913],[156,-534],[767,-2636],[-83,-2535],[-4,-123],[178,-168],[1796,-1689],[1832,2035],[-1096,1799],[-159,624],[-681,2666],[-417,1635],[-23,88],[3372,3159],[2658,2491],[2816,-801],[963,-273],[2061,-2382],[1228,-2115],[-1150,-1080],[-948,-889],[-640,-600],[643,-831],[1568,-2029],[190,-245],[-5178,-6120],[-910,-340],[-3736,-1397],[-612,-229],[-1364,-510],[-47,-657],[823,-283],[858,-2539]],[[704257,518565],[12,-959],[80,-2014],[-5,-64],[288,-819],[124,-961],[-31,-1198],[-23,-1150],[-100,-3584],[53,-9111],[-83,-558]],[[704572,498147],[-98,11],[0,-51],[-136,2],[-139,-14],[-105,13],[-110,33],[-129,22],[-42,9],[-49,35],[-50,2],[-65,-39],[-48,-7],[-69,17],[-58,8],[-51,-5],[-600,39],[-2877,-747],[-973,-406],[-1831,157],[-1545,2496],[-1246,696],[-910,-170],[-1023,-1619],[20,-1814]],[[680384,500920],[22,775],[-48,1088],[-7,1086],[-10,2067],[-1,235],[7,2851],[11,4122],[-19,4020],[-2,6244],[0,11]],[[367244,827579],[-1061,-549],[-1539,-419],[-633,-50],[-1208,299],[-3045,-466],[-3,335],[-1617,-83],[168,-495],[-3104,84],[-13,-143],[-91,-1600],[-1491,777],[-98,811],[-3100,-15],[-1690,-12],[-3,868],[-349,-1]],[[348367,826920],[0,21],[3,136],[9,1021],[-4,912],[0,520],[1,624],[-3,2569],[-4,1232],[-1,516],[-3,815]],[[348365,835286],[1,1015],[2064,13],[0,1070],[1915,4],[88,1],[-2,472],[0,509],[-15,3767],[-2,326],[775,6],[3,2038],[-802,-6],[-16,1278],[-927,482],[969,91],[14,147],[25,333],[4288,-6],[14,1809],[1813,19],[12,6619],[1922,19],[1318,14],[382,3],[46,6175],[1182,4],[2035,20],[-11,1227],[322,826],[2933,32],[-59,-2057],[2207,393],[1905,-282],[384,-633],[1125,-12],[-23,-1989],[2885,39],[266,-1747],[96,99],[850,9],[121,-53],[-99,-96],[-120,71],[-586,-31],[598,-103],[604,61]],[[454822,732240],[75,6680],[1,96],[160,3397],[141,3150],[-48,1229]],[[455151,746792],[562,29],[457,19],[3604,87],[4145,129],[28,68],[207,508],[783,-485],[4706,-2967]],[[469643,744180],[4946,-3146],[2047,-1292],[59,-38],[1072,-737],[1957,-1752],[180,-182],[97,-97],[433,-440]],[[480434,736496],[146,-148]],[[480580,736348],[1467,-1493],[2517,-2548],[378,-384],[1127,-1138],[832,-703],[1798,-711]],[[488699,729371],[3963,-1099],[3424,-981],[207,-456],[-3445,-4],[-123,-745],[2,-101],[18,-1296],[27,-1960],[270,-68],[1346,-24],[46,-1160],[331,-108],[79,-23],[410,-100],[-17,-778],[255,-1477],[-822,-1133],[-717,-1427],[-514,-1523],[-131,-584]],[[493308,714324],[-409,-19],[50,-3863],[-3043,-64],[13,551],[-33,3320],[-2385,-59],[-1,-1747],[-598,-3169],[-2024,-53],[-21,4907],[-3971,-82],[-4,-2061],[2617,55],[-27,-3541],[-765,167]],[[482707,708666],[-852,123],[-1294,61],[-365,47],[-2142,54],[316,2401],[-1080,-3],[43,1541],[-997,-30],[52,1099],[-5772,-81],[-326,-4],[-526,-5]],[[469764,713869],[-716,-12],[-15,0],[-412,-6],[-2082,-35],[-1135,-21],[-2710,-45],[-1715,-23],[-2909,13],[-130,1],[-3141,21],[-58,1],[-3551,-190],[-507,-26],[-2127,-104]],[[448556,713443],[34,154],[-1983,221],[-171,9],[-1839,-109],[-3,567],[8,1402],[16,1731],[-1539,-84],[6,1049],[-487,-21]],[[442598,718362],[7,1019],[9,1054],[2034,89],[7,1027],[-2032,-116],[4,1125],[15,3103],[7,2058],[3,634],[7,1479],[784,44],[-32,129],[1212,68],[-21,-115],[119,6],[2035,100],[-39,-2065],[2076,-8],[0,28],[2,1628],[597,161],[326,69],[1038,25],[325,67],[193,14],[1810,33],[134,46],[307,111],[1272,106],[25,1959]],[[327982,765497],[1994,-17],[-13,-1354],[1936,-21],[68,-2585],[3730,-2165],[518,-234],[10052,-2854],[193,1649],[-1909,-966],[-3106,860],[-1319,571],[3,1772],[4048,18],[1942,-8],[3,-93],[230,2],[113,663],[96,-18],[331,-238],[745,-547],[859,755],[3692,-489],[1154,-75],[481,1],[1265,-3155],[-134,-995]],[[354954,755974],[-169,-398],[-548,-1781],[-1217,-948],[-1602,-1088],[-1545,-482],[-35,-14],[-1122,-556],[-1286,-1712],[-417,-455],[-402,-2977],[102,-1177],[77,-886],[151,-1402],[1460,-2658],[254,-414],[944,-1590],[509,-1198],[314,-481],[338,315],[735,-1158],[-77,-41],[1184,-2697],[284,-1213],[253,-1443],[-192,20],[-30,-269],[-1445,-2369],[-411,-1731]],[[351061,725171],[-45,-214],[-2042,59],[-1085,-97],[-120,-157],[-269,-349],[-586,581],[7,143],[-4999,81],[-50,-3655],[-3991,-87],[-1450,207],[19,268],[-985,-50],[-1300,-46],[-349,-5],[-2035,241],[29,-3409],[-20,-501],[-556,-108],[47,-2325],[62,-2036],[-1509,-13],[-17,-2588],[-8,-1143],[-159,-292],[-1281,1256],[-2630,1828]],[[337067,288173],[4280,83],[-57,2172],[4033,105],[-147,6206],[559,15],[3455,73],[939,31],[644,22],[66,3],[104,-7963],[6449,49],[-60,2031],[-47,2043],[-7,279],[-29,1328],[-52,2445],[4033,63],[150,1],[1679,1],[-9,462],[369,8],[21,-475],[1807,36]],[[365247,297191],[1026,43],[-280,-838],[853,14],[-251,845],[1220,131],[11,-1055],[447,12],[-31,1061],[511,17],[31,-1069],[568,23],[-7,684],[182,4],[-8,382],[364,8],[165,-1328],[-682,-18],[53,-2980],[1180,11],[406,-2219],[749,813],[-228,-644],[1948,2100],[101,109],[9,-784],[1833,955],[90,-4123],[560,11],[76,-3564]],[[376143,285792],[12,-395],[-839,-364],[-178,-200],[-204,-63],[-147,-169],[122,-85],[452,-54],[217,-77],[597,37],[74,-3340],[-2535,-87],[67,-2674],[-300,759],[-673,-295],[-466,-1183],[-354,-1776],[-677,-1033],[-4757,-131],[4558,-7],[-4801,-185],[1069,-1913],[-1540,-32],[204,-8247],[91,-4050]],[[350126,263851],[-24,2607],[-482,1137],[-187,37],[-77,192],[-58,120],[-302,467],[-531,672],[-338,694],[-148,198],[-158,22],[-293,356],[-885,1520],[-97,-17],[-773,-223],[-2125,419],[22,1834],[-2000,-15],[-137,6220],[-3,751],[-1859,623],[-574,314]],[[336208,494580],[5463,202],[3848,96],[655,20],[2028,48],[2024,58],[-139,4108],[2022,56],[-70,2057],[3132,133],[914,382],[-57,1762],[-145,4019],[-326,771],[-576,452]],[[407264,516546],[2,-135],[2,-120],[58,-2589],[2758,3008],[5684,1494],[42,-3219],[-1021,-104],[1,-2072],[726,20],[422,13],[204,-4135],[3,-108],[16,-758],[81,-3369],[-3272,-101],[-741,-15],[-1499,-43],[-654,-21],[-902,-28],[-1285,-35],[-310,16],[-51,2],[-3985,-86],[-1954,-51],[-1692,-47],[-23,-16],[-257,59],[53,-4228],[230,4],[1,-320],[28,-3151],[369,-448],[712,-119],[-317,-126],[8,-244],[-754,-495],[41,-3272],[3448,83],[-103,680],[438,1409],[-49,1321],[38,698],[2023,41],[113,-4077],[-1467,-47],[115,-4143],[813,15],[1604,28],[70,1545],[913,1612],[71,-2332],[1571,-144],[478,-608]],[[410064,487788],[-2035,-50]],[[408029,487738],[-768,-18],[-545,-700],[33,-1312],[-837,-22],[98,1539],[-646,-123],[-1093,-127],[-2200,-2811],[18,-657],[-754,-282],[-276,-350],[-1002,824]],[[400057,483699],[-562,459],[-92,74],[-31,-89]],[[399372,484143],[-1605,1334],[-1077,-423],[-1819,-1352],[-887,122],[-6,197],[-236,-376],[-1637,1443],[-252,-258],[-2354,2561],[-541,-7],[-1135,-20],[-4025,-74],[-3451,-48],[-596,3],[-290,-4],[-1722,-25],[-551,-10],[-1468,-48],[56,-1536],[-1869,-49],[268,809],[-453,174],[-506,461],[-192,81],[-587,-14],[-2752,-96],[-1660,-80],[-714,-238],[-1263,-1501],[-4301,-118],[55,-1730],[-1110,-27],[9,-366],[-4032,-121],[-96,4136],[-4052,-120],[20,-574],[115,-3560],[-4068,-124],[133,-4101],[-4060,-103],[-4135,-88]],[[400052,484475],[1075,-588],[2493,3155],[-690,76],[-941,-119],[-1478,40],[-324,-246],[-177,-1295],[42,-1023]],[[263654,559529],[111,-4528],[2008,-383]],[[243042,508717],[-210,0],[-975,-1662],[-1780,-1111],[-1055,-1599],[-1273,-1013],[-1719,-2066],[-974,-608],[-301,660],[124,1604],[-320,1601],[-10112,-55]],[[224447,504468],[-109,4185],[-24,1906],[3807,68],[0,-1963],[1623,5],[9336,27],[-2202,2858],[-3428,2217],[-3677,34],[-1052,28],[-450,1148],[-50,1364],[-864,561],[2,-437],[-1565,-17],[-1005,-14],[-324,460],[-235,-2],[-10,497],[2,1538],[1260,448],[69,-168],[1227,-1198],[2565,707],[315,341],[-217,1207],[-464,372],[-334,-119],[2,200],[-2831,-1037],[-1543,-541],[-193,389],[-296,1237],[-486,2105],[-404,3120],[187,1302],[-1260,-332],[-224,1337],[525,801],[-240,752],[319,1038],[-1345,-278],[-1031,326],[-371,1131],[-553,499],[-469,-276],[-1495,177],[-445,497],[-78,7947],[-221,14331]],[[216191,555246],[-55,3388],[703,9],[3962,69],[9109,136],[3919,20],[1615,41],[3961,85],[4322,114],[574,-76],[3544,193],[15809,304]],[[379695,632990],[2630,85],[630,25],[-14,-297],[84,-1141],[199,-1958],[115,-1132],[12,-122],[13,-160],[3970,28],[426,-54],[737,-3],[849,34],[5174,87]],[[394520,628382],[-95,-638],[-352,-332],[-148,-57],[-335,-550],[-1000,-491],[10,-271],[-131,-894],[-182,-236],[-214,-128],[-26,-53],[-232,-211],[-215,-231],[-80,-67],[-76,-149],[-32,0],[-721,-900],[-110,-1072],[1963,43],[-5,-2057],[2250,51],[661,541],[623,364],[942,347],[625,126],[48,7],[968,81],[2094,-53],[1930,175],[65,9],[2,607],[592,-5],[9,1633],[16,91],[1291,663],[4,-1255],[582,-7],[-12,-1348],[1100,66],[357,3]],[[406686,622184],[-35,-10062],[-1379,-32],[-310,-13],[-183,-4],[-2069,-40],[172,-165],[-843,-373],[338,-1692],[-8,-1864],[-1,-160],[25,-472],[-55,-3403],[-5961,32],[-2042,403],[-4,-283],[-399,-140],[-1389,-4],[134,-495],[-628,36],[314,-385],[-299,-402],[-223,48],[-922,-59],[-231,176],[176,515],[-183,106],[-616,-34],[-69,2603],[684,948],[23,285],[-16,-1],[43,275],[21,3],[83,638],[-835,-50],[-142,28],[288,2626],[-1721,936],[-5670,-74],[-60,-1],[-21,88],[-243,1019],[-55,439],[-14,240],[58,654],[428,1943],[-4084,114],[-225,-4],[-1,-2396],[-1,-681],[-1168,14],[-2,-803],[-79,-142],[-11,-550],[1,-53],[1416,25],[2,46],[1517,0],[230,-9],[505,-22],[-30,-1306],[-511,2],[-445,1],[-1313,4],[-408,-1],[-462,-30],[-1991,-1093],[-2992,-523],[-547,-125]],[[372248,608485],[477,969],[779,1017],[796,996],[-559,-23]],[[373741,611444],[-3,133],[3604,4533],[-1914,-84],[-1128,-53],[-2734,-295]],[[371566,615678],[-116,16],[-169,924],[-2255,5268],[1213,717],[2098,1924],[775,-6],[435,757],[-581,-475],[-393,748],[3823,82],[356,-2650],[1067,-534],[-245,7],[117,-95],[163,-279],[113,-98],[174,-223],[99,-308],[160,-168],[588,-133],[207,3728],[218,3271],[92,1512],[190,3327]],[[482707,708666],[30,-2370],[-360,-347],[-112,-4020],[25,1],[527,5],[1204,22],[36,-736],[-218,-1415],[-1,-208],[2,-203],[-260,-5],[4,-933],[-778,-208],[-18,-2303],[-5,-427],[-2,-127],[2072,-426],[0,-1343],[-1,-1109],[-9,-1123],[-89,-4],[-8,-617],[-3,-298],[-1176,-168],[5,-426],[162,4],[672,-1274],[334,-231],[-470,-696],[-1306,-385],[9,-336]],[[482973,686960],[-2181,-184],[-77,-7],[-95,-22],[-543,-14],[-2935,-77],[185,1008],[52,306],[224,1325],[-963,-40],[-1538,-40],[-450,-11],[422,-231],[503,-1746],[-290,-814],[585,-230],[-329,-1759],[-1229,322],[-158,-852],[-284,344],[-1024,758],[-274,208],[5,144],[-4010,2286],[-2101,1262]],[[466468,688896],[1,131],[3,214],[2,1818],[3,1156],[1,392],[0,199],[1,328],[0,38],[4,979],[3,985],[4,1117],[21,1046],[2022,61],[2,1141],[10,512],[67,1732],[1,23],[651,-129],[639,-177],[962,-368],[3085,-1423],[-112,1600],[-1475,1268],[-1230,352],[-172,850],[498,518],[-393,693],[725,3752],[-97,1162],[385,1496],[-1241,449],[-211,925],[-32,382],[-313,255],[-417,1148],[-101,348]],[[493308,714324],[7711,211],[127,-20300]],[[501097,678969],[-2126,85],[-1904,53],[-829,34],[-774,32],[-40,1],[-1096,-60],[-1301,-82],[-5829,-382],[-55,-5],[-345,-50],[-4645,-320],[-459,583]],[[481694,678858],[-31,1301],[-772,-20],[-221,665],[-457,-9],[534,519],[36,463],[0,340],[-38,1],[-20,713],[-524,80],[282,155],[235,535],[-2,391],[-1,167],[530,449],[693,1],[-1,623],[975,19],[966,19],[461,926],[263,869],[-1629,-105]],[[352954,701884],[268,945],[1587,-17],[-1015,1089],[39,141],[-298,302],[420,-47],[116,279],[1744,-290],[420,-91],[2020,-644],[0,94]],[[358255,703645],[3711,-1300],[5739,-1956],[334,4128],[492,-82],[483,-93],[33,-3901],[329,-622],[4468,-1764],[-168,361],[1243,-511],[0,-95],[-9,-3824],[-37,-5691],[2021,-407],[17,2077],[2038,28],[-24,-1402],[-6,-703],[842,8],[11,-638],[-542,-12],[27,-1184],[1682,37],[0,-10],[-34,-1041],[57,-12]],[[380962,685036],[-46,-1293],[3016,89],[-5,-677],[-3034,-90],[-40,-1601],[-60,-1],[-4337,-99],[-647,32],[19,503],[-1025,47],[-20,-500],[-380,5],[-147,8],[56,-193],[-547,-3589],[-10,-62],[-1904,-41],[-1097,-23],[-1937,-35],[-71,-7],[42,4133],[-84,-1],[-952,6],[-1060,-25],[-21,61],[-218,625],[-5414,1],[-2727,0],[0,-86]],[[337452,689527],[-28,288]],[[548862,666241],[1516,18],[766,10],[2178,40],[107,2],[399,7],[1645,30],[2041,32]],[[557514,666380],[687,12],[1601,21],[270,4],[1362,23],[6,-285]],[[561440,666155],[43,-1631],[4,-146],[25,-970],[22,-1091],[25,-1039],[22,-1030],[24,-1037],[26,-1034],[7,-255]],[[561638,657922],[30,-1345],[7,-268],[6,-242],[48,-2039],[5,-193],[42,-1671],[1,-78],[50,-2184]],[[561827,649902],[-1362,-37],[-679,-17],[-518,-3],[-1527,-46],[-1028,-23],[-333,-33],[-682,-17],[-1013,-324],[-8,300],[-510,-13],[-510,-8],[6,-274],[-498,-12],[-7,277],[-1223,-29],[-184,-5],[-435,-9],[8,-265],[-1028,-27],[0,268],[-646,-8],[20,-820],[-357,-8]],[[619520,475827],[1,-129],[152,1298],[452,717],[480,495],[1297,411],[1615,325]],[[624501,468258],[-954,-1],[-4,-125],[-2102,-13],[-1838,-12],[14,-1618],[-2029,-14],[0,-2291],[-14,-2087],[1726,-7],[332,-9],[29,-4199],[12,-1975]],[[619673,455907],[-439,-1],[-1554,-8],[-2057,0],[-1014,0],[-483,1],[-1263,-1],[-549,-1],[-615,2]],[[611699,455899],[-3129,21],[-58,124],[-482,909],[-70,123],[-291,680],[-59,322],[-33,1199],[-21,802],[-6,218],[-42,1828],[-3835,128],[-169,-176],[2,175],[-76,463],[36,555],[-3706,-5],[-130,43],[-100,1],[-147,-32],[-610,-5],[-1330,-53],[-2002,-73],[9,-955],[-1876,-2],[-103,0]],[[593471,462189],[10,800],[-107,3363],[2007,4],[-41,2067],[-1,243],[-1,416],[1424,1],[320,-21],[-46,1398],[325,23],[1849,-73],[237,2123],[615,23],[782,23],[9,614],[106,318],[206,307],[140,289],[51,547],[893,-6],[19,2164],[-972,744],[24,994],[1196,-7],[209,43],[133,64],[166,132],[332,-176],[-9,220],[342,-362],[3323,-265],[325,5],[19,-3527],[768,13],[3257,-22],[6079,43],[-5,1032],[1,175],[2064,-91]],[[587377,458024],[786,4],[3254,3],[994,-1],[2067,4],[999,2],[4,-1035],[-944,-30],[-319,-2040],[-651,-1],[-630,-1017],[-6,-1047],[828,0],[2,-1100],[-342,-571],[547,-126],[-2505,-8],[18,5102],[-57,2],[-1,487],[-200,-487],[-3841,32]],[[587380,456197],[1,453],[-1,892],[-3,482]],[[591115,470492],[-5,-530],[0,-384],[7,-3231],[-839,-1],[4,1076],[-465,-28],[118,-1049],[-1946,-6],[-705,-1]],[[587284,466338],[-42,692],[-5,342],[-4,513],[-6,2554],[2045,-65],[990,157],[853,-39]],[[97554,730988],[4040,1],[40,1980],[917,4534],[561,623],[1247,-195],[-131,-978],[1535,-885],[623,572],[431,-791],[59,-1091],[848,-473],[1508,-1389],[120,-433],[-104,-2091],[915,-2243],[-533,-791],[1945,-170],[0,4258],[10335,39],[-43,7919],[2956,14],[75,4276]],[[124898,743674],[16261,86]],[[141159,743760],[31,-4500],[122,-5782],[8084,-40],[39,-8362],[-3171,1598],[-4920,1427],[34,-9183],[116,-672],[865,-1553],[2429,-6034]],[[144788,710659],[-15673,-83],[-31,-4112],[-7051,-57],[37,-4128],[-12140,-204]],[[109930,702075],[-79,4233],[-16256,-139],[-48,4124],[-11,2123],[4120,-26],[-56,14081],[-46,4517]],[[588921,409107],[33,-4]],[[593363,409159],[3592,36],[-41,3781],[673,-8],[490,1814],[244,32],[776,441],[11,-2312],[748,-449],[1094,-13],[-197,2795],[913,936],[820,483],[424,0],[44,-1147],[-934,-40],[-12,-1752],[1090,-342],[-501,-205],[-10,-866],[-1374,-31],[13,-4927],[1895,-20],[6,-1475],[1950,44],[15,-1985]],[[605110,401010],[8,-1016],[389,6],[1564,1032]],[[605234,388609],[-4029,-45],[-50,4120],[-3949,-14],[6,204],[-125,1432],[-14,2474],[-1882,-11],[-13,2336],[-3970,-64],[10,1794],[-2076,4],[-104,-2131],[-8008,9],[-264,1927],[-1398,98],[-1403,-3584],[-379,-416],[-1675,-4302],[-2777,-35],[-64,1002],[-1004,-14],[-751,-44],[-1451,39],[-221,-1024],[-1444,487],[138,1567],[89,2062],[183,4086],[564,8334],[3747,34],[6628,82],[-1,-476],[-602,0],[48,-3994],[547,-6],[111,-2261],[176,338],[1168,2963],[1390,3466],[231,0],[6305,61]],[[352181,796030],[273,-292],[-443,-1814],[268,-718],[-1498,-1515],[-1883,-2633],[-262,-392],[-866,1597],[-1212,560],[-1408,760],[-2750,276],[-34,-1272],[95,-1339],[21,-248],[-2684,-241],[-332,398],[-88,1160],[-2206,-37],[-1072,-63],[-520,2312],[-120,514],[-4,71],[-1347,25],[-30,1618],[-56,-1],[-11,589]],[[334012,795345],[-10,553],[505,-756],[3591,-35],[22,1908],[-46,4042],[-33,1588],[725,567],[-107,154],[4588,276],[653,417],[273,1167],[482,-6],[97,-384],[833,-17],[-569,-1456],[629,-842],[1073,-35],[488,-1355],[1688,-740],[1990,-3013],[328,-4],[181,-695],[788,-649]],[[313808,805533],[704,-2],[3514,-5],[2032,-2],[-35,-3990],[1698,15],[-7,-1034],[2034,18],[30,-311],[1001,-18],[-8,-715],[3088,21],[-62,-2048],[878,-7],[46,-1837],[-833,33],[55,-2338]],[[327943,793313],[9,-1690],[3,-570],[7,-1889],[-856,543],[-1106,1251],[567,-831],[1121,-906],[-1846,-28],[-12,1448],[-1969,-3],[-73,2731],[424,13],[-445,758],[-29,1846],[-677,1000],[-3019,1170],[-7,-5010],[-2079,37],[-17,-2066],[2077,-26],[-18,-4061],[848,-7],[32,-2061],[2586,83],[-5,1034],[494,11],[29,-1029],[1732,1],[572,-6],[1836,-20],[1537,-34],[-22,1048],[3018,137],[1508,989],[917,-150],[991,-537],[77,-675],[1232,2],[211,2021],[1456,-31],[411,-549],[19,-2404],[-299,-1703],[-1067,-5],[904,-350],[-597,-1489],[377,-300],[1493,-1478],[370,-131],[3210,-51],[-102,-2024],[206,240],[400,183],[938,-3],[268,-80],[161,-131],[769,-927],[72,55],[1617,255],[272,-260],[664,143],[66,53],[282,225],[-138,145],[1000,811],[-3,509],[-10,1186],[3869,-46],[12,968],[2057,-46],[77,736],[-26,176],[11,1231],[2938,-58],[20,-1818],[-973,-107],[-31,-1152],[-429,-701],[-1440,47],[-196,-2002],[1470,142],[870,608],[370,-513],[1371,251],[0,-60],[776,147],[165,32],[366,49],[860,101],[777,59],[1536,118],[1595,132],[233,43],[31,4413],[460,837],[65,1440],[-678,1180],[-1343,50],[-81,3257],[-660,-11],[-63,2007],[941,10]],[[368491,766268],[27,-7613],[10,-2580],[-2022,34],[-121,4]],[[366385,756113],[-28,0],[-105,184],[-4470,-84],[-30,802],[-2912,275],[-96,-289],[-590,-987],[-241,-2],[-2398,-32],[-510,-5],[-51,-1]],[[303766,797294],[-6,8174],[1884,5],[1764,-1456],[485,-306],[5912,-2172],[-9,3230],[12,764]],[[394520,628382],[366,4]],[[394886,628386],[1719,5],[143,562],[-1689,2065],[298,325],[6,1185],[3350,87],[19,2407],[1655,571],[366,1146],[2348,41],[3385,80],[351,51]],[[406837,636911],[0,-127],[566,-1810],[721,-370],[597,501],[7,-826],[855,49],[155,51],[721,-1193],[1203,72],[285,1883],[-10,2271],[222,18],[553,45],[1069,55],[203,7],[1271,35],[1470,43],[182,2],[4,-300],[391,5],[149,-45],[-4,76],[785,3],[3,114],[277,0],[-1,178],[833,17],[53,1],[1982,35],[805,16],[2,-310],[1179,51],[0,-331],[354,638],[1386,39],[85,-1044],[2503,43],[-11,1034],[1822,34],[1,-251],[977,81],[1095,-292],[962,23],[1026,23],[12,519],[1098,22]],[[434675,637996],[-26,-611],[-2,-48],[-105,-116],[-337,-8],[1,-257],[-123,-3],[0,-77],[0,-3375],[-522,-8],[-2,-622],[3,-601],[-5,-1103],[-1,-401],[-2,-523],[-2,-603],[-1,-4192],[653,13],[53,-1958],[54,-1981],[929,35],[321,-5],[831,-59],[-6,-2196],[-1015,-494],[-225,-6],[-340,-929],[1308,-747],[-481,-6],[567,-547],[1892,52],[-216,-1286],[419,-875]],[[438295,614459],[-509,-598],[-412,-849]],[[420408,612725],[223,471],[212,426],[1045,1969],[1987,5108],[31,73],[-1556,-7],[-347,-50],[-1115,-2],[-6,-1630],[-1438,243],[-7,1400],[-95,1],[-3210,32],[-830,103],[-3025,532],[-331,60],[-1280,218],[-2166,383],[-300,46],[-485,46],[-594,37],[-195,-1],[-171,-1],[-69,2]],[[623945,601310],[2025,45],[2028,44],[-38,2083],[892,-9],[2517,63],[659,30],[43,-2073],[1027,13],[1018,15],[694,10],[1294,19],[145,2],[2,-197],[63,5],[132,-13],[91,27],[245,0],[-3,194],[657,8],[444,117],[1290,-64],[-14,-120],[699,109],[18,0],[-183,-1039],[118,0],[427,15],[529,9],[-5,321],[-545,-8],[27,707],[506,10],[608,9],[590,9],[1152,22],[1487,-68]],[[644584,601605],[-19,-74],[-1353,-909],[680,-2176],[206,-658],[6,-18],[7,-23],[21,-67],[311,-997],[62,-196],[21,-70],[403,-872]],[[644929,595545],[134,-1695],[-73,-456],[-1778,-544],[-2045,487],[-329,-1532],[125,-1516],[-503,-1083],[-82,-3],[-2,-519],[-260,-3],[10,-519],[257,5],[19,-1033],[-47,-518],[-285,-4],[-41,-1512],[-320,4],[-647,-4],[-408,-47]],[[638654,585053],[-236,-12],[-605,-2],[-576,-4],[-3116,-96],[-1400,-9],[-383,30],[-5,5],[-1032,-31],[-55,0],[-949,904],[17,-923],[-1008,-23],[-1008,-24],[-3,220],[-667,-239],[-334,-9],[-1013,-28],[-2005,-56]],[[624276,584756],[-2,1034],[-13,1037],[-70,-2],[-47,2057],[19,1137],[-1,85],[-81,2917],[-12,1792],[-6,285],[257,6],[60,1034],[-337,-3],[-20,1037],[261,7],[55,1039],[-20,1038],[-20,1040],[-334,-8],[-16,827],[-4,195]],[[488171,772213],[2023,-15],[0,-27],[4030,-20],[-10,-4117],[4024,-104],[2706,-17],[2402,-3],[12,2127],[2517,-12],[505,171],[-124,1626],[853,18],[3,236],[366,-5],[5,1388],[9,2734],[909,-14],[222,-3],[1871,-30],[2287,-38],[1521,-31],[237,343],[-8,-375]],[[514531,776045],[3,-4150],[39,-4270]],[[514573,767625],[-39,-3947],[-732,-69],[-240,-1924],[-1066,452],[-270,-2292],[-22,-183],[-2723,37],[-138,-21],[3,-4128],[-87,0],[-78,1],[10,4137],[-435,2829],[-419,821],[-1996,36],[1,-3921],[-3,-3329],[-464,-547],[-810,8],[-1004,9],[-2136,17],[-3,-636],[-974,644],[-314,2],[20,-1947],[16,-2817],[5,-820],[6,-573],[-865,0],[10,-1983],[114,-24],[241,-31],[25,-1799],[-920,-213],[-1635,-179],[-1023,-101],[-1222,-44],[-2846,-98],[8,-1209],[5,-1032],[7,-991],[6,-2503],[-361,-3],[-32,-1069],[402,-1],[39,-3118]],[[492634,735066],[22,-2322],[19,-1826],[-1206,-25]],[[491469,730893],[-778,-17],[-16,1140],[-600,62],[4,1592],[885,-95],[-12,1502],[-724,200],[-5793,2961],[67,-903],[1399,12],[258,-1304],[943,-2075],[835,-330],[31,-830],[817,-243],[143,-622],[-925,-26],[-2704,-18],[-738,741],[-2402,2345],[50,65],[-1487,1503],[-45,-64],[-97,-141]],[[480434,736496],[-8,356],[-14,2069],[1219,30]],[[481631,738951],[-7,733],[-870,445],[-43,3009],[-88,-1],[-250,-4],[1,1003],[101,2397],[-437,315],[-852,300],[-60,74],[8,2133],[-537,653],[40,383],[-336,512],[2,535],[479,7],[1027,12],[-13,1051],[505,11],[0,298],[-28,733],[16,2229],[293,-2],[729,-5],[-1,-2082],[1257,-86],[1206,41],[56,1749],[7,357],[-1851,15],[17,3400],[1364,-340],[2162,133],[24,416]],[[481631,738951],[-66,-211],[-905,-67],[-211,-250],[96,-1303],[888,-965],[354,-131],[439,321],[12,434],[-6,869],[168,519],[-8,279],[-95,199],[-399,309],[-267,-3]],[[438295,614459],[955,625],[2071,872],[3287,2434],[458,940],[34,201],[139,2467],[2629,338],[94,11]],[[447962,622347],[236,24],[405,42],[744,73],[384,-34],[2020,282],[2062,210],[31,2852],[1666,59],[307,10],[1233,44],[-19,526],[4045,125],[128,-2343],[7,-192],[1154,190],[916,258],[10,-360],[-1,-118],[1482,105],[648,173],[1242,467]],[[466662,624740],[95,-253],[-429,-490],[67,-1909],[509,17],[2529,80],[89,-4124],[92,-203],[43,-2581],[-3,-18],[1523,-269],[2568,85]],[[473745,615075],[25,-1005],[259,3],[100,-3850],[-60,-2],[-224,-9],[8,-282],[-657,-67],[-1248,-35],[-109,26],[50,-1635],[667,25],[-23,1110],[669,17],[664,22],[34,-1090],[33,-1223],[5,-188],[161,-940],[-149,-234],[29,0],[-29,-987],[-605,-461],[-2,78],[-485,-485],[-835,-375],[43,-1502],[1343,3],[672,-3],[26,-112],[36,-1919],[57,-2409],[-990,-36]],[[473210,597510],[-878,-20],[11,-300],[-1245,-87],[-231,55],[-471,-11],[-6,310],[-198,-3],[-2013,-51],[-1033,-26],[-1012,-27],[-2031,-45],[-4054,-140],[-94,50],[-285,-129],[-1328,-684],[-10,269],[-1478,-239],[-2043,-330],[-474,-52],[-149,-41],[-1845,-308],[-12,-640],[-1002,-37],[-27,556],[-1048,-117],[-1006,55],[-995,55],[-1562,424],[-443,109],[-24,4],[-1250,313],[-356,43]],[[311466,659504],[6483,188],[3993,143],[114,3],[3851,49]],[[352388,660562],[-50,-2003],[-34,-1348],[1920,112],[28,1124],[4158,11],[-12,-5883],[-2003,274],[-13,-861],[-1751,462],[-17,1575],[-1726,92],[-698,5],[105,-616],[20,-264],[-402,-1408],[-39,-177],[-5,-124],[1,-216],[0,-115],[2,-214],[-57,-3648],[-368,-3257],[1270,-16],[-4,-462]],[[352713,643605],[-2484,-42],[-2012,-39],[313,1707],[-5852,62],[-6,2338],[-721,-130],[-632,601],[-100,177],[-74,2532],[-7,-20],[-440,-1468],[-1014,-2034],[-224,-902],[-1013,-4918],[-1026,-448],[-579,720],[-1275,353],[-82,-1220],[-4448,-137],[-37,-65],[-1468,22],[-1733,520],[-1903,47],[-1508,-26],[-1544,-18],[-4032,12],[-245,1],[-4294,18],[-439,73],[-800,245],[-55,-5],[-767,-179],[-654,-282],[987,-1364],[6,-483],[-361,-1271],[-986,-204],[-12,-1276],[-2,-1063],[74,-527],[2454,-440],[8,-2712],[-2518,-53],[-46,-1],[-9,-1367],[-2618,195],[-7606,544],[-659,-41],[2297,3680]],[[385148,864757],[615,193],[630,-691],[612,-37],[887,-561],[59,-1214],[1906,968],[753,473],[430,876],[806,399],[634,698],[-249,1201],[995,77],[-1,928],[-397,197],[-1409,1196]],[[391419,869460],[1165,1384],[-146,1334],[766,8],[-6,1577],[3601,373],[3337,1351],[1090,233],[795,49],[1269,-13],[-241,1900],[-64,308],[-1412,5334],[-717,1491],[-1342,2204],[-415,1764]],[[399099,888757],[413,-593],[1671,4],[12,2119],[2058,-38],[1,726],[0,490],[-2064,912],[4783,-116],[-4,1615],[977,-864]],[[385153,863565],[-5,1192]],[[568729,525583],[2193,56],[1299,32],[583,-522],[4154,-2933],[-4,157],[2204,-1113],[3192,-923],[58,-160]],[[568955,517313],[-112,3988],[-46,6],[-4,153],[-2107,-20],[56,2996],[-8,1102],[790,19],[34,0],[99,3],[33,1],[613,8],[161,8],[265,6]],[[607704,447638],[978,-14],[737,0],[-11,837],[32,747],[260,451],[317,-3],[989,37],[703,-2],[-69,3976],[-9,1352],[68,880]],[[619673,455907],[2,-463],[2564,-9],[-470,-1518],[-694,-2249],[-275,-894],[-291,-934],[-108,-127],[3484,89],[30,-4163],[129,1],[612,2],[656,1426],[1333,2731],[1129,5],[4,950],[2002,25],[8,-963],[182,0],[1850,-13],[19,-1860],[739,5],[1286,-48],[-19,1899],[1953,-33],[6,-1946],[56,-41],[-17,6944],[-1,691],[1389,-554],[6,-891],[1573,268],[1562,-663],[-13,-3766],[-1320,5],[-116,-550],[-248,-771],[-254,-557],[1539,-19],[2056,-30],[-177,875],[-90,1320],[232,-1],[-13,1399],[-13,1322],[-30,3150],[-20,2140]],[[641905,458091],[1908,-2],[-30,8387],[-1,51],[696,-3],[1316,-3],[799,-1],[1208,0],[1232,0],[1023,-1],[1846,0],[-1,-2108],[11,-6204],[641,-42],[2234,9],[554,7],[1324,6],[1054,8],[385,0],[1916,26],[-4,-845],[3,-1252],[5729,412]],[[665748,456536],[-33,-6558],[-16,-3235]],[[665699,446743],[-15,-2964],[7,-4317],[1,-736],[9,-5494],[3,-2036],[0,-300],[0,-74],[0,-3],[4,-2619],[7,-4097],[-20,-1967],[-1,-177],[-20,-2018],[-29,-2958]],[[644004,416819],[0,29],[42,4054],[-2902,1],[-274,2],[-755,7],[9,340],[-1223,228],[-393,683],[-1405,610],[-139,314],[-777,1868],[-169,847],[-2917,-221],[-498,921],[-210,-681],[-396,-149],[-53,-318],[-1987,-651],[-1995,-534],[-3793,-521],[767,-2853],[-998,53],[-2011,-6],[-502,1],[-2259,-12],[-782,-3],[-2464,-43],[-63,44],[-4018,-70],[-15,1718]],[[611824,422477],[77,924],[-48,1526],[97,1208],[-254,2920],[-404,-3],[-2,1916],[-7601,26],[-11,2325],[-12,2865]],[[271060,953416],[24332,92]],[[319630,920645],[3,-1097],[3,-909],[0,-51],[54,-6187],[2226,12],[18,2067],[1151,8],[-18,-2071],[686,0],[-6,-491],[-4,-744],[-24,-3450],[-21,-3495],[-10,-504],[9,-548],[-1145,-41],[-837,-1011],[-1721,763],[-286,-753],[8,-3821],[11,-6501],[13,0],[961,12],[67,-1696],[63,-1825],[24,-612],[921,5]],[[311367,858957],[-1319,249],[-2444,814],[-428,91],[-1094,94],[2,58],[-486,-16],[3,707],[-6103,-24],[-2034,-5],[-2,1758],[-2000,-7],[-4110,3],[-6,-4561],[2086,-134],[283,78],[1760,478],[1419,314],[2619,19],[39,0],[1990,-2565],[7,518],[2026,8],[11,-2050],[88,3],[3,-1630],[53,-349],[-56,-644],[57,-419],[-2006,-35],[-39,2744],[-44,316],[-52,1],[-2064,-15],[-3840,12],[4,-2085],[1379,15],[272,-853],[-354,-1196],[-1304,-3],[-2,-2062]],[[295681,848584],[-4015,17],[-18,4054],[-5,1229],[-4093,-295],[-13,1131],[-264,28],[-16212,-51]],[[271061,854697],[-8183,60],[10,1762],[-2103,-39],[-27,1681],[-2414,-27],[-241,739],[-808,4103],[-512,1],[-923,5],[-54,1384],[-1086,555],[20,6238],[-12217,-69],[-1,-1240],[-1832,-1043],[-2500,-307],[-221,1039]],[[237969,869539],[177,502],[-455,1554],[862,1675],[-42,8809],[-1032,228],[-240,-46],[-882,162],[-2206,1236],[-1687,1911],[11,2074],[-33,5179],[2074,15],[-10,2981],[2650,-12],[-938,1486],[-1780,521],[-1222,1464],[-1293,382],[-1033,2354],[748,2213],[-2659,14],[-2757,14],[-85,16434]],[[226137,920689],[-26,5622],[4542,14],[520,-613],[6895,-6712],[981,-1288],[3313,2629],[1975,372],[646,539],[2092,4069],[882,593],[613,-96],[-16,2169],[799,1492],[554,1901],[-1807,2152],[-674,-1596],[-827,-847],[10,4234],[-8,1740],[4797,-46],[2272,3045],[1040,992],[-22,4144],[4506,-25],[703,215],[-1469,2580],[-1467,3390],[-1012,2136],[2921,42],[4103,-44],[3960,-22],[4127,-54]],[[549440,588661],[-175,-978],[103,-830],[430,-881],[733,-746],[330,-463],[210,-578],[69,-1028],[32,-1039],[160,19],[-77,-2878],[8,-255],[1017,34],[24,-858],[1062,-7],[30,-1221]],[[553396,576952],[10,-2030],[-510,-13],[-1075,776],[-340,560],[41,-1362],[-156,-3],[72,-2090],[107,1],[102,1],[10,-147],[92,16],[4,-128],[-53,-179],[-140,-999],[-74,-122],[16,-522],[1015,25],[15,-470],[213,-563],[-1129,-30],[-72,-293],[23,-749],[7,-284],[21,-751],[893,-276],[1,-740],[1008,26]],[[553497,566606],[33,-1319],[268,6],[1533,38],[129,-4647],[-1819,-49],[-1403,-32],[-294,-68],[-166,50],[61,-2091],[40,-1169]],[[540700,582855],[1531,2073],[735,1368],[270,564],[237,9],[3531,154],[-259,1703],[-506,1067],[1663,3],[984,28],[554,-1163]],[[466400,973099],[-6,4970],[4866,95],[32,4610],[4069,-63],[34,2058],[510,-8],[27,2048],[-507,7],[65,4138],[4054,-60]],[[479544,990894],[6142,-86],[2029,-36],[1023,-1384],[868,763],[576,1730],[-63,-1140],[675,-10],[24,1067],[1022,-18],[-308,3039],[369,-4],[2058,-29],[1855,-27],[-253,-794],[144,-1123],[-284,-877],[208,-908],[-634,50],[-819,-807],[-1360,-171],[-1036,-978],[-403,-1381],[-896,-1054],[-47,-2092],[1340,-757],[0,-1416],[4681,-68],[94,-2],[847,-13],[1028,-15],[191,-3],[1251,-19],[1339,-20],[-14,-1377],[753,-688],[2037,-17],[31,2039],[2076,-27],[2048,-27],[1716,-24],[-10,-4080],[297,-6],[86,-2],[953,-20],[1021,-22],[71,4096],[3475,-49],[653,-9],[880,-13],[153,-926],[152,-934],[38,-228],[56,-340],[274,-1674],[-1617,23],[-100,-3833],[-4096,114],[-27,-2437],[-1716,-57],[932,-957],[219,-973],[508,-3],[21,-2132],[1206,-22],[5,1066],[-833,-529],[-226,1349],[3969,-100],[-44,-1856],[3355,-46],[-7,-2008]],[[519500,965582],[-164,-4108],[-3206,32],[-16,-3109],[-4,-1015],[-35,-2093],[-2550,43],[-15,-2053],[-520,7],[-2802,24],[-498,6],[24,4136],[-1814,33],[-18,-4148],[-36,-3821]],[[507846,949516],[-1545,6],[-919,-2124],[-658,-35],[-1589,-2157]],[[503135,945206],[-29,-7],[-1372,-76],[-1055,12],[-1007,2398],[-724,1997],[739,175],[26,1858],[2005,-197],[50,2047],[-3998,63],[-193,-9]],[[497577,953467],[-126,9],[-479,81],[-1244,39],[-1939,-24],[-81,-1],[2,-410],[3,-557],[5,-1003],[48,-1721],[64,-288],[-1533,399],[-189,-402],[-5,-1287],[-1221,-250],[68,-1556],[-1435,6],[-36,-3480],[540,-874],[137,-671],[-808,109],[-187,-237],[-93,275],[-156,20],[-1935,241],[-3373,120],[-385,-230],[4,250],[-2297,620],[-960,393],[-2316,963],[-542,225],[-798,317],[-236,69],[-920,108],[-371,1326],[-2123,1151],[-1205,511],[-33,-340]],[[520038,732241],[411,72],[3423,-312],[13,2672],[-6,161],[-99,659],[-668,2666],[-334,1416],[106,13],[91,-68],[419,544],[671,185],[171,8],[51,985],[1958,72],[-11,-950],[48,2],[995,40],[74,8],[909,51],[1109,57],[16,2139],[1320,41],[1,119],[-200,23],[-46,181],[-163,1471],[-251,203],[271,12],[2021,104],[-10,-1025],[2,-647],[-525,-53],[0,-361],[14,-1316]],[[531819,741413],[-84,-772],[578,29],[2039,57],[-16,-2118],[-2032,11],[-1,-1733],[-8,-381],[-16,-1366],[-5,-658],[2028,56],[2,-1035],[504,487],[1523,67],[0,-1513],[2617,82],[1437,49],[593,9],[430,14],[1024,28],[2043,54],[-19,-3089],[-5,-1027]],[[544451,728664],[-2038,-62],[234,-1764],[243,-296],[22,-1750],[119,-313],[-107,-3],[-528,-13],[-21,-2026],[-1,-141],[-5,-108],[85,-73],[-86,-668],[-2,-1020],[-12,-1103],[-11,-1040],[-6,-1035],[-8,-1029],[-297,-1994],[-38,-363],[-55,-541],[-46,-455],[-40,-417],[-151,-1516],[-41,-414],[-130,-1314],[-2436,467],[-3106,588],[-2222,456],[-1911,389],[-3369,492],[-519,193]],[[527968,711791],[-1322,1183],[-285,558],[529,1347],[-417,770],[-555,465],[-239,275],[-58,291],[377,379],[316,419],[100,285],[-1737,1898],[-153,249],[-73,903],[1434,939],[415,1012],[-627,1095],[-1486,1501],[-669,2457],[-377,360],[-999,-742],[-525,-358],[-619,204],[-476,494],[-167,566],[826,1382],[-208,186],[-848,1122],[-89,586],[2,624]],[[585644,416679],[-274,-8],[-1727,0]],[[583643,416671],[-14,754],[97,997],[31,526],[-59,468],[291,-9],[1376,1263],[-5,716],[1131,1],[460,-681],[278,38],[-1585,-4065]],[[563320,449855],[407,16],[979,3],[43,866],[387,-15],[721,-450],[-20,-415],[1286,-12],[1066,-10],[3170,-82],[3837,6],[4210,27],[1848,-9],[1792,-7],[233,-1],[220,-1],[1783,-15],[1664,-10],[471,683]],[[587417,450429],[-1,-137],[4,-545]],[[593728,437374],[-885,-2286],[781,16],[15,-1650],[2,-134],[3174,24],[-6,-79],[-29,-2206],[-3158,20],[-33,-2064],[-1994,99]],[[591595,429114],[-911,-35],[-191,36],[-2951,-54],[1,-1075],[-3943,15],[0,1054],[-181,3],[4,174],[-3823,-41],[-88,-2],[-4994,8],[-28,-138],[-78,-388],[-971,-3712],[-2005,1],[-8054,11],[-8,-4378]],[[563374,420593],[-9,-3894],[-4010,21]],[[559355,416720],[-61,4645],[-5,3623],[-3923,73],[-16,4098],[-20,40],[-30,2],[-1,203],[-2,3919],[5,4098],[8055,-22],[-5,1926],[-18,6392],[0,888],[-14,3250]],[[591595,429114],[1,-276],[1,-519],[2,-767],[3,-397],[7,-1543],[3,-624],[148,-3764],[-108,-4524],[792,-10],[53,-3049],[-2461,-365],[-68,373],[-1124,-22]],[[588844,413627],[14,3060],[-1215,-1],[-1702,-3],[-297,-4]],[[583643,416671],[-4050,-13],[-55,0],[-2033,6],[18,4181],[-284,-35],[164,-3075],[-712,11],[-10,-1084],[-1359,4],[-2281,3],[-702,1122],[-116,3019],[-936,103],[183,1833],[-1953,-13],[61,-2096],[-1746,-21],[-139,4283],[49,-4284],[-4368,-22]],[[545250,771673],[786,-2587],[96,-321],[314,-1097],[1278,-4134],[-169,3],[-2362,-99],[-390,-210],[-259,-340],[-615,-564],[-867,-145],[-613,1],[-3617,32],[-245,16],[-1521,399],[-434,53],[-1847,16],[-945,146],[-329,126],[-820,571],[-506,660],[-713,1738],[-835,1178],[-1294,620],[-366,49],[-2303,9],[-2917,-121],[-483,-32]],[[523274,767640],[-439,2244],[-35,2200],[44,6538],[451,-221],[764,-233],[543,-58],[899,-6],[1241,-3],[-3,-470],[941,0],[-19,466],[659,-3],[461,-1],[89,0],[1944,-7],[866,-6],[663,-6],[-16,-2051],[505,-3],[5,767],[2043,4],[-7,-861],[2042,15],[16,2096],[9,1061],[2069,-2],[-1,-1078],[13,-1279],[-630,-924],[-1373,-1933],[-1391,-2002],[2241,41],[1075,244],[-10,773],[17,965],[2001,-23],[-464,4127],[2870,-22],[1070,-3580],[492,-1649],[331,-1087]],[[526702,772304],[-659,-369],[-715,-12],[328,-2326],[566,-5],[457,-25],[3,334],[3,464],[4,351],[13,1588]],[[526702,772304],[2035,208],[320,1256],[1716,-1],[3,360],[-623,-4],[11,871],[-1343,24],[-16,1016],[-2079,24],[-17,-807],[3,-605],[1147,39],[-13,328],[549,-2],[0,-604],[-1692,-32],[6,-854],[-7,-1217]],[[238634,491976],[-1389,-811],[-780,-802],[-1214,-1323],[732,-795],[-15,-16],[3343,810],[562,590],[-324,292],[-1178,840],[782,958]],[[299366,448177],[-273,-42],[-62,-4081],[-861,-2],[23,-2016],[-1090,4],[-6,-2114],[-2210,-95],[-5527,-226],[-1050,-685],[-1406,-38],[-59,-4096],[96,-5521],[113,-5760],[150,-466]],[[287204,423039],[-4072,-184],[-718,-28],[50,-2792],[-1442,-57],[26,-1284],[-2003,-80],[-4005,-157],[-7694,-235],[-522,-19],[10,-466],[153,-7789],[-331,1],[-38,-1399],[-2960,4],[-96,-1390],[1234,-1485],[-1837,-45],[25,-3935],[-7993,-32],[148,-8308],[-3272,2],[1,8295],[-92,-1],[-16843,-190],[52,-5969],[-4212,-22],[-3,-2376],[-11194,-265]],[[219576,392833],[-109,7182],[-83,5268],[-54,4225],[-215,10212],[-179,6333]],[[218936,426053],[-108,3974],[-114,4270],[-343,12315],[-107,4132],[-204,8280],[-141,5172]],[[217919,464196],[2550,-139],[100,11],[-722,1374],[70,6424],[-1200,-353],[-698,976],[-92,131],[-301,453],[-232,958],[107,1352]],[[217501,475383],[55,1257],[-37,680],[-1784,212],[-6217,-15],[-43,2064],[-106,4117],[8035,78],[-334,12368],[7598,67],[-221,8257]],[[434778,447513],[265,49],[2313,71],[-88,126],[3668,318],[13,-177],[911,267],[2672,258],[3443,346],[1068,285],[782,355],[2870,1423],[1654,610],[1003,70],[973,-143],[1455,-545],[5,-102],[2853,-1344],[1299,-340],[61,-15],[117,-558],[1400,57],[1231,-564],[1099,-589]],[[465845,447371],[34,-1235],[11,-812],[-3973,1830],[-2517,-143],[-43,0],[-12,1],[-51,-3],[-66,-2],[-43,-2],[-1315,-53],[15,-583],[131,-4734],[1,-136],[3150,95],[27,-1337],[794,21],[117,-4130],[2009,66],[2001,59],[132,-4099],[23,-645],[-2726,-2113],[2792,61],[10,-314],[4011,16],[41,-1452],[74,-2476],[36,-1247],[-1709,-44],[-295,-7],[-116,3837],[-1998,8],[55,-1840],[61,-2054],[271,-85],[132,-4024]],[[466909,419795],[-4034,-102],[12,-1554],[-327,-233],[-1336,-2226],[-2682,3882],[97,-4067]],[[458639,415495],[-3634,-111],[-355,-11],[-2028,-63],[-58,2073],[-1983,-41],[-139,5422],[-728,664],[-3287,-96],[-3989,-117],[-4016,-141],[215,-8191],[-3930,-137]],[[434707,414746],[-69,2393],[-63,2462],[-34,1305],[902,23],[1261,22],[-50,2069],[-1085,-32],[19,-616],[-187,-7],[-9,279],[-140,-5],[-13,339],[-758,-23],[-114,4132],[-39,1541],[-107,4210],[-23,920],[-18,645],[-57,857],[-36,1476],[-23,1197],[-42,1406],[-366,1278],[-92,468],[453,1351],[438,709],[-2,328],[-462,20],[-30,1334],[605,328],[212,2358]],[[549440,588661],[1396,2205],[48,583],[-49,1558],[-49,1557],[-32,1038],[-2,50],[-47,1502],[-18,554],[-32,1038],[-33,1027],[-20,865],[-5,275],[-54,1031],[-78,304],[-79,882]],[[550386,603130],[2183,969],[2500,1117],[11,-684],[571,163],[1150,324],[1965,833],[11,980],[7992,3429],[-3,115],[-37,1795],[1177,478],[259,138]],[[568165,612787],[2338,52],[373,-145],[1016,56],[659,-22],[1665,717],[-4,138],[617,274]],[[576148,600407],[234,-767],[118,-3368],[-229,-854],[-594,13],[-323,-545],[-30,-2790],[27,-1037],[251,6],[25,-1034],[43,-2079],[-247,-5],[-32,-2152],[-1099,-40],[-904,-1082],[71,-3005],[2088,40],[14,-316],[-1952,-1807]],[[573609,579585],[-1167,-1072],[-850,-19],[-39,1022],[-4025,79],[3,-167],[-4048,-199],[-3947,-196],[28,-1888],[-110,-6],[-506,-22],[-1017,-25],[-2035,-50],[-2391,-84],[-109,-6]],[[307867,813753],[1028,7],[-7,4110],[1018,18],[526,-1],[2322,-8],[1211,-2],[2064,-1],[3989,-15],[2629,2],[995,-27],[4340,23],[234,-1],[1875,-4],[508,-1],[2278,-3],[1355,54],[1709,490],[715,-5],[1454,-195],[66,-9],[1563,-193],[382,-113],[-141,-297],[117,-102],[157,338],[82,-43],[172,-112],[29,-21],[91,-77],[45,-42],[208,-238],[1117,727],[769,3937],[106,-1],[98,998],[174,557],[-692,2525],[5930,239],[-16,653]],[[360433,802570],[-742,-10],[-3386,-132],[-8,-968],[4,-268],[-41,-3826],[13,-65],[-2021,-20],[-7,-322],[-284,-142],[-186,41],[-501,322],[-1023,96],[421,-1061],[-393,-134],[-98,-51]],[[334012,795345],[-4161,29],[5,-2111],[-1913,50]],[[313808,805533],[-48,-1],[-22,2],[-5881,-27],[31,4132],[-21,4114]],[[581339,696716],[17,-900]],[[581356,695816],[6,-257],[257,4],[274,-992],[-248,-137],[9,-686],[26,-1036],[-242,-758],[6,-278],[26,-1115],[10,-451],[284,-1389],[-253,-14],[23,-1173],[254,5],[12,-1034],[57,-2068],[-88,-2],[-170,141],[4,-163],[51,-3],[4,-205],[138,3],[-2,-144],[58,-65],[8,-336],[-240,-7],[4,-258],[13,-582],[264,-14],[11,-697],[277,-103],[-361,-442],[-164,-44],[4,-200],[252,-1],[21,-1024],[18,-1039]],[[581959,679252],[-249,-5]],[[581710,679247],[-21,1046],[-1931,-30],[-400,1013],[-304,0],[50,-134],[346,-894],[-326,1],[17,-789],[-502,-267],[-513,-11],[-518,-8],[-510,216],[-510,-9],[-20,812],[-256,-4],[-246,-4],[25,-1038],[-600,-11],[-86,3112],[-446,-11],[-176,-2076],[-232,-1041],[-1021,-19],[-15,519],[-289,-265],[-1751,-31],[-2050,-38],[-2048,-37],[6,-259],[-1024,-16],[-6,258],[-768,-14]],[[565585,679218],[-20,778],[-26,1038],[-27,1038],[-275,763],[-8,268],[-26,1038],[-14,518],[-13,520],[254,4],[-39,1555],[-12,518],[-256,-4],[-27,1038],[-12,519],[-13,519],[-13,513],[253,4],[-24,1025],[-253,-3],[-13,538],[-51,2073],[253,4],[-35,1557],[-269,514]],[[564919,695553],[-6,259],[1028,17],[1031,-139],[-5,156],[2057,31],[6,-258],[1424,20],[-6,263],[1153,31],[521,-260],[1016,15],[-22,860],[90,113],[40,-31],[1141,-922],[387,6],[998,17],[-5,255],[948,42],[6,-283],[216,4],[1156,18],[-3,203],[614,-195],[612,10],[696,10],[566,10],[375,5],[386,906]],[[534446,750312],[2,1408],[2054,34],[25,1458],[1036,32],[263,7],[8,-765],[596,-80],[71,-2866],[52,-409],[312,10],[1727,55]],[[540592,749196],[-27,-1811],[-15,-895],[-24,-1430],[-3,-545],[-27,-1275],[-4,-244],[1390,46],[1093,-14],[-238,-2025],[273,11],[1541,53],[788,28],[3300,109],[2327,10],[-39,-4110],[49,-15],[1957,39],[6,-2057],[-65,-1564],[93,-490],[1738,20],[-461,-337],[1013,-225],[361,-989],[722,11],[2070,-173],[1445,88],[-623,1624],[132,0]],[[559364,733036],[1522,-4008],[-40,-104],[4116,-22],[-84,-4109],[-76,-1637]],[[564802,723156],[-62,-360],[-83,-2365],[-634,393],[-435,789],[-516,1354],[-697,1833],[-1501,18],[9,1975],[-916,47],[25,-2017],[-380,2],[-275,4],[-3375,-2],[2615,-4082],[99,-101],[-208,-231],[-3124,-1976],[-234,-126]],[[555110,718311],[-167,255],[-1157,-10],[-672,-7],[-655,-6],[-1,-531],[-982,-11],[-139,877],[-2893,-14],[14,1688],[8,1048],[9,1008],[16,2057],[12,1031],[7,1029],[12,1412],[7,650],[-427,-11],[-1612,-52],[-1019,-30],[-1020,-30]],[[531819,741413],[1447,81],[615,1606],[226,13],[18,256],[248,-25],[10,490],[-6,435],[13,607],[16,1671],[-2062,-75],[9,652],[4,232],[2047,-410],[20,909],[-528,1018],[-1539,-38],[12,-988],[-11,-464],[-204,-18],[-1833,-175],[-13,594],[-96,281],[-86,779],[-704,-38],[-1102,-54],[5,1983],[-1,528],[476,19],[1713,124],[96,-2537],[269,12],[59,3],[521,25],[883,42],[-5,35],[261,909],[786,-550],[1048,30],[11,601],[4,143],[0,193]],[[530580,682370],[1953,56],[3689,99],[521,10],[2004,59],[1538,39],[26,1]],[[540311,682634],[59,-2059],[23,-905],[40,-1550],[-4,-915],[4,-624],[58,-2236],[116,-4569],[42,-1660],[-6,-675]],[[540643,667441],[-1042,540],[-892,-768],[-949,-69],[-503,541],[163,2907],[-273,970],[-628,367],[113,-4326],[-2077,47],[19,-769],[-612,618],[-1817,1836],[-630,637],[-2012,2036]],[[665267,257327],[10238,-133],[813,266],[15347,9250],[3953,-9771],[-247,1274],[2112,6],[-65,6695],[974,-9],[-6,333],[7489,1002],[-15,-9787],[-3836,55],[-83,-4011],[1974,28],[3,-3383],[-161,-545],[1151,253],[895,-660],[-17,-2827]],[[698482,248814],[-556,-84],[-4043,-2055],[-11169,-400],[-16909,-2066],[-528,-91]],[[665277,244118],[1,67],[-11,13142]],[[606661,533793],[241,914],[1849,49],[321,9],[16,-1042],[74,-3058],[669,-6],[563,-16],[451,9],[602,12],[586,13],[683,13],[507,11],[510,10],[2794,58],[759,15]],[[617286,530784],[27,-1037],[24,-1035],[24,-1038],[28,-1034]],[[617389,526640],[-2411,-50],[28,-1414],[56,-2097],[2410,258]],[[617472,523337],[1902,0],[638,0],[1477,40],[259,-5],[2466,2026],[145,132],[1235,251],[793,-341],[638,-1158],[2430,14],[765,6],[1284,4],[4008,146],[111,28],[1324,-184],[256,4],[1280,-2013],[570,-130],[1782,172]],[[640835,522329],[1801,-2865],[588,-1276],[368,-2070],[44,-1]],[[643636,516117],[13,-4017]],[[609090,512691],[111,473],[51,744],[-120,4295],[-37,-1],[-3451,-90],[423,587],[2155,721],[824,525],[3029,1113],[1087,1142],[415,191],[-437,-14],[-3757,-172],[-51,1785],[-566,-250],[-448,-192],[18,897],[-1033,-66],[-60,2041],[-1009,-26],[-1008,-24],[-610,-14],[524,1943],[324,1161],[288,1042],[371,1301],[538,1990]],[[329924,962501],[124,3717],[1522,1667],[1314,127],[2416,33],[1539,-418],[104,-1152],[558,-511],[705,568],[846,-485],[211,-1195],[1397,-157],[339,-1512],[-356,-85],[390,-1422],[954,-211],[279,-1470],[71,-2200],[9112,98]],[[352440,956879],[-2,-3075],[-5,-6315],[-1504,-78],[-333,-136],[491,-1745],[1188,-4044],[155,-591],[-22,-3896],[-15,-606],[-10,-3157],[-2016,-30],[-3,1534],[-2013,484],[-1553,-22],[1852,-5315]],[[348650,929887],[-4398,38],[3,816],[-1041,518],[-462,223],[-676,-824],[-217,178],[633,772],[-1562,-2],[-720,554]],[[441431,563521],[-68,-261],[2699,86],[-6,257],[-456,-13],[-18,604]],[[443582,564194],[-568,2304]],[[443014,566498],[5,150],[-24,1034],[1706,48],[478,17],[351,12],[55,-1992],[-1181,-628],[31,-1523],[683,22],[-6,259],[2026,63],[-45,1814],[1758,55],[242,1260],[1226,22],[-19,812],[773,25],[21,-895],[52,-2180],[24,-1052],[2028,63],[290,5],[1711,57],[29,-1235],[61,-2600],[6,-251],[54,-2114],[53,-2067],[8,-369],[87,-3972],[21,-945],[2,-101],[-4026,-2841],[6,-257],[40,-1683],[-1582,-508],[2712,55],[194,-1780],[-1294,-1007],[-248,-119],[-2844,-168],[-2928,-5883]],[[445550,536101],[-83,-4],[-1456,-46],[-331,-11],[39,-1598],[-437,-873],[534,-554],[-2551,-2776],[-1129,-30],[-300,1083],[-89,974],[-4027,-148],[51,-2060],[-4026,-144],[-1939,-87],[25,-4121]],[[414478,553839],[-5,24],[2444,607],[-107,-713],[1126,152],[599,1226],[374,136],[255,84],[949,472],[-116,-670],[303,-248],[977,232],[33,-206],[206,-307],[88,22],[82,66],[192,22],[181,-14],[70,-77],[167,-193],[97,-11],[76,25],[314,179],[56,21],[153,5],[389,-1232],[271,9],[348,523],[821,32],[137,109],[73,354],[82,51],[158,15],[502,11],[1486,36],[-16,565],[-46,1558],[-42,1927],[-19,296],[-124,4094],[1109,12],[2920,155],[7958,252],[68,3],[2275,74],[13,1],[76,3]],[[665699,446743],[3128,2],[932,5],[2795,2],[3421,121],[2898,106],[1125,42],[109,2]],[[680107,447023],[118,-345],[-677,-91],[-255,-633],[14,-1157],[1062,-1081],[32,-1321],[-545,-862],[307,-785],[1634,-560],[25,-154],[-17,-1630],[-1456,12],[37,-2721],[4,-167],[56,-6639],[92,-6962],[-1321,19],[27,-2371],[1340,-1358],[-13,1655],[2026,2],[3330,-13]],[[685927,419861],[721,-6],[12,-2087],[-2731,-2],[-1084,-1261],[-83,-59],[-124,11],[4,-216],[2,-112],[-295,296],[-721,-665],[-1012,0],[-7780,77],[-125,1],[4,-526],[147,-1],[57,-7745],[-815,-944],[-62,-264],[8,-831],[759,4],[45,-4823],[165,-5],[1375,-372],[482,1799],[822,1134],[1052,81],[570,-1480],[-286,-1187],[-923,-1410],[219,-926],[506,-274],[898,-342],[1021,238],[860,-707],[1217,-3],[-3,-1247],[-24,-4297],[-3,-218],[-1,-124],[-13,-2255]],[[680788,389113],[-1863,-21],[-108,0],[2,-4127],[-1606,-6],[-1406,-1],[-5,-2433],[-6903,-125],[8,-1596],[-3417,18]],[[449553,760117],[55,-223],[1471,495],[522,866],[1332,-23],[6,-1143],[852,3],[2129,285],[61,-1221],[60,2],[-36,-2769],[-27,-300],[-15,-160],[-63,0],[-251,0],[-443,1],[-9,-330],[-16,-636],[-393,-729],[-664,35]],[[454124,754270],[-325,158],[-2486,1523],[-213,125],[21,327],[-351,1117],[-1228,-14],[0,127],[3,1640],[8,844]],[[443385,761915],[675,0],[2,333],[718,423],[780,1],[-59,277],[346,833],[1890,8],[403,484],[672,298],[756,323],[0,14],[-3,338],[1019,-1],[36,1650],[744,-390],[-534,-322],[757,-924],[451,229],[1678,-119],[-21,-1987],[-428,-2],[-342,-693],[-1090,8],[12,-413],[-274,-22],[-1504,68],[-517,420],[0,-574],[-4,-884],[-707,-1],[7,-159]],[[448848,761131],[-375,679],[-796,-792],[-1871,-221],[-236,-30],[0,47],[150,11],[-264,1038],[-22,-2],[-752,-8],[-1030,-151],[-267,213]],[[435349,757199],[1611,-329],[736,-734],[-2664,-52]],[[441590,796028],[352,105],[590,193],[344,115],[609,201],[1457,477],[499,58],[1433,-6],[28,0],[62,0],[87,-1],[49,0],[530,-4],[2237,-5],[1819,-4],[-7,-2066],[1021,-11],[5,1035],[1024,-14],[-6,-1031],[-2,-645],[-5,-1418],[-2,-1335],[1,-469],[0,-492],[1,-1293],[3,-2016],[1,-180],[1118,-14],[-2,-2048],[-704,224],[-88,-3679],[-345,5],[-1,-1028],[-213,1],[-29,-249],[-2,-784],[273,-667],[585,-652]],[[454312,778331],[-63,-105],[1482,-885],[-6,-813],[-2061,40],[-36,-4182],[-3,-480],[-989,4],[-1008,36],[-2,-534],[-278,4],[-234,-967],[-1525,-50],[-2,-392],[-2,-279],[-5,-366],[-4,-1023],[-2,-1019],[-7,-1041],[-1013,10],[-1014,-275],[2,287],[-1003,7],[-945,10],[-260,-586],[-1260,4],[-2170,41],[-2,-264],[-19,-3126]],[[441883,762387],[-1459,-25],[-828,36],[-42,-1381],[-1316,492],[-35,-76],[-1063,394],[-1771,914]],[[429322,766089],[-12,2346],[-2066,-3],[31,3151],[14,4710],[1,436],[-4024,28],[-27,4092]],[[466909,419795],[1699,39],[56,-2247],[214,-1861],[183,5],[358,13],[964,28],[196,3],[136,1],[132,2],[1564,30],[-6,387],[309,6],[-15,672],[2007,43],[23,-1047],[2007,49],[1085,21],[-23,936],[405,10],[514,130],[28,-1060],[1319,22],[675,413],[-87,3718],[-2013,-44],[-399,-9],[396,282],[-93,3837],[3393,66],[631,16],[1991,53],[65,-3376],[-90,-738],[1853,-469],[338,-1508],[48,-2090],[2011,47],[2011,41],[100,-4672],[2165,63],[824,432],[453,923],[646,-123],[1785,1595],[639,206],[1428,1753],[4016,104],[3965,90],[59,2]],[[506874,416589],[2,-70],[61,-2490],[155,-6076],[33,-1367],[222,42],[725,89],[106,-7096]],[[508178,399621],[98,-8268],[105,-8263],[8161,160],[96,-8273],[5281,97]],[[521919,375074],[75,-1223],[-556,-1483],[-536,-75],[122,746],[-1598,-103],[-1205,658],[-1635,11],[-584,-792],[-1204,-668],[-2612,126],[-311,835],[-1223,-11],[-310,-345],[103,-1738],[298,-545],[-290,-955],[-1134,-778],[-106,-674],[-635,-418],[15,-1094],[-3056,-53],[528,-635],[-99,-796],[-633,-581],[-589,427],[-551,-112],[-1009,-895],[-373,79],[-799,-1104],[-1397,-249],[-1028,783],[129,492],[-1220,130],[-426,383],[-890,-767],[-264,-1949],[-1298,-1986],[-256,-1952],[5246,367],[8096,151],[245,-16504],[-12017,-269],[3169,-8196],[1034,-2773],[96,-5470],[143,-8277],[-16057,-397],[-7590,-161],[-465,893],[-153,7366],[-8051,-177],[-23,1163],[774,-163],[707,613],[616,-113],[901,1484],[257,1019],[-113,1318],[576,518],[-160,1009],[2057,1544],[-5731,-131],[-99,8274],[-8024,-149],[-43,2601],[5019,5740],[-5112,-82],[-145,9174],[-386,1020]],[[460129,359155],[2597,6389],[205,475],[1494,3165],[2543,5196],[-2706,-77],[-2160,-59],[-2402,-67],[-36,1355],[-11,383],[-693,903],[-70,1487],[-3306,-102],[-237,8228],[4008,175],[-214,8252],[-111,4148],[-5531,-364],[-68,4149],[1539,90],[-111,4112],[2345,225],[-98,1968],[-326,-21],[-57,2066],[267,459],[-25,1763],[1717,70],[-43,1972]],[[529629,833729],[2036,-29],[9,4095],[944,47],[1051,853],[-9,1249],[11,1967],[2019,-15],[3905,32],[160,3],[1474,6],[888,-16],[65,0]],[[542261,841921],[-2259,4151],[-255,468],[-74,135],[-11,600],[88,-162],[835,-719],[2022,-297],[1907,-486],[668,480],[2066,-320],[537,-352]],[[547785,845419],[382,-697],[76,-227],[916,-2749],[897,-2695],[456,-1368],[7,-23],[4,-7],[2033,-3862],[22,-41],[391,-1317],[256,-467],[1458,-2657],[1850,-3370],[13,-25],[1357,-2473],[1861,-3390],[406,-740],[680,-1239],[1946,-2906],[1473,-2199],[101,-218],[147,-318],[77,-164],[1642,-3547],[1141,-2463],[921,-1725]],[[568298,804532],[-5215,60],[-279,1],[-2194,8],[-761,15],[-4220,40]],[[555629,804656],[-1807,44],[-918,-8],[-1087,7],[-4371,-12],[-4977,8]],[[514573,767625],[1632,249],[2310,-512]],[[518515,767362],[104,-3743],[3153,-57],[57,1829],[1598,10],[183,-243],[39,-52],[-540,-9648],[946,-1],[67,-1],[127,-1],[1172,-11],[850,2],[1364,-4],[416,-4],[1581,-8],[1236,-13],[30,-41],[1462,-2117],[390,-554],[1696,-2393]],[[520038,732241],[157,1207],[-73,518],[-38,118],[-1161,1426],[-240,510],[-1002,-12],[-216,-3],[18,-266],[-1478,10],[4,235],[-833,-45],[11,-262],[-1260,190],[-256,-14],[13,-250],[-910,-47],[-50,241],[-87,-4],[-2749,-119],[-300,-17],[-1,-283],[-755,-69],[0,232],[20,81],[-3052,-169],[-4968,-144],[-2296,-63],[-836,-24],[-1185,-31],[-1848,-54],[-2033,-67]],[[508178,399621],[12969,239],[-1507,-1753],[616,-587],[553,743],[1185,-394],[218,643],[922,-483],[224,-624],[1027,75],[56,-3772],[7697,173],[124,-2061],[302,6],[68,-5507],[1209,-680],[2828,45],[0,-501],[1240,-95],[90,-1453],[2737,45],[-102,8283],[2041,28],[-57,4136],[2008,28],[-41,4128],[4530,65],[24,924],[1516,26],[-35,3211],[2011,32],[-57,4136],[2029,33],[2024,33],[-22,2422],[-5,525],[799,2],[-6,650],[-798,-3],[-4,402],[-24,2618],[1327,-3],[275,395],[-10,975],[1196,-6]],[[588844,413627],[77,-4520]],[[605329,376185],[81,-8249],[-4029,-40],[40,-6167],[-1509,-16],[8,-2073],[-2516,-18],[57,-8261],[-8010,-105],[-31,4097],[-4028,32],[-27,2042],[-4016,-26],[-23,2044],[-8040,-83],[-47,8239],[-16218,-172],[-7989,-136],[-62,213],[-71,6697],[-2696,-127],[-961,-1327],[37,-1144],[-289,-1275],[-704,-902],[-377,-2223],[-3018,-51],[-64,8266],[-8077,-132],[108,-8263],[-8066,-151],[-108,8261],[-2765,-61]],[[372220,875973],[546,586],[204,162],[310,252]],[[373280,876973],[1166,-1960],[349,-750],[259,-2350],[255,-689],[607,-1100],[1211,-3667],[146,-329],[701,-1693],[496,-2556],[446,-748]],[[348365,835286],[-2031,-8],[2,2045],[-2033,4],[-1,940],[-5916,-6],[-2189,17],[-5,583],[-1376,-44],[-83,-30],[-71,-446],[-2639,-45],[4,-220],[3,-3862],[-1912,0],[-1978,1],[77,-2794],[-79,-554],[0,-804],[-205,-36],[-4,-1569],[4,-2277],[-868,-21],[-2955,-60],[-2123,-39],[-2003,-39],[-2370,4],[-3693,36],[-4,1832],[-1,242],[-2013,-8],[-20,1694],[-1,376],[-297,-1],[29,966],[267,230],[1126,846],[886,3],[12,1959],[-554,3],[-1513,84],[-765,-5],[-3194,-3],[-2857,-15],[-1192,96],[-25,13],[-2054,21]],[[301751,834395],[-24,3964],[-19,1691],[-25,2004],[-306,2046],[334,1887],[-1870,1109],[141,604],[-534,-361],[-1761,1204],[18,-1907],[-1330,843],[-696,337],[2,768]],[[605528,409522],[524,1783],[-1026,-2],[-17,1278],[882,16],[-16,-509],[1101,11],[-9,1205],[942,-4],[-15,1264],[-950,11],[-44,1076],[-1928,-54],[-6,1094],[-1232,3],[-3,1300],[1188,925],[670,1185],[409,-178],[1863,952],[1610,1228],[2353,371]],[[538459,614245],[-1520,582],[-602,587],[-1360,177],[-410,435],[-236,-15],[142,-3269],[26,-1039],[70,-2378],[38,-1768]],[[534607,607557],[-4071,-103],[-1014,-22],[-1531,-40],[-1527,-37],[-90,3115],[-63,2058],[-32,1052],[-36,1251],[-745,-243]],[[424330,745977],[67,-498],[3,-70],[-32,-283],[30,-2531],[13,-1058],[931,-156],[1010,49],[36,2085],[561,711],[-20,1338]],[[434622,746029],[3581,141],[2203,85],[440,10],[-143,-3329],[207,-1219],[823,-368],[6,-1152],[783,52],[25,-120],[157,-632],[49,-297],[-2,-979],[-1,-25]],[[442750,738196],[-3817,-233],[-270,-13],[-58,1997],[-1372,-5],[-2660,-101],[-15,-2140],[-57,-3],[-1979,-124],[-2,-528],[-4,-611],[-3,-606],[-2935,-190],[95,-2375]],[[429673,733264],[-507,-27],[-144,-7],[-1913,-87],[-775,-38]],[[426334,733105],[26,4846],[7,1364],[-1032,-15],[-1685,-78],[-433,-19],[-982,-45],[-1951,-99],[-434,-24],[-1550,108],[-117,-201],[-9,1452],[-827,553],[-185,12],[0,94],[0,1927],[44,1966],[-280,14],[-537,-27],[-241,-12],[-908,-41],[-4832,-281],[-490,-34],[75,-4079]],[[409993,740486],[-700,-58],[-1762,-120]],[[407531,740308],[-10,4117],[-4526,-40],[1861,771],[286,1682],[1054,751],[-303,3055],[-8994,-619],[-3704,4]],[[393195,750029],[2,2624],[-26,1594],[-224,1545],[7536,4],[7042,10],[8420,-1],[2277,0],[2969,0],[3996,-16],[4323,-675],[200,-34],[261,-44]],[[628913,654543],[-4,-142],[-3,-75],[427,-48],[-85,-1235],[-20,-297],[-30,-436],[-31,-450],[-1401,-682],[14,-843]],[[627780,650335],[-1787,-23]],[[625993,650312],[-878,-15],[-47,-1],[-596,-11],[-17,730]],[[483517,465468],[8088,243],[-56,2170],[-10,453],[1556,43],[-33,1509],[919,45],[1274,22],[-124,5315],[403,111],[1879,-1212],[3869,124],[2949,1911],[1236,-655]],[[505467,475547],[155,-7124],[-4,-347],[1,-111],[28,-1770],[1960,28],[1006,-58],[36,-2330],[3007,55],[520,1084],[696,18],[798,28],[-9,415],[-560,-12],[-16,877],[559,34],[5001,56],[830,-1137],[2313,-55],[4142,87],[-20,1274]],[[525910,466559],[1919,48],[929,22],[195,5],[14,-1458],[59,-1160],[8,-95],[861,17],[117,3],[6420,96],[66,-4],[861,-106],[679,-161],[277,-82],[1210,-453],[1772,-577],[2605,-52],[318,7],[2033,49],[47,-1865],[48,-2084],[-2620,-68],[-24,-67],[-305,-1597],[-77,-405],[-5030,-97],[56,-2135],[12,-448],[44,-1606],[-4062,-91],[-3061,-56],[1823,-2087]],[[533104,450052],[-1130,-17],[-282,-2],[-1339,-13],[50,-2101],[-1014,-20],[-118,-3],[-120,-1836],[-886,43],[-613,-568],[-313,-290],[-399,-527],[-174,432],[-649,-390],[-588,-743],[-825,-187],[-2360,606],[-703,-552],[-1415,190],[-288,-681],[-1626,-1184],[-620,6],[-369,41],[-1050,-155],[157,-6544],[-375,17],[-12,996],[-748,404],[-936,-498],[-386,173],[281,-890],[154,-1052],[47,-1601],[2,-77],[51,-1991],[48,-1696],[-8001,-192]],[[506555,429150],[-87,3559],[-7,187],[-3,79],[-22,824],[-86,3147],[-17,642],[-122,4595],[-69,3167],[-19,856],[-2,102],[-73,3986],[-245,141],[-1834,1414],[71,-2312],[-2008,-93],[76,-3592],[-3045,-121],[-368,1012],[399,527],[-1069,-20],[-139,5389],[-1649,-86],[-1960,-566],[-821,152],[-947,293],[-62,578],[-1502,-61],[-119,2625],[-87,2031],[-974,-304],[-323,-100],[-128,85],[-7424,-2317],[70,1141],[-223,1080],[-58,2320],[-48,1810],[497,13],[1514,40],[-125,4095]],[[643636,516117],[6009,-53],[136,-3810],[-114,-4488],[2005,-17],[1050,-12],[526,-7],[1521,-10],[1394,2],[156,-18],[1510,279],[31,1768],[805,62],[1334,-1219],[2297,-418],[497,-352],[1153,0],[1956,41]],[[665902,507865],[-7,-2423]],[[665834,491471],[-2,-172],[-1,-173],[-5,-849],[-13,-2087],[-4,-701],[-9,-1346],[-16,-2582],[-6,-1022],[2,-1460],[1,-961]],[[665781,480118],[-1028,648],[244,1442],[-1061,114],[-724,1534],[-276,-108],[-1167,-301],[-808,826],[-1049,-1034],[-1235,1472],[633,1925],[-1482,507],[-1718,5],[-312,187],[-1008,-511],[-701,1168],[-1329,-362],[-869,-82],[-86,-4529],[-1178,2],[-837,6]],[[649790,483027],[-1007,4],[-24,4299],[-337,222],[-680,1233],[-20,-3],[-493,-569],[105,-1533],[-1418,735],[-1595,129],[-198,1620],[-71,2075],[-233,-1],[59,1290],[55,157],[-30,725],[-63,1092],[-5,218],[864,-1128],[136,220],[2885,241],[0,1329],[-1,4127],[-286,-1],[2,-504],[-207,-2],[-1,-237],[-532,4],[-2,443],[248,-1],[-2,292],[-240,-1],[-958,-1]],[[336804,474093],[8,-362],[3881,-3161],[169,-531],[4141,94]],[[345003,470133],[144,-4077],[72,-4163],[159,-1512],[71,-2745],[76,-2980],[1645,-1017],[334,0],[1956,53],[3056,-117],[-11,-2063],[-2372,-475],[-172,-1502],[3657,106],[-89,3683],[-274,-22],[-5,223],[275,17],[-7,264],[4064,95],[80,-4114],[4059,138]],[[361721,449925],[3,-144],[83,-3984],[5,-151],[97,-3795],[120,-4429],[238,-8253],[100,-4061],[108,-4537],[9,-434],[50,-1218],[63,-2099],[4681,165],[2492,81],[79,-2338],[1100,601],[4766,1183],[5430,1306],[125,-76],[-57,-209],[-80,-179],[-13,-92],[7,-140],[48,-213],[97,-259],[46,-127]],[[381318,416523],[-59,-510],[-632,-337],[-609,-365],[-1529,-2212],[101,2],[125,3],[3553,65],[-1648,-1435],[-1840,-796],[-94,-36],[-926,-549],[-1272,-1276],[-3239,-3789],[-119,-604],[79,-329],[-575,-3031],[-1621,-12],[-684,299],[-17,560],[-1039,342],[-1267,-222],[-87,5],[17,-421],[1242,-2596],[-8,-413],[-198,-544],[-189,-245],[-1549,-779],[-442,-471],[-22,-460],[17,-134],[210,-203],[740,-285],[918,-1615],[1132,-1214],[100,-60],[62,-110],[20,-70],[-141,-117],[-61,-8],[-141,93],[-281,101],[-142,155],[-276,-2],[-2366,-64],[21,-735],[-3375,-102],[10,-455],[27,-1341],[61,-2304],[-2829,-79],[-962,-34],[-277,-10],[-71,3914],[-4025,-162],[101,-3896],[-2182,-78],[-741,-31],[-609,-26],[-605,-21],[-862,-24],[-696,-20],[-88,-2],[-2320,-73],[-50,-1],[-3429,-105]],[[343660,387249],[-142,8516],[-2852,-45],[-2094,-17],[-5,903],[3035,2607],[-54,2727],[-1352,-4],[-759,1468],[-786,-7],[-50,0],[-345,-1387],[-2172,-1180],[261,759],[-1645,-33],[-1746,-627],[26,-1388],[1012,-218],[-1139,-1836],[172,372],[-1437,-1008],[-7,160],[-939,-408],[-768,581],[-1074,-176],[-632,-729],[-639,491],[-2056,-303],[-235,-1949],[-831,-1275],[-1277,-608],[-749,-785],[-922,1333],[-526,-405],[-260,-914],[-210,2097],[18,1772],[369,-236],[-140,-1196],[779,-339],[-96,-562],[1715,1484],[-44,4013],[-2615,1],[-46,4306],[-4837,-54],[-16199,-372],[-18,8243],[-3989,-130],[-4189,-122],[95,1815],[-19,2306],[-102,3774],[-367,756],[-3303,3176],[-271,443]],[[589723,658403],[-5,245],[509,6]],[[590227,658654],[1150,17],[665,7],[9,-412],[2291,-384],[7,79],[1,221],[1020,271],[2056,29],[-6,265],[1028,15],[5,-266],[1020,25],[1020,27],[1024,20],[3,-135],[1019,24],[19,-898],[5,-257],[19,-924],[3,-202],[-195,-6],[-3,-207],[203,4],[5,-235],[10,-389],[12,-572],[2037,46],[1017,21]],[[605671,654838],[13,-593],[1017,18],[44,-2573],[14,-523],[25,-524],[4,-374],[-340,-366],[341,8],[9,-723],[-362,-8],[14,-723],[-642,-13],[8,-335],[1003,77],[12,-444],[22,-1193],[30,-1492],[-500,-11],[30,-1343],[498,10],[56,-1367]],[[594668,642151],[-2036,-32],[-990,-14],[6,-274],[-536,-7],[-509,-8],[-6,274]],[[590597,642090],[-36,1551],[-15,522],[-25,1034],[-255,-1],[-15,513],[255,3],[-13,517],[-2028,-34],[-9,361],[-2,160],[1446,79],[579,127],[-2,85],[-1041,-17],[-3,1294],[1020,12],[-13,594],[-23,1106],[-9,373],[-11,517],[-9,518],[-20,885],[-34,1501],[-212,-5],[-3,302],[209,3],[-9,372],[-23,1077],[-3,134],[-509,-7],[-7,303],[242,604],[-25,1039],[-271,791]],[[589349,728888],[1815,50],[987,26],[981,28],[1310,39],[655,19],[902,27],[1060,30],[2302,-25],[768,-10],[493,-6],[493,-5],[294,-4]],[[601409,729057],[-10,-1592],[17,-1546],[-232,-151],[78,-634],[101,3],[-120,-2084],[-102,-3],[-42,-687],[460,-1384],[-329,-11],[171,-512],[39,-113],[-279,-17],[34,-1417],[17,-721],[2,-97],[266,-48],[220,-981]],[[601245,716813],[-2,53],[-254,-6],[-259,172],[-1014,-23],[-504,-243],[-508,-10],[-5,231],[-253,-5],[-250,-239],[-1016,-24],[-6,259],[-1527,-35],[7,-259],[-510,-12],[-510,-12],[-515,245],[-1016,-23],[7,-259],[-508,-12],[-506,-13],[-521,245],[12,-256],[-508,-12],[-508,-13],[-12,257],[-1018,-22],[16,-260],[-493,-12]],[[589064,716525],[-7,1037],[-3,1023],[9,2071],[24,1187],[17,899],[19,943],[61,1065]],[[310055,999120],[-391,-1721],[-33,-2795],[10117,-29],[27,-6627],[-10134,2367],[1,-4003],[2016,-11],[23,-6155],[7111,53],[973,-526],[3,-14594],[-4488,-1989]],[[271060,953416],[-18,8258],[-4082,14],[30,8207],[4086,-9],[40,10983],[22,9570],[-18391,37],[51,1438],[-24,7332],[3691,-6],[14716,-117],[4264,-34],[5974,0],[76,0],[6213,0],[3953,0],[1696,0],[437,0],[1786,4],[14475,27]],[[591115,470492],[190,-9],[980,0],[-7,2092],[-53,-30],[-174,-3],[-779,0],[-6,2070],[-1413,-6],[-332,-2],[42,632],[-832,4],[-19,2128],[1525,232],[-27,2808],[-6,125],[11,2330]],[[590215,482863],[3537,14],[1513,7],[2047,16],[471,2],[1516,12],[1373,-46],[2654,22],[2503,9],[2508,12],[1005,18],[1514,6],[503,1]],[[619490,480664],[30,-4837]],[[593471,462189],[-2095,-47],[-1970,-10],[-1983,0],[-79,12]],[[587344,462144],[-32,3673],[-28,521]],[[381351,726865],[644,311],[556,-91],[-25,-444],[-941,67],[-196,-629],[-38,786]],[[380204,729836],[2858,-898],[98,-20],[0,-1444],[-1072,-23],[-693,211],[-1205,-447],[14,2621]],[[373270,750002],[623,512],[-343,415],[288,227],[1170,1493],[-34,1852],[-95,582],[-98,537],[1223,-31],[377,-2474],[1322,-508],[203,-46],[970,-43],[-5,-100],[-1300,-1638],[-2699,-26],[-138,-784],[-158,-1040],[-1921,-74],[615,1146]],[[356238,710221],[1994,47],[0,-2241],[-1,-2368],[13,-286],[3,-437],[8,-1291]],[[350862,703670],[253,637],[477,678],[591,680],[-2057,2123],[-1314,2224],[1330,0],[1859,62],[4237,147]],[[366385,756113],[4,-483],[1,-174],[4,-2382],[4,-847],[-2,-2131],[254,4],[15,-1888],[-2,-267],[211,-147],[759,186],[826,60],[54,2231],[236,41],[458,76],[760,287],[270,-2612],[1226,-3],[360,-2122],[-1091,-14],[-724,1530],[-261,-1488],[-4,-375],[427,13],[-29,-1007],[536,-59],[950,2],[660,-68],[81,-12],[297,-61],[76,-19],[2678,-704],[156,-35],[593,-83],[1793,-4],[116,2],[5055,55],[1915,94],[123,10],[1786,159],[91,646],[85,885],[48,3054],[2983,89],[869,-8],[-6,1614],[2169,-129]],[[407531,740308],[-751,-52],[-1252,-2],[-2691,0],[-1425,-3],[-2263,-7],[-4122,-35],[-1816,-26],[-2123,449],[-451,-445],[-1087,0],[-426,-59],[-394,2],[-1182,5],[-35,1693],[-773,-53],[-218,-578],[-443,-972],[-49,-89],[-67,0],[-88,-62],[-810,-1600],[-852,-1301],[-241,-474],[-282,-795],[-517,-48],[-1840,-683],[-792,22],[-2936,-198],[-2105,-933],[-130,-858],[1035,-839],[2130,-1696],[-1483,-1437],[-301,-2541],[-513,-409]],[[376238,726284],[-431,219],[-1735,54],[-219,28],[-95,-2459],[-227,-1077],[-971,29],[-198,2526],[-1597,49],[-39,-315],[-828,-4916],[615,-566],[111,-65],[1531,-708],[658,-147],[170,-32],[-3278,-43],[-469,-3138],[-55,-822],[-44,-236],[2481,60],[1215,27],[21,-1838],[0,-2268],[-232,-7],[-141,-185],[-1116,-34],[-368,177],[-76,-1],[-847,-30],[-1011,-56],[0,19],[-321,-11],[-42,4135],[-2247,-57],[-1832,-45],[235,6966],[-754,-165],[-4038,-273],[2,1681],[-1944,-45],[17,-1848],[74,-6486],[-594,0],[10,-655],[-1520,-39]],[[356109,713687],[-33,649],[-18,347],[-55,1152],[-28,568],[-217,4166],[-46,895],[-23,398],[-28,329],[-1979,350],[-284,1409],[-61,1182],[278,902],[-969,-92],[-1040,-779],[-545,8]],[[527752,708705],[4138,76],[8,-2093],[2,-40],[2046,60],[2,240],[1695,-190],[360,-373],[2,123],[3,381],[-9,2152],[2934,125],[2570,-259],[-17,-183],[-1883,223],[-94,-120],[-2043,-92],[-828,-653],[297,-781],[505,-342],[1601,21],[207,5],[1820,53],[292,382],[233,-259],[571,17],[1034,48],[819,29],[-1,-256],[211,7],[4,514],[778,84],[354,130],[13,222],[365,-64],[2624,3],[-1,323],[370,-14],[3532,50],[2084,22],[1772,14]],[[556122,708290],[252,1]],[[556374,708291],[-5,-305],[-2,-171],[-254,-2],[-20,-1586],[-207,-1227],[-68,-245],[504,-222],[-6,-360],[-251,-3],[-55,-3856]],[[556010,700314],[-1266,-15],[-1516,-20],[-1010,-11],[-505,-4],[-505,-4],[-505,-4],[-497,-5],[-7,-258],[-1924,-15],[23,1502],[15,1577],[-1,483],[-2059,-70],[-2048,-72],[-15,-2062],[-607,-22],[-49,-1],[-183,-5],[-182,2053],[-1022,-36],[-1182,-42],[-855,-30],[-2,-507],[-2080,-48],[-705,491],[-85,617],[-1253,122],[-1,-245],[-2053,-54],[1,-515],[1495,30],[548,-1428],[-3,-623],[-2057,-51],[12,1008],[-1557,-10],[-518,18],[-10,-1587],[1,-1552],[1568,44],[2550,64],[-4,-2840],[-2,-338],[0,-935]],[[535955,694914],[-2778,-55],[-5874,182]],[[527303,695041],[683,1615],[404,2110],[-115,1116],[403,1894],[-1931,16],[-1282,1078],[-177,-27],[-2639,-78]],[[522649,702765],[0,430],[751,7],[2006,-46],[27,738],[2543,3428],[-224,1383]],[[612791,601064],[504,9],[510,8],[1008,22],[1017,13],[1996,48],[19,0],[1030,27],[1041,25],[480,12],[1174,20],[1182,37],[1193,25]],[[624276,584756],[33,-2068],[14,-1089],[15,-978]],[[624338,580621],[-674,-7],[-340,-14],[-340,-10],[-675,-16],[-731,-15],[-282,-6],[-1522,-34],[-1473,-34],[-71,-1047],[-39,-1],[-342,701],[-614,407],[-525,-53],[-493,-9],[-505,-17],[-507,-4],[-1010,-21],[-1011,-24],[-1011,-18]],[[540643,667441],[2,-1404],[393,10]],[[526337,655898],[-947,141],[-799,116],[-1236,188],[-2731,-132],[-2150,38],[-2032,84],[-11,534]],[[232966,318628],[3710,59],[42,3217],[1135,-118],[2125,-1239],[1008,-1003],[2552,-788],[17570,54],[150,-5380],[-571,-1537],[122,-764],[-580,-137],[-800,613],[-1271,-194],[-404,-787],[-2365,-1481],[-616,-3156],[-1245,-1085],[109,-2707],[7996,99],[-115,3263],[8032,317]],[[271045,252956],[85,-8254],[-7106,-128],[-947,-71],[-7926,-105],[77,-6299],[-877,-1963],[-7101,-36]],[[247250,236100],[-5281,-7],[-1057,-325],[-671,334],[-948,5],[-7,976],[1247,-10],[186,-920],[870,128],[487,596],[-98,796],[1299,1272],[1311,-163],[995,655],[-171,758],[307,455],[-423,678],[-996,844],[201,1002],[1339,1207],[-6091,-42],[7366,8051],[-78,8387],[-8171,-22],[-205,8294],[-2766,-10],[-5249,-41],[-218,8280]],[[230428,277278],[-218,8287],[-6987,-76],[870,148],[63,538],[809,265],[1216,1246],[2158,102],[893,1237],[-23,1220],[865,-5],[-48,1503],[-404,10319],[-374,8299],[-87,2377],[220,635],[-152,1081],[3723,42],[14,4132]],[[466468,688896],[-128,75],[-1558,918],[-78,46],[-116,76],[-3412,2042],[-205,124],[-425,377],[-227,139],[-411,252],[-407,251],[-1015,604],[-1355,472],[-671,-622],[-269,-465],[-325,-435],[428,472],[-700,-2095],[742,-8],[26,-1101],[-715,13],[-6,-792],[-564,310],[-450,235],[-63,32],[-580,331],[-527,288],[-1126,599],[-163,57],[-158,39],[-235,47],[-844,159],[-470,90],[-1291,242],[-1962,388]],[[447208,692056],[-125,935],[-69,1411],[-198,562],[-184,515],[-80,221]],[[446509,710289],[21,417],[1442,1545],[445,670],[139,522]],[[504695,805035],[407,-1485],[1694,-2287],[654,-2176],[535,-758],[-35,-891],[1766,-16],[4974,-669],[-24,-214],[76,-1400],[-81,-6691],[-2,-117],[-1,-68],[-51,-8079],[-1056,35]],[[513551,780219],[-1389,2988],[-5790,-59],[-6,-2899],[-14,-4039],[0,-1143],[0,-46],[0,-134],[-1,-45],[-10,-1362],[-2,-589],[-135,-806],[-440,4],[-1649,9],[-1156,2794],[-22,111],[2,200],[-550,1],[-82,1026],[-2027,12],[4,1033],[-2020,21],[-3,1624],[-3,1068],[0,385],[-744,5],[-516,4],[-752,689],[-8,1341],[-2019,44],[11,368],[-4,2729],[1336,-154],[1,-1401],[677,-6],[10,756],[1,3142],[-344,236],[-1084,-79],[0,-152],[-294,-49],[-2,774],[-303,3],[-278,1],[-1,-350],[0,-94],[278,-1],[-2,-939],[-1,-404],[0,-253],[-217,-8],[-1817,13],[-9,2057],[-2025,12],[-685,6]],[[488144,792793],[1,1290],[830,759],[37,2048],[1,427],[-503,0],[-1220,-218],[-1143,297],[-504,8],[-497,914],[3,171],[9,547],[27,2042],[-17,301],[-16,239],[-218,1782],[-210,313],[-223,329],[-236,352],[-4,682],[778,121],[14,50],[777,-9],[650,-7],[303,995],[2441,-25],[45,-1143],[1044,-4],[995,-6],[1047,-10],[1832,-27],[188,-1],[703,-8],[132,14],[184,-17],[4543,4],[375,-28],[3049,74],[1334,-14]],[[484109,793243],[790,-411],[3195,-38]],[[488800,788672],[-669,6],[5,-2083],[2,-206],[5,-788],[34,-974]],[[318634,709461],[-55,-548],[-807,-574],[-48,-1692],[158,-5599],[61,-1],[1315,23],[1072,18],[168,4],[2708,47],[1409,25],[404,-458],[0,-1127],[-2663,-73],[-298,146],[78,-685],[745,13],[19,-785],[514,-338],[63,-880],[541,50],[490,877],[1337,4],[1009,-4],[1463,-9],[-12,2540],[-1856,96],[-626,277],[-30,4579],[1779,30],[3288,-159],[3144,-1605],[-584,-879],[-221,-2356],[1362,-2],[152,-22]],[[267916,681706],[-55,1725],[946,49],[3874,100],[2090,46],[-701,581],[-1781,-41],[-2531,56],[-1908,893],[-22,1062],[71,521],[693,2179],[29,222],[-34,8827],[-5,2045],[-6,2066]],[[122363,565836],[2252,12],[-40,-4239],[-188,-2410],[-1007,-1579],[-1058,-50],[-70,-2],[-120,-187],[27,-7833],[2061,-16],[-7,-1606]],[[124213,547926],[-2009,-706],[58,-6259],[46,-6875],[33,-5094],[21,-2518],[5,-1587],[-4136,-144],[-55,1960],[-2045,8],[37,-831],[-3758,55],[1,-503],[338,-574],[-305,-265],[-2256,-222],[53,-4760],[-129,-1729],[-710,-622],[-1151,-582],[63,-4634],[4014,168],[115,-4109],[2364,73],[125,-4145],[-2504,-134],[144,-8215],[2088,74],[2144,75],[1833,64],[22,-1739],[94,-6495],[104,-7647],[-820,-17],[-1,-1015],[-1153,-24],[46,-3762],[2269,87],[93,-16561],[-4105,-126],[25,-1444],[992,-3],[-62,-3125],[1002,-4],[13,-2008],[2573,-5],[-40,2029],[967,4],[4,-1493],[900,-6],[727,-565],[-731,4],[3,-1227],[-363,-60],[-879,-557],[-2581,-102],[-1608,-1282],[-3995,-76],[362,-1240],[585,-1581],[384,-702],[1817,-17],[416,-1953],[-413,-12],[-15,-315],[-355,-4],[1,-845],[241,7],[138,-69],[-10,-872],[2181,-174],[2769,-1098],[2549,-1502],[209,-341],[-750,-1357],[-1390,-426],[-1417,-1090],[-1362,-1525],[-903,-1626],[-1381,-1167],[143,-1423],[-195,-972],[587,-985],[-317,-484],[664,-1610],[-893,-20],[-37832,-839],[-8167,29],[44,-8190],[-3777,27],[-4036,1],[-296,16414],[3997,-18],[-643,24381],[-4883,-112],[-500,-12],[-6132,-7722],[-269,4],[-259,7573],[-8025,-142],[-159,8258],[8053,144],[-176,8216],[-737,37],[-1178,-20],[-13578,-280],[-565,16],[-314,16542],[-6953,-64],[-3921,-59],[-89,16509],[39,3949],[-10,1482],[1610,1],[21,2766],[2086,-50],[0,28],[11097,197],[19954,375],[-56,4167],[-373,4043],[-55,4114],[-332,4024],[581,3352],[6769,-5070],[1146,32],[-37,4126],[-394,1],[-12,1918],[296,4638],[858,9],[-11,671],[873,-129],[-10,780],[3930,-612],[2608,-40],[-234,16319],[-101,214]],[[573609,579585],[2004,43]],[[575613,579628],[43,-1817],[30,-1310],[28,-1046],[52,-2003],[54,-2117],[54,-2109],[-39,-2081]],[[575835,567145],[-3958,-93],[-603,-15],[-915,-21],[-310,-7],[-197,-5],[-2145,-51],[-890,-21],[-223,-5],[-2041,-48],[-2796,-68],[-1315,-31],[-782,-19],[-3977,-100],[-508,-13],[-1413,-36],[-265,-6]],[[426048,600451],[-864,-244],[-394,-160]],[[371455,615660],[111,18]],[[373741,611444],[-880,55],[-2933,-205],[1222,1706],[305,2660]],[[421036,597545],[-1220,-861],[-3681,-2467],[-1838,-751],[-17,-5],[-674,-176],[-819,-93],[-589,-117],[-1677,-63],[-5,-45],[-646,-25],[-2426,-193],[-124,143],[-366,-162],[-293,-1],[-170,133],[-2522,-90],[-469,-17],[-1940,-71],[-3296,-121],[-1372,-51],[-3360,-123],[-2540,-95],[-204,-8],[-901,-32]],[[389887,592254],[-7761,-236],[-8,1751],[6,1261],[-64,0],[3,540],[-841,-985],[-92,-790],[925,-22],[10,-1757],[0,-51],[0,-45],[-6794,-255],[0,46],[-1315,-80],[-2861,-542]],[[371095,591089],[153,2734],[34,1079],[526,8946],[-2974,25],[-211,-186],[-15,-1686],[-1144,-250],[103,1531],[181,1572],[13,94],[4127,341],[177,2516],[183,680]],[[415603,697490],[1025,40],[24,2120],[464,17],[538,-1009],[-27,-3152]],[[417627,695506],[-1011,-40],[-295,-4]],[[416321,695462],[-733,-16],[3,501],[12,1543]],[[416289,691283],[1312,54],[23,3442],[3,727]],[[417627,695506],[2042,102],[1273,69],[743,50],[682,48],[1088,45],[-143,2218],[-542,-16],[-59,1124],[136,-80],[402,-238],[549,-279],[420,-166],[-296,-1648],[-5,-895],[525,-70],[-16,-1337],[704,-92],[153,37],[9,1418],[583,17],[5,871],[79,392],[510,722],[1238,-882],[1561,-1117],[457,-301],[336,-163],[608,-402],[-177,2899],[886,-96],[55,368],[59,334],[842,-88],[661,328],[-312,1352],[519,4],[-22,-597],[826,58],[0,120],[192,1],[1,426],[242,3],[7,-306],[-104,-553],[2967,64],[770,372],[0,-293]],[[447208,692056],[-109,30],[17,-2152],[-575,-7],[-26,-1586],[47,-1278],[10,-262],[19,-516],[-166,-8],[4,-449],[2,-234],[211,-678],[-205,-9],[-1313,-49],[2,-342],[-13,-402],[-832,-35],[-173,-3001],[-783,27],[185,-2018],[-2208,-106]],[[441302,678981],[-84,791],[884,338],[5,1018],[-416,9],[-561,13],[-3081,494],[4,1440],[1,318],[1,382],[-3694,-158],[-10,243],[-61,1514],[-11,319],[-2360,-102],[8,-3009],[-492,62],[-365,46],[-785,95],[-515,53],[-396,47],[-596,72],[41,-438],[-21,-3029],[-468,11],[-2524,892],[35,539],[1203,-29],[143,2253],[-1346,166],[-140,18],[9,-2986],[0,-92],[0,-87],[-1,-658],[-1,-385],[0,-442],[-1,-1173]],[[425707,677526],[-2299,58],[-2768,1278],[-898,50],[-252,3327],[-958,409],[-172,184],[-24,-68],[-753,7]],[[417583,682771],[-1771,543],[-20,304],[-329,8]],[[415463,683626],[-1901,44],[-2097,52],[-2048,147]],[[409417,683869],[-4,2403],[-498,192],[36,4342],[6309,420],[975,54],[54,3]],[[64114,754865],[-86,18525],[9815,136],[2312,90]],[[76155,773616],[30,-4132],[39,-3828],[79,-10670],[652,7],[21,-3824],[4285,-28],[74,-4115],[3988,45],[-44,-1735],[3967,-12],[114,-10439],[4091,59],[10,-4009]],[[93461,730935],[-16276,-134],[-7,-7207],[-71,-1041],[-492,-776],[-1538,751],[-4,-16493],[1,-28],[-7,-350]],[[75067,705657],[-5319,309],[-2830,-24],[-8113,-106],[-26,12236],[-8166,-14],[-23,4141],[-56,8249],[6323,67],[-189,316],[141,3655],[-955,1694],[-938,2429],[3899,154],[-13,-1443],[1694,-790],[4681,-4570],[521,-1242],[1094,-57],[8245,134],[-46,16591],[-26,7590],[-2093,-7],[-699,-12],[-5307,-66],[-2752,-26]],[[605671,654838],[1023,8],[673,4]],[[620612,648026],[243,7]],[[620855,648033],[23,-1349],[-28,0],[28,-1323],[-216,-5],[17,-867],[-451,-400],[98,-1450]],[[620326,642639],[-171,-4],[-221,-1],[119,-2819],[-257,-1349],[-554,-57],[-849,52],[-2,120],[-2105,100],[-186,554],[19,-811],[-881,-23]],[[185946,680087],[1389,-178],[1438,18],[6425,108],[5539,-26],[1734,-212],[1205,-612],[666,255],[635,225],[-50,2280],[316,694],[1714,1615],[2073,171],[-35,6269],[8067,124],[-31,4164],[26,6572],[0,1959],[-3725,1264],[955,2662],[2821,42],[-67,12384],[8273,59],[-63,1926]],[[225251,721850],[2289,-7],[-5,-1916],[1710,2],[10167,237],[13,-4155],[12274,191],[79,-4160],[3574,-13],[21,-507],[427,591],[8136,82],[6945,175]],[[216728,620557],[-3521,303],[-1399,-377],[-3213,-61],[62,4102],[-4884,-53],[-3189,-65],[86,8252],[-8065,-29]],[[192605,632629],[151,12197],[8095,2],[14,1816],[21,2473],[-27,8377],[169,762],[-2592,2470],[-1361,678],[-1040,257],[-5686,-8],[24,2674],[162,228],[1405,431],[2856,14],[797,307],[342,369],[-105,1924],[237,2599],[-5696,1131]],[[190371,671330],[-38,2622],[-7524,-132],[-1,951],[-2178,-35],[-2,1129],[-2,2057],[686,29],[3264,-10],[10,2126],[1360,20]],[[433845,663685],[39,535],[-1,555]],[[433883,664775],[6,1001],[3,464],[-5,725],[3,530],[362,-2],[1,473],[-360,1],[2,342],[0,21],[-1,997],[691,551],[1353,58],[341,14],[502,20],[977,43],[204,43],[-2,-819],[2733,124],[40,-486],[75,-32],[149,-44],[97,-44],[53,-36],[3,-614],[776,-63],[-43,-591],[-301,12],[-866,-199],[2,-397],[1128,84],[-88,-1227],[-1038,45],[0,-579],[-2708,-116],[-2,-62],[-21,-626],[0,-482],[-16,-867],[-1630,-66],[-1978,-78],[-563,403],[83,389]],[[433571,659210],[2688,-300],[659,-74],[5,101],[34,1155],[-660,1],[25,2360],[1303,-10],[-16,-2174],[809,16],[-12,-1488],[913,-103],[-1,1808],[2072,-168],[4,202],[-636,-10],[-7,514],[154,3],[9,187],[504,9],[54,868],[1274,663],[-2,322],[649,41],[242,6],[4,-512],[456,132],[2340,96],[488,554],[233,10],[560,25]],[[447716,663444],[-113,-2011],[12,-1435],[947,52],[-67,509],[842,38],[-189,-875],[-1517,-85],[-38,-869],[-944,-1556],[19,-1615],[-156,-777],[137,-172],[357,-438],[101,223],[2848,-864],[-272,-347],[-760,162],[46,-262],[1722,-332],[187,-36],[125,-102],[28,22],[25,14],[14,4],[13,2],[9,-8],[6,-10],[402,254],[466,-349],[635,-211],[11,-318],[19,-77],[13,-54],[108,-814],[264,-454],[294,-478],[48,-2471],[-690,-890],[-741,-306],[-220,-95],[-1111,-1012],[-13,-134],[-103,-2902],[2,-115],[31,-715],[382,7],[406,9],[667,2],[-7,-814],[2064,57],[2488,79],[89,-2527],[-2610,-92],[-1010,-17],[-505,-4],[-93,2],[-596,-85],[-1225,-77],[-646,0],[-322,12],[-551,20],[850,-1597],[502,-699],[704,-958],[-318,-814],[-112,-261],[-459,-884],[-292,-607],[21,-2073],[68,-334],[24,-129],[213,-702],[263,-1126],[-829,-1359],[-55,-62],[-727,-850],[-41,-55],[-102,-242],[-792,-3008]],[[434675,637996],[222,4],[51,658],[3,2250],[0,1270],[-1844,-60],[-210,243],[-5,1352],[198,-3],[-44,537],[-18,0],[-50,1842],[198,226],[197,230],[191,169],[750,568],[-38,3118],[-67,-55],[-147,-94],[-141,-78],[-271,-123],[-94,-24],[0,87],[0,629],[1,1017],[1078,159],[10,735],[-357,249],[307,1235],[-308,347],[-51,425],[-671,-46],[-2049,-139],[-1565,-108]],[[429951,654616],[540,510],[15,1554],[3065,59],[1,66],[-8,1322],[7,1083]],[[222376,805291],[-27,7794],[7302,-3416],[10703,-4342],[4259,-11],[7195,72]],[[251808,805388],[3193,-44],[1843,-1],[10101,41],[2,-595],[522,34],[-263,-416],[-257,-17],[3,-687],[7,-1670],[2029,-117],[16,-4778],[1860,248],[88,-3029],[-4,-261],[81,-27],[0,-179],[1399,-476],[-210,-418],[1061,-1],[-105,-6093],[4066,-39],[-15,-6174],[2744,14],[1472,422],[726,-214],[707,-199],[4535,31],[-27,3782],[-476,353],[-44,34],[371,718],[182,757],[10,353],[1040,-53]],[[225251,721850],[-133,5943],[232,341],[-246,67]],[[225104,728201],[-84,6223],[6221,5],[-100,4146],[3931,95],[-6,2073],[-1900,-39],[-4,4857]],[[233162,745561],[1858,847]],[[235020,746408],[8,-969],[611,-557],[1458,21],[9,-981],[2069,-4],[17,-3090],[12,-2017],[3363,-39],[3366,-2839],[1604,-2341],[246,-360],[1376,-2128],[1245,265],[195,188],[161,1181],[-637,-10],[-29,4236],[-637,434],[-4119,-104],[-14,3637],[2915,150],[-3683,3323],[-1289,614],[-1,-145],[-93,16],[5,161],[-1799,655],[-788,729],[608,-49],[-3,568],[202,-283],[1864,-326],[4069,-324],[-19,3576],[12,399],[1203,-804],[1366,22],[-59,6685],[-3015,-27],[-2810,-19],[-31,-1122],[-444,165],[-704,-15],[-8,963],[-1521,-10],[-26,-1685],[1216,22],[-10,-901],[-1226,-462],[-945,-1296],[-1134,61],[-1319,-1465],[-364,68],[-1524,1625],[-2900,2173]],[[233069,753973],[-1446,1210],[-694,508],[-716,-650],[-5,788],[-2476,-4],[-741,-698],[6,697],[-376,-7],[1,1649],[-656,1122],[77,1308],[-1163,15],[-52,1848],[-1100,-5],[-203,2285],[-1031,5],[17,-2612],[-5511,4992]],[[217000,766424],[-582,966],[25,1073],[-5086,3238],[-1551,490],[-3515,79],[12,2070],[10330,14],[-188,376],[-2526,1509],[-209,1043],[-676,750],[-2345,1291],[-301,933],[3,6653],[106,1342],[432,368],[5506,108],[19,-8214],[1887,4],[23,1450],[1685,64],[14,2505],[-1561,61],[21,2333],[1494,54],[35,1635],[2423,-25],[-99,16697]],[[524919,644805],[-1378,-53],[-685,-25]],[[516720,644637],[-56,1888],[-33,1037],[-16,519],[-16,519],[-16,518],[-14,568],[-25,1028],[-13,536],[-2524,-860],[-1013,-359],[-494,3],[-2063,276],[-516,58],[-101,1222],[578,735],[-4,264]],[[712604,467411],[-4,-2054],[4023,-45],[3,2479],[2879,-1968],[1125,-455],[4,2441]],[[720634,467809],[1754,93],[586,-288],[1821,-30],[1521,398],[4964,3438],[5090,-16],[-4,1754]],[[356109,713687],[129,-3466]],[[271061,854697],[-16,-8373],[-169,159],[-8020,5],[10,-7722],[31,-1973],[8118,-7007],[18,-6611],[-1391,-1645],[-246,267],[-969,-83],[-1523,-1131],[-112,-1965],[-1858,-79],[-180,-1332],[-2190,130],[-582,317],[-4818,-21],[63,1444],[-496,665],[607,1157],[-1951,-194],[-564,602],[116,-3695],[-246,0],[-48,4072],[-4047,457],[-2057,12]],[[248541,822153],[-1358,11],[-40,3889],[-2229,12],[-9,2137],[-2048,-9],[-20,1907],[-2005,21],[-2428,3331],[-1,608],[-31,8168],[-40,36],[-4764,-24],[-872,-242],[-412,934],[-644,60],[-17,1354],[647,57],[34,2099],[-1350,93],[-3,2567],[-731,585],[-1386,-37],[-1741,1983],[350,3077],[3262,7],[3572,-1318],[118,1298],[1,8234],[6,4972],[1298,-264],[2269,1840]],[[735945,495821],[54,-1121],[6,-161],[5,-701],[250,5],[11,-993],[-272,-759],[0,-266],[33,-1419],[239,-4],[8,-1554],[-270,6],[0,-833],[3077,-30],[494,-4],[508,-11],[-61,-1014],[-3808,160],[22,-898],[211,-154]],[[720634,467809],[-26,5808],[39,1966],[1,4136],[-260,1],[1,1024],[-299,1020],[-1178,10],[-276,3],[-8,2071],[1013,-8],[45,-1030],[956,-24],[-2,1046],[1,2054],[-263,2],[8,1033],[255,1],[0,886],[0,208],[0,653],[1,2645],[-32,413],[7513,33],[44,24],[964,3],[-1396,1045],[-1404,1058],[-504,360],[-1620,1606],[1843,323],[3715,-127],[-6,73],[6186,-304]],[[703038,388950],[404,-3],[1614,-13],[7,2048],[1,887],[2,1168],[2,1939],[1,407],[2,1717],[4,813],[-918,42],[-2117,260],[-1083,302],[539,625],[-48,2178],[724,1469],[1229,300],[2819,1233],[790,120],[-10,856],[-2009,13],[-33,2038],[-1988,1],[-37,2087],[-23,1260],[-35,795]],[[702875,411492],[-16,1033],[907,-5],[93,1013],[1021,-8],[0,36],[-33,2034],[-7,445],[1685,34],[97,667],[-1634,1002],[648,2252],[-249,771],[-615,78],[-9,651],[-4,284],[-24,1688],[-6,362],[1626,-5],[401,-831],[4270,-1222],[-4,1657],[-194,367],[1653,10],[775,128],[27,-1851],[-41,-1054],[3624,-1197],[2350,-635],[1675,-390]],[[779095,417397],[13377,-62],[677,-114]],[[793149,417221],[165,-11927],[-66,-306],[255,-7],[6,-1092],[1712,-3],[8,-2546],[-1699,3],[14,-503],[1295,-7],[393,-476],[5,-1594],[1949,-9]],[[797186,398754],[20,-2054],[2719,-5],[-372,-1604],[1244,-749],[488,-1248],[2,-2029],[-2001,9],[-149,-2577],[157,0],[18,-8022],[-9,-4419],[0,-1261],[-4,-799],[-4581,-4],[1,-1032],[542,0],[3,-2334],[-1236,5],[-229,-2430],[-525,221],[-3,-655],[11,-8311],[-5251,27],[-111,-1224],[-1689,1247],[-6037,-18],[-852,-3847],[-883,-2708],[-642,-955],[159,-804],[-1197,47],[4437,-3203],[-328,-8948],[-3973,-64],[195,8114],[-6242,65],[1126,-1841],[611,-543],[-162,-1026],[282,-840],[909,-335],[1357,448],[-156,-4072],[-2480,-40],[-1927,3039],[-316,1127],[-1078,1257],[-1354,2357],[-410,390],[-3364,76],[-559,1058],[-1416,996],[-2908,-9],[-14,2044],[-1976,-2],[34,-8280],[-1109,4]],[[755958,342993],[-10963,169],[-4036,33],[146,-10362],[-4036,15],[121,-6190],[-6007,57],[-270,14467],[-516,-2],[-28,2046],[-1591,-3],[-1938,38],[-5643,120],[-3707,20],[-353,2],[-60,0],[-111,-1663],[-393,-12],[-75,369],[-489,115],[-353,-368],[-203,387],[322,540],[-59,607],[-1705,36],[-208,1],[-310,772],[117,251],[34,157],[5,129],[-10,46],[-811,2022],[-320,201],[-246,-47],[-325,243],[-578,161],[-186,153]],[[711173,347503],[-353,453],[275,2751],[1337,-10],[676,1785],[1200,-1038],[142,186],[73,95],[-522,240],[113,295],[-40,19],[298,379],[-471,969],[-792,7],[0,2072],[-9,4128],[4025,-10],[-24,4104],[-3985,44],[-2,8206],[-41,-1026],[-2002,-49],[-486,5],[1,-878],[-357,-172],[-737,12],[2,-269],[-417,7],[0,460],[-805,-4],[-223,344],[-113,-156],[-126,475],[-1175,-638],[-1563,-33],[-28,2098],[-6641,51],[-1164,8303],[-286,2037],[17,4183],[990,-10],[-6,-2078],[3054,-26],[17,3650],[2014,174],[-1,312]],[[364227,347047],[15,-269],[184,-8265],[255,-15661],[1302,-423],[6770,-3355],[1429,-104],[1588,400],[-2413,-2570],[-1210,-1515],[-557,-424],[-886,-205],[-499,-762],[-357,-11],[-2874,-101],[-2119,-57],[99,-4403],[48,-1729],[10,-529],[38,-1489]],[[365050,305575],[1,-68],[16,-867],[73,-2881],[48,-2040],[8,-368],[51,-2160]],[[332683,320847],[-93,4287],[-36,2078],[6011,161],[529,444],[1967,-1017],[2034,-50],[1307,-241],[-81,7252],[-111,1181],[-208,-1206],[128,-4400],[-334,-157],[423,-1333],[-120,-1017],[-2619,437],[-135,556],[241,2767],[-318,1676],[-552,1002],[-406,1424],[54,-1045],[-1154,30],[-131,634],[-1749,443],[380,-1103],[-422,-1967],[-1026,-740],[-96,874],[621,1308],[-299,1397],[747,317],[-391,1691],[-908,1006],[-75,97],[2068,88],[-2109,1994],[-183,1201],[766,-680],[1350,20],[-308,-351],[1608,-1601],[2056,769],[1610,863],[1628,177],[2,-370],[2237,-203],[1809,-615],[20,-895],[64,2],[2178,3600],[1171,313],[2039,2471],[764,1874],[-255,39],[1,122],[1830,54],[-60,4319],[1859,14],[-190,-2219],[-938,-1092],[265,-689],[7084,209]],[[737711,248183],[6805,101],[942,-1856],[276,-174],[10,457],[804,-1573],[458,-698],[6386,98],[148,69],[231,3711],[124,6],[-52,4817],[-2080,2026],[-2089,496]],[[749674,255663],[5116,5194]],[[754790,260857],[5610,5608],[1482,1708],[3837,3854],[4107,1928],[20646,9611],[3132,3705],[8298,9989],[5,-481],[416,719],[4074,-176],[11536,136],[20,0]],[[817953,297458],[82,-20479],[89,-3695],[144,-142],[-189,-308],[505,28],[1472,-1398],[-83,-5671],[-498,-1839],[-61,-2182],[-822,-1215],[3415,-31],[-147,-11455],[-75,410],[-1740,4],[-8,-1401],[1929,-6],[-27,-2166],[-986,730],[-999,-1170],[-31,-2404],[-945,-104],[129,-1810],[781,283],[1999,24],[-20,-1535],[4001,39],[-116,-8292]],[[825752,231673],[-3999,-27],[-51,-8239],[-3719,-33],[-8088,104]],[[809895,223478],[-8068,105],[-31941,-31],[-10729,124]],[[759157,223676],[-2498,4227],[-2446,20],[-208,777],[-339,-183],[-48,3637],[-8057,-121],[-4746,-71],[-541,1482],[140,1527],[-116,1101],[-2612,-17],[-66,4047],[91,8081]],[[441883,762387],[-5,-448],[-2,-55],[546,-18],[626,-5],[-4,56],[341,-2]],[[448848,761131],[-212,-992],[917,-22]],[[454124,754270],[-69,-241],[75,-1112],[-927,-51],[-44,-1368],[345,-493],[1644,-258],[0,-1074],[1,-2784],[2,-97]],[[454822,732240],[-1453,120],[-441,128],[-531,385],[-435,-614],[-3141,-51],[26,2085],[-4282,-181]],[[444565,734112],[-1861,-111],[4,991],[24,1575],[18,1629]],[[504313,631556],[-2020,4],[-52,4110],[935,181],[-102,3880],[-359,26],[-274,8],[9,1221],[825,2607],[523,378],[-708,-40],[-574,-14],[-52,-32],[-20,-12],[-18,-11],[149,773],[-625,1579]],[[533243,640900],[79,-4157],[40,-1775]],[[684312,486197],[523,-4],[-255,-1774],[265,-292],[-268,2],[-2,-2072],[269,0],[-3,-2081],[-523,5],[-12,-1427],[400,-2574],[5546,-37],[6,-2538]],[[684234,472264],[-1904,-569],[-818,434],[-434,18],[-1053,-610],[-619,1126],[-323,474],[-822,72],[-1163,807],[-814,-870],[-224,730],[234,932],[-3113,-62],[-585,-60],[0,-346],[-1861,345],[-542,908],[-1086,-1001],[-550,1300],[-334,801],[-26,143],[-15,649],[-2398,1022]],[[665784,478507],[-3,1599],[0,12]],[[665902,507865],[5,1579],[4,1410],[7,2168],[15,3042],[15,3115],[0,64],[25,5096],[3,704]],[[665976,525043],[3176,306],[3465,-49],[142,20],[914,130],[5666,110],[998,-35],[0,-2106]],[[797186,398754],[3581,-2],[16,-1548],[2554,7],[3,-518],[889,-3],[281,479],[-3,1072],[802,1],[3,-514],[543,-2],[0,461],[943,-261],[702,278],[1272,-197],[-122,-1317],[687,-8],[675,-16],[0,-958],[1543,-485],[703,-1684],[-170,-1215],[1282,359],[0,-3324],[864,-54],[293,-813],[-1156,36],[2,-4110],[932,71],[638,-864],[-571,-30],[8,-3370],[-1007,8],[4,-1534],[2012,-25],[2,-785],[640,-9],[389,-881],[-12,-995],[1007,620],[7,-4708],[-2,-12419],[-4901,6],[-3021,1301],[-117,-2193],[1476,-1742],[1496,-1299],[1459,-192],[385,-2686],[1277,-368],[1313,-1020],[1619,-597],[1087,-1540],[1905,-1642],[-61,3677],[4025,73]],[[825362,351275],[-13,-4147],[8155,39],[-59,4143],[4047,15]],[[842215,309396],[-8145,2985],[-185,81],[-3783,-63],[-11781,-5653],[-368,-9288]],[[754790,260857],[-6937,-7],[-2031,-255],[58,4298],[-104,8358],[7942,41],[94,9326],[-775,-499],[-949,-2125],[-856,-801],[-1598,-1036],[-1406,-480],[-2492,-535],[-178,14668],[858,304],[7280,3199],[-33,10551],[772,135],[-34,2026],[-905,6424],[-53,3481],[1407,547],[752,-272],[-590,1265],[861,853],[1531,-4],[-26,2060],[1781,3],[-128,7791],[-92,1394],[-650,3427],[-2331,7999]],[[380962,685036],[2981,76],[9,1036],[-1008,-5],[2,853],[1679,-867],[1812,-50],[-10,-1168],[541,538],[4,636],[994,8],[539,3],[19,2057],[484,483],[9,982],[2013,20],[66,-922],[751,-640],[167,-1040],[360,-542],[0,-370],[-64,-2993],[547,-61],[106,-936],[-145,-713],[-706,-1336],[-336,-1990],[1201,-13],[2027,-100]],[[395004,677982],[-19,-2085],[-23,-2114],[-30,-2927],[1131,-13],[-9,414],[1151,560],[2811,80],[3043,70],[-17,-1059],[-4,-392],[-5,-630],[2071,31],[32,-2126],[-3,-678],[910,-5],[405,-11],[606,59],[35,0],[78,-1833],[-132,21],[-1,-148],[-1,-1966]],[[407033,663230],[-772,-436],[-150,729],[-518,193],[-530,193],[-20,-1539],[-9,-736],[-16,-1008],[2052,51],[-29,-2702],[-4,-411],[-2037,-42],[-315,-2513],[154,-568],[-233,13],[-1682,67],[-482,-94],[-178,-96],[-1126,-654],[-718,-289],[-1557,-77],[-2105,-84],[80,-2610],[98,-1435],[-2125,-88],[-57,-1719],[-4,-109],[-2,-906],[43,-507],[-25,-937],[-1075,-17],[-54,-7],[-457,-218],[-245,-141],[223,-1170],[-830,-411],[411,-239],[-84,-1956],[-467,-1484],[865,13],[-58,-1632],[-985,-264],[-356,-56],[-17,-479],[931,-236],[-5,-1778],[774,7],[481,-1567],[791,-772],[0,-976],[-836,975],[-644,-77],[-566,-487],[-18,-2036],[2341,-1522]],[[379695,632990],[198,3360],[-63,-1],[-12152,-232],[-388,-469],[1312,-1100],[563,-838],[468,-2897],[-81,-1045],[-1322,262],[-1439,-570],[-2172,-1748],[-2651,-51],[-1976,-537],[-1691,819],[60,10088],[6,80],[6,1995],[-6,4620],[-1669,-32],[-1644,-862],[-965,-257],[-949,49],[-427,-19]],[[587417,450429],[-20,3872],[-1,62],[-16,1834]],[[587377,458024],[-17,1865],[0,196],[-7,1039],[-9,1020]],[[533104,450052],[5354,106],[0,51],[2119,49],[305,-802],[39,-1262],[1335,35],[196,2068],[49,0],[1239,27],[2809,62],[-2,121],[-35,1417],[-3,94],[-4,198],[-3,148],[1462,34],[573,14],[-4,148],[-6,272],[-43,1773],[6010,131],[769,-7]],[[555263,454729],[-1,-701],[-3,-4154],[0,-68],[4023,18],[4038,31]],[[506874,416589],[-200,8042],[-3,97],[-106,4020],[-2,74],[-8,328]],[[680107,447023],[118,3],[140,3],[3434,-32],[597,-6]],[[702875,411492],[-1356,7],[-658,-1283],[-2023,13],[-2029,-430],[-295,-360],[-461,-7],[-384,553],[391,1587],[-1,313],[727,194],[-15,1504],[-1014,6],[-1881,13],[-169,0],[-704,5],[-744,5],[-513,3],[-298,2],[-714,4],[-16,2081],[-9,1922],[-214,0],[-21,4273],[-1800,15],[-645,5],[25,-1390],[-1647,6],[-373,-345],[-107,-327]],[[444565,734112],[-229,-1853],[-657,-40],[-1,1100],[-978,-36],[-7,-321],[-10,-905],[-592,-1],[-1464,1258],[-1344,481],[-474,-27],[-2290,-129],[-1989,-111],[-1138,-64],[-1514,-86],[-1970,-99],[-235,-15]],[[426334,733105],[-52,-2],[-2145,-100],[-3,-98],[-160,-260],[-1955,-103],[-9,358],[-1664,-89],[-15,-606],[-2167,-718],[1,1205],[-239,-13],[23,-388],[-1394,-77],[-33,386],[-184,-10],[22,-368],[-30,-639],[-661,-404],[-314,-65],[-33,362],[66,298],[-36,759],[-1253,-68],[-1266,-76],[-1091,-61],[25,-542],[-1470,-87],[-3,540],[-864,-50],[6,-823],[-62,-15],[-1783,-122],[6,853],[-75,-7],[-904,93],[-3118,2863]],[[403500,735031],[-44,1094],[4080,38],[2414,42],[43,4281]],[[568298,804532],[1809,-3388],[1934,-3623],[251,-472],[2527,-4733],[757,-1417]],[[563613,786053],[43,2056],[-876,-17],[-3332,115],[158,6103],[55,2048],[-53,1],[-1987,6],[-850,7],[-1227,21],[-135,747],[-8,1051],[60,2476],[168,3989]],[[399839,906900],[-669,-1732],[-36,-264],[-315,9]],[[397621,954156],[3340,27],[8434,19]],[[386968,931178],[732,2672],[-263,-98],[-223,-33],[-190,-73],[-57,26],[431,472],[-2367,-240],[-21,2907],[-4,749],[-5,489],[-50,5363]],[[384951,943412],[0,389],[0,571],[-1,698],[419,859],[549,84],[785,4],[4,83],[1425,1136],[-2012,1354],[-467,1514],[502,-1003],[89,140]],[[393783,966098],[47,-139],[91,-103],[114,-317],[124,-138],[106,-167],[60,-120],[14,-90],[161,-69]],[[407033,663230],[19,-915],[1,-169],[13,-343],[2164,104],[1850,34],[356,206],[1432,-239],[925,-143],[0,-3387],[1343,-11],[5,-1819],[1,-250],[384,-712],[4,-1359]],[[415530,654227],[-826,-14]],[[414704,654213],[-14,2325],[-241,-9],[-1345,-36],[-3,897],[-2019,-27],[0,-7],[-7,-1347],[13,-371],[-174,-13],[-415,-46],[-1526,197],[63,1733],[-1488,161],[187,-131],[-698,-37],[-4,-660],[-13,-1894],[129,-5],[486,560],[439,-1220]],[[408074,654283],[-932,15],[-99,1],[-545,58],[-13,-410],[-124,-546],[658,-538],[74,-61],[1073,-751],[-6,-460],[584,55],[1656,-1158],[111,-78],[612,-429],[-8,-196],[-316,-29],[11,-1464],[318,81],[-1,-312],[-603,-142],[52,-270],[59,-2075],[82,-1007],[32,-167],[-3840,-368],[0,-56],[-17,-3356],[-55,-3709]],[[588397,772176],[1818,-1650],[1633,-1483],[189,-171]],[[371585,458310],[2517,31],[1553,17],[978,12],[4014,62],[3037,45],[-32,1154],[967,8],[40,-979]],[[384659,458660],[6,-160],[54,-2082],[2019,43],[2011,33],[59,-2069],[3265,54],[-1028,2769],[518,1363],[-171,2045]],[[391392,460656],[-490,1247],[-21,801],[81,1],[223,228],[1140,2657],[-50,1224],[212,-3]],[[392487,466811],[129,-3859],[8,-227],[15,-463],[14,-438],[97,-2974],[8,-234],[91,-3001],[-100,-1124],[96,3],[115,-4127],[317,4],[12,-428],[-785,418],[-1179,-171],[-159,-317],[-259,-514],[147,-3155],[-1929,-33],[-45,-4],[-45,-5],[-3289,-6592],[-323,-1091],[-130,-641],[-65,-522],[-17,-2028],[5,-200],[39,-1359],[47,-1677],[99,-3465],[63,-2415]],[[385464,426172],[65,-4807],[29,-1895],[17,-320]],[[385575,419150],[11,-225],[-169,-95],[-4099,-2307]],[[361721,449925],[-100,3936],[-2,68],[-78,2751],[3017,94],[-32,1372],[2044,64],[1973,61],[612,7],[706,9],[1724,23]],[[897751,190275],[-13,1617],[-302,461],[-3801,-111],[-13,2059],[-1926,-53],[10,2093],[-4037,-92],[-30,-2060],[-1994,3],[-3,4100],[111,4227],[5,4074],[-3117,14],[3119,1500],[-11,2577],[-3844,35],[-110,4078],[-16074,155],[38,6983],[-6298,97],[-726,604],[-793,2571],[-1584,2465],[-368,2085],[-119,1788],[-1541,-1117],[-1774,-255],[-639,-951],[-126,-5762],[-2094,1323],[-7,-1467],[-15829,29],[10,2062],[-4038,32],[-6,1045],[-2042,28],[2,1502],[-1848,12],[-8,1822],[965,753],[-498,1070],[-646,2]],[[442598,718362],[-9,-1024],[-768,-35],[-1178,210],[-825,-350],[-113,335],[-487,-20],[13,-333],[-282,-30],[-272,-14],[-1727,-97],[-1174,-66],[-623,352],[-713,654],[-11,-1072],[-2977,-170],[-309,-269],[-833,195],[-1,-84],[-9,-1495],[-709,644],[-7,-600],[-4176,-205],[-15,-1466],[-3253,1423],[3,-724],[14,-1666],[-113,-364],[-2683,-140],[-383,-16],[-864,-47],[-1234,-66]],[[416880,711822],[-1992,-102],[-136,-12],[-271,-22],[-399,-18],[-21,4139],[-10,1834],[6,2321],[89,3],[332,16],[1118,70],[22,3641],[80,580],[-1610,-139],[3,127],[0,244],[-1,1737],[7,1960],[0,100],[-2803,-172],[-3786,-230]],[[407508,727899],[-1,35],[18,2002],[-2015,-40],[-1984,-9],[-26,5144]],[[491469,730893],[75,-1041],[-1721,0],[341,-730],[-1465,249]],[[459656,775054],[2611,-1595],[1552,-968],[256,-85],[1410,-846]],[[469643,744180],[828,2343],[29,56],[28,149],[204,200],[-331,325],[-1433,1396],[-710,683],[-953,704],[-713,304],[-1682,598],[-4,1900],[9,3047],[868,-8],[395,-3],[294,3367],[-361,620],[-247,456],[-48,352],[17,1369],[3,372],[21,2468],[25,3318],[-5555,66],[-1834,5],[-678,2],[-1,24],[-1041,17],[-59,994],[-15,2999],[1242,1529],[1715,1222]],[[857153,470497],[4536,15],[-19,-599],[-212,-303],[-6,-420],[190,36],[567,268],[-70,1022],[2533,59],[701,-33],[118,-4],[6,-141],[39,-5040],[1731,-5],[35,-2070],[1142,-9],[-6,619],[1046,-11],[-91,-1641],[4182,-32],[-378,5708],[13,501],[1318,427],[2340,367],[751,-364],[-732,-321],[-135,-980],[1640,-1433],[1247,-612],[1582,673],[499,-654],[1570,1035],[101,698],[2242,-69],[1742,-611],[-5,3536],[2026,-31],[-41,3821],[1837,254],[4190,1124]],[[895382,475277],[17,-1129],[2022,-47],[38,-3219],[1204,-256],[375,-848],[1151,-43],[13,-1018],[-682,20],[42,-3097],[2033,-75],[61,-4105],[-4049,142],[79,-4746],[10102,20],[62,-3849],[-2353,32],[14,-1011],[-1677,54],[13,-1031],[-2036,66],[40,-3088],[4039,-128],[21,-1062],[-928,-917],[-480,-1055],[-110,-618],[-113,-4389],[-187,-1511],[-392,-1116],[-1178,-1704],[1379,-619],[9,-5243],[10390,-205],[22,-5680],[6,-10839],[-287,-8306],[-3062,87],[17,-3810],[-871,-2181],[-62,-975],[3930,-167],[-2,-1090],[-18,-12386],[-14,-12440],[-113,-11987]],[[857545,359623],[-42,12419],[5,13276],[1998,-31],[-27,4405],[-1347,25],[-8,2078],[310,1026],[1792,-42],[-137,2415],[-1996,1472],[-686,11],[-103,12095],[-20,41],[740,789],[351,1059],[-665,177],[-890,143],[15,129],[220,907],[1669,-162],[1,158],[720,1610],[-1044,658],[-989,791],[-25,500],[-20,550],[12,1232],[9,99],[12,1684],[239,1051],[494,1025],[774,-351],[-2,605],[-1134,4],[-375,157],[-3,618],[-1,1052],[980,-36],[-6,1137],[-979,3],[-14,2268],[0,1535],[-8,1079],[-1,363],[-19,4209],[0,1222],[-7,2570],[6,341],[-4,1539],[-1,518],[0,342],[-8,5441],[-1,208],[1064,171],[-4,610],[1376,-223],[337,582],[-3,-577],[841,-11],[101,692],[-436,1504],[-606,1104],[-1156,6],[-12,1091],[-486,1],[-11,933],[-1031,-104],[-41,2200],[-40,8226],[-70,8255]],[[408194,481900],[-62,2346],[-3,135],[-50,1974],[-50,1383]],[[410064,487788],[192,5],[676,17],[369,-4],[1363,53]],[[416684,487999],[1992,79],[109,4]],[[431026,469552],[-85,-1670],[0,-785],[994,-64],[87,-1423],[-725,-24],[81,-1515],[-271,-9],[17,-287],[-3155,-113],[-40,9],[-516,-10],[-2006,-69],[-962,-48],[-82,13],[-1470,-53],[-501,-18],[-483,-12],[-520,-24],[-1006,-29],[-1598,-73],[7,-229],[-611,-21],[-7,227],[-368,8],[-466,-10],[-1233,-73],[-737,-33],[-2020,-72],[-1852,-78],[45,-1393],[-2040,-2776],[-382,-857],[-252,-1241],[-58,2059],[-2007,-47],[-23,836],[-79,3262],[-84,2822],[-114,4095],[336,1359],[550,1],[-351,1081],[-617,546],[-12,474],[658,-651],[332,-320],[1100,-1071],[-16,512],[994,-267],[-48,1814],[-1000,-29],[-1,41],[-59,2026],[-14,739],[-7,357],[-16,455]],[[817066,446060],[-191,8282],[-29,2012]],[[816846,456354],[4198,-16],[-4,2109],[-15,4091],[-313,-2],[11,3426],[-2106,7],[41,2796],[2400,-38],[3939,-71],[848,-37],[1174,3],[296,2814],[1532,2326],[1446,118],[191,821],[1690,524],[740,526],[0,159],[-1137,-756],[-1365,-307],[-216,556],[-1856,1770],[-75,1062],[4645,-1239],[-77,6010]],[[832833,483006],[87,0],[70,-4],[1946,-14],[24,-2034],[4017,10],[12,-2052],[1231,4],[778,9],[-20,4095],[4015,-32],[24,-4207],[7,-785],[-1713,-30],[-314,-1068],[-915,-75],[-276,-867],[265,-1217],[2986,-237],[11,-781],[-4038,1095],[19,-4192],[60,-2481],[2002,-686],[1183,281],[1387,1168],[350,162],[2461,-542],[618,-422],[-16,2476],[318,-6],[634,-905],[9,-1164],[5106,-55],[-8,1039],[1486,-20],[206,1028],[308,0]],[[839236,358553],[-1115,109],[-1974,1295],[-2420,852],[-810,1423],[-670,613],[-1972,492],[-986,970],[62,-13011],[-3989,-21]],[[793149,417221],[4,112],[4024,17],[5,600],[1984,-602],[-48,9203],[6029,136],[-5,2206],[486,4],[5,-1310],[5529,29],[-19,2060],[2010,16],[-8,1347],[2014,20],[-4,717],[2011,19],[-6,872],[743,1],[727,568],[15,630],[-302,670],[11,1793]],[[594898,534483],[3750,89],[317,5],[511,14],[1021,33]],[[600497,534624],[514,-22],[1586,0],[722,17],[806,20],[563,11],[346,10],[1334,34],[-291,-734],[584,-167]],[[591231,519927],[-8,292],[-55,1713],[-2,31],[-74,2574],[-19,660],[-1487,881],[-598,-12],[15,367],[-27,1597],[3248,-1903],[816,618],[-59,2329],[-2028,-55],[-30,1225],[2027,42],[-107,4153],[2055,44]],[[666094,542867],[15,2057],[15,2054],[7,1041],[38,1023],[0,7],[10,254],[108,2948]],[[666287,552251],[1192,976],[2652,-3108],[-897,-910],[397,-821],[2082,-2269],[122,-789],[1194,-1153],[611,755],[427,-392],[654,-601],[-103,-778],[-136,-426],[1764,-1346],[776,-591],[3119,-1850],[208,-67],[647,-207],[1411,-426],[167,-50],[452,-521],[-318,-460],[-245,-355],[1175,-1021],[1101,-357],[489,556],[1228,-1095],[132,-468],[-344,-1025],[2322,-1363],[1138,-229],[1599,2525],[635,740],[181,116]],[[665976,525043],[26,5366],[23,3158],[69,9300]],[[720234,511902],[109,-44],[9338,-3565],[1371,-524],[2500,-769],[2099,-389],[4351,-807],[8126,-930],[3863,-760],[31,-1382],[2698,-275],[441,792],[2115,111],[644,-1583],[2255,-228],[521,2375],[1786,230],[1118,-375],[42,-15],[650,-272],[76,-32],[88,-915],[675,-61]],[[765131,502484],[-105,-884],[-66,-1780],[-105,-1517],[-47,-2208],[-58,-1030],[-6199,0],[-702,-211],[-2083,-1343],[-818,-1063],[-257,-416],[1651,-1079],[858,-1257],[5907,-1770],[1723,-88],[-12,-138],[-2,-145],[-623,85],[-5979,136],[-744,42],[-562,-392],[112,-3931],[612,-1130],[2660,-2257],[581,-807]],[[735945,495821],[-118,1071],[-73,3780],[-7038,3416],[-582,454],[-835,-132],[-3574,970],[-3176,1513],[-531,1594],[242,2235],[-26,1180]],[[665232,323225],[14,3813]],[[665246,327038],[4133,-7],[3820,-8],[720,1741],[918,1662],[683,7240],[969,1742],[-287,1706],[-184,2507],[771,1920],[8096,65],[122,-6207],[12057,34],[-36,2036],[1949,-28],[58,965],[827,-5],[0,-944],[1044,-16],[169,-3],[-171,4930],[-914,1167],[5054,-37],[-1,90],[4032,-141],[2098,56]],[[749674,255663],[-3025,-1943],[-702,-74],[-3578,-223],[-256,24],[-1636,-85],[-3138,-1356],[-4344,-1871],[-4544,-1451]],[[728451,248684],[-2454,-918],[-3998,-4165],[-1288,-1336],[-8220,-366]],[[665267,257327],[-2,2923],[-7,8331]],[[665258,268581],[-20,25092],[-13,16862],[-7,8573],[0,70],[14,4047]],[[739274,258819],[543,148],[146,-1197],[490,-616],[803,10],[593,-571],[-36,3560],[-599,581],[-1415,-11],[-21,2154],[-2796,304],[2292,-4362]],[[384706,999885],[339,1],[40,0],[699,2],[4050,13],[2365,8],[1899,6],[8087,27],[3058,10],[4867,15],[157,1],[5947,19],[122,1],[2264,7],[1180,4],[1567,-29],[812,-16],[448,-8],[73,-1],[2552,-48],[308,-6],[202,-4],[2828,-53],[4524,-84],[2341,-44],[11,0],[3662,-69],[988,-18],[1878,-36],[5122,-95],[3137,-29],[7174,-65],[9137,-83],[5313,-48],[7850,-71]],[[479707,999192],[-161,-8237],[-2,-61]],[[417583,682771],[-1,-540],[-1218,-6],[22,-1367],[-833,-35],[-90,2803]],[[416880,711822],[-1,-98],[275,-1130],[1196,-1365],[71,-1190],[-143,-3183],[-29,-1740],[-355,-947],[-264,164],[-1899,1193],[-59,40],[-36,-2303],[0,-33],[-14,-1611],[-19,-2129]],[[416321,695462],[-12,-1555],[-20,-2624]],[[409417,683869],[0,-966],[-54,3],[-7,-49],[-2152,-133],[10,1353],[-2089,194],[-1917,188],[-199,19],[-1482,142],[-448,43],[-1980,188],[-1019,117]],[[398080,684968],[-47,1420],[1078,31],[32,2542],[15,1183],[2,75],[-910,351],[915,47],[1209,-11],[320,-2],[24,4139],[-530,2],[43,3981],[2,176],[1693,-25],[6,583],[27,2607],[0,20],[200,-20],[66,1012],[464,-14],[1405,4],[1090,-5],[38,992],[18,1934],[2,254],[-748,584],[-3481,30],[4,326],[20,3580],[275,380],[-128,-4],[3,808],[-52,1493],[-1124,823],[-1358,1028]],[[398653,715292],[-316,330],[-1303,1780],[2350,5],[0,985],[2101,58],[4,1004],[-23,1050],[28,2618],[2161,-439],[1226,-399],[50,659],[518,96],[121,5],[-94,877],[2011,44],[5,298],[10,2919],[6,717]],[[480821,668150],[12,-284],[507,18],[214,590],[455,70],[-67,925],[-76,2873],[-37,1568],[57,981],[-81,51],[-65,2021],[-35,1312],[-11,583]],[[501535,631450],[-228,5330],[41,765],[490,2209],[-758,-74],[-1985,-106],[-105,-3],[-1291,-2016],[-539,-841],[-67,766],[-28,203],[-402,1706],[-3188,-201],[-416,-11],[-1947,-74],[-1830,-69]],[[489282,639034],[-2181,22],[-1873,48],[-221,-1],[-589,2538],[-317,1504],[-74,1004],[-38,2743],[-4,379],[2,2076],[-41,2418],[-33,1720],[-65,11],[-143,1475],[-823,377],[-46,273],[-2127,-105],[49,4120],[945,143],[103,15],[2,112],[269,46],[68,8],[61,11],[78,10],[-4,326],[-319,1849],[-47,725],[-774,1391],[-77,96],[-236,71],[-17,228],[304,8],[113,324],[300,61],[188,190],[33,347],[-61,519],[-72,236],[-722,403],[-237,13],[-439,303],[604,1079]],[[144788,710659],[627,-1748],[31,-2382],[13968,90],[-12,-1538],[1340,39],[80,-2848],[-56,-405],[160,20],[370,-69],[-695,-483],[-33,-89],[-226,-412],[-116,-182],[-655,-997],[1053,-530],[1157,2161],[333,678],[429,173],[2009,-1118],[-2720,-579],[3566,2],[237,-447],[-608,-5],[9,-1251],[594,3],[14,0],[2219,-59],[45,-5],[118,736],[711,-763],[-779,23],[-306,-1933],[-415,-2502],[-157,-549],[-54,-114],[1693,-1647],[-488,-1445],[924,-381],[103,-37],[554,-193],[1637,-569],[1391,3111],[1676,4],[-7,-1814],[-2088,-8],[6,-1612],[1029,-162],[1513,48],[943,57],[618,1790],[7,1310],[2048,9],[0,-2909],[6,-56]],[[178591,689072],[-437,-859],[-322,-934],[-677,3],[14,-1926],[-749,-2036],[-29,-456],[1,-303],[-1,-2577],[-84,-2145],[-123,-3421],[-20,-122],[80,-172],[56,-11],[163,-327],[39,-435],[-18,-2979],[-1996,749],[-1517,345],[-2925,640],[-238,88],[-4,-6830],[10772,114],[16,3238],[0,71],[707,-225],[953,-193],[2408,-389],[-77,-6104],[3503,53],[230,271],[104,147],[120,255],[53,143],[104,161],[-16,2669],[-2027,20],[15,2056],[-834,137],[124,1944],[719,29],[-16,2307],[897,-178],[1089,-217],[1723,-343]],[[192605,632629],[-16186,-183],[-75,-8269],[8087,76],[-82,-4091],[-14655,-80],[-18,-4104],[3608,-17],[-50,-8313],[29,-1948],[-1522,1109],[-1565,810],[-538,-4]],[[169638,607615],[-8088,-32],[6,12408],[-4141,-23],[7,4157],[-3994,-89],[-10105,-75],[-3131,18],[-2713,5],[-3364,-64],[386,613],[878,2454],[-783,357],[-156,809],[-210,1477],[-2724,-986],[-2402,694],[-1848,2750],[-34,0],[-2279,11],[-577,4],[-1799,-47]],[[122567,632056],[8,4174],[7,4067],[-4223,-12],[25,4141],[-4106,70],[-26,4074],[8318,12],[-7,1776],[-4279,-15],[-44,4088],[-4013,82],[31,1985],[62,295],[8229,65],[-232,21446],[-119,11624],[-797,-45],[-11255,-158],[-216,12350]],[[398653,715292],[-3435,-100],[28,1044],[-5,1165],[-49,1366],[-520,180],[44,154],[78,253],[-1269,-47],[-152,45],[-719,216],[-393,127],[-1064,328],[-33,10],[2,1352],[-357,-4],[-791,-60],[-871,113],[-472,0],[-1067,22],[-305,-163],[-617,124],[-73,958],[-134,993],[5,149],[526,-12],[3,852],[-1897,-27],[-28,967],[-1968,-6],[12,-1665],[-6,-554],[-7,-398],[-1297,608],[-546,250],[-412,189],[-460,211],[-902,458],[-583,313],[-1676,615],[-372,279],[-633,687]],[[235020,746408],[625,342],[123,67],[97,53],[2877,1813],[-2418,2715],[-3255,2575]],[[225104,728201],[-2024,10],[-184,8729],[-5716,-121],[-217,-119],[-30,4877],[-67,8691],[8411,-2487],[1658,-381],[6,-2574],[2281,10],[3215,486],[725,239]],[[178591,689072],[2021,125],[2895,151],[71,-1241],[1092,1],[-37,-5778],[1314,-79],[-1,-2164]],[[503135,945206],[3810,126],[1,79],[6,326],[847,-11],[-11,-424],[-20,-1595],[486,-23],[25,1601],[540,-17],[5,452],[-1024,39],[41,3334],[5,423]],[[519500,965582],[985,-9],[25,-1024],[3297,38],[472,-899],[-30,-2274],[541,-7],[23,2049],[3557,-37],[-6,-735],[-9,-1227],[-13,-1465],[-899,-674],[-5,-1027],[-750,8],[-409,-1896],[1018,-123],[5,1002],[1019,-15],[3,410],[551,-412],[1476,-7],[300,294],[-2,-296],[1180,-9],[1,295],[294,251],[263,-550],[1013,-7],[3048,-27],[4096,-5],[267,-3],[21,256],[1969,8],[-16,-281],[75,6],[-231,-4018],[7096,-13]],[[549725,953159],[164,-12454],[11,-796],[-221,-802],[-448,-1631],[-256,-932]],[[548975,936544],[-7782,67],[-609,27],[-2789,-12],[-271,0],[48,-368],[-951,4],[8,167],[-148,64],[7,137],[-131,0],[1,-178],[-1653,183],[-829,2],[-3,-237],[-892,239],[-688,2],[-18,-1924],[-202,389],[-3933,195],[3,242],[20,1533],[-4091,-32],[0,18],[-2574,47],[-1482,47],[-5,-413],[-714,319],[-1306,-106],[-2107,-70]],[[515884,936886],[-2,953],[0,488],[48,1031],[-151,5],[5,519],[-926,31],[-4,-522],[-155,4],[-2880,611],[15,1041],[-4098,121],[-4,-373],[-2048,25],[-12,-1024],[-420,5],[-790,1404],[-1261,39],[-772,6],[-21,51],[2125,-8],[-276,862],[-1729,186],[1459,-73],[53,104],[36,33],[-24,50],[-101,130],[-160,142],[-116,41],[-426,545],[-1511,-18],[-91,8],[-202,2],[-830,1830],[-1056,-2],[-79,2474],[-1046,108],[-2089,-85],[530,514],[-435,1416],[1215,-18],[832,507],[-326,768],[72,0],[63,0],[-312,809],[-407,1841]],[[510079,943168],[229,38],[3074,-101],[12,1030],[713,951],[-199,8],[10,467],[12,614],[-102,395],[-1939,-31],[-1113,-609],[-427,380],[-2,-1092],[-260,8],[-8,-2058]],[[310055,999120],[9682,18],[6711,12],[1744,4],[45,0],[5130,9],[2035,4],[440,1],[288,0],[1419,3],[165,0],[154,1],[63,0],[50,0],[384,1],[2429,4],[710,1],[106,1],[42,0],[7353,13],[2097,4],[1063,2],[1184,3],[802,1],[405,1],[269,17],[1406,89],[957,61],[1526,96],[4850,308],[1099,4],[3987,17],[1932,8]],[[551679,777892],[-4830,69],[-1751,13],[-23,-4387],[293,-1913],[-118,-1]],[[523274,767640],[-53,-6],[-1234,-244],[-317,441],[-3145,26],[-10,-495]],[[514531,776045],[1466,-54],[-1225,1400],[-183,348],[-371,955],[-667,1525]],[[504695,805035],[130,-2]],[[535955,694914],[1677,45],[11,-66],[346,-2058],[12,-2010],[1019,35],[513,18],[471,16],[50,2],[1710,58],[841,33],[512,18],[510,12],[515,18],[1515,52],[504,15],[1045,32],[1022,33],[-9,625],[2498,1624],[1498,975],[1461,928],[3086,82],[-3,260]],[[556759,695661],[1527,27],[255,3],[258,6],[1529,30],[508,9],[510,10],[1274,23],[236,809],[20,-804],[1526,29],[6,-259],[511,9]],[[565585,679218],[-257,-8],[-19,782],[-254,-4],[27,-1038],[-254,-4],[-6,256],[-1013,-16],[6,-259],[-506,-10],[-6,258],[-1014,-20],[-1013,-19],[6,-259],[-507,-10],[-5,227],[-1009,-246],[-507,-10],[-5,227],[-1522,16],[7,-272],[-507,-10],[-509,-18]],[[556718,678781],[-7,269],[-1019,-18],[7,-267]],[[555699,678765],[-536,0]],[[555163,678765],[5,258],[-2024,-32],[7,-259],[-512,-9],[-6,261],[-1788,-31],[-7,257],[-254,-4],[-513,-266],[10,-257],[-259,-5],[-259,254],[-509,-8],[-274,766],[-27,1031],[-254,-4],[-2,76],[-6,240],[-255,46],[-297,1691],[-506,2],[-335,-2],[-173,0],[-158,-2],[6,-252],[-1377,-10],[-7,251],[-503,-255],[-508,-7],[-7,246],[-510,-14],[-2037,-55],[-1513,-38]],[[528655,687315],[-436,1265],[473,1770],[-44,987],[-155,268],[-1402,1024],[-387,918],[258,748],[341,746]],[[343660,387249],[55,-3596],[54,-3095],[35,-243],[-1371,72],[-1181,-280],[-2581,-1552],[5,-661],[251,3],[91,-5132],[4923,1689],[1285,516],[3196,1984],[2022,79],[2099,-163],[2945,-55],[1782,-807],[1052,-1011],[1124,-1874],[1488,-1063]],[[360934,372060],[-359,-827],[-145,199],[-925,-22],[-133,-985],[-1396,-3259],[789,-4102],[1634,38],[-717,-126],[83,-505],[2216,-1474],[944,-1647],[1114,-500],[3,-615],[185,-11188]],[[232966,318628],[-5120,-44],[-801,1358],[-1211,64],[-1355,1600],[-651,-409],[-306,52],[-98,-14],[-361,-165],[-933,-589],[-271,-114],[-60,1817],[-147,4554],[-231,5755],[-122,3046],[-65,1584],[-3,71],[-187,4624],[-714,18000],[-112,3945],[7287,200],[-203,7100],[1167,491],[1770,9],[736,695],[590,-584],[809,1374],[1744,-303],[554,367],[-383,535],[428,2282],[2150,986],[1292,-666],[1560,-290],[1096,54],[653,398],[418,836],[1107,209],[565,935],[-24,995],[535,579],[-161,944],[-36,4122],[-8181,-113],[-8669,-176],[-87,4104],[-7292,-154],[-67,4141]],[[583931,563317],[92,-3118],[31,-1044],[48,-2072],[24,-1035],[25,-1038]],[[584151,555010],[38,-2072],[50,-2071],[36,-1043],[29,-1033],[29,-1040],[21,-1040],[50,-1486],[0,-623],[43,-1024],[41,-1012],[-1849,-13],[-721,-18],[-1498,-43],[-998,-23],[-2023,-68],[-1006,-51]],[[576393,542350],[-2024,-72],[-2002,-38],[-35,133],[-69,1],[-264,-57],[-1517,32],[-628,-147],[156,-2798],[9,-158],[2,-35],[364,-30],[33,-1041],[-2026,-56],[-121,3997],[-2,77]],[[555110,718311],[1208,-1807],[-845,-7],[249,-297],[-7,-728],[503,3],[244,-764],[-4,-300],[-297,37],[-33,-972],[314,-237],[-12,-803],[-20,-1497],[-52,-20],[-281,-379],[116,-20],[0,-143],[157,-7],[52,-26],[-4,-320],[-7,-388],[-3,-187],[-280,-353],[14,-806]],[[527752,708705],[-149,656],[292,1142],[147,412],[67,254],[3,94],[-46,154],[-47,239],[-51,135]],[[635376,543189],[-478,-1609],[269,-242],[954,2417],[92,934],[893,2098],[1022,1606],[1878,2213],[1302,841],[3025,-6310],[110,-1470],[55,-4926],[4776,17],[274,-194],[54,-1854],[-48,-8702],[801,291],[1194,1411],[104,183],[642,219],[546,563],[1726,1271],[169,677],[964,88],[1845,-59],[340,5],[1800,-72],[1353,136],[434,845],[1599,3125],[524,1325],[88,788],[26,2017],[-1,2060],[2386,-14]],[[640835,522329],[-1701,2687],[-4553,7218],[-391,836],[-250,1327],[-90,4068],[5,390],[140,794],[1381,3540]],[[761567,107681],[7978,-11],[44,-8243],[3086,23],[239,-8599],[14,-907],[250,43],[2549,-26],[2324,104],[8401,-8],[26,-4076],[1967,6],[57,-18596]],[[788502,67391],[7,-2094],[-12827,-234],[225,-232],[-323,-1858],[-1100,-470],[-749,-1094],[-573,-212],[-769,-512],[-718,-1095],[-189,-1551],[-378,-1026],[-5914,-11],[-17,8257],[-8025,-54],[31,-6246],[873,-14],[942,-846],[992,-426],[532,-714],[-11295,-78],[44,-7644],[-55,-635],[-11930,7]],[[737286,48609],[-1432,-1],[45,279],[-1789,1456],[-763,2176],[-3,-3919],[-7900,60],[64,8789],[-727,280],[-654,-754],[-591,-181],[-1168,690],[-201,-702],[-1169,-637],[213,-676],[-2224,-831],[-1382,235],[-402,-871],[-1332,-1365],[-1608,64],[-1168,-272],[-100,858],[-717,455],[704,1784],[-1736,406],[-1777,25],[-5883,-1081],[-25,-4175],[-112,11],[27,2274],[-5408,19],[379,12405],[-991,7],[-5942,48],[-3,-1171],[-4487,-912],[-2333,-850],[-2207,-1812],[-3630,-1187],[-879,117],[-926,-1340],[-1545,-1428],[-1545,-2440],[-181,11093]],[[673778,65535],[-10,4017],[176,4217],[19629,-59],[103,8029],[1439,-1088],[896,-422],[794,-812],[470,-1008],[2395,1487],[5579,-29],[229,19673],[7688,1],[-33,8232],[8012,-33],[-39,-8257],[4508,-20],[4164,9],[48,8302],[3941,-16],[21,8242],[19786,-43],[30,-8252],[7963,-24]],[[616136,559735],[507,11],[505,6],[1007,257],[1005,70],[8,-293],[1005,18],[-45,2060],[546,294],[41,-2336],[661,10],[330,598],[1000,-336],[-15,780],[504,9],[20,-1021],[1192,15],[-84,4146],[357,7]],[[624680,564030],[23,-1039],[64,-3131],[70,-1451],[153,-617],[181,-650],[200,-383],[756,41],[-46,2816],[659,18],[512,297],[504,13],[6,-286],[1008,28],[-5,281],[2017,47],[2012,39],[542,3],[-331,-1947],[983,23],[1382,-48],[-1,68],[-2,64],[-246,21],[-33,1591],[239,-1],[499,290],[503,15],[511,-273],[501,287],[804,24],[2089,42],[616,-866]],[[640850,559346],[73,-3209],[-20,-2967],[-423,-1231],[-521,-9],[95,-668],[-2025,-1955],[-547,-1116],[-2106,-5002]],[[617472,523337],[-47,1719],[-19,898],[-17,686]],[[617286,530784],[-55,2076],[-1013,-16],[-3559,-46],[-469,-45],[705,567],[-4,1517],[194,4],[2070,39],[91,1],[27,-1032],[923,16],[-12,497],[1017,1],[-14,556],[-26,1042],[-328,201],[-1038,2863],[1290,24],[-48,2067],[-252,-4],[-55,1714],[267,3],[-7,353],[-7,353],[-252,-4],[-297,1712],[-23,1034],[507,8],[-24,1037],[-254,-1],[-25,1030],[256,4],[-24,1035],[-258,-4],[-35,1803],[252,3],[-6,265],[-6,265],[-251,-9],[-38,1807],[-39,2080],[264,4],[-16,511],[-257,-7],[-28,1428],[-39,2149],[-254,50]],[[581018,712403],[3037,54],[521,9],[519,10],[87,-4162],[-2719,-48],[-23,987],[-1356,-29],[20,-971]],[[581104,708253],[-2361,-26],[-20,1174],[2357,35],[-62,2967]],[[564802,723156],[-4,-355],[52,8],[2396,-19],[-63,-2137]],[[567183,720653],[-57,-1134],[-133,-551],[2406,-1527],[432,-271],[1066,-693],[301,-2],[821,-2],[99,-1],[683,-4],[2025,-11],[1012,-6],[856,-5],[1169,-3],[1013,0],[2029,5],[682,-2]],[[581587,716446],[2,-259],[-679,-757],[4,-764],[271,447],[5,-687],[250,-1006],[-500,-630],[78,-387]],[[581018,712403],[-1344,-23],[-2307,-4162],[-399,-650],[-1030,-1967],[-78,1345],[-859,733],[-1686,459],[-478,533],[-1089,24],[-667,-237],[-1196,-1842],[-411,-38],[-640,1618],[-137,354],[-1460,609],[-2212,-58],[1052,-742],[-1617,-45],[-2021,-10],[-484,-2],[-1537,-7],[-2289,4],[-1755,-8]],[[560087,542070],[108,-4221],[15,-515],[2813,-3575],[-2675,-97],[19,-864]],[[560367,532798],[-2781,778],[-2257,635],[-2814,769],[-5017,1345],[-906,237]],[[531258,491524],[541,13],[388,-4],[1119,36],[213,6],[879,25],[1968,40],[1027,21],[80,-3001],[39,-1163],[-2037,-60],[74,-2054],[2024,59],[1,-48],[0,-13],[2,-37],[0,-13],[1,-39],[0,-9],[21,-743],[-1412,-40],[25,-691],[1419,-448],[47,-1851],[48,-2275],[1356,30],[664,15],[-6,440],[-42,3688],[-515,-11],[-145,4149],[528,9],[-39,1103],[-664,976],[639,15],[-45,2054],[2025,42]],[[541481,491745],[75,-2937],[21,-859],[21,-833],[94,-3666],[46,-2038],[42,-1661],[10,-427],[41,-1671],[61,-2453],[75,-4117],[2,-54],[65,-2780],[-514,-959],[-921,-389],[1514,13],[4033,82],[48,-2067],[12,-438],[45,-1731],[1041,9],[1019,20],[6045,128],[118,-4193],[23,-497],[563,-1597],[306,106],[-121,-365],[32,-432],[16,-902],[-30,-308]],[[525910,466559],[-101,-2],[-4069,-101],[-89,4109],[3625,94],[414,12],[2054,55],[1898,50],[84,549],[-14,1602],[-54,1990],[-111,4126],[-102,3412],[-27,707],[2087,47],[-122,4176],[-83,2710],[-42,1429]],[[503830,545496],[5411,768],[1324,79],[6537,-444],[2822,-771],[107,-3990],[8059,-53],[4175,120]],[[544393,537127],[8,-290],[-45,8],[10,-128],[21,-116],[165,-3278],[669,-34],[305,7],[-19,-2073],[-930,-416],[44,-1680],[1634,56],[281,-449],[-438,-463],[135,-382],[483,-878],[67,-1950],[44,1],[104,-1871],[-2144,4],[6,-250],[1013,28],[27,-1052],[-477,3],[-521,-650],[20,-399],[133,-2768],[-1671,643],[191,2088],[-331,-10],[-300,-2087]],[[542877,518741],[-497,-14],[-50,2077],[-163,-3],[10,-212],[-433,-370],[-677,403],[22,-735],[-1259,-957],[852,1831],[-1143,-34],[-204,-1815],[-417,-13],[-56,211],[-22,564],[-1021,-23],[-398,-591],[-599,-17],[-35,1543],[-1,60],[-742,-22],[-124,-3],[-1159,-38],[-559,-17],[-217,-6],[-3153,-90],[-2042,-59],[-81,-2],[5,-382],[-489,369],[-849,-20],[-707,-10],[-47,-2],[-1972,-70],[-142,-3],[113,-4069],[-88,5],[-3852,-78],[-1979,-83],[-112,3695],[1220,403],[-3255,-84]],[[516555,520080],[-989,-32],[-1011,-24],[-251,-6],[-249,-7],[-5,411],[-257,-4],[5,-413],[-244,-7],[-1017,-26],[-5978,-121],[-471,2169],[-16,736],[-1683,406]],[[612972,708863],[696,-2426],[21,-73],[162,-562],[370,-839],[1407,-3189],[234,-259],[459,-507]],[[616321,701008],[-1638,-395],[354,-2100],[-105,-18],[-869,-102],[-259,4],[13,-554],[9,-480],[12,-524],[11,-513],[-560,-11],[-1460,230],[3,-256],[-165,-3],[-239,499],[-733,1562],[-221,-5],[405,-2068],[-1064,-21],[-579,-9],[-855,-16],[-797,-14],[-425,-7],[-739,-13],[-639,-11],[-659,-13],[-1309,-25],[-844,-17],[-2,122],[-932,19]],[[602035,696269],[-18,875],[-311,-5],[-22,1035],[310,6],[-325,744],[-6,286],[311,6],[-17,827],[-312,-7],[-4,218],[-6,271],[296,768],[-252,-5],[248,194],[-332,842],[-10,484],[306,143],[-27,1446],[-314,-8],[-11,516],[636,13],[-462,507],[-186,-3],[-41,2264],[8,57],[8,644],[1953,145],[94,19]],[[644929,595545],[483,-1048],[800,-906],[-43,-180],[-41,-175],[-119,-499],[-28,-122],[2573,-2989],[230,-278],[1138,-1382],[1255,-1524],[15,-18],[-33,-1197],[-13,-465],[9,-9],[282,-303],[136,-147],[618,-663],[182,-196],[555,-596],[89,-95],[276,-297],[471,-505],[1727,-719],[1058,-440],[1516,811],[1306,-1537],[-1559,-1386],[29,-91],[190,-599],[166,-522],[106,-332],[19,-61],[5089,-2233],[164,-1886],[550,-6353],[35,-404]],[[664160,566199],[-3035,-1832],[-648,831],[-179,605],[-77,793],[-659,171],[-45,2075],[-75,4128],[-41,2238],[-255,622],[-204,187],[-2621,1047],[7,-258],[-1490,-35],[-261,260],[-18,0],[-508,-10],[-236,-4],[-520,-9],[-507,-10],[4,-258],[-1011,-17],[-4,257],[-502,-268],[-255,-5],[-251,0],[-4,253],[-505,-9],[-1010,-19],[-506,-10],[-2032,-34],[-1016,-17],[-252,-263],[-258,253],[-507,-8],[-510,-9],[-251,-239],[-932,-41],[-5,260],[-340,-6],[-1972,-20],[-95,-2]],[[640574,576796],[2,94],[-700,686],[198,239],[117,2068],[-658,-8],[-9,516],[926,13],[14,-517],[166,2],[479,7],[-15,814],[-480,-8],[-4,221],[-166,-3],[-11,519],[-281,515],[-5,518],[267,4],[-10,516],[-20,1036],[-331,-4],[-10,518],[-10,473],[-1379,38]],[[550524,604795],[-12,-841],[22,-419],[-148,-405]],[[526966,575959],[-1465,1748]],[[525501,577707],[498,645],[1107,1464],[1570,2576],[937,1475],[770,488],[658,814],[-5,227],[2164,3759],[2684,3502],[2499,2479],[-299,-15],[-485,-12],[709,795],[348,417],[-108,114],[-664,735],[157,125],[-918,1227],[591,1064],[1176,-10],[-44,1993],[2,82],[20,772],[-24,1122],[-928,110],[2814,2001],[23,-1416],[5417,2503],[466,204],[451,199],[35,-185],[-138,-437],[-101,-196],[-226,-214],[-498,-689],[210,-391],[-217,-1235],[1910,59],[422,59],[527,28],[410,181],[1103,669]],[[343248,615440],[107,-407],[531,870],[1762,-205],[1534,35],[66,415],[1469,10],[-1,236],[2447,62],[998,14],[2,-691],[2022,66],[-31,1120],[3014,-3997],[-396,-71],[41,-1107],[812,-285],[154,-269],[489,12],[0,96],[-4,383],[3,1445],[5989,1133],[7199,1355]],[[371095,591089],[-286,-4746],[-2,-433],[-167,-4285],[-319,-30],[-993,-92],[-2834,-287],[-123,-2150],[-819,119],[-713,298],[-1233,-29],[-782,-427],[-435,-568],[-1107,-1930],[-1284,-2144],[-671,-412],[-721,-47],[-4987,-115],[-1061,-24],[-3,560],[-382,-8],[6,-561],[-48,0],[-581,-14]],[[342191,602922],[-102,7654],[-7,235],[-10,1870],[1176,2759]],[[366298,590724],[-446,-620],[965,118],[493,99],[8,207],[15,328],[80,1554],[7,234],[-588,-191],[-982,116],[448,-1845]],[[600254,555293],[279,3],[-50,2052],[-44,2078],[-58,2465],[-35,1681]],[[600346,563572],[-93,4142],[2696,51],[1118,19],[116,1],[2032,-3110],[326,-981],[119,-182],[1143,-2931],[389,-981],[330,11],[-4,234],[513,-225],[506,3],[505,254],[506,8],[6,-239],[47,2],[461,5],[501,250],[4,-249],[510,8],[-6,251],[507,11],[4,-253],[514,14],[-11,246],[529,8],[157,602],[824,41],[13,-609],[1015,19],[6,-267],[507,10]],[[600497,534624],[156,4113],[261,-17],[-24,1051],[-1540,-33],[-517,-3],[-25,1032],[1526,25],[246,262],[-41,1802],[281,-2],[-6,269],[-281,-3],[-41,1813],[279,-8],[-16,670],[-8,382],[-281,-6],[-22,1034],[-255,-2],[246,266],[-16,777],[-72,3104],[279,0],[-24,1035],[-281,5],[-67,3103]],[[561638,657922],[2080,33],[914,16],[-8,266],[52,0],[1014,20],[762,8],[606,-287],[-8,293],[622,7],[545,6],[27,-1097],[271,2],[238,1100],[1022,15],[252,5],[767,6],[8,-292],[2042,21],[768,7],[9,-252],[251,4],[-13,539],[274,7],[8,-290],[1565,38],[-28,297],[101,-1]],[[575779,658393],[246,-4140],[101,-4122],[45,-2073],[16,-524],[42,-1553],[19,-769],[39,-1682],[11,-344],[11,-1349]],[[576309,641837],[-2011,-35],[-2038,-41],[-1018,-22],[-1022,-20],[-2034,-42],[-2043,-44],[-1533,-31],[-1537,-29],[-511,-9],[-518,-11]],[[562044,641553],[-3,259],[-49,1818],[-5,737],[-2,121],[-9,170],[-45,1050],[-49,2071],[-55,2123]],[[542877,518741],[99,-2088],[1993,65],[1495,47],[10,1080],[2510,250],[35,-1252],[4030,127],[5762,125],[2033,40]],[[555498,494416],[37,-1440],[7,-949],[-1847,-31],[-2028,-44],[-2036,-48],[-975,-20],[-25,-1],[-76,-1],[-26,0],[-108,-3],[-417,-8],[-374,-6],[-2078,-42],[-1941,-39],[-64,0],[-77,-1],[-1989,-38]],[[531258,491524],[-2080,-53],[-1944,-43],[-887,-23],[-4813,-117],[-409,-8],[-1724,-43],[-16,-1],[-30,0],[-78,-3],[-2139,-53],[-126,6204],[-13,529],[-17,793],[-14,758],[-2,101],[-9,365],[-34,1571],[-95,3888],[-259,39],[246,406],[-56,1866],[-28,725],[1039,-187],[-34,1575],[-1024,-22],[-43,1915],[-25,86],[-21,1456],[-2003,-50],[-14,647],[-67,2012],[1617,70],[465,52],[7,1029],[397,-30],[-410,527],[-60,2575]],[[560367,532798],[37,-1268],[622,-299],[3341,-1604],[167,-81],[26,-1259],[24,-909],[55,-1891],[2051,50],[-78,3012],[1162,-584],[929,-637],[15,-1336],[11,-409]],[[555699,678765],[1019,16]],[[581710,679247],[43,-2079],[267,-261],[286,-1803],[-508,-9],[6,-283],[257,2],[13,-754],[-139,-5],[-265,-5],[170,-1034],[354,5],[393,-1033],[-725,-13],[23,-1038],[24,-1088],[269,4],[20,-837],[-269,-4],[2,-76],[7,-324],[253,4],[21,-776],[-257,-6],[26,-1038],[-66,-282]],[[581915,666514],[-1026,-137],[7,-278],[-264,395],[-767,-18],[-503,-395],[-522,279],[-514,271],[-514,-189],[27,286],[-1460,-30],[-675,-18],[-115,-1092],[19,-968],[-1845,-36],[-6,620],[526,23],[516,-370],[-28,1537],[-1039,-25],[19,-751],[-1033,-25],[-1023,-11],[-12,749],[-1023,-19],[-6,286],[-961,-17],[-582,-10],[-514,-295],[-259,-3],[-260,-5],[-929,-17],[-6,284],[-452,-7],[-177,-2],[6,-286],[-1035,-21],[68,292],[-583,-12],[7,-285],[-506,-8],[-5,285],[-508,-9],[-496,-293],[-2022,-34]],[[557514,666380],[-9,367],[-340,-7],[-39,1694],[-22,1032],[337,8],[-21,1057],[-2,106],[-256,14],[-66,2951],[257,4],[-10,436],[-13,595],[-59,2081],[-1572,-116],[-491,59],[-45,2104]],[[581444,483560],[-521,-562],[-1817,-1906],[-520,-540],[190,-476],[-1667,-1299],[40,-92],[-356,-478],[-771,-1199],[-175,-149],[-78,56],[-215,-498],[-291,-884],[-209,-964],[-138,1],[-2193,-7],[-719,-750],[-1866,-222],[559,-630],[317,-545],[98,-6130],[-4286,-2],[-3364,-2055],[-194,-117],[13,-1872],[-4,-2074],[13,-1664],[4,-395],[12,-2111],[14,-6141]],[[550143,617831],[18,-1149],[9,-307],[110,-3062],[67,-2060],[32,-1034],[29,-1034]],[[550408,609185],[-681,-120],[-1884,-1110],[-435,-64],[-798,-25],[-379,-9],[-1675,-40],[-1846,-46],[-271,-991],[-501,-334],[-1240,371],[-9,891],[-2057,-44],[-1553,-48],[-2472,-59]],[[217919,464196],[-2276,93],[-1137,-97],[6,629],[-449,-316],[-301,706],[-190,591],[206,628],[221,388],[333,775],[-1261,1361],[-288,3203],[819,165],[184,52],[620,316],[54,63],[93,109],[827,973],[2121,1548]],[[567183,720653],[1649,-23],[1014,-8],[2025,-25],[23,1029],[26,1029],[21,1147],[60,476],[-18,435],[17,2061],[1021,-10]],[[589064,716525],[-557,-13],[-506,-12],[-998,-20],[-1801,-16],[-257,0],[-448,-2],[-1039,-7],[-1525,-9],[-346,0]],[[302029,620257],[763,-203],[3012,349],[1927,-1151],[1323,-419],[730,-210],[-3,-1570],[1248,-178],[1294,-511],[1076,199],[2886,-97],[-47,-867],[1377,-35],[1066,-55],[259,-17],[3266,-196],[396,2798],[1605,-99]],[[324207,617995],[-66,-389],[-776,-2884],[1561,386],[974,-1],[46,-2],[837,-50],[0,-54],[1808,-110],[846,-35],[600,-17],[1724,-33],[965,-35]],[[332726,614771],[-2,-7],[163,-369],[-394,-1289],[311,-2570],[672,-8],[-150,1353],[50,2074],[304,798],[2410,4235],[1922,4],[526,-3],[2489,24],[2164,29],[61,1],[14,-1638],[-2,-493],[1,-1192],[-17,-280]],[[336809,594179],[-929,1902],[-477,1996],[-22,46],[-479,0],[-684,-46],[-4118,-150],[-1,64],[-117,0],[-92,2126],[-4854,-175],[-30,1260],[33,326],[-1027,-167],[-2025,118],[-69,-2],[0,126],[-10564,-192],[0,116],[-53,1],[-6,1086],[16,231],[-30,375],[-59,794],[-764,130],[-68,1345],[-44,-4],[-32,-1],[-1240,43],[-641,-694],[-1304,-142],[-112,-782],[-2004,-254],[76,-1737],[2163,-451],[-2568,-30],[-1547,436]],[[303137,601873],[-72,6590],[-144,54],[-3,393],[57,1],[84,66],[-198,943],[220,-7],[-94,645],[730,346],[-904,352],[-375,22],[-1829,-313],[-1392,-610],[-11,1542],[631,8],[-11,4779],[422,1192],[1781,2381]],[[623869,621982],[378,3],[717,10],[313,5],[310,4],[506,7],[894,11],[456,23],[144,-18],[282,0],[754,12],[3,-232],[8,-491],[1430,-2],[173,762],[441,6],[529,7],[2316,79]],[[633523,622168],[144,-405],[213,-602],[475,-1335],[79,-224],[466,-777],[888,-1481],[782,-1304],[482,-804],[754,-1257],[345,-575],[505,-842],[526,-877],[574,-957]],[[639756,610728],[-1539,-752],[-398,-118],[-1835,-25],[2,-168],[-242,-203],[-1786,-2],[-2,142],[-2,201],[-916,-14],[-199,-3],[-914,-15],[16,-1033],[-272,-6],[-19,1032],[-734,-12],[-1029,-21],[-508,-11],[-494,-216],[1,206],[-1032,-21],[-109,-2],[-109,-3],[-543,-12],[-601,-13],[-675,-14],[-1354,-28],[-337,-7]],[[624126,609610],[-341,-8],[-19,1034],[337,5],[-21,1141],[-338,-7],[-28,1436],[327,519],[-100,4105],[-24,1557],[-17,1286],[-33,1304]],[[216575,608245],[3,-135],[17,-1105],[53,-2750],[-385,-40],[-419,-1276],[8,-2523],[847,-896],[51,-9585],[33,-14786],[32,-8249],[4,-1709],[-889,1],[-580,323],[-828,1325],[-1762,-26],[11,-3526],[0,-27],[-2050,3],[-867,-407],[-2171,-2481],[-5004,-586],[-71,-1300]],[[202608,558490],[-6194,-121],[-526,-7],[-3609,-52],[-7786,-110]],[[184493,558200],[10,2111],[3,2161],[-1,3970],[-2204,-21],[-1572,-21],[-1188,-23],[-1964,-51],[-1298,-17],[-932,115],[-1,-21],[-80,-124],[-320,-189],[-397,-310],[-222,-196],[-631,-882],[-403,-272],[5,733]],[[173298,565163],[-23,1191],[97,5230],[-3827,58],[4,5173],[9,4841],[-2092,903],[-790,-14],[-1177,1537],[-705,558],[-727,2155],[5514,66],[12,4273],[12,8205],[18,5774],[15,2502]],[[493703,590833],[905,22],[29,-1027],[-531,-13],[-491,42],[88,976]],[[506140,598452],[-761,-25],[-1232,-39],[-21,-2490],[459,-2748],[-1912,-36],[-73,306],[-15,553],[-2023,168],[-2018,-70],[-3020,-68],[16,-530],[-1007,-28],[39,-1335],[-1036,1239],[-924,-247],[8,830],[-2455,-78],[-68,47]],[[490097,593901],[-97,3979],[24,3207],[68,955],[64,1691],[40,1465],[-29,1037],[-69,2295],[7,719],[-92,1202],[-69,-3]],[[489944,610448],[-280,1084],[-188,337],[-1609,1929],[-318,638]],[[487549,614436],[86,9],[2260,-25],[56,-1964],[1056,30],[22,-779],[957,29],[-132,2846],[2022,45],[-24,527],[732,-497],[2299,65],[1426,51],[-118,308],[-27,246],[966,55],[-235,188],[-618,526],[71,309],[127,563],[1367,46],[-41,1656],[-8,307],[2004,28]],[[621767,679942],[643,-3674]],[[622410,676268],[-543,-182],[-795,-189],[107,273],[-151,3657],[739,115]],[[602164,687550],[1638,-229],[-3,526],[161,3],[-4,-82],[421,86],[60,2],[494,11],[4,-269],[408,6],[-4,206],[102,2],[-1,64],[508,9],[503,11],[6,-282],[834,18],[-6,217],[177,5],[-1,64],[506,11],[256,6],[759,-252],[1010,25],[-3,267],[1106,30],[396,13],[217,-552],[321,-410],[-23,974],[506,11],[509,-62],[-3,74],[1008,17],[616,-2],[262,7],[764,344],[115,-258],[310,454],[95,44],[351,162],[225,-528],[226,-530],[72,55],[509,283],[1487,774]],[[619058,688875],[82,-170],[1416,-2976],[220,-464],[10,-49],[567,-3050]],[[621353,682166],[-779,-60],[602,-1140],[-171,237],[58,-1087],[-1459,-91],[-54,-173],[-715,44],[-572,-7],[-841,-28],[-138,-4],[-6,290],[-445,-19],[7,-282],[-302,-8],[-14,816],[-321,-8],[-259,-824],[-706,-19],[-34,0],[-206,275],[-782,-17],[8,-285],[-172,-6],[-6,257],[-1527,-290],[-316,-8],[-7,257],[-895,-21],[-13,-257],[-194,-4],[-77,239],[-844,-2],[7,-259],[-1009,-21],[-274,-6],[-750,240],[-1754,-295],[-252,-4],[-252,-5],[-1423,232],[-242,-259],[-181,-3],[-34,1498],[-213,-1502],[-687,-11],[-17,257],[-759,-13]],[[602333,679790],[-6,261],[-266,514],[-10,516],[252,4],[-13,519],[-266,513],[-12,518],[254,4],[-12,517],[-255,-5],[-12,519],[-11,518],[238,523],[-247,-4],[-21,1033],[-12,620],[41,416],[205,2],[-16,772]],[[601676,712717],[-303,-7],[-1541,-37],[-1536,-39],[-1028,-23],[51,-2096],[42,-2071],[8,-257],[-1519,-12],[-6,260],[-507,-3],[-1114,-9],[-11,-259],[-639,-4],[-7,257],[-253,0],[-254,0],[5,-262],[-2215,246],[-315,-2],[-485,-5],[-790,-7],[12,-239],[-1014,-35],[-9,258],[-509,-10],[-509,-8],[11,-259],[-1014,-17],[14,-774],[20,-1041],[19,-1041],[13,-1041],[-517,-8],[-2896,-43],[-177,-3],[-1516,-21]],[[581187,704105],[-41,2022],[-42,2126]],[[550408,609185],[33,-1181],[83,-3209]],[[525501,577707],[-1336,-1661],[-335,221],[-689,444],[-1615,1049],[-285,-188],[-2143,438],[-3961,-134],[126,-3995],[107,-3528],[54,-621],[-1612,-38],[-2485,-61],[-11,408],[513,9],[-11,377],[-515,-6],[-8,180],[0,15],[-3,73],[-1,34],[-1,29],[-1,16],[-10,339],[-509,233],[45,332]],[[510815,571672],[446,14],[-57,2035],[-1,53],[-73,2275],[-15,506],[-39,1362],[-41,1579],[-5,208],[-2006,216],[-42,517],[2022,58],[-20,907],[-19,600],[-2,54],[-3054,-150],[-1023,-259],[-2467,-1091],[-1454,-797],[-1,65],[3900,2418],[305,193],[2200,1383],[54,37],[-840,818],[-935,1252],[-1052,2368],[-288,1676]],[[600031,580133],[-240,-1138],[323,-2993],[-254,-8],[28,-3104],[280,6],[2,-185],[-279,-10],[9,-628],[282,11],[2,-226],[-1951,-44],[-75,-369],[7,-1087],[52,-2690]],[[598217,567668],[-944,-21],[-1079,-24],[-41,-1],[-1986,-47],[-600,-13],[-1492,-31],[-3996,-96],[-113,-3],[-2933,-72],[-1011,-23]],[[575613,579628],[-12,462],[684,222],[3138,-49],[-159,2665],[-3744,-214],[-30,1242],[43,1645],[998,-575],[2543,-1094],[469,12],[-46,613],[1329,-601],[752,12],[430,1],[1664,-1227],[6,-226],[29,-2690],[2456,18],[1659,21],[-3,162],[338,-68],[3713,82],[4085,49],[2030,107],[530,-7]],[[584151,555010],[508,11],[2042,41],[1015,20],[533,-1026],[74,-3075],[1527,15],[1010,20],[1548,26],[-19,510],[2052,38],[2050,38],[-9,506],[-37,1551],[-36,1550],[2055,31],[1790,27]],[[594898,534483],[-71,2963],[-42,1179],[-38,2100],[-1566,-56],[-480,-1023],[29,-1063],[-2028,-43],[55,-2050],[-2020,-57],[-513,-23],[-90,521],[25,1556],[-1517,-29],[-1021,-23],[-546,-11],[-481,-9],[-3438,-80],[-600,-13],[-3176,-77],[-870,-20],[-115,4092],[-2,33]],[[329597,569067],[-109,-9],[-1127,-36],[-143,116],[172,174],[-295,406],[-952,100],[-852,-834],[-1156,-37],[-3584,-68],[-997,-20],[-412,-10],[-1877,-124],[-90,-39],[-637,28],[-1072,42],[-379,37],[-357,14],[-1,56],[-386,5],[-191,4014],[-515,-4],[-3,-324],[-597,-13],[-492,-179],[2,-425],[-229,-1],[-3,623],[-1008,32],[-6,254],[-1114,-90],[66,-409],[30,-790],[18,-2922],[-62,-1],[-2718,-90],[81,-1688],[1072,-604],[-171,-712],[678,-789],[99,-1055],[-777,-658],[1056,-868],[347,-1758],[441,105],[-6,-141],[-434,-21],[-792,5],[-26,-1],[-79,0],[-27,0],[-17,0],[-54,0],[-18,0],[-84,0],[-322,-5],[-6301,-106],[-1923,-28],[-132,-2],[-90,4193],[-4485,-17],[-3757,2],[21,-3692],[688,-622],[-788,-13]],[[282293,557174],[486,2733],[27,275],[1399,2427],[1103,-164],[1617,231],[66,9713],[9935,95],[515,4882],[55,1345],[180,1803],[619,5823],[-3473,572],[-560,108],[583,673],[746,1331],[328,913],[284,1151],[169,165],[602,2352],[-96,54],[1015,4143],[193,486],[1114,1648],[1233,882],[1397,720],[909,417],[398,-79]],[[490097,593901],[-111,-3],[-1057,-29],[-461,-60],[-14,516],[-973,-26],[-153,-5],[-904,-25],[14,-515],[-1996,-60],[-647,-19],[-378,-12]],[[483417,593663],[-41,1560],[-1015,121],[-66,2415],[-55,2103],[-41,2033],[-2036,-6],[-9,376],[-94,3698],[2016,54],[-86,2754],[-44,1401],[3563,107],[485,1],[3950,168]],[[581915,666514],[1006,14],[1012,18],[-10,282],[96,2],[414,4],[103,4],[912,17],[520,-269],[1012,14],[-7,279],[146,2],[25,-278],[803,294],[51,1],[3,-280],[1018,20],[-8,276],[430,21],[652,13]],[[590093,666948],[-51,-166],[28,-1406],[12,-514],[11,-515],[36,-1546],[25,-1048],[24,-1029],[11,-502],[38,-1568]],[[589723,658403],[-1016,-30],[-509,-8],[-6,263],[-508,-7],[-508,-6],[-503,-278],[-1,63],[-251,-19],[-5,225],[-258,-4],[-1018,-13],[6,-266],[-1525,-22],[-1022,-15],[-6,268],[-508,-5],[-1029,-26],[-515,-12],[-515,-15],[-1027,-25],[-2057,-51],[-881,-22],[-282,-5]],[[369582,561693],[446,4145],[60,1],[1712,20],[2857,42],[1175,21],[39,2449],[219,4],[869,15],[920,-1158],[-16,-1278],[4003,82],[14,4116],[-107,26],[-2238,-30],[4,1595],[-1651,-62],[-15,2520],[3943,81],[2,98],[101,-6]],[[381919,574374],[4094,31],[4060,54],[8035,127]],[[398108,574586],[2,-936],[3,-1495],[3,-1716],[-121,-8259],[48,-2216],[4,-187],[26,-1271],[37,-1581],[58,-2497],[18,-959],[70,-2857],[27,-953],[9,-326],[22,-809],[122,-4263],[60,-2187]],[[369768,554049],[-56,2295],[-130,5349]],[[398108,574586],[403,11],[2422,63],[1107,29],[150,4],[2112,59],[1964,55],[3540,118],[1747,36],[1960,48],[186,4],[505,-143],[1530,213],[441,15],[1882,69],[1801,59],[2291,79],[-99,966],[1085,40],[25,-973],[1494,45],[-29,1103],[1020,-416],[21,-657],[1006,31],[1684,39],[379,10],[-41,977],[1094,30],[36,-814],[954,26],[6,-157],[818,26],[1201,27],[2450,-75],[932,14],[692,65],[2074,213],[1277,41]],[[440228,575866],[235,-864],[1061,26],[-123,336],[-169,463],[2971,144],[13,-128],[-36,-1],[-366,-413],[50,-2058],[-1007,-37],[30,1572],[-1319,-39],[-51,0],[142,-669],[-29,-2587],[10,-188],[-6,-6303],[62,5],[-8,281],[1354,243],[-28,849]],[[443582,564194],[-1979,-54],[-172,-619]],[[665258,268581],[-32892,-420],[-52,3462],[-1844,-1273],[-2130,-2272],[-4089,-111],[-3977,139],[-12104,-181],[59,-4141],[45,-4154],[-24060,-274],[-8138,11],[-3,4278],[-2125,20],[-8,3964],[1752,12],[-190,33251],[-3883,-68],[-4240,-75],[-131,8306],[-8230,-79],[-79,6271],[-32,2618],[16315,185],[14436,158],[678,9],[863,840],[-293,877],[136,1245],[1419,1035],[-168,1843],[2445,2481],[2905,26],[52,-8253],[8035,73],[1907,26],[7862,81],[182,-9019],[8017,127],[-93,6240],[96,601],[336,1059],[702,1104],[12543,151],[574,1091],[111,932],[916,1032],[317,1111],[6726,66],[23,-4132],[8054,90],[-30,4120],[11259,161]],[[473745,615075],[1653,70],[300,23],[53,-2],[-79,2166],[2011,45],[32,-347],[74,-2818],[3934,117],[-13,3940],[1950,140],[198,-1093],[1995,-184],[-154,318],[-41,1084],[1573,54],[123,-3353],[195,-799]],[[483417,593663],[-1004,-29],[98,-4129],[20,-1045],[-2018,-60],[24,-1018],[7,-302],[1022,-232],[3,-485]],[[481569,586363],[-1532,-46],[-1476,-1005],[1,-60],[18,-779],[-4351,-115],[-16,697],[-1714,35]],[[472499,585090],[-48,2058],[-2024,-40],[-10,412],[-37,1654],[0,16],[-52,2053],[4043,105],[-26,1029],[-26,1035],[-2079,-54],[-1956,-51],[-42,2056],[3015,91],[-47,2056]],[[559997,641515],[1025,19],[513,10],[509,9]],[[576309,641837],[41,-2057]],[[576350,639780],[-2,-150],[29,-1944],[67,-2400],[77,-1751],[84,-3052],[10,-288],[24,-1731],[97,-3006],[-102,-238],[143,-2158]],[[568165,612787],[-9610,-283],[-43,2020],[-31,1769],[3,273],[2032,20],[-38,2104],[-45,2072],[-44,1947],[-34,1443],[-2,139],[-56,1688],[-9,1000],[-14,1038],[-23,1040],[-20,1039],[-21,1039],[-37,1755],[-5,290],[-1,66],[-42,2085],[-20,993],[-21,1039],[-22,1039],[-21,1037],[-44,2076]],[[598217,567668],[75,-4129],[2054,33]],[[75326,656494],[-8,-12023],[-2,-4361]],[[75316,640110],[-16,-8431],[-6,-8233],[-15372,-184],[5574,-4062],[-6614,-81],[40,-2269],[32,-1859],[-12055,-159],[93,-8270],[-252,-10044],[188,-14516],[15,-604],[180,-7862],[-3917,-42],[120,-679],[28,-2862],[-208,-620],[-442,-78],[-1059,-879],[-293,-1053],[203,-1391],[-510,-2209],[-1541,-948],[-1083,-2352],[-140,-1195],[-470,-1430],[-812,-967],[-6216,-96],[189,-5381],[302,-412],[48,-2496],[-2522,438],[-110,7823],[-646,-9],[19,4261],[16,3972],[1,8348],[7208,144],[1337,84],[-136,8245],[-1346,-33],[-2285,-58],[-1137,-29],[3,2195],[1743,1],[6,2056],[-5345,-33],[18,8017],[-4060,13],[48,10360],[-8112,-1029],[26,2963],[-8098,-80],[58,8258],[-4051,-26],[26,16517],[-3983,-45],[31,8266],[15975,154],[12401,90],[0,94],[12072,197],[77,-5792],[396,-874],[3329,26],[11,-1498],[984,-1],[-92,2538],[760,690],[720,28],[-158,16582],[-78,1736],[-344,1512],[-593,1527],[386,4],[340,-506],[509,-2580],[434,-844],[3307,90],[-11,3139],[255,767],[16324,259],[3958,72],[4333,19]],[[294430,622097],[576,-10],[433,-107],[6590,-1723]],[[263654,559529],[202,4],[115,8851],[-20,3623],[-37,7977],[-1,194],[-4,516],[-9,1110],[-9,1358],[-759,249],[-1246,-195],[-2999,-536],[-427,-102],[-48,429],[-41,209],[-699,-166],[148,-625],[-1545,-367],[-424,269],[-1255,799],[-1175,539],[-228,153],[-5469,-480],[-9,826],[-11,8264],[0,62],[-12,8208],[27,6041],[-6,156]],[[665335,182511],[40193,-170],[15961,-6],[8512,-183],[-59,-8254]],[[729942,173898],[-212,-24631],[166,-1],[218,-4370],[191,-4225],[1662,-22],[629,-1246],[1234,-830],[881,-1116],[13,-2182],[390,-882],[1196,-674],[944,-1220],[8398,-83],[-47,-2052],[3989,15],[55,10308],[3933,-10]],[[753582,140677],[-35,-10297],[7987,-63],[-10,-6154]],[[761524,124163],[-3182,16],[13,-3096],[3166,-20]],[[761521,121063],[-1,-35],[47,-13347]],[[673778,65535],[-5852,-18],[-2335,-8]],[[665591,65509],[1,1032],[-71,6484],[-181,16558],[195,120],[-33,6862],[-15,3067],[0,43],[10,14593],[2,4164],[-11,3722],[-84,27441],[-3,1015],[-3,647],[-19,4351],[-36,7971],[0,17492],[-8,1440]],[[620326,642639],[716,21],[929,-61],[76,-3063],[-5,-1017],[1282,35],[637,15],[357,8],[341,26],[632,-10],[71,1],[603,-9],[10,155],[180,-227],[634,-1243],[896,14],[913,-2906],[1881,-440]],[[630479,633938],[-196,-87],[134,-1158],[304,-2627],[1,-7],[144,-406],[486,-1369],[654,-1844],[66,-186],[8,-21],[1105,-3112],[338,-953]],[[623869,621982],[-317,-4],[-981,-22],[-250,-3],[-796,-17],[-466,0],[-1462,-32],[-52,-1],[-1570,-29],[-508,-9],[-1017,-19],[-1014,-18]],[[614527,667652],[506,10],[-2,-265],[345,7],[372,8],[417,13],[386,18],[153,14],[854,19],[505,11],[506,11],[-1,32],[225,313],[572,15],[9,-346],[401,6],[413,6],[617,2],[64,-2],[126,1070],[456,-1059],[310,6],[856,18],[1315,-42],[524,-43]],[[624456,667474],[-78,-60],[-367,-282],[94,-537],[231,-1318],[37,-210],[78,-446],[14,-77],[134,-763],[34,-194]],[[602079,679528],[-2,257],[256,5]],[[621353,682166],[8,-39],[394,-2117],[12,-68]],[[622410,676268],[774,-4416],[12,-70],[159,-906],[2369,-1928],[315,-257],[-1401,-1077],[-182,-140]],[[606233,670340],[-377,358],[-575,643],[-454,0],[-507,-16],[-1012,-26],[-3,260],[-762,-19]],[[602543,671540],[-270,508],[-7,258],[-7,265],[239,514],[780,-495],[268,30],[-930,728],[-389,405],[-50,1650],[-113,1705],[-2,340],[-45,1057],[62,1023]],[[729942,173898],[15891,-129],[-5,16493],[7988,115],[79,8408],[-8185,15],[-9,2075],[2852,1915],[5332,-291],[-45,4649],[-4310,-5],[201,399],[-24,6640],[897,1076],[3207,32],[-133,8474],[5479,-88]],[[809895,223478],[-95,-8266],[7569,-81],[-850,-2622],[-248,-1485],[-6474,61],[-45,-12408],[-7986,58],[-52,-6950],[-85,-1782],[-7929,-35],[-49,-12377],[-7382,25],[6244,-12416],[-6848,40],[-7,-8257],[-15918,126],[-10,-8264],[-6036,51],[-110,-8251],[-10002,32]],[[624126,609610],[18,-1034],[-337,-8],[20,-1013],[39,-2095],[41,-2178],[38,-1972]],[[599616,600874],[-749,-22]],[[625993,650312],[47,-1444],[-962,-17],[-589,-13]],[[624489,648838],[-14,724],[-689,-743],[-665,-40],[-14,731],[-685,-13],[-605,-371],[-1230,341]],[[624489,648838],[16,-721],[-709,-22],[-665,-24],[-1291,-26],[-985,-12]],[[737286,48609],[89,-15638],[2017,-87],[-112,-3654],[754,-2939],[692,-1872],[653,-741],[1531,-168],[678,-663],[704,-1300],[986,-900],[-3769,-2],[-1,-4446],[-15584,323],[263,-1041],[-214,-793],[1380,-1093],[-89,-1938],[-440,-1169],[739,-1236],[-120,-1010],[3863,-34],[732,-1134],[720,-2316],[811,-832],[20,-3925],[-65,0],[-7848,-1],[-15966,61],[-10,8241],[-8104,50],[8,-8243],[-4324,14],[-17380,116],[7,8278],[-7989,-10],[16,-6102],[-6417,5105],[1,7],[33,15868],[19,8666],[17,7947],[1,5882],[0,37],[3,19592]],[[445550,536101],[-200,-395]],[[601409,729057],[1204,-17],[228,-4],[1218,-13],[32,3],[-1582,1799],[-40,222],[1899,30],[318,-5],[307,31],[2082,50]],[[607075,731153],[96,-277],[659,-1911],[409,-1183],[420,-1217],[430,-1247],[101,-292],[524,-1121],[626,-1338],[279,-597],[316,-1562],[43,-213],[208,-1029],[133,-1027],[147,-1134]],[[642188,478095],[1543,-21],[797,42],[1214,6],[0,186],[-3,603],[606,-2],[1432,-4],[1611,-2],[561,1077],[23,-564],[-22,1541],[-160,2070]],[[665784,478507],[1,-805],[0,-13],[6,-3881],[0,-104],[6,-3765],[4,-2626],[-4,-742],[-2,-436],[-18,-3683],[-4,-735],[-1,-188],[-2,-481],[-1,-196],[-2,-403],[-19,-3913]],[[641905,458091],[-59,3018],[-327,2205],[-56,3217]],[[576350,639780],[1060,1],[-47,2077],[2550,50],[7,-284],[510,8],[-6,286],[512,10],[6,-286],[1020,22],[-6,284],[509,10],[8,-269],[1521,31],[-6,266],[581,11],[555,9],[5,-277],[900,1],[507,10],[8,-369],[251,306],[761,10],[1017,17],[-9,354],[1018,18],[1015,14]],[[64114,754865],[-22129,-302],[-523,3251],[-2347,4],[-604,4962],[-3112,-38],[-1129,-118],[-322,626],[-1570,1205],[-509,1261],[150,1801],[-1144,1804],[-368,1025],[-960,724],[-963,-298],[-265,550],[951,1023],[-16,703],[5238,7],[2838,161],[-228,1925],[-2160,-35],[-778,1046],[-220,1021],[-742,140],[-7,1857],[-778,12],[-164,-963],[-846,-4],[-16,-1444],[-2034,-62],[42,2516],[-1350,-7],[378,465],[1984,-256],[942,814],[190,1246],[-1240,2262],[-1093,-28],[-776,365],[775,719],[-1034,338],[-202,512],[-865,-133],[-16,3183],[-715,16],[-105,1604],[-1083,239],[-316,1819],[70,2123],[1778,1714],[-179,1864],[-604,203],[322,945],[822,540],[3,4019],[659,8],[12844,204],[554,51],[79,-8195],[2237,45],[8152,117],[-95,8161],[8115,200],[11972,114],[2,-16502],[4453,38],[98,-14416]],[[385464,426172],[100,3],[4034,121],[1917,58],[2196,283],[2350,1014],[1726,1418],[3714,4178],[-51,2181],[315,16],[-340,236],[-62,4771],[-44,1747]],[[401319,442198],[3916,103],[-126,4093],[276,4],[1280,23],[64,-2310],[668,22],[15,-312],[1645,391],[187,561],[-60,1732],[4014,132],[2697,100],[438,11],[1517,-169],[1520,-563],[470,594],[4830,186],[1123,429],[5,-102],[4036,145],[6,-398],[784,23],[-68,-546],[948,26]],[[431504,446373],[-164,-554],[1925,1690],[1523,123],[-10,-119]],[[434707,414746],[-98,10],[9,-333],[95,-3328],[-96,-17],[-3611,-101],[-75,-603],[-1415,-39],[27,-1318],[1185,10],[14,-677],[45,-2082],[39,-1804],[646,-98],[166,318],[3201,-51],[8,-355],[122,-5595],[-1966,-233],[-2039,72],[-36,1570],[-97,4116],[-2028,-59],[-50,2064],[-166,-5],[-73,4100],[-497,-14],[777,4254],[-68,-2],[-2179,-88],[-5898,-246],[-2352,-98],[218,1037],[-1905,-86],[52,-999],[-2336,-89],[-1763,-78],[-335,-13],[-60,-3],[-2008,-72],[-4014,-87],[-4028,-85],[-3909,-90]],[[398209,413549],[-1267,-31],[-1346,-32],[-1514,-36],[-424,-10],[-373,-10],[-379,874],[1020,990],[83,81],[1937,1950],[-28,100],[-53,1802],[-66,2270],[-1656,-20],[-359,-4],[51,-3313],[-126,4179],[-82,345],[-123,795],[-1918,-508],[-1877,-1056],[-3936,-2669],[-198,-96]],[[590215,482863],[-1456,-4],[-1576,-6],[-3,612]],[[587177,483783],[-6,812],[-5,875],[-3,327],[-9,1196]],[[392487,466811],[-2,37],[97,16],[-47,1467],[-104,157],[-79,2484],[100,2],[2389,37],[-1166,344],[-493,426],[301,2554],[414,769],[-1192,-50],[-112,17],[11,32],[764,1678],[2086,2491],[1997,2208],[1021,1138],[556,830],[344,695]],[[400057,483699],[45,-1152],[21,-656],[13,-758],[-680,-702],[715,-1113],[-348,-271],[1207,-1775],[-600,-532],[-130,-1353],[1767,173],[986,937],[740,-700],[-972,-468],[-159,-833],[-873,-162],[-163,914],[-1098,-423],[-211,-4],[6,-157],[-551,-11],[11,-585],[170,-4],[12,-399],[388,11],[14,-503],[14,-523],[-286,-3],[28,-1130],[287,5],[13,-418],[109,-3678],[-524,-450],[537,8],[59,-2076],[49,-2065],[53,-1732],[70,-2397],[-1016,-19],[62,-1726],[749,-770],[-737,-313],[40,-1309],[1010,9],[46,-1553],[69,-2576],[65,-2015],[-265,-19],[-24,-159],[-103,-99],[190,-171],[215,10],[17,-651],[27,-386],[26,-623],[100,-4147],[72,1]],[[384659,458660],[2028,-82],[169,1988],[1773,57],[2763,33]],[[345003,470133],[5492,130],[627,12],[1869,39],[77,1],[233,-8195],[3106,71],[101,2],[4863,142],[327,2],[1980,14],[1714,10],[1054,14],[1960,31],[83,1],[54,0],[636,6],[3,-244],[226,1],[1,245],[1078,9],[710,6],[276,2],[112,-4122]],[[894997,178984],[-1121,-2224],[-1124,-178],[-1620,517],[-9418,-471],[0,-8991],[-1172,-385],[-4814,-805],[-354,104],[-1698,1506],[38,-2809],[7998,-25],[-28,-2052],[1980,-24],[-12,-6187],[-1651,3],[1098,-1977],[1754,-3408],[758,886],[49,-3832],[3956,1],[-85,-7141],[-17,-2071],[-20,-2138],[7990,-495],[-38,4216],[16233,-33],[-5,-4152],[-26,-12321],[-12058,64],[154,-11430],[-1458,-131],[-565,-823],[10229,76],[142,-4088],[3608,31],[48,-8235],[-4506,-72],[15,-4406],[578,-1678],[1698,-2275],[277,-144],[2276,169],[6543,135],[1021,822],[12,-1086],[-7360,-85],[-2427,-222],[-13144,-267],[4,-1176],[-584,-23],[2542,-1172],[-3907,-216],[-3272,399],[-3337,169],[36,-6309],[-15315,-252],[-4602,109],[161,-12387],[-3407,37],[-4016,-79],[48,-4141],[-3994,-66],[76,-8235],[-4193,3],[-1810,2036],[-15,2029],[-892,999],[-1131,106],[-90,11348],[-4519,-34],[114,-922],[-2917,-2849],[-586,-297],[39,-4221],[-7672,-69],[-2753,-1988],[-2860,193],[-2579,-1427],[36,-5101],[-18829,-127],[1,1974],[-708,115],[-812,2544],[-1459,2717],[-1010,1574],[-24,3442],[-5318,3],[-680,-611],[-157,-1465],[-9838,-92]],[[761521,121063],[3,3100]],[[382058,954169],[-532,-3072],[215,-965],[1085,-7],[-236,-307],[-965,-969],[-843,-733],[-51,-2676],[-382,-896],[750,635],[228,1609],[781,368],[82,-262],[176,-852],[460,-2183],[47,-219],[1428,133],[650,-361]],[[395853,904932],[-33,-1566],[-971,-666],[273,-790],[-6,-4328],[1032,-8],[-10,-1107],[1025,-8],[13,2065],[1902,-11],[-2,-2153],[0,-408],[-1913,5],[-10,-4076],[1919,12],[0,-255],[-1,-911],[28,-1970]],[[391419,869460],[-242,167],[-23,4375],[-14,1807],[2029,-24],[-73,2032],[-194,1617],[-636,7],[611,341],[2,122],[226,1669],[3,2470],[-29,3648],[-103,443],[-3961,31],[26,3905],[-4111,18],[16,-1776],[-2002,18],[-8,-2054],[44,-2959],[-209,-173],[-759,-391],[126,-249],[-771,-394],[-127,254],[-320,-162],[59,-2147],[1714,-6],[327,-539],[15,-1526],[-286,1],[-2792,6],[748,-1671],[-444,129],[-4162,-195],[-1388,-320],[-1318,-869],[524,-539],[1029,-1938],[229,-2748],[229,-603],[498,-866],[109,568],[475,-703],[548,-360],[500,-2083],[2854,-222],[-15,-1494],[719,-145],[0,-325],[1355,-19],[656,-14],[1092,-2],[934,-13],[19,-802]],[[373280,876973],[-724,2047],[-56,978],[-471,1153],[-133,286],[-1414,2657],[-1870,1856],[-1089,1574],[-423,300],[-34,-4],[-731,559],[-11,39],[-99,2302],[-1790,735],[-1336,1472],[-424,2392],[-235,271],[-396,752],[-61,2128],[885,3410],[25,1503],[-244,1306],[-74,2602],[284,1218],[7,893],[-1229,1281],[-1360,1116],[-1094,1229],[-93,522],[-7,916],[931,2087],[459,526],[762,814],[838,1220],[575,866],[1225,1282],[971,2429],[1481,1648],[573,2272],[-677,1433],[248,363],[-474,-7],[-632,-9],[-605,-98],[-366,11],[-366,-406],[-304,105],[-485,351],[-317,-6],[332,-609],[-596,310],[6,293],[-128,-1568],[-2031,183],[0,-683],[0,-515],[-7,-1550],[-1163,-29],[-3,-745],[-6,-1617],[1168,-5],[1,-64],[0,-56],[0,-25],[0,-504],[-24,-2718],[-2,-194],[-1,-77],[-3,-60],[-172,-518],[-2898,-246],[20,-1333],[-1040,-23],[15,4020],[-29,4833],[-1760,3],[1,1306],[0,568],[-1915,-12],[4,1380],[-62,346],[-3097,-102],[-880,551]],[[460129,359155],[-738,-1732],[-2810,-5994],[-398,-614],[-1922,-2173],[-5507,-8062],[-4077,-63],[-137,388],[-8201,-286],[-124,4285],[-2695,1570],[-5396,-86],[-141,3563],[-2527,1477],[-954,-1482],[-4340,-2413],[-6,-1217],[-1660,157],[-3559,-136],[-2678,42],[-235,9701],[225,2673],[447,1796],[960,2304],[1080,1930],[-380,-12],[-2754,-90],[-1263,-40],[-2738,-88],[-7940,-257],[183,758],[-452,679],[-563,2469],[-117,3885],[1705,6306],[-296,852],[-441,-12],[-4578,-119]],[[395102,379114],[89,4084],[7,171],[-62,5360],[1406,38],[84,266],[2660,8020],[-2131,-68],[-1218,-1198],[-771,-412],[-9,979],[607,766],[1868,4104],[689,1571],[516,2809],[-715,3819],[-375,2502],[462,1624]],[[624338,580621],[14,-1028],[34,-1042],[41,-2065],[68,-3116],[21,-1036],[20,-1037],[49,-3143],[55,-2051],[-5,-1450],[45,-623]],[[446109,673289],[25,1277],[4040,127],[-10,-442],[44,-1707],[-57,16],[-1090,188],[-12,-969],[1495,400],[-285,349],[4112,-1599],[-19,-2141],[-514,-18],[-65,-153],[-4,-770],[-485,-18],[-8,-399],[1062,39],[-4,-329],[-15,-1432],[-6,-575],[1247,32],[785,672],[-60,1920],[1092,144],[-16,1833],[1092,-433],[39,-1172],[2789,13],[1219,-458],[2076,-830],[4138,-1726],[-506,-88],[34,-905]],[[468242,664135],[-1162,-35],[-943,-36],[-245,-112],[2703,-349],[-42,-1884],[-36,-1],[-21,-1137],[35,-22],[-21,-974],[-35,1],[-20,-1222],[0,-1373],[19,-91],[2054,847],[-7,-279],[-47,-2090],[1708,-4],[327,-5],[5,-442],[45,-3686],[6,-131],[43,-2271],[25,-1814],[-562,-3],[50,-947],[521,-10],[15,-412],[540,-709],[56,-2067],[22,-520],[166,-3636],[292,-6],[218,3],[10,-285],[35,-954],[30,-838],[37,-1032],[-768,13],[-210,-1739],[-949,378],[-74,347],[-1017,11],[71,-1956],[17,-447],[63,-1759],[33,-98]],[[471229,630359],[151,-445],[218,-636],[103,-426],[-1440,-807],[-1023,-668],[931,-656],[349,-85],[-1406,-711],[59,-165],[-1085,-483],[-746,-288],[-678,-249]],[[447716,663444],[25,321],[341,682],[-38,938],[23,172],[-160,3035],[-683,835],[-459,1499],[-642,548],[0,203],[-6,1432],[-8,180]],[[452328,667391],[620,13],[97,363],[-200,1072],[-587,-20],[70,-1428]],[[433845,663685],[-706,-20],[188,-814],[-918,-46],[-150,-7],[-876,-43],[-79,-3],[-70,-4],[-1436,-71],[9,1374],[658,579],[3212,118],[206,27]],[[414704,654213],[-3613,-12],[-1077,29],[-1940,53]],[[395004,677982],[8,1855],[1641,52],[384,-43],[1,360],[5,771],[-2020,-56],[88,1215],[263,860],[251,1741],[114,770],[1622,-417],[719,-122]],[[425707,677526],[-1,-1553],[-1,-278],[-2,-915],[-1,-1200],[-5,-1721],[17,-322],[8,-713],[-5,-248],[21,-6004],[78,-2],[-13,-320],[-326,-12],[-72,-1774],[2354,131],[853,23],[2,-129],[446,13],[-1,-962],[1677,-295],[8,1019],[169,106],[-23,52],[-14,58],[-2,102],[430,19],[-14,-2191],[1815,77],[470,-860],[2,318],[552,24],[-554,-399],[-1,-101],[-3,-259]],[[429951,654616],[-485,-39],[-2445,-75],[-3272,-70],[-439,-14],[-641,-5],[-1202,-29],[-259,-6],[-1006,-25],[-1498,-44],[-997,-17],[-521,-12],[-575,-23],[-1081,-30]],[[503540,559437],[-3,99],[-11,357],[-17,309],[-44,899],[-38,1151],[1045,-14],[50,1268],[681,0],[995,-647],[1256,67],[-1600,-1102],[5,-286],[795,-354],[961,827],[-78,-805],[1301,10],[2698,2332],[-125,3306],[-756,-21],[217,-673],[11,-739],[-839,-11],[-1012,-14],[21,387],[129,0],[1,209],[214,6],[-66,3571],[-496,-16],[-621,-21],[-182,-7],[-778,688],[116,1371],[3445,88]],[[435105,463913],[-1472,-5139],[-271,-1003],[-31,-105],[-241,-1441],[100,-696],[-13,-830],[-518,-2060],[-211,-709],[-591,-1904],[-69,-416],[15,-1078],[-17,-1082],[-282,-1077]],[[581187,704105],[42,-2073],[254,4],[19,-1034],[-126,-2],[143,-776],[-252,-2],[6,-260],[6,-260],[259,5],[30,-1814],[23,-1011],[-256,-4],[4,-162]],[[556759,695661],[-23,779],[-39,561],[83,918],[6,1614],[-10,534],[-517,250],[-249,-3]],[[548975,936544],[-139,-508],[-197,-180],[-421,-385],[-66,-60],[-1051,-2934],[-961,-1825],[-1140,-2745],[-257,-1496],[-120,-1438],[-371,-1483],[-1621,-44],[-456,639],[10,963],[-182,109],[-343,-14],[-208,-180],[-114,-1039],[-30,-278],[-23,-209],[-14,-920],[0,-32],[-3,-166],[-21,-1404],[-1,-24],[-1,-59],[-731,-779],[-27,-28],[-257,-4640],[-116,-2086],[-76,-1378]],[[515700,893527],[-1908,45],[-1071,298]],[[512721,893870],[-2001,661],[-2484,425],[-756,2095],[-126,757],[-165,-1],[-248,2070],[-377,3007],[-278,1135],[-681,1592],[-2123,3207],[-1298,1914],[-174,258],[-560,824],[-766,1119],[-870,1287]],[[499814,914220],[125,15],[758,88],[2803,308],[0,-451],[815,37],[1280,120],[-48,-688],[-7,-1389],[1577,-5],[-171,2838],[-21,244],[-489,5206],[98,-2],[1101,-15],[1014,-19],[507,-10],[2345,-60],[171,-3],[0,129],[115,41],[-11,1786],[1701,-16],[-17,-1799],[1856,2],[5,586],[-262,1197],[-610,6],[13,2112],[1373,-42],[65,1968],[221,285],[0,85],[-217,4],[193,35],[6,809],[-193,3],[2,281],[-67,-3],[8,649],[-408,12],[-7,1214],[426,-11],[21,1536],[6,811],[-8,283],[25,2445],[-1,769],[-23,1275]],[[248541,822153],[72,-4537],[-2994,2],[444,-1699],[1396,-4101],[196,-698],[361,-1298],[205,-435],[1384,-1526],[2203,-2473]],[[222376,805291],[-1930,-20],[-7817,-51],[156,-875],[923,-1010],[481,-1542],[-966,-793],[-186,-1105],[1653,-2924],[-16591,41],[-52,8202],[-20304,37],[9,16429],[-3036,8],[-808,376],[-320,695],[17,7205],[8068,-64],[130,-863],[6032,-5],[1352,-601],[495,155],[-7286,3287],[-8763,3495],[30,19463],[-5,4886],[30,1747],[-9,1110],[-18,1157],[-27,3456],[-13,3983],[-10,4275],[-7,28892],[20206,-60],[4041,0],[-511,-1779],[-1376,-1964],[-2111,-3413],[2,-1222],[16278,-28],[-16,8408],[4072,-8],[-9,16433],[8150,44],[315,-36],[3492,-23]],[[568470,754950],[-614,-39],[-2361,53],[-41,-625],[-60,-3],[-1877,8],[393,-764],[1539,32],[967,-8],[-111,-4122]],[[566305,749482],[-1023,1],[-3667,-48],[-253,-4]],[[553122,749393],[-67,0],[-1602,-6],[-2715,-7],[-2038,-8],[-374,-5],[-1435,-45],[-163,-5],[-86,-3],[-1578,-48],[-2472,-70]],[[499814,914220],[-2039,-237],[-409,-48],[-1790,-212],[-2185,-257],[-1054,-125],[-21,-3],[-950,-109],[-661,-87],[52,104],[-906,-153],[-4788,-884],[6,1387],[-1407,12],[-640,523]],[[483021,915293],[2055,-14],[4,517],[-2059,15]],[[483021,915811],[0,758],[2067,-17],[7,1055],[-2075,20],[-1,1014],[-952,7]],[[469404,466552],[-1929,-39],[-28,979],[-2096,-84],[-4,161],[-26,904]],[[465845,447371],[1681,-936],[847,-380],[499,-176],[10,-4],[18,-4],[20,-6],[43,-10],[69,-18],[2190,-424],[128,312],[-1855,230],[-1685,1507],[-1542,782],[-100,359],[5707,130],[-55,2553],[-40,-8],[-5991,-1232],[-62,2677],[-38,1407],[-17,657],[-33,1226],[-19,767],[-7,320],[-28,1334],[-19,876],[732,5],[658,-383],[-13,2067],[501,13],[99,3],[-30,1974],[1995,45],[-50,1997],[785,23]],[[474399,465183],[113,8],[6997,219],[2008,58]],[[479707,999192],[5458,-50],[2880,-54],[232,-4],[373,-7],[13627,-256],[-866,-2083],[4336,155],[2615,1581],[2,232],[1046,-19],[105,-2],[880,-17],[2588,-48],[2079,-40],[2,0],[1585,-29],[3881,-73],[1269,-24],[2802,-53],[564,-10],[2,0],[4045,-76]],[[552053,985943],[-317,-4174],[-403,-5297],[-78,-1017],[-143,-1889],[-201,-2640],[-464,-1707],[-530,-1948],[-243,-1797],[-326,-2414],[240,-4452],[87,-1613],[6,-466],[44,-3370]],[[513410,694159],[2696,-287],[248,346],[1241,1332],[1440,2194],[197,693],[120,1287],[-568,2964],[271,30],[1946,-16],[1227,39],[421,24]],[[566305,749482],[-23,-4111],[-41,-2058],[-22,-1281],[-21,-777],[-13,-471],[-12,-378],[-12,-468],[-685,-844],[-14,-669],[680,-154],[-36,-1134],[1025,-13],[-23,-1029],[-42,-2060],[-20,-1030],[-40,-2062],[-1016,9],[-966,61],[-13,451],[-59,118],[-158,414],[-58,189],[297,638],[-47,206],[-620,3],[-99,0],[-1281,0],[-2027,1],[-1595,3]],[[880853,537025],[6352,3254],[13040,7010],[8238,3988],[4125,1521],[322,141]],[[912930,552939],[34,-2745],[37,-3255],[-991,-1314],[-115,-139],[-2808,-1862],[-1031,1788],[-963,-639],[-3794,-3751],[-114,-1189],[-6285,-3754],[2,-224],[-6123,-3670]],[[890779,532185],[-4202,-2529],[-5711,-2975],[-20,4540],[-31,5347],[38,457]],[[519419,893443],[546,-2474],[1963,-8625],[35,-156],[60,28],[21,-92],[985,447],[3694,1697],[-13,82],[-196,1236],[-252,986]],[[527835,887187],[1595,-7],[75,1],[87,-2],[184,-2055],[1158,-12],[567,-7],[260,0],[278,68],[2,226],[11,5852],[5189,-16],[-481,-1878],[75,-518],[315,-2190],[152,-1060],[305,-2113],[992,-6892],[746,-5184],[218,-781]],[[539563,870619],[-3388,32],[-3300,46],[-235,4],[-2735,33],[-1952,4],[-6833,78],[-1585,4233],[-1027,1918],[-2963,63],[-32,-2000],[-79,-8249],[-1335,17],[-1104,12],[-1856,9131],[232,700],[79,290],[0,195],[-4098,12]],[[507352,877138],[-1166,43],[-351,16],[-1244,-10],[17,36],[114,5],[911,1948],[228,-6],[1451,-32],[3025,87],[111,-1],[-599,3092],[-91,1024],[46,-1],[2410,446],[2417,284],[-981,5029],[-520,2753],[-409,2019]],[[581959,679252],[259,4],[506,267],[262,5],[507,8],[254,5],[1022,18],[1018,18],[3,-261],[103,1],[404,267],[676,13],[297,-256],[558,16],[-11,383],[521,-122],[1520,24],[1022,-4],[23,-10],[1001,22],[37,9],[985,12],[516,-255],[512,5],[507,3],[603,5],[414,8],[23,1],[-25,257],[995,19],[7,-269],[1527,18],[-8,517],[823,-504],[829,13],[543,9],[821,13],[1066,17]],[[602543,671540],[-256,-6],[6,-261],[7,-259],[253,6],[-246,-518],[8,-527],[6,-431],[3,-265],[509,-40],[-223,-218],[-13,-839],[-96,-3],[97,-187],[14,-846],[-253,-15],[-127,1],[-889,-144],[-3,126],[-33,0],[-980,-201],[-4,175],[-508,-10],[1,-59],[-52,5],[4,-191],[-405,-10],[-5,245],[-51,-1],[1,-55],[-859,-208],[-3,245],[-156,-2],[6,-285],[-513,-6],[-513,-8],[-772,-12],[-245,-2],[0,40],[-507,211],[-508,-12],[-1,33],[-1039,-13],[9,-1040],[-189,-4],[-66,-2585],[-262,-259],[-319,-78],[-1324,140],[396,2393],[-202,867],[-58,535],[-627,3],[-1463,-17]],[[305782,552802],[867,708],[494,410],[837,357],[958,33],[234,1028],[681,740],[997,730],[159,187],[219,442],[88,324],[25,261],[926,23],[795,16],[-7,1152],[-42,1213],[2927,58],[-1682,26],[433,565],[2478,964],[1049,318],[13,-1819],[1013,26],[2610,70],[199,5],[791,20],[1067,-767],[231,-155],[-1158,-1308],[-479,-1422],[-287,-678],[69,-98],[122,-169],[89,-172],[86,-209],[62,-352],[-5,-227],[-295,-1723],[569,-1452],[469,-1542],[58,-873],[-43,-676],[608,18],[-339,-703],[24,-365],[701,-37],[311,-62],[3189,197],[553,13],[250,5],[-26,1303],[-27,1597],[-26,934],[4909,70],[794,13],[773,14],[55,271],[402,6],[-154,440],[-231,721],[-500,1535],[-38,273],[-17,136],[0,2040],[-688,-6],[-378,6],[-14,1100],[1096,33],[1,55],[6432,84],[1043,-114],[1765,-419],[3839,-1707],[253,-191],[2323,1915]],[[350282,558011],[26,-54],[504,-960],[462,-882],[745,430],[2135,-3300],[502,-528],[-844,-230],[244,-95],[546,-251],[535,-430],[357,-267],[890,-1516],[167,112],[143,-222],[982,-2226],[727,-1644],[419,-860],[272,76],[7,-544],[499,-860],[2535,-4943],[-4,-81],[62,-2638]],[[468960,562427],[560,-738],[195,311],[1016,-674],[-47,-32],[-363,-258],[-1319,-921],[-42,2312]],[[462619,573997],[41,-1541],[4,-209]],[[462664,572247],[-1983,-40],[549,719],[-2521,-27],[-10,468],[1852,52],[576,291],[-549,745],[1015,26],[11,-515],[957,29],[58,2]],[[459286,563994],[1006,30],[24,-951],[2894,228],[509,-1039],[54,20],[702,-1339],[74,-165],[113,-301],[117,-408]],[[464779,560069],[-131,-4],[69,-348],[-1367,-19],[-8,340],[-2436,-50],[336,1781],[-377,-173],[-1279,455],[25,-1057],[-756,-18],[9,-379],[-307,-336],[44,-334],[341,-8],[279,7],[-18,-247],[83,-17],[18,-5],[43,-18],[22,-12],[427,-459],[-840,-739],[24,-1026],[75,1],[-1665,-289],[-243,244],[-54,2290],[335,-220],[515,486],[-4,294],[373,413],[-1235,-274],[-59,2441],[-2,792],[840,384],[136,-297],[203,-830],[1114,208],[-23,948]],[[472499,585090],[-516,-49],[-1442,-44],[-63,-1],[3,-124],[1,-59],[70,2],[27,-1071],[596,29],[7,-664],[-656,-146],[18,-762],[7,-274],[29,-1251],[33,-1581],[51,-2312],[1957,45],[255,6],[1846,42],[31,-1538],[13,-545],[33,-1390],[-392,-240],[-1279,-769],[-267,-160],[-332,-200],[279,-367],[72,-3129],[-1017,-40],[8,-343],[19,-779],[-874,-21],[0,-91],[-5,-62],[-133,-121],[63,-2471],[-628,125],[-506,-402],[-2909,-81],[-510,-317],[-835,338],[-2572,-59],[-174,3172],[1620,101],[28,846],[61,7],[256,-5],[-94,4161],[1336,27],[1993,46],[1355,28],[275,6],[2603,130],[294,-124],[24,73],[-101,2060],[-1710,421],[3,242],[-57,-1],[-17,736],[-439,633],[-776,-17],[-823,-20],[-662,-15],[-1353,-33],[-163,-4],[-860,-22],[14,-655],[-229,-6],[-15,655],[-2252,-51]],[[463118,576605],[-561,-10],[-4047,-108],[-65,-2],[-1112,-33],[-848,-30],[-92,3884],[-6,248],[-1566,-58],[-112,4293],[-2028,-83],[-1049,-40],[-868,1209],[1447,59],[-110,1064],[-40,1638],[-1787,-70],[-103,962],[-1307,-39],[1332,1509],[-17,87],[-41,1571],[-737,-12],[-1760,-59],[-290,54],[-509,-19],[-419,-48],[-130,-34],[-225,-18]],[[444618,588294],[774,-287],[2248,198],[804,-424],[95,-1329],[-2042,-89],[5,-129],[-637,-23],[130,140],[-1468,-47],[91,1990]],[[505467,475547],[-38,2398],[-84,2446],[-81,3923],[-18,989],[-30,1265],[-4,199],[-28,2060],[59,834],[-48,1209],[-8,80],[-128,4055],[-88,4160],[-68,2635],[-42,1501],[-101,3496],[-15,614],[-3911,-86],[-156,-4],[-146,6010],[-2,53],[-15,624],[-470,-494],[-812,358],[-2755,-429],[-37,1995]],[[141159,743760],[4126,30],[1739,9],[11926,43],[2111,14],[440,1505],[1876,-693],[2650,-12],[390,2610],[1127,1152],[1336,328],[-144,282],[751,149],[602,151],[1778,-308],[1181,-641],[509,18],[362,1437],[3,-129],[1644,1561],[-681,962],[2672,84]],[[177557,752312],[2466,-113],[229,-6090],[2223,-46],[5870,-5],[-29,2401],[4743,81],[3139,-1390],[3027,-918],[1333,3431],[-14,2372],[-18,3752],[1704,-11],[2314,7],[10188,7],[73,290],[1610,532],[28,3324],[14,3389],[426,700],[3,2214],[114,185]],[[349136,561300],[1369,38],[173,4],[81,-2267],[244,-380],[1635,1509],[94,82],[471,390],[811,748],[744,18],[1296,32],[2563,61],[283,3],[2714,41],[4116,49],[1998,27],[663,12],[870,18],[30,1],[203,4],[88,3]],[[350282,558011],[-818,1834],[-248,952],[-80,503]],[[230428,277278],[-7518,-58],[110,-8220],[-8033,-37],[48,-5433],[-1096,-60],[-3269,-568],[-517,-971],[-71,-1302],[-2964,-39],[-173,8273],[-8027,-124],[-179,8266],[-4332,-71],[-169,8252],[120,2194],[15892,337],[216,376],[-88,5631],[4217,43],[-211,10523],[-1777,-228],[-1774,8],[-2440,-221],[-2115,-386],[-146,6313],[-38,1775],[81,165],[604,387],[147,51],[771,31],[367,76],[705,194],[170,86],[320,327],[284,454],[412,804],[-6864,-123],[-100,4242],[2843,50],[329,5],[992,12],[30,1161],[-2,621],[-307,37],[-1042,493],[-552,527],[-462,1018],[-303,836],[-2693,2661],[-812,507],[-722,316],[469,1277],[471,83],[1615,-671],[1847,-145],[1000,233],[3757,1996],[-37,5446],[3801,120],[-38,730],[-3919,-109],[-66,1915],[-4239,-220],[-120,4131],[-614,18226],[-10,0],[-77,3825],[8044,131],[-305,12742],[-8070,-145],[-490,23722],[-20,1121],[-8029,-76],[-150,8305],[16139,213],[-222,10297],[-175,6360],[8084,57]],[[588909,741277],[2464,56],[1942,45],[1923,47],[375,8],[1408,33],[797,-2],[585,-11],[767,-12],[630,-11],[601,-9],[123,0],[105,-1],[1184,-18],[769,-12],[2545,-39]],[[605127,741351],[141,-1242],[90,-795],[3,-26],[234,-2062],[112,-993],[189,-1663],[1179,-3417]],[[912930,552939],[4161,1817],[228,699],[147,450],[2191,899],[81,33],[1275,3511],[1131,1017],[52,123],[94,222],[477,1124],[7668,2943],[6376,3303],[10,6],[7034,4224],[5851,3514],[2908,1747],[440,264],[150,90],[4719,2834],[228,0],[272,0],[3152,0],[2284,0],[2539,0],[32,0],[1188,0],[364,0],[40,6],[62,0],[11,0],[8449,-62],[12166,-90],[-683,-594],[1316,-4262],[4853,17],[5803,290],[-146,-1026],[-2321,-3149],[-1352,-2216],[-5136,-22],[941,-4346],[619,-1820],[3283,79],[-217,-4104],[-1676,-41],[2716,-7923],[334,-2288],[-980,-2],[-37,-1406],[-2229,-5],[-31,-2765],[-4017,12],[5,-932],[-1029,120],[1,-1230],[-1909,7],[-10,-4095],[-1094,190],[-3,2584],[-635,600],[6,733],[-3441,40],[22,1021],[-1996,40],[-3,-1035],[-1639,21],[-26,-2017],[-355,-600],[-1174,1342],[-388,1723],[-1328,1017],[-1565,731],[-1417,1342],[-1029,69],[-1607,-770],[-691,-640],[-382,402],[-392,-834],[-276,-2578],[-523,89],[-640,0],[-2264,611],[-484,-1841],[-238,-662],[-479,-896],[-104,50],[-434,-602],[-787,-763],[-169,-282],[-4698,-3830],[-856,-562],[722,-447],[-30,-2455],[907,-37],[-7,-1715],[1016,-24],[-10,-1206],[743,-867],[-5589,131],[241,-196],[-420,-487],[-522,506],[-594,-1361],[-930,2],[271,-1787],[450,-787],[-734,-6],[8,-268],[-1021,-520],[-9,-1251],[-1008,24],[10,-2088],[749,4],[310,-1238],[97,-1879],[-247,-963],[-1001,-46],[-23,-2027],[2017,19],[-63,-5250],[-2529,30],[-1500,-274],[-9,-709],[-4023,-32],[-32,-3561],[2156,4],[-175,-3310],[-193,-1022],[1963,-21],[47,-394],[-123,-3198],[-2042,-6],[-280,-1014],[-2454,-31],[-1522,566],[-2212,217],[-1530,-787],[-2518,-83],[-5823,-177],[-216,-828],[-56,-1974],[-586,292],[-1245,2504],[-1277,-39],[-841,72],[-107,3331],[-1635,590],[-592,-568],[-1281,440],[-1138,75],[-742,903],[-134,895],[-662,424],[-406,1270],[-2178,353],[-864,594],[-1186,305],[10,-2701],[-8042,-8]],[[905075,500514],[-16,2671],[-12075,254],[3,8191],[-2002,-3],[-49,5842],[3073,2399],[2952,2],[448,1676],[-464,3224],[-6048,-4609],[0,635],[-1943,-6],[-1624,-237],[-6,1816],[-2174,67],[-224,-2038],[-1958,13],[1,-516],[-1094,100],[-160,294],[13171,10162],[-18,1897],[-2024,-377],[-1773,-440],[-187,426],[-105,228]],[[294328,245469],[280,-8262],[7051,119],[-1339,-1545],[-38,-2572],[-412,-706],[-1403,-921],[-281,-579],[580,-1501],[-922,-2174],[-416,-3590],[-2176,-1009],[269,-1250],[635,-772],[-1019,-36],[78,-3012],[824,-153],[48,-995],[5765,1380],[1391,449],[-45,-285],[18,-663],[3482,3675],[12431,417],[273,-8247],[7990,267],[3917,141],[5736,198],[373,-17995],[1880,-148],[2182,211],[5789,6590],[390,-14751],[8011,108],[233,-8291],[-7010,-86],[-23,-8276],[-727,-14],[-14142,-228],[233,-8268],[-9219,-141],[-698,703],[50,700],[-463,1852],[438,619],[-249,1282],[105,3044],[-3355,-27],[-3227,-4074],[114,-4220],[179,-8296],[-7381,-61],[4274,8285],[-3331,-78],[188,-1350],[-587,-707],[-1343,-524],[140,-5639],[-8007,-137],[-7952,-153],[-7945,-188],[-258,8127],[-4688,-54],[1816,3110],[2159,5195],[-13324,-68],[-3562,-57],[-6637,-129],[-5816,-8355],[-282,122],[171,2360],[2035,1450],[938,1063],[8316,12053],[-5,510],[825,738],[-425,853],[1044,1350],[-4534,-14],[80,12713],[-3253,-64],[-3516,-66],[-480,-1705],[-119,-139],[-589,-405],[-4,2232],[-2573,-34],[-5451,-69],[-37,3544],[-7979,-7],[-7,674],[-3224,-62],[-696,-91],[-197,-247],[-1674,-20],[-2187,17],[19,9806],[-1582,1866],[1,1520],[-281,2214],[187,2819],[-147,1814],[-707,1928],[29,2641],[594,1003],[44,963],[1358,628],[-10,2520],[8013,-102],[45,-8145],[7922,16],[53,-8284],[16051,130],[-89,16521],[-16016,-193],[-66,8325]],[[480821,668150],[303,407],[-8,565],[-333,467],[5,-151],[-1231,751],[-237,819],[-165,-4],[-56,-6],[385,-1512],[54,0],[294,-1],[232,-956],[-278,-16],[-1021,-14],[93,-3085],[-1019,-31],[-1063,1789],[-37,1276],[-2030,-40],[71,-2427],[-773,608],[-748,11],[10,-333],[-527,1],[-5,217],[-1397,-50],[36,-1159],[1353,46],[-11,-1063],[-1943,-63],[-2533,-61]],[[446109,673289],[-921,156],[-485,2090],[41,-4],[-182,1270],[-50,640],[-393,998],[-2736,-129],[-81,671]],[[475697,669893],[601,3],[362,-141],[21,1103],[-1014,-11],[30,-954]],[[601367,758762],[2656,-5778],[-300,6],[22,-1533],[-1081,-168],[748,-1707],[-933,41],[-4,-350],[-574,10],[137,-258],[84,-415],[344,-5],[-17,-1010],[-36,-571],[-314,-913],[709,-260],[320,-117],[-71,559],[72,460],[512,-227],[1145,376],[-631,-1627],[6,-19],[429,-1478],[416,-1435],[13,-44],[108,-948]],[[307867,813753],[-2018,-15],[-2002,-15],[-35,-1],[2,4101],[1,2185],[1,1923],[548,5],[1481,11],[-5,4095],[-1952,-10],[-11,520],[-1627,336],[-465,122],[-950,-13],[-274,306],[-705,1501],[856,5],[-1,546],[-960,-5],[0,-457],[0,-87],[26,-2794],[-21,-4110],[-3442,-30],[-567,72],[-25,8149],[-4084,11],[-48,1370],[54,1635],[23,1094],[2,168],[4068,76],[6014,-196],[0,144]],[[462619,573997],[-35,1576],[557,14],[-23,1018]],[[481569,586363],[1017,-154],[18,-840],[1017,29],[-19,807],[-5,240],[1015,24],[25,-1041],[1010,28],[-30,1036],[972,21],[71,-1028],[50,2],[957,25],[573,14],[2448,51],[52,-1979],[-679,-290],[226,-1566],[486,237],[80,-3017],[-48,-37],[22,-1148],[-1437,-491],[-2528,-62],[-936,-23],[-16,2279],[-366,-194],[46,-2093],[-757,-23],[46,-1827],[52,-2099],[6,-216],[1,-32],[6,-244],[110,-4548],[-47,-22],[-6,118],[-1027,-466],[43,-118],[-660,-307],[-1252,-584],[-672,-315],[-2306,-1063],[-76,-37],[257,-2655],[187,-568],[164,-444],[269,-729]],[[465074,553895],[27,192],[-54,2821],[-4,108],[-4,141],[-79,-54],[-57,2267],[-124,699]],[[459286,563994],[-2,56],[-272,78],[-1193,-51],[-822,-404],[-45,1995],[-1013,-28],[-786,676],[-10,519],[-32,1250],[3570,92],[50,2],[2033,54],[413,9],[1565,51],[-51,2359],[-27,1595]],[[389887,592254],[-287,-196],[-7475,-275],[-28,-4344],[-165,-4444],[-2,-85],[-16,-3586],[17,-1426],[-5,-107],[-7,-3417]],[[349136,561300],[-160,3841],[-145,790]],[[122563,630266],[4,1790]],[[173298,565163],[-318,103],[-55,-827],[-1093,-1203],[-708,99],[-932,2687],[-651,232],[-16,-8270],[-3462,-49],[156,-4178],[161,-1071],[-259,-249],[124,-2867],[-1971,-3042],[-726,-105],[-3357,818]],[[160191,547241],[-244,102],[-212,141],[-679,214],[-1176,-139],[-373,-116],[-3314,-2406],[-9971,-4098],[26,664],[-98,3006],[-932,487],[-526,311],[-210,90],[-222,145],[-68,-1128],[-4236,87],[86,-875],[-3961,20],[-98,6727],[-3869,-706],[-3784,-1137],[-2117,-704]],[[489282,639034],[-464,-1680],[-304,-240],[23,-64],[-1206,-66],[3,-626],[-1933,-98],[-13,620],[-2287,-1314],[186,-752],[671,31],[624,995],[824,-72],[9,-1232],[31,-3670],[-2274,-112],[-2874,-100],[-332,-9],[-102,3102],[-567,-326],[-55,-37],[60,-2265],[-296,-433],[-1487,-58]],[[477519,630628],[7,-56],[-2608,-164],[-543,-146],[-635,-267],[-513,-274],[-27,909],[-1971,-271]],[[477519,630628],[-114,1629],[-106,-66],[-1765,-1066],[-271,-203],[18,-432],[2238,138]],[[124898,743674],[3,11923],[210,4],[-90,12413],[-22,2132],[-24,1943],[-31,5242],[-49,23671],[-658,1706],[-179,307],[-5539,2099],[-121,-1],[18,57],[831,2339],[471,-317],[5215,54],[7945,41],[78,6209],[8129,-13],[-21,-4068],[5579,8],[353,75],[132,-198],[108,-170],[-122,-3890],[-6089,7],[25,-8898],[6053,-2351],[9,-2673],[4057,-1221],[1,-1333],[2794,-124],[1653,-546],[-6,-3474],[1660,-16],[27,-4160],[-904,56],[35,-3757],[603,329],[1090,-37],[1969,1088],[1307,233],[33,-3811],[6020,-307],[146,-2898],[2008,-487],[51,-4097],[-621,1265],[-1472,1866],[-752,-443],[-797,366],[-924,-645],[191,-1129],[-1282,1],[-580,-568],[-15,-485],[887,-1759],[912,-939],[1419,-342],[1966,-715],[824,-565],[810,-1374],[1368,-257],[219,-1453],[-928,-402],[-227,-674],[827,-774],[1081,-1971],[1243,-3],[1937,6],[1917,5],[-102,-3462]],[[640850,559346],[15,875],[-7,544],[-113,1528],[5,262],[-277,-4],[-289,1787],[-17,1049],[530,10],[-15,1042],[-30,2064],[-38,2069],[-8,518],[-9,518],[-12,1035],[-2,3186],[2,49],[-11,918]],[[664160,566199],[5,-57],[139,-378],[1793,-4871],[-24,-320],[-73,-1007],[-116,-1595],[-35,-471],[-1586,-1236],[1009,-1786],[-679,-770],[1694,-1457]],[[459656,775054],[-98,68],[-118,-68],[-1675,1016],[-3,127],[-1,61],[-3449,2073]],[[616321,701008],[138,-153],[1856,-2051],[2828,-520],[392,-1029],[-1857,-1174],[-9,6],[-744,475],[-1546,-321],[58,-874],[198,-2990],[1,-15],[38,-578],[1384,-2909]],[[602164,687550],[-254,-5],[-5,268],[253,5],[-264,518],[-11,513],[254,5],[-5,376],[-75,43],[-131,-4],[-3,99],[-50,0],[-10,517],[253,4],[-17,936],[-257,96],[-21,1040],[-12,530],[254,5],[-277,1017],[-12,518],[64,2],[245,151],[-328,745],[-3,138],[310,7],[-24,1037],[-303,-4]],[[601735,696107],[-2,147],[302,15]],[[488342,836278],[-1757,-14],[1,-2061],[-59,0],[25,-2993],[1,-176],[1,-262],[5,-57],[-11,-150],[99,-252],[49,18],[419,156],[56,-156],[915,-260],[-7,-718],[3,-83],[3534,518],[-213,-877],[53,-2340],[227,-116],[0,-267],[-2,-268],[-3502,34],[494,-1297],[-99,2],[-77,-1301],[-2060,-1006],[-61,292],[-1968,207],[4,541],[-1929,-10],[-106,-1],[-55,4],[-4,-1566],[1030,-4],[1048,-966],[-7,-1111],[734,0],[472,1],[822,-3],[14,2066],[564,5],[2594,16],[63,0],[101,-2],[1489,-4159],[266,513],[133,10],[780,463],[71,691],[-979,33],[48,2428],[895,-45],[267,-50],[2036,-364],[1195,-217],[-230,-1493],[825,-349],[2645,-219]],[[492465,813521],[-26,-1233],[-1984,-212],[-5,-631],[-2064,18],[-576,-2067],[583,10],[3805,-40],[19,1154],[258,-1],[511,23],[429,7]],[[483910,830454],[559,0],[-10,-1149],[2034,-64],[371,-1],[-742,1922],[-169,-21],[-76,443],[-821,-820],[-1148,8],[2,-318]],[[486890,829342],[80,-2],[-24,61],[-56,-59]],[[440228,575866],[909,29],[56,2],[-130,475],[-131,1342],[2233,1648],[-19,695],[-325,-21],[-2010,-69],[-71,1642],[-60,467],[-2020,-637],[-546,-175],[-408,-131],[-1183,-370],[-24,-7],[-1050,-333],[-248,972],[592,152],[-592,2386],[-196,787],[-1431,3],[25,-900],[-391,46],[-913,-26],[-423,-19]],[[507352,877138],[-7,-777],[-2,-258],[-12,-1541],[-21,-3570],[-8,-1039],[-4,-495],[-14,-1790],[-4,-826],[-29,-3333],[-62,0],[18,1298],[-4019,7],[-30,-3102],[-8,-1032],[-15,-1905],[-2702,-16],[323,-746],[1517,-1029],[109,-1766],[831,-722],[-221,2],[-21,-2657],[314,-1600],[1445,-36],[-52,-1935],[-1659,68],[-1849,-251],[-44,-3276],[-2187,70],[0,-511],[-4,-707]],[[498935,843663],[-4034,251]],[[639756,610728],[338,-564],[1023,-1707],[357,-594],[617,-1029],[63,-235],[220,-818],[268,-999],[18,-66],[2,-9],[274,-1019],[1353,-1073],[465,-369],[-170,-641]],[[800550,506222],[6069,1328],[248,54],[1609,356],[1503,332],[433,208],[609,292],[449,1155],[133,174],[445,-63],[5229,754],[166,-192],[-24,-2029],[1285,-49],[60,5022],[180,770],[3181,-99],[-12,-3141],[1273,16],[-24,5481],[218,329],[10,15],[1008,-173],[11,-2]],[[824609,516760],[-102,-5709],[-119,-2632],[53,-6837],[8,-161],[60,-6846],[223,-888],[4,-1618],[4,-729],[7,-723],[30,-1890],[2001,483],[3125,888],[4,-2940],[-5139,193],[-1004,-955],[430,-799],[616,128],[427,786],[2156,-504],[885,-584],[-401,-1288],[85,-917],[-550,-1395],[144,-461],[512,325],[293,1357],[4472,-38]],[[816846,456354],[-8055,-21],[29,-1979],[-3998,11],[-104,1],[-384,0],[-4,240],[-1308,2],[4,-237],[-230,2],[-1020,86],[-2015,-79],[-37,1930],[-7064,-27],[-96,4399],[-20,1964],[-69,3322],[-49,2820]],[[792203,487306],[-17,53],[-1,749],[-7,654],[3,324],[-34,1289],[5,1031],[-73,4867],[11,309],[9569,3098],[2658,548],[11,269],[-4006,41],[228,5684]],[[559997,641515],[-2049,-37],[-509,-12],[-1533,-36],[-512,-13],[-512,-12],[-1015,-24],[-1090,-27],[-543,-13],[-548,-13],[-1090,-26],[-1088,-21]],[[703038,388950],[-6088,62],[-376,2],[-1252,9],[-8497,59],[-1000,2],[-4998,27],[-39,2]],[[728451,248684],[173,-252],[925,-205],[8162,-44]],[[665335,182511],[-27,5177],[-15,9321],[-4,2259],[-7,4145],[-25,15338],[-25,15781],[31,6583],[14,3003]],[[216191,555246],[-4036,-815],[-32,3318],[313,835],[-9828,-94]],[[704572,498147],[-125,-936],[-8,-760],[-10,-3651],[16,-1467],[-30,-1587],[-71,-1698],[-12,-1803],[11,-2336],[-10,-4127],[113,-3608],[13,-2428],[37,-2026]],[[395102,379114],[-256,-14],[105,-6712],[-2620,-66],[61,-3441],[-1017,-48],[32,-1269],[-1291,9],[-57,-3107],[-131,-498],[-2480,-71],[-3882,-97],[-1,1235],[-1810,298],[-2188,1139],[-715,-17],[-1545,497],[-823,-1277],[-957,-205],[275,-983],[-1068,18],[-960,903],[-131,1112],[673,367],[-647,351],[-185,2155],[-398,1392],[-2076,-66],[-634,-25],[-554,-1428],[-1120,-1125],[-1191,-338],[-687,139],[-103,34],[-76,35],[-99,57],[-301,213],[-1664,1132],[-33,1111],[-783,-16],[10,-527],[-159,155],[-2682,1924]],[[704257,518565],[5,-14],[1360,-1692],[872,-657],[2899,-2188],[14,-10],[924,488],[761,-549],[2162,1586],[506,-670],[807,69],[1071,-569],[51,-28],[1671,-1285],[1,-1],[2873,-1143]],[[365050,305575],[1418,34],[538,-102],[1420,3440],[1798,3332],[1079,1637],[110,0],[645,23],[810,16],[97,5],[896,14],[3037,48],[883,29],[834,30],[2173,83],[132,-4046],[116,-3576],[2253,12],[-591,655],[-764,76],[-712,1214],[777,1690],[568,-1008],[781,446],[565,-928],[1342,-769],[476,-1121],[2464,2802],[640,1519],[28,-1061],[315,-12111],[-4963,-133],[71,-3105],[-1004,-27],[21,-1064],[45,-2656],[6016,162],[39,-1430],[-7988,-275],[57,-2027],[-1236,15],[-4093,-1626]],[[765131,502484],[3643,-326],[134,-12],[2974,94],[3885,121],[65,8],[4100,523],[10127,1291],[1968,251],[827,105],[7696,1683]],[[601735,696107],[-265,-5],[-83,-2],[-590,-10],[-424,251],[-678,-15],[-20,773],[-229,-4],[-231,-4],[489,-1026],[-2024,-41],[-510,-5],[-6,259],[-1020,-8],[6,-259],[-1018,-9],[-329,-3],[-86,258],[-1377,-12],[-254,-2],[5,-259],[-54,-1],[-112,258],[-859,-8],[-273,778],[-17,-987],[-216,-3],[-4,210],[-511,-4],[-254,0],[-255,-4],[-504,-266],[-511,-4],[-510,-7],[-512,250],[-513,-9],[-510,-11],[-510,-7],[-1020,1],[-515,-19],[-872,-33],[-146,-146],[-5,155],[-860,-16],[-152,-133],[-3,127],[-511,-12],[-1354,-12],[2,-262],[-174,-3]],[[93461,730935],[4093,53]],[[90215,632005],[-8104,-125],[-45,8259],[-6750,-29]],[[75326,656494],[-167,22278],[23,2519],[-26,4837],[599,-216],[238,166],[1784,-3153],[514,-1624],[208,-731],[52,-80],[1877,-1632],[1084,-159],[105,-1],[8284,-78],[-10,2835],[-7520,-139],[-21,1923],[21,258],[3282,5],[-42,6100],[-10471,-83],[-73,16138]],[[539563,870619],[960,-3440],[14,-52],[1177,-2782],[1376,-3252],[530,-1967],[766,-2848],[147,-545],[405,-1505],[1206,-4479],[122,-749],[178,-1085],[13,-82],[1328,-2414]],[[515028,831798],[-873,10],[-674,1975],[-150,0],[-227,638],[0,-637],[-2024,7],[-27,-1947],[-2372,25],[-1686,22],[-2092,28],[-612,562],[-2,630],[-1346,1810],[1025,-29],[8,1039],[438,1021],[358,-9],[240,1024]],[[505012,837967],[-551,387],[-1396,-317],[-1101,61],[-37,-564],[-1032,30],[-25,1910],[-524,23],[22,1024],[-1461,72],[28,3070]],[[504991,835664],[2049,-48],[2,248],[1288,3],[8,934],[-1291,-246],[-1,-176],[-2049,52],[-6,-767]],[[505012,837967],[1627,-37],[418,-306],[1,327],[1791,156],[242,168],[-36,-3113],[608,5],[2334,2369],[-610,1811],[-456,1134],[-961,298],[4,-798],[-2908,-6],[5,470],[11,1571],[-2040,61],[-16,-2217],[144,142],[-158,-2035]],[[332726,614771],[46,206],[257,1137],[247,350],[-813,315],[-236,214],[-259,322],[562,1496],[-337,607],[48,498],[-312,662],[-2220,399],[-1092,1184],[-1231,691],[-512,2128],[-838,311],[-8,-843],[-20,-110],[-1102,-2378],[-280,-1380],[-419,-2585]],[[824609,516760],[985,-169],[126,-22],[4880,1617],[713,-1129],[22,-35],[1944,259],[481,64],[907,120],[10,3],[6863,2046],[2027,604],[9169,3813],[4000,1663],[600,250],[15907,7283],[7610,3898]],[[905075,500514],[39,-1589],[-1868,-155],[-83,-4088],[91,-4797],[-6495,1214],[77,-4705],[396,-17],[53,-5302],[394,-848],[2146,-2135],[1601,-155],[11,-715],[-3019,-1090],[-3036,-855]],[[665246,327038],[59,16810],[6,1766],[7,2091],[5,1430],[103,19549]],[[627780,650335],[67,-4340],[13,-789],[26,-1679],[411,-112],[570,-156],[595,-163],[2197,-600],[562,-153],[-21,-600],[-78,-2162],[-41,-1136],[-134,-3731],[-4,-127],[-542,-240],[-922,-409]],[[184493,558200],[9,-2212],[-6,-2623],[127,-254],[-843,-208],[72,-7523],[-8133,-110],[190,-10783],[1672,-939],[367,-611],[1611,-8],[6197,67],[15,-2219],[2063,19],[38,-2712],[2232,-694],[226,-2603],[1865,-43],[-753,-1867],[645,-160],[2184,-444],[269,-243],[532,-735],[662,-301],[371,-123],[249,-83],[2,-381],[8,-1840],[-1576,-1127],[-406,-859],[117,-1036],[175,-32],[61,-77],[136,-307],[29,-169],[248,-290],[80,-128],[-12,-804],[426,-395],[28,-150],[660,-343],[13,-905],[-1345,-2533],[41,-1076],[-695,-340],[-1776,-1070],[-5,-2866],[-2726,17],[-871,-1224],[-396,-1945],[-21,-1045],[-1629,40],[-404,2],[-1901,63],[-60,-806],[-7,-764],[31,-202],[0,-1729],[-1722,529],[-336,-585],[1489,-1186],[861,90],[-467,-339],[652,-1380],[692,-806],[-1064,-1137],[-399,100],[-6338,-34],[-6872,-116],[-189,8220],[-8004,15],[-7,1635],[-159,6649],[-41,8239],[-8098,94],[-2495,29],[25,2345],[-2611,46],[-41,2227],[2635,-28],[16,3667],[2388,-32],[-111,8266],[8099,-106],[-111,6090],[-1930,132],[-222,6169],[-28,1981]]],"bbox":[-89.12191,40.736515,-86.72393,42.496219],"transform":{"scale":[0.0000023979823979824017,0.000001759705759705766],"translate":[-89.12191,40.736515]}}
