{"type":"Topology","objects":{"foo":{"type":"GeometryCollection","geometries":[{"type":"MultiPolygon","arcs":[[[0,1,2,3,4]]],"properties":{"postal_code":"64083","realtor_list_price":449066.048,"realtor_list_price_yoy":0.049,"realtor_list_price_base":0.4846,"realtor_active_listings":116.333,"realtor_active_listings_yoy":-0.0412,"realtor_active_listings_base":-0.0692,"realtor_new_listings":56,"realtor_new_listings_yoy":0.1831,"realtor_new_listings_base":0.0608,"realtor_days_on_market":52.167,"realtor_days_on_market_yoy":-0.1521,"realtor_days_on_market_base":-0.3085,"zhvi":364615.815,"zhvi_yoy":0.0337,"zhvi_base":0.5768,"zori":1825.86,"zori_yoy":0.0367,"zori_base":"NA"}},{"type":"MultiPolygon","arcs":[[[5,6,7,8,9,10]]],"properties":{"postal_code":"64137","realtor_list_price":261050,"realtor_list_price_yoy":0.056,"realtor_list_price_base":1.0133,"realtor_active_listings":26,"realtor_active_listings_yoy":0.0685,"realtor_active_listings_base":0.0291,"realtor_new_listings":16,"realtor_new_listings_yoy":-0.0769,"realtor_new_listings_base":-0.3207,"realtor_days_on_market":41.333,"realtor_days_on_market_yoy":0.0921,"realtor_days_on_market_base":0.4098,"zhvi":228093.679,"zhvi_yoy":0.0426,"zhvi_base":0.7905,"zori":1775.417,"zori_yoy":0.0879,"zori_base":"NA"}},{"type":"MultiPolygon","arcs":[[[11,12,13,14,15,16,17,18]]],"properties":{"postal_code":"66040","realtor_list_price":260857.143,"realtor_list_price_yoy":-0.0755,"realtor_list_price_base":0.875,"realtor_active_listings":37.333,"realtor_active_listings_yoy":0.0667,"realtor_active_listings_base":1.0364,"realtor_new_listings":9.333,"realtor_new_listings_yoy":-0.2222,"realtor_new_listings_base":0.7596,"realtor_days_on_market":53.429,"realtor_days_on_market_yoy":-0.1681,"realtor_days_on_market_base":-0.2626,"zhvi":176971.094,"zhvi_yoy":0.0752,"zhvi_base":0.5013,"zori":"NA","zori_yoy":"NA","zori_base":"NA"}},{"type":"MultiPolygon","arcs":[[[19,20,21]]],"properties":{"postal_code":"66112","realtor_list_price":286903.409,"realtor_list_price_yoy":0.1856,"realtor_list_price_base":0.948,"realtor_active_listings":27,"realtor_active_listings_yoy":0.1096,"realtor_active_listings_base":0.2892,"realtor_new_listings":14.667,"realtor_new_listings_yoy":0.4667,"realtor_new_listings_base":-0.1411,"realtor_days_on_market":36.227,"realtor_days_on_market_yoy":-0.2657,"realtor_days_on_market_base":-0.3564,"zhvi":241432.503,"zhvi_yoy":0.0148,"zhvi_base":0.8599,"zori":955.811,"zori_yoy":0.1237,"zori_base":"NA"}},{"type":"MultiPolygon","arcs":[[[22,23,24,25,26]]],"properties":{"postal_code":"64477","realtor_list_price":406577.778,"realtor_list_price_yoy":0.33,"realtor_list_price_base":1.4182,"realtor_active_listings":11.667,"realtor_active_listings_yoy":0.129,"realtor_active_listings_base":-0.4649,"realtor_new_listings":6,"realtor_new_listings_yoy":0.125,"realtor_new_listings_base":0.5511,"realtor_days_on_market":48,"realtor_days_on_market_yoy":-0.0813,"realtor_days_on_market_base":-0.3544,"zhvi":289467.657,"zhvi_yoy":0.0709,"zhvi_base":0.8682,"zori":"NA","zori_yoy":"NA","zori_base":"NA"}},{"type":"MultiPolygon","arcs":[[[27,28,29,30]]],"properties":{"postal_code":"64166","realtor_list_price":"NA","realtor_list_price_yoy":"NA","realtor_list_price_base":"NA","realtor_active_listings":"NA","realtor_active_listings_yoy":"NA","realtor_active_listings_base":"NA","realtor_new_listings":"NA","realtor_new_listings_yoy":"NA","realtor_new_listings_base":"NA","realtor_days_on_market":"NA","realtor_days_on_market_yoy":"NA","realtor_days_on_market_base":"NA","zhvi":493339.736,"zhvi_yoy":0.0254,"zhvi_base":"NA","zori":"NA","zori_yoy":"NA","zori_base":"NA"}},{"type":"MultiPolygon","arcs":[[[31,32]]],"properties":{"postal_code":"64018","realtor_list_price":"NA","realtor_list_price_yoy":"NA","realtor_list_price_base":"NA","realtor_active_listings":1,"realtor_active_listings_yoy":-0.7,"realtor_active_listings_base":-0.5779,"realtor_new_listings":0,"realtor_new_listings_yoy":-1,"realtor_new_listings_base":-1,"realtor_days_on_market":"NA","realtor_days_on_market_yoy":"NA","realtor_days_on_market_base":"NA","zhvi":346400.83,"zhvi_yoy":0.0362,"zhvi_base":0.6184,"zori":"NA","zori_yoy":"NA","zori_base":"NA"}},{"type":"MultiPolygon","arcs":[[[33,34,35]]],"properties":{"postal_code":"64101","realtor_list_price":"NA","realtor_list_price_yoy":"NA","realtor_list_price_base":"NA","realtor_active_listings":"NA","realtor_active_listings_yoy":"NA","realtor_active_listings_base":"NA","realtor_new_listings":"NA","realtor_new_listings_yoy":"NA","realtor_new_listings_base":"NA","realtor_days_on_market":"NA","realtor_days_on_market_yoy":"NA","realtor_days_on_market_base":"NA","zhvi":"NA","zhvi_yoy":"NA","zhvi_base":"NA","zori":1215.278,"zori_yoy":"NA","zori_base":"NA"}},{"type":"MultiPolygon","arcs":[[[36]],[[37,38,39,40,41,42]]],"properties":{"postal_code":"64145","realtor_list_price":431191.071,"realtor_list_price_yoy":0.0653,"realtor_list_price_base":0.3744,"realtor_active_listings":12,"realtor_active_listings_yoy":0.125,"realtor_active_listings_base":-0.4148,"realtor_new_listings":9.333,"realtor_new_listings_yoy":-0.125,"realtor_new_listings_base":-0.219,"realtor_days_on_market":42.786,"realtor_days_on_market_yoy":0.5883,"realtor_days_on_market_base":-0.0379,"zhvi":421350.558,"zhvi_yoy":0.0445,"zhvi_base":0.5771,"zori":"NA","zori_yoy":"NA","zori_base":"NA"}},{"type":"MultiPolygon","arcs":[[[43,44,45,46,47]]],"properties":{"postal_code":"66227","realtor_list_price":694985,"realtor_list_price_yoy":0.0108,"realtor_list_price_base":0.5986,"realtor_active_listings":76.667,"realtor_active_listings_yoy":-0.2177,"realtor_active_listings_base":-0.1739,"realtor_new_listings":17.333,"realtor_new_listings_yoy":-0.2571,"realtor_new_listings_base":-0.214,"realtor_days_on_market":145,"realtor_days_on_market_yoy":0.7908,"realtor_days_on_market_base":0.8977,"zhvi":563674.144,"zhvi_yoy":0.0325,"zhvi_base":0.6499,"zori":"NA","zori_yoy":"NA","zori_base":"NA"}},{"type":"MultiPolygon","arcs":[[[48,49,50,51,52,53,54,55]]],"properties":{"postal_code":"64108","realtor_list_price":438882.353,"realtor_list_price_yoy":0.2098,"realtor_list_price_base":0.3775,"realtor_active_listings":51.333,"realtor_active_listings_yoy":0.0405,"realtor_active_listings_base":-0.0246,"realtor_new_listings":11.333,"realtor_new_listings_yoy":-0.1053,"realtor_new_listings_base":-0.3435,"realtor_days_on_market":73.706,"realtor_days_on_market_yoy":0.2459,"realtor_days_on_market_base":0.0352,"zhvi":298598.878,"zhvi_yoy":0.0101,"zhvi_base":0.3248,"zori":1610.512,"zori_yoy":0.0498,"zori_base":"NA"}},{"type":"MultiPolygon","arcs":[[[56,57,58,59,60]]],"properties":{"postal_code":"64155","realtor_list_price":424093.449,"realtor_list_price_yoy":-0.0485,"realtor_list_price_base":0.3445,"realtor_active_listings":74.333,"realtor_active_listings_yoy":-0.2492,"realtor_active_listings_base":-0.2819,"realtor_new_listings":46,"realtor_new_listings_yoy":0,"realtor_new_listings_base":-0.3362,"realtor_days_on_market":42.783,"realtor_days_on_market_yoy":-0.2128,"realtor_days_on_market_base":-0.0904,"zhvi":354348.219,"zhvi_yoy":0.0201,"zhvi_base":0.5899,"zori":1829.474,"zori_yoy":0.0705,"zori_base":"NA"}},{"type":"MultiPolygon","arcs":[[[61,62,63]]],"properties":{"postal_code":"64158","realtor_list_price":631222.222,"realtor_list_price_yoy":0.3093,"realtor_list_price_base":1.263,"realtor_active_listings":15.667,"realtor_active_listings_yoy":-0.2419,"realtor_active_listings_base":-0.0887,"realtor_new_listings":6,"realtor_new_listings_yoy":-0.1818,"realtor_new_listings_base":-0.4464,"realtor_days_on_market":99.444,"realtor_days_on_market_yoy":1.2981,"realtor_days_on_market_base":0.839,"zhvi":387620.109,"zhvi_yoy":0.0083,"zhvi_base":0.5683,"zori":1487.444,"zori_yoy":"NA","zori_base":"NA"}},{"type":"MultiPolygon","arcs":[[[64,65,66,67,68]]],"properties":{"postal_code":"66207","realtor_list_price":602362.759,"realtor_list_price_yoy":0.0695,"realtor_list_price_base":0.4437,"realtor_active_listings":22.333,"realtor_active_listings_yoy":-0.2386,"realtor_active_listings_base":-0.3813,"realtor_new_listings":19.333,"realtor_new_listings_yoy":-0.0645,"realtor_new_listings_base":-0.288,"realtor_days_on_market":32.621,"realtor_days_on_market_yoy":-0.0576,"realtor_days_on_market_base":-0.0327,"zhvi":520550.381,"zhvi_yoy":0.077,"zhvi_base":0.6463,"zori":1851.162,"zori_yoy":0.0154,"zori_base":"NA"}},{"type":"MultiPolygon","arcs":[[[69,70,71]]],"properties":{"postal_code":"64743","realtor_list_price":"NA","realtor_list_price_yoy":"NA","realtor_list_price_base":"NA","realtor_active_listings":5,"realtor_active_listings_yoy":0.5,"realtor_active_listings_base":1.4198,"realtor_new_listings":0,"realtor_new_listings_yoy":-1,"realtor_new_listings_base":-1,"realtor_days_on_market":"NA","realtor_days_on_market_yoy":"NA","realtor_days_on_market_base":"NA","zhvi":234959.66,"zhvi_yoy":0.0441,"zhvi_base":0.905,"zori":"NA","zori_yoy":"NA","zori_base":"NA"}},{"type":"MultiPolygon","arcs":[[[72,73]]],"properties":{"postal_code":"64040","realtor_list_price":340971.842,"realtor_list_price_yoy":0.0759,"realtor_list_price_base":0.9419,"realtor_active_listings":28.667,"realtor_active_listings_yoy":-0.181,"realtor_active_listings_base":0.4187,"realtor_new_listings":12.667,"realtor_new_listings_yoy":0,"realtor_new_listings_base":0.4718,"realtor_days_on_market":51.789,"realtor_days_on_market_yoy":0.0282,"realtor_days_on_market_base":-0.0859,"zhvi":289707.138,"zhvi_yoy":0.0552,"zhvi_base":0.8838,"zori":"NA","zori_yoy":"NA","zori_base":"NA"}},{"type":"MultiPolygon","arcs":[[[74,75]]],"properties":{"postal_code":"64063","realtor_list_price":349657.386,"realtor_list_price_yoy":-0.0073,"realtor_list_price_base":0.5232,"realtor_active_listings":41,"realtor_active_listings_yoy":0.2551,"realtor_active_listings_base":0.0802,"realtor_new_listings":29.333,"realtor_new_listings_yoy":0.1282,"realtor_new_listings_base":-0.2067,"realtor_days_on_market":38.159,"realtor_days_on_market_yoy":0.1465,"realtor_days_on_market_base":0.0363,"zhvi":304287.026,"zhvi_yoy":0.0341,"zhvi_base":0.7015,"zori":1668.43,"zori_yoy":0.0321,"zori_base":"NA"}},{"type":"MultiPolygon","arcs":[[[-35,76,-49,77]]],"properties":{"postal_code":"64102","realtor_list_price":"NA","realtor_list_price_yoy":"NA","realtor_list_price_base":"NA","realtor_active_listings":"NA","realtor_active_listings_yoy":"NA","realtor_active_listings_base":"NA","realtor_new_listings":"NA","realtor_new_listings_yoy":"NA","realtor_new_listings_base":"NA","realtor_days_on_market":"NA","realtor_days_on_market_yoy":"NA","realtor_days_on_market_base":"NA","zhvi":"NA","zhvi_yoy":"NA","zhvi_base":"NA","zori":1417.667,"zori_yoy":"NA","zori_base":"NA"}},{"type":"MultiPolygon","arcs":[[[-53,78,79,80,81,82]]],"properties":{"postal_code":"64109","realtor_list_price":219707.407,"realtor_list_price_yoy":-0.3228,"realtor_list_price_base":0.3605,"realtor_active_listings":52,"realtor_active_listings_yoy":0.1729,"realtor_active_listings_base":0.8325,"realtor_new_listings":18,"realtor_new_listings_yoy":0.35,"realtor_new_listings_base":0.5289,"realtor_days_on_market":56.704,"realtor_days_on_market_yoy":-0.2069,"realtor_days_on_market_base":0.0304,"zhvi":182889.635,"zhvi_yoy":-0.0369,"zhvi_base":0.866,"zori":1221.646,"zori_yoy":0.0515,"zori_base":0.5758}},{"type":"MultiPolygon","arcs":[[[83,84,85,86,87]]],"properties":{"postal_code":"64113","realtor_list_price":532694.517,"realtor_list_price_yoy":-0.0614,"realtor_list_price_base":0.0786,"realtor_active_listings":30,"realtor_active_listings_yoy":0.0465,"realtor_active_listings_base":-0.4259,"realtor_new_listings":19.333,"realtor_new_listings_yoy":-0.0938,"realtor_new_listings_base":-0.272,"realtor_days_on_market":40.034,"realtor_days_on_market_yoy":0.1257,"realtor_days_on_market_base":-0.1933,"zhvi":588193.039,"zhvi_yoy":0.0658,"zhvi_base":0.5043,"zori":2158.167,"zori_yoy":"NA","zori_base":"NA"}},{"type":"MultiPolygon","arcs":[[[88,89,90,91,92,93,94,95,96,97,98],[99]]],"properties":{"postal_code":"66048","realtor_list_price":257992.424,"realtor_list_price_yoy":-0.1918,"realtor_list_price_base":0.5485,"realtor_active_listings":94.667,"realtor_active_listings_yoy":0.0216,"realtor_active_listings_base":-0.1229,"realtor_new_listings":44,"realtor_new_listings_yoy":0.0154,"realtor_new_listings_base":-0.1065,"realtor_days_on_market":54.182,"realtor_days_on_market_yoy":0.0931,"realtor_days_on_market_base":-0.0904,"zhvi":264628.922,"zhvi_yoy":0.0454,"zhvi_base":0.7797,"zori":1209.548,"zori_yoy":0.0215,"zori_base":"NA"}},{"type":"MultiPolygon","arcs":[[[100,101,102,103,104]]],"properties":{"postal_code":"64126","realtor_list_price":140000,"realtor_list_price_yoy":0.193,"realtor_list_price_base":"NA","realtor_active_listings":6,"realtor_active_listings_yoy":-0.6538,"realtor_active_listings_base":0.0347,"realtor_new_listings":0.667,"realtor_new_listings_yoy":-0.75,"realtor_new_listings_base":-0.7277,"realtor_days_on_market":53,"realtor_days_on_market_yoy":-0.3161,"realtor_days_on_market_base":"NA","zhvi":97636.259,"zhvi_yoy":0.0941,"zhvi_base":1.4703,"zori":"NA","zori_yoy":"NA","zori_base":"NA"}},{"type":"MultiPolygon","arcs":[[[105,106,107,108,109],[110],[111]]],"properties":{"postal_code":"64779","realtor_list_price":187008.333,"realtor_list_price_yoy":0.254,"realtor_list_price_base":"NA","realtor_active_listings":7,"realtor_active_listings_yoy":0.1053,"realtor_active_listings_base":0.0624,"realtor_new_listings":2,"realtor_new_listings_yoy":0,"realtor_new_listings_base":0.5698,"realtor_days_on_market":36,"realtor_days_on_market_yoy":-0.2448,"realtor_days_on_market_base":"NA","zhvi":157818.874,"zhvi_yoy":-0.069,"zhvi_base":0.4642,"zori":"NA","zori_yoy":"NA","zori_base":"NA"}},{"type":"MultiPolygon","arcs":[[[112,113,114,115,-101,116]]],"properties":{"postal_code":"64125","realtor_list_price":103125,"realtor_list_price_yoy":-0.1667,"realtor_list_price_base":"NA","realtor_active_listings":5.333,"realtor_active_listings_yoy":0.3333,"realtor_active_listings_base":0.3385,"realtor_new_listings":2.667,"realtor_new_listings_yoy":3,"realtor_new_listings_base":1.1063,"realtor_days_on_market":41,"realtor_days_on_market_yoy":-0.7405,"realtor_days_on_market_base":"NA","zhvi":90297.434,"zhvi_yoy":0.1077,"zhvi_base":1.7141,"zori":"NA","zori_yoy":"NA","zori_base":"NA"}},{"type":"MultiPolygon","arcs":[[[117,118,-108]]],"properties":{"postal_code":"64780","realtor_list_price":"NA","realtor_list_price_yoy":"NA","realtor_list_price_base":"NA","realtor_active_listings":"NA","realtor_active_listings_yoy":"NA","realtor_active_listings_base":"NA","realtor_new_listings":"NA","realtor_new_listings_yoy":"NA","realtor_new_listings_base":"NA","realtor_days_on_market":"NA","realtor_days_on_market_yoy":"NA","realtor_days_on_market_base":"NA","zhvi":222479.216,"zhvi_yoy":0.0372,"zhvi_base":0.7781,"zori":"NA","zori_yoy":"NA","zori_base":"NA"}},{"type":"MultiPolygon","arcs":[[[119,120,-33,121,122,123,124,125,126,-93,127]]],"properties":{"postal_code":"64079","realtor_list_price":583128.323,"realtor_list_price_yoy":-0.0304,"realtor_list_price_base":0.825,"realtor_active_listings":55,"realtor_active_listings_yoy":-0.0351,"realtor_active_listings_base":-0.0572,"realtor_new_listings":20.667,"realtor_new_listings_yoy":0,"realtor_new_listings_base":-0.3644,"realtor_days_on_market":59.258,"realtor_days_on_market_yoy":-0.0124,"realtor_days_on_market_base":-0.0078,"zhvi":401711.626,"zhvi_yoy":0.0196,"zhvi_base":0.5461,"zori":1921.639,"zori_yoy":"NA","zori_base":"NA"}},{"type":"MultiPolygon","arcs":[[[128,129,130,-38,131,132,133]]],"properties":{"postal_code":"66209","realtor_list_price":888764.286,"realtor_list_price_yoy":0.2719,"realtor_list_price_base":0.8063,"realtor_active_listings":48,"realtor_active_listings_yoy":0.2203,"realtor_active_listings_base":-0.0697,"realtor_new_listings":28,"realtor_new_listings_yoy":0.0769,"realtor_new_listings_base":-0.0956,"realtor_days_on_market":43.238,"realtor_days_on_market_yoy":-0.074,"realtor_days_on_market_base":0.1028,"zhvi":698291.596,"zhvi_yoy":0.0732,"zhvi_base":0.6166,"zori":1520.73,"zori_yoy":"NA","zori_base":"NA"}},{"type":"MultiPolygon","arcs":[[[134,135,136,137,138]]],"properties":{"postal_code":"66219","realtor_list_price":600000,"realtor_list_price_yoy":-0.0458,"realtor_list_price_base":0.5717,"realtor_active_listings":22.667,"realtor_active_listings_yoy":0.2364,"realtor_active_listings_base":0.7189,"realtor_new_listings":6,"realtor_new_listings_yoy":-0.3077,"realtor_new_listings_base":-0.3185,"realtor_days_on_market":88.333,"realtor_days_on_market_yoy":0.1247,"realtor_days_on_market_base":1.0885,"zhvi":466317.44,"zhvi_yoy":0.0435,"zhvi_base":0.6219,"zori":1717.513,"zori_yoy":0.0258,"zori_base":"NA"}},{"type":"MultiPolygon","arcs":[[[139,140,141,142,143,144,145]]],"properties":{"postal_code":"64085","realtor_list_price":238797.917,"realtor_list_price_yoy":-0.1018,"realtor_list_price_base":1.0028,"realtor_active_listings":37.333,"realtor_active_listings_yoy":0.3333,"realtor_active_listings_base":0.2023,"realtor_new_listings":16,"realtor_new_listings_yoy":0.4118,"realtor_new_listings_base":0.152,"realtor_days_on_market":49.083,"realtor_days_on_market_yoy":0.1096,"realtor_days_on_market_base":-0.0409,"zhvi":238891.768,"zhvi_yoy":0.031,"zhvi_base":0.9508,"zori":"NA","zori_yoy":"NA","zori_base":"NA"}},{"type":"MultiPolygon","arcs":[[[146,147,148,149,150,-45]]],"properties":{"postal_code":"66218","realtor_list_price":514285.714,"realtor_list_price_yoy":-0.1502,"realtor_list_price_base":0.1842,"realtor_active_listings":16.333,"realtor_active_listings_yoy":0.1951,"realtor_active_listings_base":-0.6639,"realtor_new_listings":9.333,"realtor_new_listings_yoy":-0.0667,"realtor_new_listings_base":-0.2934,"realtor_days_on_market":35.929,"realtor_days_on_market_yoy":0.0149,"realtor_days_on_market_base":-0.6092,"zhvi":486492.968,"zhvi_yoy":0.0369,"zhvi_base":0.5617,"zori":"NA","zori_yoy":"NA","zori_base":"NA"}},{"type":"MultiPolygon","arcs":[[[151,152,153,154,155,156,-25]]],"properties":{"postal_code":"64465","realtor_list_price":376857.143,"realtor_list_price_yoy":0.0063,"realtor_list_price_base":1.2371,"realtor_active_listings":7,"realtor_active_listings_yoy":-0.3636,"realtor_active_listings_base":-0.4769,"realtor_new_listings":4.667,"realtor_new_listings_yoy":-0.2222,"realtor_new_listings_base":-0.3795,"realtor_days_on_market":35.857,"realtor_days_on_market_yoy":0.0278,"realtor_days_on_market_base":-0.372,"zhvi":273453.739,"zhvi_yoy":0.0579,"zhvi_base":0.7914,"zori":"NA","zori_yoy":"NA","zori_base":"NA"}},{"type":"MultiPolygon","arcs":[[[-63,157,158,159,160,161,162,163,164,165,166]]],"properties":{"postal_code":"64068","realtor_list_price":400883.562,"realtor_list_price_yoy":-0.0979,"realtor_list_price_base":0.5374,"realtor_active_listings":75.333,"realtor_active_listings_yoy":-0.2098,"realtor_active_listings_base":-0.1499,"realtor_new_listings":48.667,"realtor_new_listings_yoy":0.0896,"realtor_new_listings_base":-0.3228,"realtor_days_on_market":34.055,"realtor_days_on_market_yoy":-0.3177,"realtor_days_on_market_base":-0.0987,"zhvi":332058.054,"zhvi_yoy":0.0243,"zhvi_base":0.6394,"zori":1430.212,"zori_yoy":0.0393,"zori_base":"NA"}},{"type":"MultiPolygon","arcs":[[[167,168,-73,169,170]]],"properties":{"postal_code":"64011","realtor_list_price":439075,"realtor_list_price_yoy":-0.0916,"realtor_list_price_base":0.2476,"realtor_active_listings":6.667,"realtor_active_listings_yoy":-0.1667,"realtor_active_listings_base":-0.2085,"realtor_new_listings":1.333,"realtor_new_listings_yoy":-0.6667,"realtor_new_listings_base":-0.7127,"realtor_days_on_market":49.5,"realtor_days_on_market_yoy":0.0722,"realtor_days_on_market_base":0.2716,"zhvi":379526.762,"zhvi_yoy":0.0731,"zhvi_base":0.9335,"zori":"NA","zori_yoy":"NA","zori_base":"NA"}},{"type":"MultiPolygon","arcs":[[[171,-158,-62,172,173]]],"properties":{"postal_code":"64157","realtor_list_price":507889.96,"realtor_list_price_yoy":0.0073,"realtor_list_price_base":0.443,"realtor_active_listings":77,"realtor_active_listings_yoy":0,"realtor_active_listings_base":-0.3446,"realtor_new_listings":33.333,"realtor_new_listings_yoy":0.0638,"realtor_new_listings_base":-0.4823,"realtor_days_on_market":55.56,"realtor_days_on_market_yoy":-0.0525,"realtor_days_on_market_base":0.0144,"zhvi":430968.232,"zhvi_yoy":0.0065,"zhvi_base":0.4828,"zori":2417.5,"zori_yoy":0.0776,"zori_base":"NA"}},{"type":"MultiPolygon","arcs":[[[-60,174,175,176,177,178]]],"properties":{"postal_code":"64118","realtor_list_price":282335.802,"realtor_list_price_yoy":-0.0021,"realtor_list_price_base":0.6205,"realtor_active_listings":75,"realtor_active_listings_yoy":0.3314,"realtor_active_listings_base":0.1542,"realtor_new_listings":54,"realtor_new_listings_yoy":0.125,"realtor_new_listings_base":-0.2769,"realtor_days_on_market":37.407,"realtor_days_on_market_yoy":0.1129,"realtor_days_on_market_base":0.306,"zhvi":271699.032,"zhvi_yoy":0.0252,"zhvi_base":0.7137,"zori":1260.048,"zori_yoy":0.0545,"zori_base":"NA"}},{"type":"MultiPolygon","arcs":[[[-96,179,180,181,182,-20,183,184,185]]],"properties":{"postal_code":"66109","realtor_list_price":425476.389,"realtor_list_price_yoy":0.0246,"realtor_list_price_base":0.4988,"realtor_active_listings":83.333,"realtor_active_listings_yoy":0.1574,"realtor_active_listings_base":-0.213,"realtor_new_listings":36,"realtor_new_listings_yoy":0.0588,"realtor_new_listings_base":-0.3693,"realtor_days_on_market":45.315,"realtor_days_on_market_yoy":-0.0559,"realtor_days_on_market_base":-0.2066,"zhvi":333948.065,"zhvi_yoy":0.027,"zhvi_base":0.6587,"zori":1621.936,"zori_yoy":0.0534,"zori_base":"NA"}},{"type":"MultiPolygon","arcs":[[[-18,186,187,188,189,190,191]]],"properties":{"postal_code":"66075","realtor_list_price":222475,"realtor_list_price_yoy":0.2464,"realtor_list_price_base":2.61,"realtor_active_listings":5.333,"realtor_active_listings_yoy":-0.1111,"realtor_active_listings_base":-0.5584,"realtor_new_listings":1.333,"realtor_new_listings_yoy":-0.6667,"realtor_new_listings_base":-0.7445,"realtor_days_on_market":90,"realtor_days_on_market_yoy":3.6154,"realtor_days_on_market_base":0.1215,"zhvi":175120.948,"zhvi_yoy":0.1124,"zhvi_base":1.1659,"zori":"NA","zori_yoy":"NA","zori_base":"NA"}},{"type":"MultiPolygon","arcs":[[[192,193,194,-70,195,196,-3]]],"properties":{"postal_code":"64080","realtor_list_price":427720.588,"realtor_list_price_yoy":0.1443,"realtor_list_price_base":0.512,"realtor_active_listings":45.333,"realtor_active_listings_yoy":0.3737,"realtor_active_listings_base":-0.1169,"realtor_new_listings":22.667,"realtor_new_listings_yoy":-0.0811,"realtor_new_listings_base":-0.141,"realtor_days_on_market":40.235,"realtor_days_on_market_yoy":0.0454,"realtor_days_on_market_base":-0.3395,"zhvi":373446.474,"zhvi_yoy":0.0482,"zhvi_base":0.6536,"zori":1728.333,"zori_yoy":"NA","zori_base":"NA"}},{"type":"MultiPolygon","arcs":[[[197,198,199,200,-84,201]]],"properties":{"postal_code":"64112","realtor_list_price":405480,"realtor_list_price_yoy":-0.0925,"realtor_list_price_base":-0.0468,"realtor_active_listings":69.333,"realtor_active_listings_yoy":0.1243,"realtor_active_listings_base":-0.1362,"realtor_new_listings":20,"realtor_new_listings_yoy":0.1111,"realtor_new_listings_base":-0.1376,"realtor_days_on_market":62.667,"realtor_days_on_market_yoy":-0.0047,"realtor_days_on_market_base":-0.1912,"zhvi":414652.06,"zhvi_yoy":0.0291,"zhvi_base":0.3592,"zori":1437.863,"zori_yoy":0.0114,"zori_base":"NA"}},{"type":"MultiPolygon","arcs":[[[202,203,204,205,206,207,-103],[208]]],"properties":{"postal_code":"64052","realtor_list_price":201687.5,"realtor_list_price_yoy":0.1226,"realtor_list_price_base":1.2912,"realtor_active_listings":46.333,"realtor_active_listings_yoy":-0.1576,"realtor_active_listings_base":-0.2532,"realtor_new_listings":26.667,"realtor_new_listings_yoy":-0.2157,"realtor_new_listings_base":-0.3574,"realtor_days_on_market":44.5,"realtor_days_on_market_yoy":-0.0107,"realtor_days_on_market_base":0.1098,"zhvi":172924.346,"zhvi_yoy":0.0221,"zhvi_base":0.9801,"zori":1197.056,"zori_yoy":0.0591,"zori_base":"NA"}},{"type":"MultiPolygon","arcs":[[[209,210,211,212,213,214],[215]]],"properties":{"postal_code":"64088","realtor_list_price":525000,"realtor_list_price_yoy":-0.0376,"realtor_list_price_base":"NA","realtor_active_listings":3,"realtor_active_listings_yoy":-0.1,"realtor_active_listings_base":0.0943,"realtor_new_listings":0.667,"realtor_new_listings_yoy":0,"realtor_new_listings_base":-0.1282,"realtor_days_on_market":34,"realtor_days_on_market_yoy":0,"realtor_days_on_market_base":"NA","zhvi":350123.673,"zhvi_yoy":0.0658,"zhvi_base":0.8723,"zori":"NA","zori_yoy":"NA","zori_base":"NA"}},{"type":"MultiPolygon","arcs":[[[216,217,218,219,220]]],"properties":{"postal_code":"64725","realtor_list_price":367245.833,"realtor_list_price_yoy":-0.1511,"realtor_list_price_base":"NA","realtor_active_listings":11.333,"realtor_active_listings_yoy":-0.32,"realtor_active_listings_base":0.4988,"realtor_new_listings":4,"realtor_new_listings_yoy":-0.1429,"realtor_new_listings_base":0.1917,"realtor_days_on_market":80.333,"realtor_days_on_market_yoy":0.5975,"realtor_days_on_market_base":"NA","zhvi":300716.908,"zhvi_yoy":0.0406,"zhvi_base":0.7546,"zori":"NA","zori_yoy":"NA","zori_base":"NA"}},{"type":"MultiPolygon","arcs":[[[221,-47,222,-139,223,224,225,226,227]]],"properties":{"postal_code":"66061","realtor_list_price":611367.675,"realtor_list_price_yoy":-0.0215,"realtor_list_price_base":0.562,"realtor_active_listings":214,"realtor_active_listings_yoy":0.0808,"realtor_active_listings_base":-0.2051,"realtor_new_listings":100.667,"realtor_new_listings_yoy":0.0709,"realtor_new_listings_base":-0.1779,"realtor_days_on_market":54.49,"realtor_days_on_market_yoy":0.0539,"realtor_days_on_market_base":-0.1384,"zhvi":436714.388,"zhvi_yoy":0.0473,"zhvi_base":0.6056,"zori":1783.836,"zori_yoy":0.0412,"zori_base":0.5751}},{"type":"MultiPolygon","arcs":[[[-27,228,229,230,231]]],"properties":{"postal_code":"64492","realtor_list_price":534166.667,"realtor_list_price_yoy":0.0503,"realtor_list_price_base":0.6761,"realtor_active_listings":11,"realtor_active_listings_yoy":0,"realtor_active_listings_base":1.5748,"realtor_new_listings":6,"realtor_new_listings_yoy":1.25,"realtor_new_listings_base":1.0913,"realtor_days_on_market":44.667,"realtor_days_on_market_yoy":-0.1728,"realtor_days_on_market_base":-0.0042,"zhvi":389518.48,"zhvi_yoy":0.0387,"zhvi_base":0.7995,"zori":"NA","zori_yoy":"NA","zori_base":"NA"}},{"type":"MultiPolygon","arcs":[[[-59,232,-173,-64,-167,233,234,-175]]],"properties":{"postal_code":"64119","realtor_list_price":300554.054,"realtor_list_price_yoy":0.0991,"realtor_list_price_base":0.3051,"realtor_active_listings":68,"realtor_active_listings_yoy":-0.0049,"realtor_active_listings_base":-0.2417,"realtor_new_listings":49.333,"realtor_new_listings_yoy":-0.039,"realtor_new_listings_base":-0.2924,"realtor_days_on_market":33.743,"realtor_days_on_market_yoy":-0.0476,"realtor_days_on_market_base":-0.0436,"zhvi":261747.19,"zhvi_yoy":0.0109,"zhvi_base":0.6665,"zori":1688.95,"zori_yoy":0.0588,"zori_base":"NA"}},{"type":"MultiPolygon","arcs":[[[-98,235,236,237,238,239]]],"properties":{"postal_code":"66086","realtor_list_price":457417.857,"realtor_list_price_yoy":-0.063,"realtor_list_price_base":0.7529,"realtor_active_listings":41.333,"realtor_active_listings_yoy":-0.0388,"realtor_active_listings_base":-0.09,"realtor_new_listings":18.667,"realtor_new_listings_yoy":0.4,"realtor_new_listings_base":-0.1073,"realtor_days_on_market":59.286,"realtor_days_on_market_yoy":0.004,"realtor_days_on_market_base":0.0043,"zhvi":378992.951,"zhvi_yoy":0.0477,"zhvi_base":0.8336,"zori":"NA","zori_yoy":"NA","zori_base":"NA"}},{"type":"MultiPolygon","arcs":[[[240,-188,241,-110,242]]],"properties":{"postal_code":"64752","realtor_list_price":"NA","realtor_list_price_yoy":"NA","realtor_list_price_base":"NA","realtor_active_listings":1,"realtor_active_listings_yoy":-0.25,"realtor_active_listings_base":"NA","realtor_new_listings":0,"realtor_new_listings_yoy":"NaN","realtor_new_listings_base":"NA","realtor_days_on_market":"NA","realtor_days_on_market_yoy":"NA","realtor_days_on_market_base":"NA","zhvi":209149.522,"zhvi_yoy":0.0382,"zhvi_base":0.5862,"zori":"NA","zori_yoy":"NA","zori_base":"NA"}},{"type":"MultiPolygon","arcs":[[[243,244,245,246,247]]],"properties":{"postal_code":"64136","realtor_list_price":360000,"realtor_list_price_yoy":0.0435,"realtor_list_price_base":"NA","realtor_active_listings":16.667,"realtor_active_listings_yoy":4.5556,"realtor_active_listings_base":4.7466,"realtor_new_listings":0.667,"realtor_new_listings_yoy":-0.75,"realtor_new_listings_base":2.0896,"realtor_days_on_market":152,"realtor_days_on_market_yoy":3.5714,"realtor_days_on_market_base":"NA","zhvi":270695.746,"zhvi_yoy":0.0489,"zhvi_base":0.6819,"zori":"NA","zori_yoy":"NA","zori_base":"NA"}},{"type":"MultiPolygon","arcs":[[[248,249,-203,-102,-116,250]]],"properties":{"postal_code":"64053","realtor_list_price":151233.333,"realtor_list_price_yoy":0.0097,"realtor_list_price_base":1.4776,"realtor_active_listings":21.333,"realtor_active_listings_yoy":0.1228,"realtor_active_listings_base":0.4728,"realtor_new_listings":10,"realtor_new_listings_yoy":0.25,"realtor_new_listings_base":0.0858,"realtor_days_on_market":68.733,"realtor_days_on_market_yoy":0.5388,"realtor_days_on_market_base":0.0626,"zhvi":125065.177,"zhvi_yoy":-0.0048,"zhvi_base":1.3556,"zori":1028,"zori_yoy":"NA","zori_base":"NA"}},{"type":"MultiPolygon","arcs":[[[-9,251,252,253,254,255]]],"properties":{"postal_code":"64030","realtor_list_price":264822.727,"realtor_list_price_yoy":0.1144,"realtor_list_price_base":1.0495,"realtor_active_listings":44,"realtor_active_listings_yoy":-0.2865,"realtor_active_listings_base":0.0159,"realtor_new_listings":29.333,"realtor_new_listings_yoy":-0.2903,"realtor_new_listings_base":-0.3926,"realtor_days_on_market":40.545,"realtor_days_on_market_yoy":-0.013,"realtor_days_on_market_base":0.5153,"zhvi":222799.74,"zhvi_yoy":0.0414,"zhvi_base":0.8942,"zori":1399.445,"zori_yoy":0.0599,"zori_base":0.7249}},{"type":"MultiPolygon","arcs":[[[256,257,258,259,-51,260]]],"properties":{"postal_code":"64106","realtor_list_price":273110.938,"realtor_list_price_yoy":0.0365,"realtor_list_price_base":0.4323,"realtor_active_listings":55.667,"realtor_active_listings_yoy":0.2101,"realtor_active_listings_base":0.5406,"realtor_new_listings":10.667,"realtor_new_listings_yoy":0.6,"realtor_new_listings_base":-0.0438,"realtor_days_on_market":73.062,"realtor_days_on_market_yoy":0.0363,"realtor_days_on_market_base":0.0729,"zhvi":214740.11,"zhvi_yoy":-0.0784,"zhvi_base":0.2468,"zori":1797.758,"zori_yoy":0.0584,"zori_base":"NA"}},{"type":"MultiPolygon","arcs":[[[-151,261,-135,-223,-46]]],"properties":{"postal_code":"66220","realtor_list_price":874183.81,"realtor_list_price_yoy":0.068,"realtor_list_price_base":0.6175,"realtor_active_listings":54.333,"realtor_active_listings_yoy":-0.1726,"realtor_active_listings_base":-0.1153,"realtor_new_listings":14,"realtor_new_listings_yoy":-0.16,"realtor_new_listings_base":-0.1157,"realtor_days_on_market":78.524,"realtor_days_on_market_yoy":0.1328,"realtor_days_on_market_base":0.0961,"zhvi":689218.31,"zhvi_yoy":0.0461,"zhvi_base":0.5391,"zori":1717.778,"zori_yoy":"NA","zori_base":"NA"}},{"type":"MultiPolygon","arcs":[[[262,263,-261,-50,-77,-34,264]]],"properties":{"postal_code":"64105","realtor_list_price":189730.769,"realtor_list_price_yoy":-0.1545,"realtor_list_price_base":0.178,"realtor_active_listings":41.667,"realtor_active_listings_yoy":0.1682,"realtor_active_listings_base":0.7185,"realtor_new_listings":8.667,"realtor_new_listings_yoy":-0.3158,"realtor_new_listings_base":0.2116,"realtor_days_on_market":89.923,"realtor_days_on_market_yoy":0.731,"realtor_days_on_market_base":0.572,"zhvi":189580.998,"zhvi_yoy":-0.0484,"zhvi_base":0.2654,"zori":1452.074,"zori_yoy":0.012,"zori_base":"NA"}},{"type":"MultiPolygon","arcs":[[[-165,265,266,-215,267,268,269,270]]],"properties":{"postal_code":"64058","realtor_list_price":290945.312,"realtor_list_price_yoy":0.0811,"realtor_list_price_base":0.6953,"realtor_active_listings":13.667,"realtor_active_listings_yoy":-0.0465,"realtor_active_listings_base":0.1771,"realtor_new_listings":10.667,"realtor_new_listings_yoy":-0.1579,"realtor_new_listings_base":-0.0288,"realtor_days_on_market":24.688,"realtor_days_on_market_yoy":-0.2495,"realtor_days_on_market_base":-0.2706,"zhvi":256742.991,"zhvi_yoy":0.0248,"zhvi_base":0.7501,"zori":"NA","zori_yoy":"NA","zori_base":"NA"}},{"type":"MultiPolygon","arcs":[[[-212,271,272,-168,273]]],"properties":{"postal_code":"64074","realtor_list_price":"NA","realtor_list_price_yoy":"NA","realtor_list_price_base":"NA","realtor_active_listings":"NA","realtor_active_listings_yoy":"NA","realtor_active_listings_base":"NA","realtor_new_listings":"NA","realtor_new_listings_yoy":"NA","realtor_new_listings_base":"NA","realtor_days_on_market":"NA","realtor_days_on_market_yoy":"NA","realtor_days_on_market_base":"NA","zhvi":323094.981,"zhvi_yoy":0.0632,"zhvi_base":0.9226,"zori":"NA","zori_yoy":"NA","zori_base":"NA"}},{"type":"MultiPolygon","arcs":[[[274,275,-244,276,277]]],"properties":{"postal_code":"64133","realtor_list_price":244295.946,"realtor_list_price_yoy":0.0214,"realtor_list_price_base":0.9256,"realtor_active_listings":95,"realtor_active_listings_yoy":0.0142,"realtor_active_listings_base":0.2284,"realtor_new_listings":49.333,"realtor_new_listings_yoy":-0.1395,"realtor_new_listings_base":-0.2782,"realtor_days_on_market":41.405,"realtor_days_on_market_yoy":0.099,"realtor_days_on_market_base":0.19,"zhvi":216517.566,"zhvi_yoy":0.0243,"zhvi_base":0.8239,"zori":1344.915,"zori_yoy":0.0224,"zori_base":0.5757}},{"type":"MultiPolygon","arcs":[[[278,279,280,281,282,283,284]]],"properties":{"postal_code":"64029","realtor_list_price":434071.692,"realtor_list_price_yoy":0.0269,"realtor_list_price_base":0.6733,"realtor_active_listings":47.333,"realtor_active_listings_yoy":0.0441,"realtor_active_listings_base":-0.2911,"realtor_new_listings":26,"realtor_new_listings_yoy":-0.025,"realtor_new_listings_base":-0.3114,"realtor_days_on_market":46.282,"realtor_days_on_market_yoy":0.14,"realtor_days_on_market_base":-0.0857,"zhvi":332268.138,"zhvi_yoy":0.0077,"zhvi_base":0.5478,"zori":1681.056,"zori_yoy":0.0375,"zori_base":"NA"}},{"type":"MultiPolygon","arcs":[[[285,286,287,288,289,290,291,292,-149,293]]],"properties":{"postal_code":"66106","realtor_list_price":233335.15,"realtor_list_price_yoy":0.0416,"realtor_list_price_base":1.2982,"realtor_active_listings":32.667,"realtor_active_listings_yoy":-0.1009,"realtor_active_listings_base":0.2059,"realtor_new_listings":26.667,"realtor_new_listings_yoy":0.0256,"realtor_new_listings_base":-0.0537,"realtor_days_on_market":36.85,"realtor_days_on_market_yoy":0.0871,"realtor_days_on_market_base":-0.137,"zhvi":212345.365,"zhvi_yoy":0.0292,"zhvi_base":0.8526,"zori":1566.667,"zori_yoy":0.1078,"zori_base":"NA"}},{"type":"MultiPolygon","arcs":[[[-260,294,-117,-105,295,296,-79,-52]]],"properties":{"postal_code":"64127","realtor_list_price":132702,"realtor_list_price_yoy":-0.0517,"realtor_list_price_base":1.9213,"realtor_active_listings":50.333,"realtor_active_listings_yoy":-0.0679,"realtor_active_listings_base":0.7303,"realtor_new_listings":16.667,"realtor_new_listings_yoy":-0.0385,"realtor_new_listings_base":0.4054,"realtor_days_on_market":61.72,"realtor_days_on_market_yoy":0.2889,"realtor_days_on_market_base":0.0685,"zhvi":91674.143,"zhvi_yoy":-0.0019,"zhvi_base":1.4509,"zori":1349.917,"zori_yoy":0.1488,"zori_base":"NA"}},{"type":"MultiPolygon","arcs":[[[297,298,-280,299,300,301]]],"properties":{"postal_code":"64057","realtor_list_price":336137.5,"realtor_list_price_yoy":-0.0005,"realtor_list_price_base":0.4452,"realtor_active_listings":33,"realtor_active_listings_yoy":0.1379,"realtor_active_listings_base":-0.1598,"realtor_new_listings":16,"realtor_new_listings_yoy":-0.0769,"realtor_new_listings_base":-0.2694,"realtor_days_on_market":46.5,"realtor_days_on_market_yoy":0.2807,"realtor_days_on_market_base":0.0922,"zhvi":295683.051,"zhvi_yoy":0.0332,"zhvi_base":0.6322,"zori":1508.873,"zori_yoy":0.0319,"zori_base":"NA"}},{"type":"MultiPolygon","arcs":[[[-269,302,-299,303]]],"properties":{"postal_code":"64056","realtor_list_price":323663.889,"realtor_list_price_yoy":0.2283,"realtor_list_price_base":0.9722,"realtor_active_listings":45.333,"realtor_active_listings_yoy":0,"realtor_active_listings_base":0.4092,"realtor_new_listings":24,"realtor_new_listings_yoy":-0.0769,"realtor_new_listings_base":-0.0278,"realtor_days_on_market":55.583,"realtor_days_on_market_yoy":0.3557,"realtor_days_on_market_base":0.515,"zhvi":233058.889,"zhvi_yoy":0.0386,"zhvi_base":0.8206,"zori":1687.778,"zori_yoy":0.0599,"zori_base":"NA"}},{"type":"MultiPolygon","arcs":[[[-184,-22,304,-294,-148,305,306]]],"properties":{"postal_code":"66111","realtor_list_price":310970,"realtor_list_price_yoy":-0.1102,"realtor_list_price_base":1.2046,"realtor_active_listings":13.667,"realtor_active_listings_yoy":-0.3387,"realtor_active_listings_base":-0.0791,"realtor_new_listings":6.667,"realtor_new_listings_yoy":-0.375,"realtor_new_listings_base":-0.4232,"realtor_days_on_market":53,"realtor_days_on_market_yoy":0.097,"realtor_days_on_market_base":0.5245,"zhvi":259896.074,"zhvi_yoy":0.021,"zhvi_base":0.7866,"zori":1528.778,"zori_yoy":"NA","zori_base":"NA"}},{"type":"MultiPolygon","arcs":[[[-100]]],"properties":{"postal_code":"66043","realtor_list_price":397570,"realtor_list_price_yoy":0.0664,"realtor_list_price_base":0.395,"realtor_active_listings":15.667,"realtor_active_listings_yoy":-0.0784,"realtor_active_listings_base":-0.5574,"realtor_new_listings":6.667,"realtor_new_listings_yoy":-0.2857,"realtor_new_listings_base":-0.5961,"realtor_days_on_market":61.4,"realtor_days_on_market_yoy":0.6955,"realtor_days_on_market_base":0.0092,"zhvi":327217.401,"zhvi_yoy":0.0495,"zhvi_base":0.6752,"zori":"NA","zori_yoy":"NA","zori_base":"NA"}},{"type":"MultiPolygon","arcs":[[[307,308,309,310,311,312]]],"properties":{"postal_code":"66214","realtor_list_price":401133.333,"realtor_list_price_yoy":-0.0132,"realtor_list_price_base":0.7722,"realtor_active_listings":8,"realtor_active_listings_yoy":-0.4545,"realtor_active_listings_base":-0.2754,"realtor_new_listings":10,"realtor_new_listings_yoy":0.0714,"realtor_new_listings_base":-0.3281,"realtor_days_on_market":20.333,"realtor_days_on_market_yoy":-0.4261,"realtor_days_on_market_base":-0.0413,"zhvi":387463.514,"zhvi_yoy":0.0524,"zhvi_base":0.6623,"zori":1209.093,"zori_yoy":-0.0537,"zori_base":"NA"}},{"type":"MultiPolygon","arcs":[[[313,-231,314,-160,315,-28,316,317,318,-123]]],"properties":{"postal_code":"64089","realtor_list_price":390515.152,"realtor_list_price_yoy":-0.1567,"realtor_list_price_base":0.3722,"realtor_active_listings":36.667,"realtor_active_listings_yoy":-0.2994,"realtor_active_listings_base":-0.2649,"realtor_new_listings":22,"realtor_new_listings_yoy":-0.1316,"realtor_new_listings_base":-0.2313,"realtor_days_on_market":57.727,"realtor_days_on_market_yoy":0.1342,"realtor_days_on_market_base":0.3139,"zhvi":384484.052,"zhvi_yoy":0.0208,"zhvi_base":0.6125,"zori":"NA","zori_yoy":"NA","zori_base":"NA"}},{"type":"MultiPolygon","arcs":[[[319,320,-178,321,322,323]]],"properties":{"postal_code":"64150","realtor_list_price":832083.333,"realtor_list_price_yoy":-0.0206,"realtor_list_price_base":1.4437,"realtor_active_listings":20,"realtor_active_listings_yoy":-0.1176,"realtor_active_listings_base":0.282,"realtor_new_listings":2,"realtor_new_listings_yoy":-0.6667,"realtor_new_listings_base":-0.5805,"realtor_days_on_market":148.333,"realtor_days_on_market_yoy":0.5469,"realtor_days_on_market_base":1.534,"zhvi":487942.269,"zhvi_yoy":0.0346,"zhvi_base":0.6023,"zori":"NA","zori_yoy":"NA","zori_base":"NA"}},{"type":"MultiPolygon","arcs":[[[324,325,326]]],"properties":{"postal_code":"64788","realtor_list_price":349000,"realtor_list_price_yoy":0.2414,"realtor_list_price_base":"NA","realtor_active_listings":10.333,"realtor_active_listings_yoy":0.9375,"realtor_active_listings_base":1.7631,"realtor_new_listings":2,"realtor_new_listings_yoy":-0.4,"realtor_new_listings_base":4.1786,"realtor_days_on_market":19,"realtor_days_on_market_yoy":-0.246,"realtor_days_on_market_base":"NA","zhvi":282904.202,"zhvi_yoy":0.0729,"zhvi_base":0.9793,"zori":"NA","zori_yoy":"NA","zori_base":"NA"}},{"type":"MultiPolygon","arcs":[[[-300,-279,327,328]]],"properties":{"postal_code":"64014","realtor_list_price":428659.662,"realtor_list_price_yoy":0.0055,"realtor_list_price_base":0.4818,"realtor_active_listings":76,"realtor_active_listings_yoy":0.0364,"realtor_active_listings_base":0.0613,"realtor_new_listings":45.333,"realtor_new_listings_yoy":-0.0811,"realtor_new_listings_base":-0.0894,"realtor_days_on_market":55.103,"realtor_days_on_market_yoy":0.0822,"realtor_days_on_market_base":-0.0574,"zhvi":305486.502,"zhvi_yoy":0.0159,"zhvi_base":0.5899,"zori":1723.152,"zori_yoy":0.0348,"zori_base":"NA"}},{"type":"MultiPolygon","arcs":[[[329,330,331,332]]],"properties":{"postal_code":"64001","realtor_list_price":"NA","realtor_list_price_yoy":"NA","realtor_list_price_base":"NA","realtor_active_listings":2.667,"realtor_active_listings_yoy":0.3333,"realtor_active_listings_base":0.781,"realtor_new_listings":0,"realtor_new_listings_yoy":"NaN","realtor_new_listings_base":"NA","realtor_days_on_market":"NA","realtor_days_on_market_yoy":"NA","realtor_days_on_market_base":"NA","zhvi":219687.85,"zhvi_yoy":0.0848,"zhvi_base":1.0209,"zori":"NA","zori_yoy":"NA","zori_base":"NA"}},{"type":"MultiPolygon","arcs":[[[-81,333,334,335,336,337]]],"properties":{"postal_code":"64130","realtor_list_price":130150.455,"realtor_list_price_yoy":-0.0071,"realtor_list_price_base":2.1604,"realtor_active_listings":101.667,"realtor_active_listings_yoy":0.0664,"realtor_active_listings_base":0.5616,"realtor_new_listings":36.667,"realtor_new_listings_yoy":0,"realtor_new_listings_base":0.2659,"realtor_days_on_market":60.182,"realtor_days_on_market_yoy":0.1278,"realtor_days_on_market_base":0.2372,"zhvi":104600.735,"zhvi_yoy":-0.0137,"zhvi_base":1.5058,"zori":1343.98,"zori_yoy":0.1064,"zori_base":"NA"}},{"type":"MultiPolygon","arcs":[[[-234,-166,-271,338,339,-249,340,341]]],"properties":{"postal_code":"64161","realtor_list_price":225000,"realtor_list_price_yoy":0.7321,"realtor_list_price_base":"NA","realtor_active_listings":1,"realtor_active_listings_yoy":0.5,"realtor_active_listings_base":-0.3014,"realtor_new_listings":1.333,"realtor_new_listings_yoy":0,"realtor_new_listings_base":"NA","realtor_days_on_market":4,"realtor_days_on_market_yoy":1,"realtor_days_on_market_base":"NA","zhvi":208625.022,"zhvi_yoy":0.0311,"zhvi_base":"NA","zori":"NA","zori_yoy":"NA","zori_base":"NA"}},{"type":"MultiPolygon","arcs":[[[-209]],[[-339,-270,-304,-298,342,-206,-205,343]]],"properties":{"postal_code":"64050","realtor_list_price":183970.93,"realtor_list_price_yoy":-0.0565,"realtor_list_price_base":1.0049,"realtor_active_listings":55,"realtor_active_listings_yoy":0.1224,"realtor_active_listings_base":-0.0755,"realtor_new_listings":28.667,"realtor_new_listings_yoy":0.1944,"realtor_new_listings_base":-0.2054,"realtor_days_on_market":42.209,"realtor_days_on_market_yoy":-0.0321,"realtor_days_on_market_base":-0.0449,"zhvi":179341.567,"zhvi_yoy":0.061,"zhvi_base":1.0113,"zori":1235.771,"zori_yoy":0.0434,"zori_base":"NA"}},{"type":"MultiPolygon","arcs":[[[344,-68,345,346,-131,347,348]]],"properties":{"postal_code":"66211","realtor_list_price":828839.286,"realtor_list_price_yoy":-0.0005,"realtor_list_price_base":-0.1817,"realtor_active_listings":17.333,"realtor_active_listings_yoy":0.2683,"realtor_active_listings_base":-0.438,"realtor_new_listings":9.333,"realtor_new_listings_yoy":-0.0667,"realtor_new_listings_base":0.3253,"realtor_days_on_market":44.143,"realtor_days_on_market_yoy":0.2983,"realtor_days_on_market_base":-0.4367,"zhvi":804909.995,"zhvi_yoy":0.0714,"zhvi_base":0.6285,"zori":2004.972,"zori_yoy":"NA","zori_base":"NA"}},{"type":"MultiPolygon","arcs":[[[349,350,351,352,353,354]]],"properties":{"postal_code":"66083","realtor_list_price":488850.898,"realtor_list_price_yoy":0.1006,"realtor_list_price_base":0.4237,"realtor_active_listings":83,"realtor_active_listings_yoy":0.0081,"realtor_active_listings_base":0.1123,"realtor_new_listings":39.333,"realtor_new_listings_yoy":0.2292,"realtor_new_listings_base":0.5537,"realtor_days_on_market":94.983,"realtor_days_on_market_yoy":0.3549,"realtor_days_on_market_base":0.3157,"zhvi":417742.267,"zhvi_yoy":-0.0003,"zhvi_base":0.5841,"zori":2112.389,"zori_yoy":"NA","zori_base":"NA"}},{"type":"MultiPolygon","arcs":[[[355,356,-180,-95]]],"properties":{"postal_code":"64092","realtor_list_price":"NA","realtor_list_price_yoy":"NA","realtor_list_price_base":"NA","realtor_active_listings":1,"realtor_active_listings_yoy":0,"realtor_active_listings_base":"NA","realtor_new_listings":0,"realtor_new_listings_yoy":"NaN","realtor_new_listings_base":"NA","realtor_days_on_market":"NA","realtor_days_on_market_yoy":"NA","realtor_days_on_market_base":"NA","zhvi":"NA","zhvi_yoy":"NA","zhvi_base":"NA","zori":"NA","zori_yoy":"NA","zori_base":"NA"}},{"type":"MultiPolygon","arcs":[[[357,358,359,-142,360]]],"properties":{"postal_code":"64637","realtor_list_price":"NA","realtor_list_price_yoy":"NA","realtor_list_price_base":"NA","realtor_active_listings":1,"realtor_active_listings_yoy":-0.25,"realtor_active_listings_base":"NA","realtor_new_listings":0,"realtor_new_listings_yoy":"NaN","realtor_new_listings_base":"NA","realtor_days_on_market":"NA","realtor_days_on_market_yoy":"NA","realtor_days_on_market_base":"NA","zhvi":328705.082,"zhvi_yoy":0.0884,"zhvi_base":1.1932,"zori":"NA","zori_yoy":"NA","zori_base":"NA"}},{"type":"MultiPolygon","arcs":[[[361,-125,362,363,364,-356,-94,-127]]],"properties":{"postal_code":"64153","realtor_list_price":602863.636,"realtor_list_price_yoy":-0.0404,"realtor_list_price_base":0.9258,"realtor_active_listings":24.333,"realtor_active_listings_yoy":0.6222,"realtor_active_listings_base":0.5301,"realtor_new_listings":7.333,"realtor_new_listings_yoy":0.1,"realtor_new_listings_base":-0.0584,"realtor_days_on_market":62.091,"realtor_days_on_market_yoy":0.028,"realtor_days_on_market_base":0.1443,"zhvi":374085.544,"zhvi_yoy":0.0202,"zhvi_base":0.5935,"zori":1548.347,"zori_yoy":"NA","zori_base":"NA"}},{"type":"MultiPolygon","arcs":[[[365,366,-61,367,-364]]],"properties":{"postal_code":"64154","realtor_list_price":503141.314,"realtor_list_price_yoy":-0.0003,"realtor_list_price_base":0.3671,"realtor_active_listings":54,"realtor_active_listings_yoy":0.1571,"realtor_active_listings_base":-0.0171,"realtor_new_listings":23.333,"realtor_new_listings_yoy":0.2963,"realtor_new_listings_base":0.1028,"realtor_days_on_market":47.743,"realtor_days_on_market_yoy":-0.2778,"realtor_days_on_market_base":-0.3395,"zhvi":428417.765,"zhvi_yoy":0.0073,"zhvi_base":0.4403,"zori":1582.271,"zori_yoy":-0.0062,"zori_base":"NA"}},{"type":"MultiPolygon","arcs":[[[368,-30,-174,-233,-58]]],"properties":{"postal_code":"64156","realtor_list_price":541054.231,"realtor_list_price_yoy":0.0365,"realtor_list_price_base":0.5802,"realtor_active_listings":60.667,"realtor_active_listings_yoy":-0.1374,"realtor_active_listings_base":0.2415,"realtor_new_listings":17.333,"realtor_new_listings_yoy":-0.0714,"realtor_new_listings_base":0.0388,"realtor_days_on_market":61.538,"realtor_days_on_market_yoy":-0.0564,"realtor_days_on_market_base":-0.012,"zhvi":468382.979,"zhvi_yoy":0.0111,"zhvi_base":0.4593,"zori":2033.75,"zori_yoy":"NA","zori_base":"NA"}},{"type":"MultiPolygon","arcs":[[[-319,369,-366,-363,-124]]],"properties":{"postal_code":"64163","realtor_list_price":316250,"realtor_list_price_yoy":0.0057,"realtor_list_price_base":"NA","realtor_active_listings":3,"realtor_active_listings_yoy":-0.64,"realtor_active_listings_base":-0.3673,"realtor_new_listings":0.667,"realtor_new_listings_yoy":-0.75,"realtor_new_listings_base":0.2608,"realtor_days_on_market":25,"realtor_days_on_market_yoy":-0.569,"realtor_days_on_market_base":"NA","zhvi":300302.292,"zhvi_yoy":0.0246,"zhvi_base":0.7931,"zori":"NA","zori_yoy":"NA","zori_base":"NA"}},{"type":"MultiPolygon","arcs":[[[-316,-159,-172,-29]]],"properties":{"postal_code":"64167","realtor_list_price":"NA","realtor_list_price_yoy":"NA","realtor_list_price_base":"NA","realtor_active_listings":"NA","realtor_active_listings_yoy":"NA","realtor_active_listings_base":"NA","realtor_new_listings":"NA","realtor_new_listings_yoy":"NA","realtor_new_listings_base":"NA","realtor_days_on_market":"NA","realtor_days_on_market_yoy":"NA","realtor_days_on_market_base":"NA","zhvi":628965.102,"zhvi_yoy":0.046,"zhvi_base":"NA","zori":"NA","zori_yoy":"NA","zori_base":"NA"}},{"type":"MultiPolygon","arcs":[[[370,371,372,373,374]]],"properties":{"postal_code":"66085","realtor_list_price":772839.667,"realtor_list_price_yoy":-0.0479,"realtor_list_price_base":0.4627,"realtor_active_listings":74.667,"realtor_active_listings_yoy":0.098,"realtor_active_listings_base":-0.2945,"realtor_new_listings":26,"realtor_new_listings_yoy":0.625,"realtor_new_listings_base":0.0201,"realtor_days_on_market":56.769,"realtor_days_on_market_yoy":-0.0296,"realtor_days_on_market_base":-0.1921,"zhvi":673223.065,"zhvi_yoy":0.039,"zhvi_base":0.5777,"zori":"NA","zori_yoy":"NA","zori_base":"NA"}},{"type":"MultiPolygon","arcs":[[[375,376,377]]],"properties":{"postal_code":"66097","realtor_list_price":"NA","realtor_list_price_yoy":"NA","realtor_list_price_base":"NA","realtor_active_listings":1,"realtor_active_listings_yoy":-0.25,"realtor_active_listings_base":-0.8023,"realtor_new_listings":0,"realtor_new_listings_yoy":-1,"realtor_new_listings_base":-1,"realtor_days_on_market":"NA","realtor_days_on_market_yoy":"NA","realtor_days_on_market_base":"NA","zhvi":271089.42,"zhvi_yoy":0.1172,"zhvi_base":1.0698,"zori":"NA","zori_yoy":"NA","zori_base":"NA"}},{"type":"MultiPolygon","arcs":[[[378,379,380,381]]],"properties":{"postal_code":"66101","realtor_list_price":167307.692,"realtor_list_price_yoy":-0.076,"realtor_list_price_base":1.768,"realtor_active_listings":23,"realtor_active_listings_yoy":-0.1977,"realtor_active_listings_base":0.8071,"realtor_new_listings":8.667,"realtor_new_listings_yoy":0.0833,"realtor_new_listings_base":0.1841,"realtor_days_on_market":47.462,"realtor_days_on_market_yoy":-0.2079,"realtor_days_on_market_base":0.0086,"zhvi":130115.422,"zhvi_yoy":0.0461,"zhvi_base":1.6078,"zori":1246.2,"zori_yoy":"NA","zori_base":"NA"}},{"type":"MultiPolygon","arcs":[[[-183,382,-382,383,-286,-305,-21]]],"properties":{"postal_code":"66102","realtor_list_price":196838.587,"realtor_list_price_yoy":0.0475,"realtor_list_price_base":1.4965,"realtor_active_listings":61,"realtor_active_listings_yoy":0.2979,"realtor_active_listings_base":0.77,"realtor_new_listings":30.667,"realtor_new_listings_yoy":0.1795,"realtor_new_listings_base":0.2732,"realtor_days_on_market":46.87,"realtor_days_on_market_yoy":-0.1105,"realtor_days_on_market_base":0.2151,"zhvi":156870.161,"zhvi_yoy":0.0157,"zhvi_base":1.3444,"zori":1035.556,"zori_yoy":0.1017,"zori_base":"NA"}},{"type":"MultiPolygon","arcs":[[[384,385,-55,386,387,388,-199,389,-288]]],"properties":{"postal_code":"66103","realtor_list_price":247360.526,"realtor_list_price_yoy":-0.0083,"realtor_list_price_base":1.0216,"realtor_active_listings":23.333,"realtor_active_listings_yoy":-0.0909,"realtor_active_listings_base":0.484,"realtor_new_listings":12.667,"realtor_new_listings_yoy":-0.2692,"realtor_new_listings_base":-0.0536,"realtor_days_on_market":43.421,"realtor_days_on_market_yoy":0.5812,"realtor_days_on_market_base":0.1493,"zhvi":206622.529,"zhvi_yoy":0.0104,"zhvi_base":0.9125,"zori":1189.469,"zori_yoy":0.0437,"zori_base":"NA"}},{"type":"MultiPolygon","arcs":[[[-384,-381,390,-385,-287]]],"properties":{"postal_code":"66105","realtor_list_price":"NA","realtor_list_price_yoy":"NA","realtor_list_price_base":"NA","realtor_active_listings":"NA","realtor_active_listings_yoy":"NA","realtor_active_listings_base":"NA","realtor_new_listings":"NA","realtor_new_listings_yoy":"NA","realtor_new_listings_base":"NA","realtor_days_on_market":"NA","realtor_days_on_market_yoy":"NA","realtor_days_on_market_base":"NA","zhvi":127285.519,"zhvi_yoy":0.0892,"zhvi_base":1.6334,"zori":"NA","zori_yoy":"NA","zori_base":"NA"}},{"type":"MultiPolygon","arcs":[[[391,-358,392,-154,393]]],"properties":{"postal_code":"64650","realtor_list_price":"NA","realtor_list_price_yoy":"NA","realtor_list_price_base":"NA","realtor_active_listings":1.333,"realtor_active_listings_yoy":-0.4286,"realtor_active_listings_base":-0.3449,"realtor_new_listings":0,"realtor_new_listings_yoy":-1,"realtor_new_listings_base":-1,"realtor_days_on_market":"NA","realtor_days_on_market_yoy":"NA","realtor_days_on_market_base":"NA","zhvi":268219.023,"zhvi_yoy":0.0485,"zhvi_base":0.9644,"zori":"NA","zori_yoy":"NA","zori_base":"NA"}},{"type":"MultiPolygon","arcs":[[[-292,394,-313,395,396]]],"properties":{"postal_code":"66216","realtor_list_price":434349.074,"realtor_list_price_yoy":-0.1073,"realtor_list_price_base":0.4615,"realtor_active_listings":40.333,"realtor_active_listings_yoy":0.2872,"realtor_active_listings_base":-0.1826,"realtor_new_listings":36,"realtor_new_listings_yoy":0.1739,"realtor_new_listings_base":-0.1019,"realtor_days_on_market":32.815,"realtor_days_on_market_yoy":0.0922,"realtor_days_on_market_base":-0.0663,"zhvi":419160.289,"zhvi_yoy":0.0537,"zhvi_base":0.6276,"zori":1758.907,"zori_yoy":0.0057,"zori_base":"NA"}},{"type":"MultiPolygon","arcs":[[[-293,-397,-136,-262,-150]]],"properties":{"postal_code":"66217","realtor_list_price":617245.167,"realtor_list_price_yoy":0.0273,"realtor_list_price_base":0.3034,"realtor_active_listings":12.667,"realtor_active_listings_yoy":-0.1915,"realtor_active_listings_base":-0.4313,"realtor_new_listings":4,"realtor_new_listings_yoy":-0.1429,"realtor_new_listings_base":-0.4535,"realtor_days_on_market":57,"realtor_days_on_market_yoy":0.1368,"realtor_days_on_market_base":-0.2258,"zhvi":594687.691,"zhvi_yoy":0.0455,"zhvi_base":0.6028,"zori":"NA","zori_yoy":"NA","zori_base":"NA"}},{"type":"MultiPolygon","arcs":[[[397,398,-375,399,400]]],"properties":{"postal_code":"66221","realtor_list_price":958845.455,"realtor_list_price_yoy":0.0372,"realtor_list_price_base":0.5623,"realtor_active_listings":110.667,"realtor_active_listings_yoy":-0.0674,"realtor_active_listings_base":-0.414,"realtor_new_listings":36.667,"realtor_new_listings_yoy":-0.1791,"realtor_new_listings_base":-0.1938,"realtor_days_on_market":54.327,"realtor_days_on_market_yoy":-0.1875,"realtor_days_on_market_base":-0.2386,"zhvi":811693.258,"zhvi_yoy":0.0387,"zhvi_base":0.5266,"zori":1855.611,"zori_yoy":"NA","zori_base":"NA"}},{"type":"MultiPolygon","arcs":[[[401,-133,402,-371,-399]]],"properties":{"postal_code":"66223","realtor_list_price":567638.71,"realtor_list_price_yoy":0.0348,"realtor_list_price_base":0.7645,"realtor_active_listings":25.333,"realtor_active_listings_yoy":-0.1163,"realtor_active_listings_base":-0.6585,"realtor_new_listings":20.667,"realtor_new_listings_yoy":0.0333,"realtor_new_listings_base":-0.3451,"realtor_days_on_market":42,"realtor_days_on_market_yoy":0.2831,"realtor_days_on_market_base":-0.2526,"zhvi":503431.548,"zhvi_yoy":0.0356,"zhvi_base":0.5538,"zori":2035.623,"zori_yoy":0.0412,"zori_base":"NA"}},{"type":"MultiPolygon","arcs":[[[-132,-43,403,-372,-403]]],"properties":{"postal_code":"66224","realtor_list_price":932103.448,"realtor_list_price_yoy":0.1148,"realtor_list_price_base":0.4426,"realtor_active_listings":42,"realtor_active_listings_yoy":-0.2075,"realtor_active_listings_base":-0.5475,"realtor_new_listings":19.333,"realtor_new_listings_yoy":-0.1212,"realtor_new_listings_base":-0.2636,"realtor_days_on_market":53.483,"realtor_days_on_market_yoy":0.1292,"realtor_days_on_market_base":-0.153,"zhvi":815380.702,"zhvi_yoy":0.0565,"zhvi_base":0.5683,"zori":1489.333,"zori_yoy":"NA","zori_base":"NA"}},{"type":"MultiPolygon","arcs":[[[404,-326,405,-118,-107,406]]],"properties":{"postal_code":"64730","realtor_list_price":221918.75,"realtor_list_price_yoy":0.132,"realtor_list_price_base":0.8545,"realtor_active_listings":20.667,"realtor_active_listings_yoy":-0.2619,"realtor_active_listings_base":-0.312,"realtor_new_listings":10.667,"realtor_new_listings_yoy":0.1429,"realtor_new_listings_base":0.2313,"realtor_days_on_market":33.688,"realtor_days_on_market_yoy":-0.5443,"realtor_days_on_market_base":-0.4694,"zhvi":216233.628,"zhvi_yoy":0.0404,"zhvi_base":0.6988,"zori":"NA","zori_yoy":"NA","zori_base":"NA"}},{"type":"MultiPolygon","arcs":[[[407,408,-217,409,410]]],"properties":{"postal_code":"64746","realtor_list_price":500750,"realtor_list_price_yoy":0.838,"realtor_list_price_base":"NA","realtor_active_listings":6,"realtor_active_listings_yoy":-0.1818,"realtor_active_listings_base":0.865,"realtor_new_listings":2,"realtor_new_listings_yoy":-0.25,"realtor_new_listings_base":0.2457,"realtor_days_on_market":38.667,"realtor_days_on_market_yoy":-0.4775,"realtor_days_on_market_base":"NA","zhvi":337194.87,"zhvi_yoy":0.1486,"zhvi_base":0.9073,"zori":"NA","zori_yoy":"NA","zori_base":"NA"}},{"type":"MultiPolygon","arcs":[[[411,412,413,-411,414,415]]],"properties":{"postal_code":"64734","realtor_list_price":652750,"realtor_list_price_yoy":0.0327,"realtor_list_price_base":"NA","realtor_active_listings":8.667,"realtor_active_listings_yoy":0,"realtor_active_listings_base":0.1221,"realtor_new_listings":0.667,"realtor_new_listings_yoy":-0.6667,"realtor_new_listings_base":-0.7704,"realtor_days_on_market":107,"realtor_days_on_market_yoy":0.5659,"realtor_days_on_market_base":"NA","zhvi":436335.546,"zhvi_yoy":0.088,"zhvi_base":0.7359,"zori":"NA","zori_yoy":"NA","zori_base":"NA"}},{"type":"MultiPolygon","arcs":[[[416,-134,-402,-398,417]]],"properties":{"postal_code":"66213","realtor_list_price":544899.306,"realtor_list_price_yoy":-0.062,"realtor_list_price_base":0.3805,"realtor_active_listings":26.333,"realtor_active_listings_yoy":-0.1023,"realtor_active_listings_base":-0.4973,"realtor_new_listings":24,"realtor_new_listings_yoy":0.0909,"realtor_new_listings_base":-0.3448,"realtor_days_on_market":28.278,"realtor_days_on_market_yoy":-0.2693,"realtor_days_on_market_base":-0.2361,"zhvi":562003.595,"zhvi_yoy":0.0534,"zhvi_base":0.5904,"zori":1829.475,"zori_yoy":0.0258,"zori_base":"NA"}},{"type":"MultiPolygon","arcs":[[[-396,-312,418,419,-137]]],"properties":{"postal_code":"66215","realtor_list_price":414154.286,"realtor_list_price_yoy":0.0237,"realtor_list_price_base":0.6946,"realtor_active_listings":30.333,"realtor_active_listings_yoy":0.4219,"realtor_active_listings_base":0.0056,"realtor_new_listings":23.333,"realtor_new_listings_yoy":-0.186,"realtor_new_listings_base":-0.3787,"realtor_days_on_market":30.657,"realtor_days_on_market_yoy":0.2061,"realtor_days_on_market_base":0.4684,"zhvi":398191.8,"zhvi_yoy":0.0466,"zhvi_base":0.6681,"zori":1665.945,"zori_yoy":0.0435,"zori_base":"NA"}},{"type":"MultiPolygon","arcs":[[[420,421,-202,-88,422,423,-66,424]]],"properties":{"postal_code":"66208","realtor_list_price":846345.455,"realtor_list_price_yoy":0.3971,"realtor_list_price_base":0.32,"realtor_active_listings":53,"realtor_active_listings_yoy":-0.0914,"realtor_active_listings_base":-0.4607,"realtor_new_listings":36.667,"realtor_new_listings_yoy":-0.0833,"realtor_new_listings_base":-0.3244,"realtor_days_on_market":38.891,"realtor_days_on_market_yoy":0.1467,"realtor_days_on_market_base":-0.2787,"zhvi":498613.693,"zhvi_yoy":0.0707,"zhvi_base":0.6385,"zori":2305.815,"zori_yoy":0.0351,"zori_base":0.6083}},{"type":"MultiPolygon","arcs":[[[-419,-311,425,-349,426,-129,-417,427]]],"properties":{"postal_code":"66210","realtor_list_price":381061.457,"realtor_list_price_yoy":-0.113,"realtor_list_price_base":0.3837,"realtor_active_listings":22.667,"realtor_active_listings_yoy":0.0968,"realtor_active_listings_base":0.0454,"realtor_new_listings":23.333,"realtor_new_listings_yoy":0.1667,"realtor_new_listings_base":-0.1821,"realtor_days_on_market":26.486,"realtor_days_on_market_yoy":-0.0981,"realtor_days_on_market_base":0.1305,"zhvi":457019.311,"zhvi_yoy":0.0585,"zhvi_base":0.6669,"zori":1694.688,"zori_yoy":0.046,"zori_base":"NA"}},{"type":"MultiPolygon","arcs":[[[-17,428,429,-407,-106,-242,-187]]],"properties":{"postal_code":"64722","realtor_list_price":"NA","realtor_list_price_yoy":"NA","realtor_list_price_base":"NA","realtor_active_listings":2.333,"realtor_active_listings_yoy":1.3333,"realtor_active_listings_base":"NA","realtor_new_listings":0,"realtor_new_listings_yoy":"NaN","realtor_new_listings_base":"NA","realtor_days_on_market":"NA","realtor_days_on_market_yoy":"NA","realtor_days_on_market_base":"NA","zhvi":"NA","zhvi_yoy":"NA","zhvi_base":"NA","zori":"NA","zori_yoy":"NA","zori_base":"NA"}},{"type":"MultiPolygon","arcs":[[[-291,430,431,-308,-395]]],"properties":{"postal_code":"66203","realtor_list_price":343367.857,"realtor_list_price_yoy":0.0641,"realtor_list_price_base":0.8117,"realtor_active_listings":26.667,"realtor_active_listings_yoy":0.194,"realtor_active_listings_base":0.3662,"realtor_new_listings":28,"realtor_new_listings_yoy":0.3548,"realtor_new_listings_base":-0.0401,"realtor_days_on_market":29.167,"realtor_days_on_market_yoy":-0.0931,"realtor_days_on_market_base":0.2127,"zhvi":327806.213,"zhvi_yoy":0.0629,"zhvi_base":0.7305,"zori":1782.8,"zori_yoy":"NA","zori_base":"NA"}},{"type":"MultiPolygon","arcs":[[[432,-425,-65,433,-309,-432]]],"properties":{"postal_code":"66204","realtor_list_price":328494.595,"realtor_list_price_yoy":-0.0554,"realtor_list_price_base":0.7627,"realtor_active_listings":24.333,"realtor_active_listings_yoy":-0.0519,"realtor_active_listings_base":0.1505,"realtor_new_listings":24.667,"realtor_new_listings_yoy":0.1212,"realtor_new_listings_base":-0.1443,"realtor_days_on_market":27.541,"realtor_days_on_market_yoy":-0.247,"realtor_days_on_market_base":0.2458,"zhvi":315092.625,"zhvi_yoy":0.0536,"zhvi_base":0.7584,"zori":1524.417,"zori_yoy":0.0314,"zori_base":"NA"}},{"type":"MultiPolygon","arcs":[[[-289,-390,-198,-422,434]]],"properties":{"postal_code":"66205","realtor_list_price":451329.268,"realtor_list_price_yoy":0.079,"realtor_list_price_base":0.2165,"realtor_active_listings":39.333,"realtor_active_listings_yoy":0.0085,"realtor_active_listings_base":-0.2275,"realtor_new_listings":27.333,"realtor_new_listings_yoy":-0.0238,"realtor_new_listings_base":-0.192,"realtor_days_on_market":29.854,"realtor_days_on_market_yoy":-0.19,"realtor_days_on_market_base":-0.1994,"zhvi":397368.902,"zhvi_yoy":0.0618,"zhvi_base":0.6459,"zori":2195.389,"zori_yoy":0.0037,"zori_base":"NA"}},{"type":"MultiPolygon","arcs":[[[-26,-157,435,436,-229]]],"properties":{"postal_code":"64048","realtor_list_price":447875,"realtor_list_price_yoy":-0.1548,"realtor_list_price_base":0.4975,"realtor_active_listings":15.667,"realtor_active_listings_yoy":-0.06,"realtor_active_listings_base":0.293,"realtor_new_listings":5.333,"realtor_new_listings_yoy":0.1429,"realtor_new_listings_base":0.3756,"realtor_days_on_market":66.5,"realtor_days_on_market_yoy":0.0253,"realtor_days_on_market_base":-0.1801,"zhvi":403204.406,"zhvi_yoy":0.0723,"zhvi_base":0.8882,"zori":"NA","zori_yoy":"NA","zori_base":"NA"}},{"type":"MultiPolygon","arcs":[[[-340,-344,-204,-250]]],"properties":{"postal_code":"64054","realtor_list_price":181730,"realtor_list_price_yoy":-0.0187,"realtor_list_price_base":"NA","realtor_active_listings":7.667,"realtor_active_listings_yoy":-0.2581,"realtor_active_listings_base":-0.2412,"realtor_new_listings":3.333,"realtor_new_listings_yoy":-0.5455,"realtor_new_listings_base":-0.2571,"realtor_days_on_market":33,"realtor_days_on_market_yoy":-0.2896,"realtor_days_on_market_base":"NA","zhvi":166431.252,"zhvi_yoy":0.041,"zhvi_base":1.1622,"zori":"NA","zori_yoy":"NA","zori_base":"NA"}},{"type":"MultiPolygon","arcs":[[[-207,-343,-302,437,-245,-276,438]]],"properties":{"postal_code":"64055","realtor_list_price":239107.143,"realtor_list_price_yoy":0.0188,"realtor_list_price_base":0.6683,"realtor_active_listings":75.333,"realtor_active_listings_yoy":-0.2153,"realtor_active_listings_base":0.1203,"realtor_new_listings":56,"realtor_new_listings_yoy":-0.1064,"realtor_new_listings_base":-0.1787,"realtor_days_on_market":33.143,"realtor_days_on_market_yoy":-0.1154,"realtor_days_on_market_base":0.0669,"zhvi":228619.503,"zhvi_yoy":0.0325,"zhvi_base":0.7238,"zori":1449.404,"zori_yoy":0.0147,"zori_base":"NA"}},{"type":"MultiPolygon","arcs":[[[-329,439,-301]]],"properties":{"postal_code":"64015","realtor_list_price":339776.316,"realtor_list_price_yoy":-0.0316,"realtor_list_price_base":0.2925,"realtor_active_listings":75.667,"realtor_active_listings_yoy":0.0758,"realtor_active_listings_base":-0.0637,"realtor_new_listings":50.667,"realtor_new_listings_yoy":0.0857,"realtor_new_listings_base":-0.177,"realtor_days_on_market":35.026,"realtor_days_on_market_yoy":-0.2265,"realtor_days_on_market_base":-0.1609,"zhvi":313489.434,"zhvi_yoy":0.0247,"zhvi_base":0.6323,"zori":1635.931,"zori_yoy":0.0066,"zori_base":"NA"}},{"type":"MultiPolygon","arcs":[[[-145,440,441,442]]],"properties":{"postal_code":"64017","realtor_list_price":"NA","realtor_list_price_yoy":"NA","realtor_list_price_base":"NA","realtor_active_listings":2,"realtor_active_listings_yoy":0.2,"realtor_active_listings_base":0.1358,"realtor_new_listings":0,"realtor_new_listings_yoy":"NaN","realtor_new_listings_base":-1,"realtor_days_on_market":"NA","realtor_days_on_market_yoy":"NA","realtor_days_on_market_base":"NA","zhvi":230815.228,"zhvi_yoy":0.0517,"zhvi_base":0.834,"zori":"NA","zori_yoy":"NA","zori_base":"NA"}},{"type":"MultiPolygon","arcs":[[[443,-333,444]]],"properties":{"postal_code":"64021","realtor_list_price":"NA","realtor_list_price_yoy":"NA","realtor_list_price_base":"NA","realtor_active_listings":0.667,"realtor_active_listings_yoy":-0.6,"realtor_active_listings_base":-0.7661,"realtor_new_listings":0,"realtor_new_listings_yoy":-1,"realtor_new_listings_base":"NA","realtor_days_on_market":"NA","realtor_days_on_market_yoy":"NA","realtor_days_on_market_base":"NA","zhvi":191875.447,"zhvi_yoy":0.0087,"zhvi_base":0.8697,"zori":"NA","zori_yoy":"NA","zori_base":"NA"}},{"type":"MultiPolygon","arcs":[[[-144,445,446,447,-441]]],"properties":{"postal_code":"64036","realtor_list_price":35000,"realtor_list_price_yoy":"NA","realtor_list_price_base":"NA","realtor_active_listings":1,"realtor_active_listings_yoy":0,"realtor_active_listings_base":"NA","realtor_new_listings":1.333,"realtor_new_listings_yoy":"Inf","realtor_new_listings_base":"NA","realtor_days_on_market":3,"realtor_days_on_market_yoy":"NA","realtor_days_on_market_base":"NA","zhvi":"NA","zhvi_yoy":"NA","zhvi_base":"NA","zori":"NA","zori_yoy":"NA","zori_base":"NA"}},{"type":"MultiPolygon","arcs":[[[448,-213,-274,-171,449,-282]]],"properties":{"postal_code":"64075","realtor_list_price":384223.545,"realtor_list_price_yoy":-0.0472,"realtor_list_price_base":0.6454,"realtor_active_listings":45,"realtor_active_listings_yoy":-0.0625,"realtor_active_listings_base":0.2293,"realtor_new_listings":22,"realtor_new_listings_yoy":0.375,"realtor_new_listings_base":0.2979,"realtor_days_on_market":53.212,"realtor_days_on_market_yoy":-0.3764,"realtor_days_on_market_base":-0.2322,"zhvi":305514.439,"zhvi_yoy":0.0444,"zhvi_base":0.7399,"zori":1406,"zori_yoy":"NA","zori_base":"NA"}},{"type":"MultiPolygon","arcs":[[[-163,450,451,-146,-443,452,-210,-267,453]]],"properties":{"postal_code":"64077","realtor_list_price":425000,"realtor_list_price_yoy":"NA","realtor_list_price_base":1.8889,"realtor_active_listings":3.333,"realtor_active_listings_yoy":0.25,"realtor_active_listings_base":-0.4069,"realtor_new_listings":0.667,"realtor_new_listings_yoy":"Inf","realtor_new_listings_base":-0.6243,"realtor_days_on_market":25,"realtor_days_on_market_yoy":"NA","realtor_days_on_market_base":-0.7407,"zhvi":237741.356,"zhvi_yoy":0.0471,"zhvi_base":0.9737,"zori":"NA","zori_yoy":"NA","zori_base":"NA"}},{"type":"MultiPolygon","arcs":[[[454,-4,-197,455,-408,-414]]],"properties":{"postal_code":"64078","realtor_list_price":413707.259,"realtor_list_price_yoy":0.0874,"realtor_list_price_base":0.6147,"realtor_active_listings":41.333,"realtor_active_listings_yoy":-0.1565,"realtor_active_listings_base":-0.1023,"realtor_new_listings":18,"realtor_new_listings_yoy":-0.2895,"realtor_new_listings_base":-0.1353,"realtor_days_on_market":44.667,"realtor_days_on_market_yoy":0.0569,"realtor_days_on_market_base":-0.1361,"zhvi":360543.382,"zhvi_yoy":0.0356,"zhvi_base":0.7216,"zori":"NA","zori_yoy":"NA","zori_base":"NA"}},{"type":"MultiPolygon","arcs":[[[456,-394,-153,457,458]]],"properties":{"postal_code":"64429","realtor_list_price":272417.857,"realtor_list_price_yoy":0.1075,"realtor_list_price_base":0.6346,"realtor_active_listings":36.333,"realtor_active_listings_yoy":-0.1742,"realtor_active_listings_base":0.2127,"realtor_new_listings":14,"realtor_new_listings_yoy":0,"realtor_new_listings_base":0.479,"realtor_days_on_market":53.19,"realtor_days_on_market_yoy":-0.1976,"realtor_days_on_market_base":-0.1951,"zhvi":254337.163,"zhvi_yoy":0.0508,"zhvi_base":0.7717,"zori":"NA","zori_yoy":"NA","zori_base":"NA"}},{"type":"MultiPolygon","arcs":[[[459]],[[460,461,462]]],"properties":{"postal_code":"64071","realtor_list_price":"NA","realtor_list_price_yoy":"NA","realtor_list_price_base":"NA","realtor_active_listings":2.333,"realtor_active_listings_yoy":0.4,"realtor_active_listings_base":0.0622,"realtor_new_listings":0,"realtor_new_listings_yoy":"NaN","realtor_new_listings_base":"NA","realtor_days_on_market":"NA","realtor_days_on_market_yoy":"NA","realtor_days_on_market_base":"NA","zhvi":248855.417,"zhvi_yoy":0.117,"zhvi_base":1.0018,"zori":"NA","zori_yoy":"NA","zori_base":"NA"}},{"type":"MultiPolygon","arcs":[[[-230,-437,463,464,-161,-315]]],"properties":{"postal_code":"64060","realtor_list_price":596900,"realtor_list_price_yoy":0.1878,"realtor_list_price_base":0.9135,"realtor_active_listings":65.333,"realtor_active_listings_yoy":-0.02,"realtor_active_listings_base":-0.1814,"realtor_new_listings":25.333,"realtor_new_listings_yoy":-0.2245,"realtor_new_listings_base":-0.2593,"realtor_days_on_market":65.368,"realtor_days_on_market_yoy":0.2324,"realtor_days_on_market_base":0.4163,"zhvi":404301.264,"zhvi_yoy":0.0264,"zhvi_base":0.5916,"zori":2198.167,"zori_yoy":"NA","zori_base":"NA"}},{"type":"MultiPolygon","arcs":[[[-156,465,466,467,-464,-436]]],"properties":{"postal_code":"64062","realtor_list_price":465868.182,"realtor_list_price_yoy":-0.0227,"realtor_list_price_base":1.0424,"realtor_active_listings":13.667,"realtor_active_listings_yoy":-0.18,"realtor_active_listings_base":-0.2693,"realtor_new_listings":7.333,"realtor_new_listings_yoy":0.375,"realtor_new_listings_base":-0.2597,"realtor_days_on_market":47.545,"realtor_days_on_market_yoy":-0.26,"realtor_days_on_market_base":-0.0175,"zhvi":312909.688,"zhvi_yoy":0.0524,"zhvi_base":0.8572,"zori":"NA","zori_yoy":"NA","zori_base":"NA"}},{"type":"MultiPolygon","arcs":[[[-246,-438,-440,-328,-285,468,469]]],"properties":{"postal_code":"64064","realtor_list_price":540312.246,"realtor_list_price_yoy":0.024,"realtor_list_price_base":0.441,"realtor_active_listings":90.667,"realtor_active_listings_yoy":0.1286,"realtor_active_listings_base":-0.2477,"realtor_new_listings":43.333,"realtor_new_listings_yoy":0.1607,"realtor_new_listings_base":-0.1735,"realtor_days_on_market":54.723,"realtor_days_on_market_yoy":0.098,"realtor_days_on_market_base":-0.1456,"zhvi":438230.568,"zhvi_yoy":0.0239,"zhvi_base":0.5251,"zori":1709.889,"zori_yoy":0.0249,"zori_base":"NA"}},{"type":"MultiPolygon","arcs":[[[-447,470,-461,471]]],"properties":{"postal_code":"64067","realtor_list_price":194753.333,"realtor_list_price_yoy":-0.2218,"realtor_list_price_base":0.6789,"realtor_active_listings":33.333,"realtor_active_listings_yoy":0.6129,"realtor_active_listings_base":0.0853,"realtor_new_listings":10,"realtor_new_listings_yoy":0.3636,"realtor_new_listings_base":0.0593,"realtor_days_on_market":62.133,"realtor_days_on_market_yoy":0.2012,"realtor_days_on_market_base":-0.2416,"zhvi":209679.288,"zhvi_yoy":0.087,"zhvi_base":1.0347,"zori":"NA","zori_yoy":"NA","zori_base":"NA"}},{"type":"MultiPolygon","arcs":[[[472,473]]],"properties":{"postal_code":"66039","realtor_list_price":"NA","realtor_list_price_yoy":"NA","realtor_list_price_base":"NA","realtor_active_listings":3,"realtor_active_listings_yoy":0.2857,"realtor_active_listings_base":-0.1538,"realtor_new_listings":0,"realtor_new_listings_yoy":"NaN","realtor_new_listings_base":-1,"realtor_days_on_market":"NA","realtor_days_on_market_yoy":"NA","realtor_days_on_market_base":"NA","zhvi":"NA","zhvi_yoy":"NA","zhvi_base":"NA","zori":"NA","zori_yoy":"NA","zori_base":"NA"}},{"type":"MultiPolygon","arcs":[[[-201,474,-82,-338,475,-85]]],"properties":{"postal_code":"64110","realtor_list_price":283818.966,"realtor_list_price_yoy":0.0525,"realtor_list_price_base":0.4975,"realtor_active_listings":54.333,"realtor_active_listings_yoy":-0.0944,"realtor_active_listings_base":0.4636,"realtor_new_listings":19.333,"realtor_new_listings_yoy":-0.3409,"realtor_new_listings_base":-0.3564,"realtor_days_on_market":53.448,"realtor_days_on_market_yoy":0.0948,"realtor_days_on_market_base":0.2697,"zhvi":250600.695,"zhvi_yoy":0.001,"zhvi_base":0.6312,"zori":1470.698,"zori_yoy":0.0347,"zori_base":"NA"}},{"type":"MultiPolygon","arcs":[[[476,-387,-54,-83,-475,-200,-389]]],"properties":{"postal_code":"64111","realtor_list_price":295557.317,"realtor_list_price_yoy":0.3123,"realtor_list_price_base":0.2539,"realtor_active_listings":101,"realtor_active_listings_yoy":0.3004,"realtor_active_listings_base":0.6889,"realtor_new_listings":27.333,"realtor_new_listings_yoy":0.5185,"realtor_new_listings_base":0.0057,"realtor_days_on_market":52.244,"realtor_days_on_market_yoy":-0.2929,"realtor_days_on_market_base":0.0779,"zhvi":275084.932,"zhvi_yoy":0.008,"zhvi_base":0.4048,"zori":1299.903,"zori_yoy":0.0301,"zori_base":0.3482}},{"type":"MultiPolygon","arcs":[[[-97,-186,477,-236]]],"properties":{"postal_code":"66007","realtor_list_price":483974.706,"realtor_list_price_yoy":-0.0289,"realtor_list_price_base":0.4989,"realtor_active_listings":62.333,"realtor_active_listings_yoy":0.1333,"realtor_active_listings_base":-0.0635,"realtor_new_listings":22.667,"realtor_new_listings_yoy":0.1724,"realtor_new_listings_base":-0.1979,"realtor_days_on_market":58.529,"realtor_days_on_market_yoy":-0.2409,"realtor_days_on_market_base":-0.2081,"zhvi":446011.969,"zhvi_yoy":0.0457,"zhvi_base":0.6704,"zori":"NA","zori_yoy":"NA","zori_base":"NA"}},{"type":"MultiPolygon","arcs":[[[-423,-87,478,-39,-347,479]]],"properties":{"postal_code":"64114","realtor_list_price":319127.976,"realtor_list_price_yoy":0.03,"realtor_list_price_base":0.5048,"realtor_active_listings":82,"realtor_active_listings_yoy":0.2551,"realtor_active_listings_base":0.5579,"realtor_new_listings":56,"realtor_new_listings_yoy":0.0909,"realtor_new_listings_base":-0.0602,"realtor_days_on_market":33.119,"realtor_days_on_market_yoy":-0.0757,"realtor_days_on_market_base":0.1977,"zhvi":298941.531,"zhvi_yoy":0.0174,"zhvi_base":0.5909,"zori":1472.525,"zori_yoy":0.0131,"zori_base":0.5734}},{"type":"MultiPolygon","arcs":[[[-189,-241,480]]],"properties":{"postal_code":"66767","realtor_list_price":"NA","realtor_list_price_yoy":"NA","realtor_list_price_base":"NA","realtor_active_listings":1,"realtor_active_listings_yoy":-0.5,"realtor_active_listings_base":-0.6015,"realtor_new_listings":0,"realtor_new_listings_yoy":"NaN","realtor_new_listings_base":"NA","realtor_days_on_market":"NA","realtor_days_on_market_yoy":"NA","realtor_days_on_market_base":"NA","zhvi":187506,"zhvi_yoy":0.1413,"zhvi_base":1.0058,"zori":"NA","zori_yoy":"NA","zori_base":"NA"}},{"type":"MultiPolygon","arcs":[[[-322,-177,481,482,-263,483]]],"properties":{"postal_code":"64116","realtor_list_price":319945.69,"realtor_list_price_yoy":-0.0908,"realtor_list_price_base":0.1747,"realtor_active_listings":33,"realtor_active_listings_yoy":-0.0388,"realtor_active_listings_base":-0.2343,"realtor_new_listings":19.333,"realtor_new_listings_yoy":-0.1471,"realtor_new_listings_base":-0.3813,"realtor_days_on_market":40.207,"realtor_days_on_market_yoy":-0.0373,"realtor_days_on_market_base":-0.1596,"zhvi":270689.072,"zhvi_yoy":0.0317,"zhvi_base":0.7363,"zori":1480.995,"zori_yoy":0.0334,"zori_base":"NA"}},{"type":"MultiPolygon","arcs":[[[484,-191,485,486,487]]],"properties":{"postal_code":"66014","realtor_list_price":"NA","realtor_list_price_yoy":"NA","realtor_list_price_base":"NA","realtor_active_listings":3.333,"realtor_active_listings_yoy":2.3333,"realtor_active_listings_base":0.7814,"realtor_new_listings":0,"realtor_new_listings_yoy":"NaN","realtor_new_listings_base":"NA","realtor_days_on_market":"NA","realtor_days_on_market_yoy":"NA","realtor_days_on_market_base":"NA","zhvi":"NA","zhvi_yoy":"NA","zhvi_base":"NA","zori":"NA","zori_yoy":"NA","zori_base":"NA"}},{"type":"MultiPolygon","arcs":[[[488,489,490,491,-193,-2,492]]],"properties":{"postal_code":"64082","realtor_list_price":567037.037,"realtor_list_price_yoy":0.022,"realtor_list_price_base":0.5473,"realtor_active_listings":88,"realtor_active_listings_yoy":-0.1592,"realtor_active_listings_base":-0.2147,"realtor_new_listings":36,"realtor_new_listings_yoy":-0.1429,"realtor_new_listings_base":-0.2153,"realtor_days_on_market":62.889,"realtor_days_on_market_yoy":-0.0193,"realtor_days_on_market_base":-0.0507,"zhvi":467862.376,"zhvi_yoy":0.0257,"zhvi_base":0.5337,"zori":1692.63,"zori_yoy":0.0595,"zori_base":"NA"}},{"type":"MultiPolygon","arcs":[[[493,494,495,-48,-222,496]]],"properties":{"postal_code":"66018","realtor_list_price":572750,"realtor_list_price_yoy":0.1461,"realtor_list_price_base":0.8385,"realtor_active_listings":31.667,"realtor_active_listings_yoy":0.6102,"realtor_active_listings_base":0.5371,"realtor_new_listings":10,"realtor_new_listings_yoy":-0.0625,"realtor_new_listings_base":-0.1862,"realtor_days_on_market":62.333,"realtor_days_on_market_yoy":0.2721,"realtor_days_on_market_base":0.3978,"zhvi":425675.119,"zhvi_yoy":0.0435,"zhvi_base":0.6668,"zori":1591.667,"zori_yoy":"NA","zori_base":"NA"}},{"type":"MultiPolygon","arcs":[[[497,-330,-444,498]]],"properties":{"postal_code":"64096","realtor_list_price":"NA","realtor_list_price_yoy":"NA","realtor_list_price_base":"NA","realtor_active_listings":2.333,"realtor_active_listings_yoy":-0.65,"realtor_active_listings_base":-0.3545,"realtor_new_listings":0,"realtor_new_listings_yoy":-1,"realtor_new_listings_base":-1,"realtor_days_on_market":"NA","realtor_days_on_market_yoy":"NA","realtor_days_on_market_base":"NA","zhvi":200761.763,"zhvi_yoy":0.1163,"zhvi_base":0.9988,"zori":"NA","zori_yoy":"NA","zori_base":"NA"}},{"type":"MultiPolygon","arcs":[[[499,500,-12,501]]],"properties":{"postal_code":"66026","realtor_list_price":"NA","realtor_list_price_yoy":"NA","realtor_list_price_base":"NA","realtor_active_listings":2.667,"realtor_active_listings_yoy":1.6667,"realtor_active_listings_base":-0.2065,"realtor_new_listings":0,"realtor_new_listings_yoy":-1,"realtor_new_listings_base":-1,"realtor_days_on_market":"NA","realtor_days_on_market_yoy":"NA","realtor_days_on_market_base":"NA","zhvi":366151.891,"zhvi_yoy":0.0895,"zhvi_base":1.0391,"zori":"NA","zori_yoy":"NA","zori_base":"NA"}},{"type":"MultiPolygon","arcs":[[[-453,-442,-448,-472,-463,502,-272,-211]]],"properties":{"postal_code":"64097","realtor_list_price":339000,"realtor_list_price_yoy":-0.1209,"realtor_list_price_base":"NA","realtor_active_listings":1.667,"realtor_active_listings_yoy":-0.375,"realtor_active_listings_base":-0.5218,"realtor_new_listings":1.333,"realtor_new_listings_yoy":0,"realtor_new_listings_base":0.3565,"realtor_days_on_market":18,"realtor_days_on_market_yoy":-0.5135,"realtor_days_on_market_base":"NA","zhvi":219273.53,"zhvi_yoy":0.037,"zhvi_base":0.7577,"zori":"NA","zori_yoy":"NA","zori_base":"NA"}},{"type":"MultiPolygon","arcs":[[[503,504,-120,505,-91,506,507]]],"properties":{"postal_code":"64098","realtor_list_price":428883.333,"realtor_list_price_yoy":-0.0182,"realtor_list_price_base":0.4693,"realtor_active_listings":8.333,"realtor_active_listings_yoy":0.1905,"realtor_active_listings_base":-0.1,"realtor_new_listings":2,"realtor_new_listings_yoy":0.5,"realtor_new_listings_base":-0.3931,"realtor_days_on_market":44,"realtor_days_on_market_yoy":-0.2281,"realtor_days_on_market_base":-0.2775,"zhvi":380764.537,"zhvi_yoy":0.0285,"zhvi_base":0.6734,"zori":"NA","zori_yoy":"NA","zori_base":"NA"}},{"type":"MultiPolygon","arcs":[[[508,509]]],"properties":{"postal_code":"66754","realtor_list_price":"NA","realtor_list_price_yoy":"NA","realtor_list_price_base":"NA","realtor_active_listings":4.333,"realtor_active_listings_yoy":0.1818,"realtor_active_listings_base":0.0277,"realtor_new_listings":0,"realtor_new_listings_yoy":-1,"realtor_new_listings_base":"NA","realtor_days_on_market":"NA","realtor_days_on_market_yoy":"NA","realtor_days_on_market_base":"NA","zhvi":"NA","zhvi_yoy":"NA","zhvi_base":"NA","zori":"NA","zori_yoy":"NA","zori_base":"NA"}},{"type":"MultiPolygon","arcs":[[[510,-400,-374,511,-412,512,-352]]],"properties":{"postal_code":"66013","realtor_list_price":854414.737,"realtor_list_price_yoy":0.0636,"realtor_list_price_base":0.4057,"realtor_active_listings":63.667,"realtor_active_listings_yoy":0.1506,"realtor_active_listings_base":1.4377,"realtor_new_listings":12.667,"realtor_new_listings_yoy":0.0556,"realtor_new_listings_base":2.439,"realtor_days_on_market":87.789,"realtor_days_on_market_yoy":-0.2067,"realtor_days_on_market_base":-0.0643,"zhvi":718699.836,"zhvi_yoy":0.0484,"zhvi_base":0.6485,"zori":"NA","zori_yoy":"NA","zori_base":"NA"}},{"type":"MultiPolygon","arcs":[[[513,-10,-256,514,515,-41],[-37]]],"properties":{"postal_code":"64146","realtor_list_price":280212.5,"realtor_list_price_yoy":0.0387,"realtor_list_price_base":0.7239,"realtor_active_listings":3,"realtor_active_listings_yoy":-0.7632,"realtor_active_listings_base":-0.5533,"realtor_new_listings":2.667,"realtor_new_listings_yoy":-0.5,"realtor_new_listings_base":-0.3846,"realtor_days_on_market":16.25,"realtor_days_on_market_yoy":-0.6977,"realtor_days_on_market_base":-0.6406,"zhvi":291515.137,"zhvi_yoy":0.0364,"zhvi_base":0.726,"zori":"NA","zori_yoy":"NA","zori_base":"NA"}},{"type":"MultiPolygon","arcs":[[[516,-320,517,-181,-357,-365]]],"properties":{"postal_code":"64152","realtor_list_price":633597.826,"realtor_list_price_yoy":0.0655,"realtor_list_price_base":0.4949,"realtor_active_listings":101,"realtor_active_listings_yoy":0.0521,"realtor_active_listings_base":-0.3404,"realtor_new_listings":46,"realtor_new_listings_yoy":-0.08,"realtor_new_listings_base":-0.1802,"realtor_days_on_market":50.333,"realtor_days_on_market_yoy":-0.0301,"realtor_days_on_market_base":-0.268,"zhvi":429767.512,"zhvi_yoy":0.0229,"zhvi_base":0.5399,"zori":1930.178,"zori_yoy":0.0507,"zori_base":"NA"}},{"type":"MultiPolygon","arcs":[[[-336,518,-278,519,-6,520]]],"properties":{"postal_code":"64132","realtor_list_price":135830.133,"realtor_list_price_yoy":-0.0122,"realtor_list_price_base":1.8323,"realtor_active_listings":43,"realtor_active_listings_yoy":-0.0227,"realtor_active_listings_base":-0.0326,"realtor_new_listings":20,"realtor_new_listings_yoy":-0.25,"realtor_new_listings_base":-0.0137,"realtor_days_on_market":46.467,"realtor_days_on_market_yoy":0.2085,"realtor_days_on_market_base":-0.1213,"zhvi":114884.169,"zhvi_yoy":0.0456,"zhvi_base":1.8216,"zori":1265.36,"zori_yoy":0.0736,"zori_base":"NA"}},{"type":"MultiPolygon","arcs":[[[521,-458,-152,-24]]],"properties":{"postal_code":"64493","realtor_list_price":502500,"realtor_list_price_yoy":"NA","realtor_list_price_base":"NA","realtor_active_listings":2.333,"realtor_active_listings_yoy":6,"realtor_active_listings_base":0.7368,"realtor_new_listings":0.667,"realtor_new_listings_yoy":"Inf","realtor_new_listings_base":0.8333,"realtor_days_on_market":60,"realtor_days_on_market_yoy":"NA","realtor_days_on_market_base":"NA","zhvi":407196.612,"zhvi_yoy":0.089,"zhvi_base":"NA","zori":"NA","zori_yoy":"NA","zori_base":"NA"}},{"type":"MultiPolygon","arcs":[[[-353,-513,-416,522,-14,523]]],"properties":{"postal_code":"66053","realtor_list_price":337139.158,"realtor_list_price_yoy":-0.1967,"realtor_list_price_base":0.0821,"realtor_active_listings":21.667,"realtor_active_listings_yoy":0.1607,"realtor_active_listings_base":-0.3693,"realtor_new_listings":12.667,"realtor_new_listings_yoy":0.2667,"realtor_new_listings_base":-0.2087,"realtor_days_on_market":40.789,"realtor_days_on_market_yoy":-0.1687,"realtor_days_on_market_base":-0.1719,"zhvi":408390.039,"zhvi_yoy":0.036,"zhvi_base":0.7472,"zori":"NA","zori_yoy":"NA","zori_base":"NA"}},{"type":"MultiPolygon","arcs":[[[524,525,-489,526,-252,-8]]],"properties":{"postal_code":"64134","realtor_list_price":178911.508,"realtor_list_price_yoy":-0.0521,"realtor_list_price_base":1.1271,"realtor_active_listings":77.333,"realtor_active_listings_yoy":0.16,"realtor_active_listings_base":0.7525,"realtor_new_listings":42,"realtor_new_listings_yoy":0.0862,"realtor_new_listings_base":0.2184,"realtor_days_on_market":46.841,"realtor_days_on_market_yoy":0.0498,"realtor_days_on_market_base":0.2605,"zhvi":176255.855,"zhvi_yoy":0.0365,"zhvi_base":1.0885,"zori":1481.235,"zori_yoy":0.0587,"zori_base":0.7655}},{"type":"MultiPolygon","arcs":[[[-520,-277,-248,527,528,-525,-7]]],"properties":{"postal_code":"64138","realtor_list_price":229007.843,"realtor_list_price_yoy":0.0145,"realtor_list_price_base":0.8466,"realtor_active_listings":68.333,"realtor_active_listings_yoy":0.1141,"realtor_active_listings_base":0.2074,"realtor_new_listings":34,"realtor_new_listings_yoy":-0.0727,"realtor_new_listings_base":-0.2052,"realtor_days_on_market":41.275,"realtor_days_on_market_yoy":0.0603,"realtor_days_on_market_base":0.0523,"zhvi":207015.725,"zhvi_yoy":0.0219,"zhvi_base":0.8024,"zori":1517.278,"zori_yoy":0.0638,"zori_base":0.6297}},{"type":"MultiPolygon","arcs":[[[529,-296,-104,-208,-439,-275,-519,-335]]],"properties":{"postal_code":"64129","realtor_list_price":165750,"realtor_list_price_yoy":0.0741,"realtor_list_price_base":0.9106,"realtor_active_listings":22.333,"realtor_active_listings_yoy":-0.1625,"realtor_active_listings_base":0.4786,"realtor_new_listings":10.667,"realtor_new_listings_yoy":-0.2727,"realtor_new_listings_base":-0.0626,"realtor_days_on_market":43.562,"realtor_days_on_market_yoy":0.2528,"realtor_days_on_market_base":-0.0962,"zhvi":155405.359,"zhvi_yoy":0.0335,"zhvi_base":1.0848,"zori":1170.667,"zori_yoy":"NA","zori_base":"NA"}},{"type":"MultiPolygon","arcs":[[[-479,-86,-476,-337,-521,-11,-514,-40]]],"properties":{"postal_code":"64131","realtor_list_price":242347.174,"realtor_list_price_yoy":-0.0609,"realtor_list_price_base":0.6141,"realtor_active_listings":57,"realtor_active_listings_yoy":-0.1,"realtor_active_listings_base":0.3172,"realtor_new_listings":30.667,"realtor_new_listings_yoy":-0.2333,"realtor_new_listings_base":-0.1939,"realtor_days_on_market":38.826,"realtor_days_on_market_yoy":-0.1504,"realtor_days_on_market_base":0.3531,"zhvi":255936.343,"zhvi_yoy":0.0218,"zhvi_base":0.7165,"zori":1151.502,"zori_yoy":0.0329,"zori_base":"NA"}},{"type":"MultiPolygon","arcs":[[[530,-341,-251,-115,531,-257,-264,-483]]],"properties":{"postal_code":"64120","realtor_list_price":147000,"realtor_list_price_yoy":1.94,"realtor_list_price_base":"NA","realtor_active_listings":1,"realtor_active_listings_yoy":0.5,"realtor_active_listings_base":"NA","realtor_new_listings":0.667,"realtor_new_listings_yoy":0,"realtor_new_listings_base":"NA","realtor_days_on_market":5,"realtor_days_on_market_yoy":1.5,"realtor_days_on_market_base":"NA","zhvi":88774.898,"zhvi_yoy":0.1904,"zhvi_base":1.5154,"zori":1560.794,"zori_yoy":"NA","zori_base":"NA"}},{"type":"MultiPolygon","arcs":[[[-532,-114,532,-258]]],"properties":{"postal_code":"64123","realtor_list_price":158294.118,"realtor_list_price_yoy":-0.1281,"realtor_list_price_base":1.6127,"realtor_active_listings":36.333,"realtor_active_listings_yoy":-0.2214,"realtor_active_listings_base":0.3478,"realtor_new_listings":11.333,"realtor_new_listings_yoy":-0.2273,"realtor_new_listings_base":0.0357,"realtor_days_on_market":63.176,"realtor_days_on_market_yoy":0.061,"realtor_days_on_market_base":0.1837,"zhvi":128632.752,"zhvi_yoy":-0.0254,"zhvi_base":1.2399,"zori":1359.083,"zori_yoy":"NA","zori_base":"NA"}},{"type":"MultiPolygon","arcs":[[[-354,-524,-13,-501,533]]],"properties":{"postal_code":"66071","realtor_list_price":434835.037,"realtor_list_price_yoy":0.1059,"realtor_list_price_base":1.0139,"realtor_active_listings":41,"realtor_active_listings_yoy":-0.1214,"realtor_active_listings_base":-0.0232,"realtor_new_listings":18,"realtor_new_listings_yoy":-0.0357,"realtor_new_listings_base":-0.2603,"realtor_days_on_market":53.741,"realtor_days_on_market_yoy":-0.213,"realtor_days_on_market_base":0.1057,"zhvi":377112.256,"zhvi_yoy":0.0565,"zhvi_base":0.8883,"zori":1200,"zori_yoy":"NA","zori_base":"NA"}},{"type":"MultiPolygon","arcs":[[[-478,-185,-307,534,-495,535,-237]]],"properties":{"postal_code":"66012","realtor_list_price":419236.111,"realtor_list_price_yoy":0.0112,"realtor_list_price_base":0.8891,"realtor_active_listings":25.333,"realtor_active_listings_yoy":0.0704,"realtor_active_listings_base":-0.0181,"realtor_new_listings":12,"realtor_new_listings_yoy":0.2,"realtor_new_listings_base":-0.3473,"realtor_days_on_market":39.333,"realtor_days_on_market_yoy":-0.0694,"realtor_days_on_market_base":-0.0423,"zhvi":350918.293,"zhvi_yoy":0.0391,"zhvi_base":0.7485,"zori":"NA","zori_yoy":"NA","zori_base":"NA"}},{"type":"MultiPolygon","arcs":[[[-377,536,-99,-240,537]]],"properties":{"postal_code":"66054","realtor_list_price":372493.75,"realtor_list_price_yoy":-0.0686,"realtor_list_price_base":"NA","realtor_active_listings":6,"realtor_active_listings_yoy":-0.6667,"realtor_active_listings_base":-0.5552,"realtor_new_listings":5.333,"realtor_new_listings_yoy":0.3333,"realtor_new_listings_base":0.2075,"realtor_days_on_market":33.625,"realtor_days_on_market_yoy":-0.4879,"realtor_days_on_market_base":"NA","zhvi":360084.791,"zhvi_yoy":0.0653,"zhvi_base":1.091,"zori":"NA","zori_yoy":"NA","zori_base":"NA"}},{"type":"MultiPolygon","arcs":[[[-393,-361,-141,538,-466,-155]]],"properties":{"postal_code":"64671","realtor_list_price":"NA","realtor_list_price_yoy":"NA","realtor_list_price_base":"NA","realtor_active_listings":2.333,"realtor_active_listings_yoy":-0.5882,"realtor_active_listings_base":-0.3858,"realtor_new_listings":0,"realtor_new_listings_yoy":-1,"realtor_new_listings_base":-1,"realtor_days_on_market":"NA","realtor_days_on_market_yoy":"NA","realtor_days_on_market_base":"NA","zhvi":293207.159,"zhvi_yoy":0.0632,"zhvi_base":0.9739,"zori":"NA","zori_yoy":"NA","zori_base":"NA"}},{"type":"MultiPolygon","arcs":[[[-268,-214,-449,-281,-303]]],"properties":{"postal_code":"64016","realtor_list_price":270024.75,"realtor_list_price_yoy":-0.4644,"realtor_list_price_base":0.5732,"realtor_active_listings":10,"realtor_active_listings_yoy":-0.0323,"realtor_active_listings_base":0.1855,"realtor_new_listings":5.333,"realtor_new_listings_yoy":-0.3846,"realtor_new_listings_base":-0.0865,"realtor_days_on_market":37.25,"realtor_days_on_market_yoy":-0.1459,"realtor_days_on_market_base":-0.1546,"zhvi":256841.907,"zhvi_yoy":0.03,"zhvi_base":0.7358,"zori":"NA","zori_yoy":"NA","zori_base":"NA"}},{"type":"MultiPolygon","arcs":[[[-359,-392,-457,539]]],"properties":{"postal_code":"64644","realtor_list_price":269000,"realtor_list_price_yoy":-0.1316,"realtor_list_price_base":"NA","realtor_active_listings":7.667,"realtor_active_listings_yoy":-0.5306,"realtor_active_listings_base":0.1278,"realtor_new_listings":1.333,"realtor_new_listings_yoy":-0.6667,"realtor_new_listings_base":-0.3159,"realtor_days_on_market":102,"realtor_days_on_market_yoy":0.2439,"realtor_days_on_market_base":"NA","zhvi":233953.511,"zhvi_yoy":0.0296,"zhvi_base":0.7655,"zori":"NA","zori_yoy":"NA","zori_base":"NA"}},{"type":"MultiPolygon","arcs":[[[-456,-196,-72,540,-218,-409]]],"properties":{"postal_code":"64701","realtor_list_price":336241.379,"realtor_list_price_yoy":-0.1066,"realtor_list_price_base":0.7994,"realtor_active_listings":34.333,"realtor_active_listings_yoy":-0.259,"realtor_active_listings_base":-0.0132,"realtor_new_listings":19.333,"realtor_new_listings_yoy":-0.1471,"realtor_new_listings_base":-0.1632,"realtor_days_on_market":40.069,"realtor_days_on_market_yoy":-0.2197,"realtor_days_on_market_base":-0.0512,"zhvi":301086.883,"zhvi_yoy":0.0475,"zhvi_base":0.7246,"zori":1275,"zori_yoy":"NA","zori_base":"NA"}},{"type":"MultiPolygon","arcs":[[[-238,-536,-494,541]]],"properties":{"postal_code":"66052","realtor_list_price":582821.429,"realtor_list_price_yoy":-0.3889,"realtor_list_price_base":"NA","realtor_active_listings":9,"realtor_active_listings_yoy":1.25,"realtor_active_listings_base":0.2733,"realtor_new_listings":4.667,"realtor_new_listings_yoy":1.3333,"realtor_new_listings_base":0.6981,"realtor_days_on_market":52.429,"realtor_days_on_market_yoy":-0.3734,"realtor_days_on_market_base":"NA","zhvi":461752.984,"zhvi_yoy":0.08,"zhvi_base":0.9853,"zori":"NA","zori_yoy":"NA","zori_base":"NA"}},{"type":"MultiPolygon","arcs":[[[-362,-126]]],"properties":{"postal_code":"64028","realtor_list_price":"NA","realtor_list_price_yoy":"NA","realtor_list_price_base":"NA","realtor_active_listings":1.333,"realtor_active_listings_yoy":0.3333,"realtor_active_listings_base":"NA","realtor_new_listings":0,"realtor_new_listings_yoy":-1,"realtor_new_listings_base":"NA","realtor_days_on_market":"NA","realtor_days_on_market_yoy":"NA","realtor_days_on_market_base":"NA","zhvi":"NA","zhvi_yoy":"NA","zhvi_base":"NA","zori":"NA","zori_yoy":"NA","zori_base":"NA"}},{"type":"MultiPolygon","arcs":[[[-535,-306,-147,-44,-496]]],"properties":{"postal_code":"66226","realtor_list_price":673392.607,"realtor_list_price_yoy":0.1029,"realtor_list_price_base":0.7059,"realtor_active_listings":40.667,"realtor_active_listings_yoy":0.0427,"realtor_active_listings_base":-0.2679,"realtor_new_listings":18.667,"realtor_new_listings_yoy":-0.125,"realtor_new_listings_base":-0.2381,"realtor_days_on_market":33.607,"realtor_days_on_market_yoy":-0.1986,"realtor_days_on_market_base":-0.4252,"zhvi":494906.566,"zhvi_yoy":0.0346,"zhvi_base":0.5641,"zori":2444.167,"zori_yoy":"NA","zori_base":"NA"}},{"type":"MultiPolygon","arcs":[[[542,-504,543]]],"properties":{"postal_code":"64440","realtor_list_price":"NA","realtor_list_price_yoy":"NA","realtor_list_price_base":"NA","realtor_active_listings":2.667,"realtor_active_listings_yoy":1.6667,"realtor_active_listings_base":0.3684,"realtor_new_listings":0,"realtor_new_listings_yoy":"NaN","realtor_new_listings_base":"NA","realtor_days_on_market":"NA","realtor_days_on_market_yoy":"NA","realtor_days_on_market_base":"NA","zhvi":320705.615,"zhvi_yoy":0.0902,"zhvi_base":"NA","zori":"NA","zori_yoy":"NA","zori_base":"NA"}},{"type":"MultiPolygon","arcs":[[[-373,-404,-42,-516,544,-254,545,-5,-455,-413,-512]]],"properties":{"postal_code":"64012","realtor_list_price":341706.481,"realtor_list_price_yoy":0.0305,"realtor_list_price_base":0.3774,"realtor_active_listings":63.333,"realtor_active_listings_yoy":-0.0452,"realtor_active_listings_base":-0.2275,"realtor_new_listings":36,"realtor_new_listings_yoy":0.0385,"realtor_new_listings_base":-0.2228,"realtor_days_on_market":43.389,"realtor_days_on_market_yoy":-0.0488,"realtor_days_on_market_base":-0.1603,"zhvi":291503.087,"zhvi_yoy":0.0464,"zhvi_base":0.7197,"zori":1693.489,"zori_yoy":0.0492,"zori_base":"NA"}},{"type":"MultiPolygon","arcs":[[[-518,-324,546,-379,-383,-182]]],"properties":{"postal_code":"66104","realtor_list_price":234039.216,"realtor_list_price_yoy":0.1179,"realtor_list_price_base":2.0992,"realtor_active_listings":80.333,"realtor_active_listings_yoy":0.0212,"realtor_active_listings_base":1.1558,"realtor_new_listings":34,"realtor_new_listings_yoy":0,"realtor_new_listings_base":0.1077,"realtor_days_on_market":57.039,"realtor_days_on_market_yoy":0.2254,"realtor_days_on_market_base":0.5596,"zhvi":171819.548,"zhvi_yoy":0.0248,"zhvi_base":1.4992,"zori":1230.083,"zori_yoy":"NA","zori_base":"NA"}},{"type":"MultiPolygon","arcs":[[[-247,-470,547,548,549,550,-528]]],"properties":{"postal_code":"64139","realtor_list_price":495000,"realtor_list_price_yoy":"NA","realtor_list_price_base":0.3643,"realtor_active_listings":2.667,"realtor_active_listings_yoy":-0.3846,"realtor_active_listings_base":-0.592,"realtor_new_listings":0.667,"realtor_new_listings_yoy":"Inf","realtor_new_listings_base":-0.774,"realtor_days_on_market":25,"realtor_days_on_market_yoy":"NA","realtor_days_on_market_base":-0.0887,"zhvi":453000.459,"zhvi_yoy":0.0249,"zhvi_base":0.5028,"zori":"NA","zori_yoy":"NA","zori_base":"NA"}},{"type":"MultiPolygon","arcs":[[[-527,-493,-1,-546,-253]]],"properties":{"postal_code":"64149","realtor_list_price":"NA","realtor_list_price_yoy":"NA","realtor_list_price_base":"NA","realtor_active_listings":2,"realtor_active_listings_yoy":1,"realtor_active_listings_base":0.165,"realtor_new_listings":0,"realtor_new_listings_yoy":-1,"realtor_new_listings_base":"NA","realtor_days_on_market":"NA","realtor_days_on_market_yoy":"NA","realtor_days_on_market_base":"NA","zhvi":529896.739,"zhvi_yoy":0.0824,"zhvi_base":0.741,"zori":"NA","zori_yoy":"NA","zori_base":"NA"}},{"type":"MultiPolygon","arcs":[[[551,552,-429,-16]]],"properties":{"postal_code":"64723","realtor_list_price":"NA","realtor_list_price_yoy":"NA","realtor_list_price_base":"NA","realtor_active_listings":1.333,"realtor_active_listings_yoy":0,"realtor_active_listings_base":-0.1537,"realtor_new_listings":0,"realtor_new_listings_yoy":"NaN","realtor_new_listings_base":"NA","realtor_days_on_market":"NA","realtor_days_on_market_yoy":"NA","realtor_days_on_market_base":"NA","zhvi":"NA","zhvi_yoy":"NA","zhvi_base":"NA","zori":"NA","zori_yoy":"NA","zori_base":"NA"}},{"type":"MultiPolygon","arcs":[[[-317,-31,-369,-57,553]]],"properties":{"postal_code":"64165","realtor_list_price":"NA","realtor_list_price_yoy":"NA","realtor_list_price_base":"NA","realtor_active_listings":3.667,"realtor_active_listings_yoy":-0.2667,"realtor_active_listings_base":0.9829,"realtor_new_listings":0,"realtor_new_listings_yoy":-1,"realtor_new_listings_base":"NA","realtor_days_on_market":"NA","realtor_days_on_market_yoy":"NA","realtor_days_on_market_base":"NA","zhvi":461837.559,"zhvi_yoy":0.0226,"zhvi_base":"NA","zori":"NA","zori_yoy":"NA","zori_base":"NA"}},{"type":"MultiPolygon","arcs":[[[-176,-235,-342,-531,-482]]],"properties":{"postal_code":"64117","realtor_list_price":245129.032,"realtor_list_price_yoy":0.0877,"realtor_list_price_base":1.1287,"realtor_active_listings":24.667,"realtor_active_listings_yoy":0.2542,"realtor_active_listings_base":0.1322,"realtor_new_listings":20.667,"realtor_new_listings_yoy":0.3478,"realtor_new_listings_base":-0.1736,"realtor_days_on_market":31,"realtor_days_on_market_yoy":-0.2927,"realtor_days_on_market_base":0.0629,"zhvi":215781.216,"zhvi_yoy":0.0169,"zhvi_base":0.8289,"zori":1241.4,"zori_yoy":0.0148,"zori_base":"NA"}},{"type":"MultiPolygon","arcs":[[[-526,-529,-551,554,-76,555,-490]]],"properties":{"postal_code":"64081","realtor_list_price":518267.857,"realtor_list_price_yoy":-0.0012,"realtor_list_price_base":0.5121,"realtor_active_listings":67.333,"realtor_active_listings_yoy":-0.2377,"realtor_active_listings_base":-0.0375,"realtor_new_listings":37.333,"realtor_new_listings_yoy":-0.125,"realtor_new_listings_base":-0.148,"realtor_days_on_market":42.75,"realtor_days_on_market_yoy":-0.1477,"realtor_days_on_market_base":-0.0582,"zhvi":422906.911,"zhvi_yoy":0.0323,"zhvi_base":0.5678,"zori":1936.167,"zori_yoy":0.0641,"zori_base":"NA"}},{"type":"MultiPolygon","arcs":[[[-368,-179,-321,-517]]],"properties":{"postal_code":"64151","realtor_list_price":432656.429,"realtor_list_price_yoy":0.0914,"realtor_list_price_base":0.5122,"realtor_active_listings":69.333,"realtor_active_listings_yoy":0.0097,"realtor_active_listings_base":0.0153,"realtor_new_listings":37.333,"realtor_new_listings_yoy":0.2444,"realtor_new_listings_base":-0.2075,"realtor_days_on_market":49.286,"realtor_days_on_market_yoy":0.0036,"realtor_days_on_market_base":0.2032,"zhvi":350862.788,"zhvi_yoy":0.0218,"zhvi_base":0.5486,"zori":1526.252,"zori_yoy":0.0656,"zori_base":"NA"}},{"type":"MultiPolygon","arcs":[[[-465,-468,556,-451,-162]]],"properties":{"postal_code":"64024","realtor_list_price":354468.75,"realtor_list_price_yoy":0.23,"realtor_list_price_base":1.4226,"realtor_active_listings":39.667,"realtor_active_listings_yoy":-0.1119,"realtor_active_listings_base":-0.1055,"realtor_new_listings":21.333,"realtor_new_listings_yoy":-0.2195,"realtor_new_listings_base":-0.3242,"realtor_days_on_market":43.25,"realtor_days_on_market_yoy":-0.1516,"realtor_days_on_market_base":-0.1058,"zhvi":249118.626,"zhvi_yoy":0.0272,"zhvi_base":0.795,"zori":"NA","zori_yoy":"NA","zori_base":"NA"}},{"type":"MultiPolygon","arcs":[[[-431,-290,-435,-421,-433]]],"properties":{"postal_code":"66202","realtor_list_price":360007.576,"realtor_list_price_yoy":0.1037,"realtor_list_price_base":0.9297,"realtor_active_listings":26,"realtor_active_listings_yoy":0.1471,"realtor_active_listings_base":-0.0847,"realtor_new_listings":22,"realtor_new_listings_yoy":0.1,"realtor_new_listings_base":-0.3088,"realtor_days_on_market":32.727,"realtor_days_on_market_yoy":0.1564,"realtor_days_on_market_base":0.1794,"zhvi":327491.959,"zhvi_yoy":0.0526,"zhvi_base":0.711,"zori":1787.056,"zori_yoy":0.0461,"zori_base":"NA"}},{"type":"MultiPolygon","arcs":[[[-224,-138,-420,-428,-418,-401,-511,-351,557]]],"properties":{"postal_code":"66062","realtor_list_price":632716.49,"realtor_list_price_yoy":0.0492,"realtor_list_price_base":0.73,"realtor_active_listings":237,"realtor_active_listings_yoy":-0.0583,"realtor_active_listings_base":0.2502,"realtor_new_listings":100.667,"realtor_new_listings_yoy":-0.0848,"realtor_new_listings_base":-0.2883,"realtor_days_on_market":59.106,"realtor_days_on_market_yoy":0.0369,"realtor_days_on_market_base":0.4249,"zhvi":439758.474,"zhvi_yoy":0.0491,"zhvi_base":0.6235,"zori":1817.917,"zori_yoy":0.0452,"zori_base":0.5235}},{"type":"MultiPolygon","arcs":[[[-544,-508,558]]],"properties":{"postal_code":"64484","realtor_list_price":"NA","realtor_list_price_yoy":"NA","realtor_list_price_base":"NA","realtor_active_listings":6.333,"realtor_active_listings_yoy":2.1667,"realtor_active_listings_base":2.3749,"realtor_new_listings":0,"realtor_new_listings_yoy":"NaN","realtor_new_listings_base":-1,"realtor_days_on_market":"NA","realtor_days_on_market_yoy":"NA","realtor_days_on_market_base":"NA","zhvi":232579.947,"zhvi_yoy":0.0978,"zhvi_base":"NA","zori":"NA","zori_yoy":"NA","zori_base":"NA"}},{"type":"MultiPolygon","arcs":[[[-227,559,-225,-558,-350,560]]],"properties":{"postal_code":"66030","realtor_list_price":419447.51,"realtor_list_price_yoy":0.0519,"realtor_list_price_base":0.623,"realtor_active_listings":59.333,"realtor_active_listings_yoy":0.1558,"realtor_active_listings_base":-0.0593,"realtor_new_listings":34,"realtor_new_listings_yoy":-0.0727,"realtor_new_listings_base":-0.3139,"realtor_days_on_market":48.373,"realtor_days_on_market_yoy":0.3616,"realtor_days_on_market_base":0.2599,"zhvi":352680.134,"zhvi_yoy":0.028,"zhvi_base":0.5888,"zori":1599.443,"zori_yoy":0.0264,"zori_base":"NA"}},{"type":"MultiPolygon","arcs":[[[-523,-415,-410,-221,561,-552,-15]]],"properties":{"postal_code":"64742","realtor_list_price":495000,"realtor_list_price_yoy":0.1237,"realtor_list_price_base":"NA","realtor_active_listings":12.333,"realtor_active_listings_yoy":0.1935,"realtor_active_listings_base":0.3441,"realtor_new_listings":2,"realtor_new_listings_yoy":-0.625,"realtor_new_listings_base":0.0052,"realtor_days_on_market":88.333,"realtor_days_on_market_yoy":0.523,"realtor_days_on_market_base":"NA","zhvi":331002.932,"zhvi_yoy":0.0792,"zhvi_base":0.7345,"zori":"NA","zori_yoy":"NA","zori_base":"NA"}},{"type":"MultiPolygon","arcs":[[[-434,-69,-345,-426,-310]]],"properties":{"postal_code":"66212","realtor_list_price":376644.828,"realtor_list_price_yoy":0.0028,"realtor_list_price_base":0.594,"realtor_active_listings":42.667,"realtor_active_listings_yoy":0,"realtor_active_listings_base":0.0054,"realtor_new_listings":38.667,"realtor_new_listings_yoy":0,"realtor_new_listings_base":-0.3637,"realtor_days_on_market":28.345,"realtor_days_on_market_yoy":-0.1429,"realtor_days_on_market_base":0.4302,"zhvi":361240.811,"zhvi_yoy":0.0576,"zhvi_base":0.7124,"zori":1936.938,"zori_yoy":0.0287,"zori_base":"NA"}},{"type":"MultiPolygon","arcs":[[[-487,562,-509,563,-473]]],"properties":{"postal_code":"66010","realtor_list_price":79000,"realtor_list_price_yoy":"NA","realtor_list_price_base":"NA","realtor_active_listings":1.333,"realtor_active_listings_yoy":0.3333,"realtor_active_listings_base":-0.5732,"realtor_new_listings":0.667,"realtor_new_listings_yoy":"Inf","realtor_new_listings_base":"NA","realtor_days_on_market":9,"realtor_days_on_market_yoy":"NA","realtor_days_on_market_base":"NA","zhvi":254106.438,"zhvi_yoy":0.155,"zhvi_base":1.6268,"zori":"NA","zori_yoy":"NA","zori_base":"NA"}},{"type":"MultiPolygon","arcs":[[[-562,-220,564,-327,-405,-430,-553]]],"properties":{"postal_code":"64720","realtor_list_price":342816.667,"realtor_list_price_yoy":0.3236,"realtor_list_price_base":"NA","realtor_active_listings":14.333,"realtor_active_listings_yoy":-0.2833,"realtor_active_listings_base":0.0662,"realtor_new_listings":4,"realtor_new_listings_yoy":2,"realtor_new_listings_base":-0.1699,"realtor_days_on_market":66.667,"realtor_days_on_market_yoy":-0.4152,"realtor_days_on_market_base":"NA","zhvi":286961.469,"zhvi_yoy":0.0522,"zhvi_base":0.859,"zori":"NA","zori_yoy":"NA","zori_base":"NA"}},{"type":"MultiPolygon","arcs":[[[-502,-19,-192,-485,565]]],"properties":{"postal_code":"66072","realtor_list_price":337500,"realtor_list_price_yoy":"NA","realtor_list_price_base":"NA","realtor_active_listings":2.667,"realtor_active_listings_yoy":0.3333,"realtor_active_listings_base":-0.2515,"realtor_new_listings":0.667,"realtor_new_listings_yoy":"Inf","realtor_new_listings_base":-0.0278,"realtor_days_on_market":75,"realtor_days_on_market_yoy":"NA","realtor_days_on_market_base":"NA","zhvi":348679.866,"zhvi_yoy":0.1292,"zhvi_base":1.1168,"zori":"NA","zori_yoy":"NA","zori_base":"NA"}},{"type":"MultiPolygon","arcs":[[[-467,-539,-140,-452,-557]]],"properties":{"postal_code":"64084","realtor_list_price":"NA","realtor_list_price_yoy":"NA","realtor_list_price_base":"NA","realtor_active_listings":5.333,"realtor_active_listings_yoy":0.0667,"realtor_active_listings_base":-0.2999,"realtor_new_listings":0,"realtor_new_listings_yoy":-1,"realtor_new_listings_base":-1,"realtor_days_on_market":"NA","realtor_days_on_market_yoy":"NA","realtor_days_on_market_base":"NA","zhvi":343182.837,"zhvi_yoy":0.0652,"zhvi_base":1.0219,"zori":"NA","zori_yoy":"NA","zori_base":"NA"}},{"type":"MultiPolygon","arcs":[[[566,-548,-469,-284,567,568,-491,-556,-75,-555,-550]]],"properties":{"postal_code":"64086","realtor_list_price":526445.273,"realtor_list_price_yoy":0.0346,"realtor_list_price_base":0.3063,"realtor_active_listings":80.667,"realtor_active_listings_yoy":0.1152,"realtor_active_listings_base":-0.1847,"realtor_new_listings":44,"realtor_new_listings_yoy":0.2222,"realtor_new_listings_base":0.0253,"realtor_days_on_market":53.03,"realtor_days_on_market_yoy":0.0478,"realtor_days_on_market_base":-0.1847,"zhvi":379940.311,"zhvi_yoy":0.0287,"zhvi_base":0.5839,"zori":1588.491,"zori_yoy":0.0333,"zori_base":"NA"}},{"type":"MultiPolygon","arcs":[[[-569,569,-194,-492]]],"properties":{"postal_code":"64034","realtor_list_price":798497.273,"realtor_list_price_yoy":0.0302,"realtor_list_price_base":1.0035,"realtor_active_listings":44,"realtor_active_listings_yoy":0.0909,"realtor_active_listings_base":0.2992,"realtor_new_listings":14.667,"realtor_new_listings_yoy":-0.0833,"realtor_new_listings_base":-0.2833,"realtor_days_on_market":75.273,"realtor_days_on_market_yoy":0.5903,"realtor_days_on_market_base":0.3532,"zhvi":412979.549,"zhvi_yoy":0.035,"zhvi_base":0.6717,"zori":"NA","zori_yoy":"NA","zori_base":"NA"}},{"type":"MultiPolygon","arcs":[[[-331,-498,570]]],"properties":{"postal_code":"65321","realtor_list_price":176000,"realtor_list_price_yoy":"NA","realtor_list_price_base":"NA","realtor_active_listings":3,"realtor_active_listings_yoy":2,"realtor_active_listings_base":"NA","realtor_new_listings":0.667,"realtor_new_listings_yoy":"Inf","realtor_new_listings_base":"NA","realtor_days_on_market":46,"realtor_days_on_market_yoy":"NA","realtor_days_on_market_base":"NA","zhvi":"NA","zhvi_yoy":"NA","zhvi_base":"NA","zori":"NA","zori_yoy":"NA","zori_base":"NA"}},{"type":"MultiPolygon","arcs":[[[-533,-113,-295,-259]]],"properties":{"postal_code":"64124","realtor_list_price":206896.667,"realtor_list_price_yoy":0.0865,"realtor_list_price_base":1.9653,"realtor_active_listings":31.667,"realtor_active_listings_yoy":-0.1364,"realtor_active_listings_base":0.312,"realtor_new_listings":10,"realtor_new_listings_yoy":0.0714,"realtor_new_listings_base":-0.284,"realtor_days_on_market":45.533,"realtor_days_on_market_yoy":-0.1848,"realtor_days_on_market_base":0.0393,"zhvi":128078.813,"zhvi_yoy":-0.0065,"zhvi_base":1.3231,"zori":1207.778,"zori_yoy":0.0712,"zori_base":"NA"}},{"type":"MultiPolygon","arcs":[[[-297,-530,-334,-80]]],"properties":{"postal_code":"64128","realtor_list_price":139864.062,"realtor_list_price_yoy":0.0854,"realtor_list_price_base":2.6932,"realtor_active_listings":46.667,"realtor_active_listings_yoy":-0.021,"realtor_active_listings_base":0.4492,"realtor_new_listings":10.667,"realtor_new_listings_yoy":-0.36,"realtor_new_listings_base":-0.2538,"realtor_days_on_market":70.625,"realtor_days_on_market_yoy":0.3295,"realtor_days_on_market_base":0.2622,"zhvi":95283.62,"zhvi_yoy":-0.0276,"zhvi_base":1.5871,"zori":1282.778,"zori_yoy":0.0612,"zori_base":"NA"}},{"type":"MultiPolygon","arcs":[[[-424,-480,-346,-67]]],"properties":{"postal_code":"66206","realtor_list_price":832817.391,"realtor_list_price_yoy":-0.07,"realtor_list_price_base":0.5511,"realtor_active_listings":32.333,"realtor_active_listings_yoy":-0.049,"realtor_active_listings_base":-0.4757,"realtor_new_listings":15.333,"realtor_new_listings_yoy":-0.2333,"realtor_new_listings_base":-0.4022,"realtor_days_on_market":47.435,"realtor_days_on_market_yoy":0.1223,"realtor_days_on_market_base":-0.0388,"zhvi":772424.537,"zhvi_yoy":0.0943,"zhvi_base":0.6765,"zori":2479.667,"zori_yoy":"NA","zori_base":"NA"}},{"type":"MultiPolygon","arcs":[[[571,-89,-537,-376]]],"properties":{"postal_code":"66020","realtor_list_price":"NA","realtor_list_price_yoy":"NA","realtor_list_price_base":"NA","realtor_active_listings":2,"realtor_active_listings_yoy":-0.6667,"realtor_active_listings_base":-0.4342,"realtor_new_listings":0,"realtor_new_listings_yoy":-1,"realtor_new_listings_base":-1,"realtor_days_on_market":"NA","realtor_days_on_market_yoy":"NA","realtor_days_on_market_base":"NA","zhvi":423244.8,"zhvi_yoy":0.0807,"zhvi_base":0.9148,"zori":"NA","zori_yoy":"NA","zori_base":"NA"}}]}},"arcs":[[[429232,462764],[4060,-152],[8999,-334],[7041,-247],[2322,-83],[51,-36],[82,-3],[2235,-38],[596,-10]],[[454618,461861],[2256,-57],[4276,-98],[335,-5],[9520,-259],[-195,-3726],[-118,-1925],[-98,-1705],[-29,-143],[-227,-3998],[-173,-3397],[1434,-36]],[[471599,446512],[387,-8],[-94,-2275],[2800,-42],[33,839],[2407,-84],[-25,-523],[2391,-63],[-97,-1895],[4783,-87],[123,-3],[-94,-1887],[-2454,26],[-99,-1899],[-2287,51],[-7739,207],[-750,-326],[-1113,387],[-3,-78],[-300,-7526],[-4902,129],[-4936,128],[-9425,215],[-330,-7593]],[[449875,424205],[-374,-7583],[-338,9],[-1879,-1586],[-916,332],[-667,441],[-346,-115],[-254,1044],[-3200,95],[-1958,69],[-9599,306],[-1170,114],[-356,35]],[[428818,417366],[-898,1528],[-2835,2453],[-846,1029],[-395,1153],[-364,2029],[-2715,5926],[-285,2600],[-60,1504],[-208,4865],[-119,2230],[-314,954],[448,-63],[-992,1673],[1572,-59],[33,926],[-394,19],[124,1883],[1599,-60],[829,-34],[4,112],[37,653],[411,-9],[82,1351],[-385,19],[134,1635],[4490,-207],[818,6373],[211,4015],[432,900]],[[389439,521248],[1876,-90],[1689,207],[5321,-234],[5373,-284]],[[403698,520847],[72,-2],[78,-2],[3908,-146]],[[407756,520697],[-170,-3751],[-44,-933],[-374,14],[-182,-2827],[-4273,167],[2061,-2142],[1427,49],[138,-749],[-1216,139],[346,-557],[-388,34],[547,-309],[1108,-377],[-408,-1934],[860,-38],[-39,-1163],[5,-184],[-1104,113],[-1393,-457],[27,-3112],[1888,-3755],[158,-852]],[[406730,498073],[-241,12],[39,-248],[-2062,90],[20,260],[-5143,229],[-71,-262],[-2414,108],[-41,-253],[-9181,442]],[[387636,498451],[15,196]],[[387651,498647],[43,3699],[250,3804],[-16,841],[57,1172],[-2117,62],[703,853],[282,2037],[653,948],[170,456],[129,1118],[-9,107],[-43,244],[-130,398],[-151,272],[-408,488],[-269,176],[-572,269],[-129,100],[-113,239],[13,157],[153,333],[2509,1876],[965,1211],[93,963],[-275,778]],[[203172,200585],[28504,-244],[50,4965],[4751,26],[-171,3869],[436,5124],[-216,2634],[24,3401],[4780,-17],[-45,-7274],[2322,-499],[100,-2082],[535,-1177],[520,-239],[5552,-45],[551,-356],[17,-1494],[579,-962],[-32,-920],[13725,-58],[29,-5089],[6072,-9],[-3,1206],[1039,787],[831,-305],[939,-954],[1033,416],[155,683],[-941,881],[-56,908],[1013,676],[835,-83],[1308,-1736],[753,-619],[1188,167],[1651,1231],[32,445],[-163,260],[-1500,757],[-490,378],[-1185,1677],[42,1111],[-443,671],[-1298,866],[-790,-122],[-570,-1254],[-676,-438],[-976,139],[-515,617],[842,1826],[-697,1137],[-1665,406],[-1353,-951],[-1385,-78],[-744,1267],[-1274,938],[-1021,363],[-624,-235],[-518,-1014],[-1440,-505],[-964,936],[-907,65],[-845,-585],[-856,212],[-511,894],[-827,527],[-670,-105],[33,-2427],[-1657,-614],[-2386,115],[-1750,-464],[-1088,640],[-465,783],[-13,686],[662,1105],[-328,1911],[452,1349],[920,788],[1055,323],[1503,-70],[1780,-722],[2164,-576],[2480,-191],[3201,80],[2215,-318],[2423,-784],[2207,290],[-116,597],[-1033,1066],[56,519],[1989,406],[3866,1296],[1227,1269],[246,1086],[2820,1869],[320,248],[269,350],[31,426],[-204,687],[-482,678],[-1160,1099],[-1380,818],[168,0],[-3034,1163],[-1898,245],[-2424,-117],[-4436,603],[-1980,-59],[-1626,492],[337,1394],[-427,1023],[-1586,607],[-273,782],[300,769],[1265,881],[2401,250],[1265,281],[1074,784],[460,966],[161,1422],[476,1956],[-1567,3871],[378,593],[1234,-148],[608,52],[579,259],[775,758],[370,738],[146,924],[-245,1561],[-219,476],[-478,582],[-1132,1157],[-200,507],[213,1866]],[[267551,254558],[7324,-40],[-84,1754],[3654,-7],[16,1856],[1089,271],[106,185],[9,3431],[-40,3875],[4841,-27],[50,3779],[14290,-45],[-4,-3748],[9656,39]],[[308458,265881],[-54,-7616],[9600,-80],[-35,-7520],[4604,-54],[1188,-22],[825,858],[1087,154],[1166,1525],[-518,1897],[-695,320],[-144,1085],[-739,249],[-198,992],[1852,433],[10659,-114],[-42,-7533],[-345,-3943],[-257,-2420],[-18,-3212],[159,-1825],[2369,67],[13,3663],[1151,-1],[-284,802],[739,29],[903,740],[-1536,465],[-181,1644],[801,668],[746,-768],[594,-108],[147,1026],[1002,24],[479,930],[-359,1188],[928,444],[-1001,615],[739,1208],[1336,505],[144,706],[806,412],[231,945],[497,368],[1561,-140],[264,-494],[934,-361],[835,339],[-102,410],[513,1525],[1384,983],[139,1347],[-762,2081],[-45,879],[-416,120],[-390,1178],[259,397],[1504,-57],[2563,-7810],[421,-332],[790,622],[1619,694],[310,619],[1659,1147],[789,89]],[[360646,257863],[-43,-6480],[-95,-14172]],[[360508,237211],[-12,-1802],[17,-1840],[35,-3868],[-6,-1925],[-27,-9916],[8,-2705],[117,-10729],[45,-4122],[90,-5926],[19,-2204],[60,-2756],[0,-891]],[[360854,188527],[0,-5498],[-9,-551]],[[360845,182478],[-3451,-2],[-2882,187],[-5521,-204],[-1574,681],[-1369,39],[-7477,-202],[-8390,-453],[-2859,3],[7,-1034],[-633,-334],[-514,-1354],[-1170,59],[-806,913],[-47,788],[-902,-1575],[-1170,97],[770,1065],[-722,187],[-943,-1318],[37,-780],[548,-500],[-2217,263],[-224,-1124],[-1397,-13],[-1269,533],[99,-958],[518,-732],[-844,-1368],[-1277,-103],[-297,1192],[-589,106],[-377,-760],[779,-814],[2866,15],[9401,-2],[-50,-7553],[-9387,-25],[-8276,7],[-1233,-498],[-484,525],[-2654,-360],[-20362,345],[-256,-22],[-971,-201],[-237,12],[-165,137],[-172,87],[-3454,16],[-2538,-14],[-197,-1555],[1147,-2223],[-5093,4],[-127,-34],[-2699,-868],[-1093,117],[-1062,-463],[-1347,1266],[-1279,35],[11,3719],[-13892,142]],[[251079,167572],[-19447,11],[-4982,31],[-4412,48],[-47,15069],[-9554,15],[54,-7532],[-9537,5],[80,4172],[-62,21194]],[[265260,611887],[4158,-5],[620,-3],[4496,7],[3,216],[1411,339],[676,-530],[3029,-21],[1792,-30],[4808,2],[1606,4],[796,-14],[1366,6],[4,243],[2160,21],[1,-263]],[[292186,611859],[-16,-1595],[365,-2321],[959,-2221],[1915,-5399],[493,-1362],[549,-736]],[[296451,598225],[-4274,-29],[-7698,-177],[-2638,-22],[-501,-4],[-3977,-38],[-2461,-8],[-9638,48],[-3,1618],[-1,404],[-3,1751],[-9,3781],[12,6338]],[[404452,825402],[51,0],[2277,-21],[175,489],[297,17],[6769,-82],[618,-413],[147,-35],[4004,-15],[260,1682],[419,187],[-14916,93],[356,20822],[9660,94],[44,3233],[-579,409],[-1201,16],[-630,360],[66,3126],[443,302],[9351,-56],[-106,5538],[-2442,3758],[-938,589],[-27,3181],[-1655,227],[-1891,3180],[-118,3575],[-283,552],[-1292,390],[-2354,48],[-615,323],[-202,1157],[-64,1645],[-198,290],[-25,23],[-33,1483],[1459,-19],[970,1879],[1816,636],[266,1918],[800,1632],[3922,63],[897,255],[1527,-220],[12909,-30],[2438,8],[5431,10],[1020,0],[843,620],[24,10782],[9858,-42],[48,11392],[15083,-3],[271,-8410],[-64,-6868],[3219,-24],[3945,-18],[193,141]],[[476695,895271],[213,-296],[-439,-301],[796,-256],[500,-782],[-484,-363],[71,-1769],[1868,-124],[900,-1554],[906,-338],[-455,-614],[-1007,-255],[-263,-874],[1435,-18],[117,-4570],[1589,-1027],[-772,-1308],[955,-740],[-2619,-149],[3768,36],[-86,-11906],[-854,505],[-482,-133],[-458,-582],[519,-868],[-714,-106],[99,-617],[-836,371],[-180,-490],[356,-996],[-1134,-340],[-246,-865],[-1193,-465],[847,-1075],[731,-209],[-156,-607],[-1276,-1036],[-474,-664],[-1262,-842]],[[476975,859044],[-837,-6],[-530,-1088],[-1680,242],[-1362,-384],[-251,-831],[1285,-1418],[81,-733],[-362,-2072],[841,-886],[544,1095],[1889,-221],[61,-422],[-965,-885],[-1276,-377],[-834,-610],[-2451,855],[-1448,697],[-424,-227],[618,-1395],[632,-157],[-149,-3131],[215,-581],[-451,-946],[-1039,-410],[-1116,-908],[-1089,-1402],[-831,-468],[226,-837],[904,-677],[-404,-1143],[-832,-209],[-54,-822],[568,-1735],[605,-1072],[-945,62],[-202,541],[-1498,46],[-1900,-298],[-425,-2838],[942,-1143],[159,-1047],[-1485,-1425],[193,-756],[1042,-1066],[-418,-815],[358,-291],[-604,-698],[-66,-822],[1160,-368],[644,-881],[-469,-366],[42,-1223],[-738,-564],[212,-2529],[12490,-13],[-71,-11360],[-2515,18],[-333,-3748],[-2167,-139],[-232,-7418]],[[470233,796739],[-12148,-44],[-169,-7514],[-10182,-47]],[[447734,789134],[23,3709],[-2144,-6],[-258,2017],[-1095,248],[-1254,1741],[-19,3541],[-9738,13],[9,-15053],[-3941,25],[-1434,-580],[-1387,-25],[-861,528],[-2133,173],[-111,-96],[-5822,37],[-983,365],[2470,1874],[-473,1523],[-3958,14],[165,1348],[314,-8],[25,2419],[473,-84],[806,-1486],[3062,-1562],[503,203],[-1628,1179],[-1022,358],[-364,1152],[945,-476],[336,404],[-898,618],[-1053,251],[-304,511],[1480,-37],[-274,630],[-869,250],[2305,889],[315,803],[1507,156],[-1508,295],[-1519,-1158],[-1114,96],[1055,1021],[-279,588],[343,1443],[687,118],[18,1746],[814,90],[1527,-758],[2105,275],[61,416],[-2396,-2],[-766,726],[1447,2256],[-1794,-646],[-1149,-1156],[-488,1164],[214,522],[-1038,-94],[-122,535],[567,640],[-368,956],[1297,272],[412,617],[1280,447],[339,683],[515,-219],[73,2032],[1143,678],[2168,495],[1572,-900],[167,338],[-1359,1174],[-2723,-424],[925,600],[-863,972],[392,815],[1327,380],[1160,-108],[142,500],[-1156,-141],[-1978,-675],[-800,-1020],[-1022,-321],[-1323,230],[-263,-1806],[656,-594],[-612,-594],[-2119,408],[-545,-530],[193,-1423],[-477,-1018],[-487,-166],[135,-1771],[-656,-513],[-184,-831],[-610,1],[304,-1141],[-77,-1473],[320,-428],[500,-1972],[-138,-606],[-1219,523],[-78,-985],[-2059,976],[-1035,1521],[90,-1449],[-673,-712],[-1281,-154],[-1298,-688],[-90,1825],[2179,6],[27,1882],[485,3742],[28,1131],[-3814,13],[-849,2960],[-1201,2870],[1121,475],[1842,277],[3,5507],[-2234,173],[-108,268],[157,2418],[85,5082]],[[387768,717818],[988,-3],[3504,-13],[2938,65],[3738,-263],[19680,-125],[4646,-7]],[[423262,717472],[-12,-3764],[-14,-852],[92,-2126],[4,-547],[-16,-4000],[0,-98]],[[423316,706085],[-142,-2],[0,-105],[-5305,92],[-641,-425],[-249,149],[-1046,335],[-1560,42],[-2833,82],[-1568,312],[-8372,107],[-4708,51]],[[396892,706723],[6,3699],[-2312,121],[-4385,-2],[5,1902],[-2458,-2],[20,5377]],[[270455,789821],[3306,1718],[769,260],[961,279],[4053,674],[3469,58],[2164,831],[2577,607],[1845,565],[48,1771],[14527,127],[24,-3793],[14602,24],[13,848],[5446,-7998],[-1623,-607],[-809,289],[-284,-334],[14,-2934],[535,-996],[932,-581],[1883,-96],[538,-407],[40,-1341],[-591,-1491],[1772,-909],[1409,-1156],[135,-534],[-646,-488],[-1353,-83],[-2064,-947],[-1614,-345],[-691,-356],[-493,-767],[-499,-1568],[-41,-986],[435,-840],[1319,-970],[219,-577],[-567,-968],[869,369],[281,838],[1069,646],[1073,-275],[-203,-737]],[[325304,766641],[-259,854],[-1493,-518],[-550,-1181],[-862,-106],[-163,222],[565,857],[-13621,-41],[14,-6032],[-77,-1458],[-259,-110],[-3687,-3],[-936,-379],[40,-3371],[-3454,15],[-320,361],[-10815,9980],[-578,892],[-9576,-25],[0,7207],[-4731,-52],[39,5865],[-3083,-344],[-1609,39],[566,10508]],[[363613,601662],[2877,-830],[3705,-111],[1463,585],[239,-729],[-418,10],[-1372,-2272],[-159,-1094],[-717,-1673]],[[369231,595548],[-1663,446],[550,1343],[-1882,12],[41,-1059],[-2641,819]],[[363636,597109],[-23,4553]],[[381208,491205],[906,104],[1195,-34],[-59,-1008],[-664,-414],[-990,-152],[-1464,677],[1076,827]],[[363251,484811],[2,2501],[1,1196],[2,1596],[0,147],[2,2269],[4,3613],[1,554],[1,1556],[2,1677]],[[363266,499920],[1590,25],[2180,458],[320,-577],[3376,64],[48,705],[1256,320],[852,-248]],[[372888,500667],[-55,-1017],[270,-406],[2358,-168]],[[375461,499076],[-160,-2002],[-400,-5475],[1461,8],[-357,-2688],[-354,-1108],[-1152,-1905],[-70,-862],[-79,-973],[-154,-1890],[24,-873],[213,2],[-20,-211],[19,-153],[672,-38],[-21,-285],[-890,35],[-46,-317],[-298,-2578],[29,-858],[977,-1211],[170,-692],[-437,-5437],[240,-2257],[26,-2028]],[[374854,465280],[-4245,188],[-7358,334]],[[363251,465802],[0,1551],[0,2499],[0,2531],[0,687],[19,2921],[1,228],[-19,394],[-1,40],[0,571],[0,281],[0,7135],[0,163],[0,8]],[[207832,539519],[2208,2201],[4602,5288],[2315,-39],[89,-1917],[4734,213],[-3,-154],[4987,15],[4845,-22],[4984,-42],[-495,3772],[175,1],[4418,97],[-8,-613],[-1561,13],[-1604,-838],[810,-2410],[2878,-11],[1208,-422]],[[242414,544651],[-71,-2298],[-1015,-149],[-23,-6621]],[[241305,535583],[-12,-1854],[3944,39],[-3,-1070],[-920,-4],[5,-925],[-3056,325],[-93,-1713],[141,-976],[13,-2643],[189,-602],[758,9],[-1213,-1450],[234,-448],[48,-3826],[29,-1889],[874,-3084],[-603,0],[6,-640]],[[241646,514832],[-4762,12],[7,-281],[-176,0],[-6252,151],[-3259,883],[-6148,2057],[-1232,223],[-1360,108],[-4908,-169],[-888,160],[-1082,355],[-998,532],[-2680,1729]],[[207908,520592],[3,6674],[-102,19],[100,308],[-1,135],[1,380],[-53,3714],[21,2676],[4,3009],[-49,2012]],[[363649,590532],[1554,-99],[187,119],[1114,832],[916,1590],[417,964],[918,1637],[443,-102]],[[369198,595473],[1703,-394],[2387,-26],[736,23],[726,-44],[1228,-48]],[[375978,594984],[2405,-127],[403,11],[2618,440],[50,-217],[628,-403],[766,-27],[680,-24],[4105,-135]],[[387633,594502],[-60,-1231],[311,-846],[-351,15],[-66,-1436],[769,16],[1617,207],[-1097,-447],[433,-1169],[-1805,-299],[-15,-245],[-187,-3759]],[[387182,585308],[-605,22],[-591,24],[-629,24],[-2960,99],[-1386,54],[-1318,46],[-344,-625],[-352,-1221],[177,-1721],[-263,-158],[-609,24],[-592,24]],[[377710,581900],[-2726,102],[-4733,194],[-65,3],[-4825,157],[-906,32],[-813,279]],[[363642,582667],[-1,73],[-10,1744],[-19,3051]],[[363612,587535],[0,7],[5,399],[5,431],[27,2160]],[[367080,704712],[8427,1268],[3913,602],[2154,283],[8189,-61]],[[389763,706804],[-1,-157],[-40,-3916],[7095,-68],[4735,-25],[11151,-74],[24,-2132],[844,-1085],[143,-575],[-2,-251],[-2460,-56],[-722,-3975],[-482,-527],[-2200,1292],[-786,977],[-3133,-823],[-2983,-543],[-585,-388],[-100,-636],[1005,-2198],[1089,-777],[17,-931],[272,-307],[739,-1103],[-2205,-860],[-2495,16],[-6704,55],[-49,-3759],[-52,-3506],[1920,-242],[101,-1761],[350,-3818],[24,-183],[190,-106]],[[394463,674362],[-1113,-383],[-2154,-101]],[[391196,673878],[-2596,-283],[-2302,-605],[-1647,13],[-383,3],[1,-342],[-2699,-49],[15,412],[-1256,5],[-472,-25],[-2379,2],[-10,-892],[-2374,-41],[-26,-889],[-1953,-20],[-264,-1142],[-144,2997],[-234,2],[-120,1],[-80,1],[-1472,-1],[-1078,-6],[-2827,13]],[[366896,673032],[5,62],[82,5314],[19,1881],[-1152,803],[-222,565],[138,2374],[112,1],[6,74],[1168,2],[74,3753],[78,7526],[-10,1304],[14,2262],[7,234],[-33,918],[-3,376],[-33,1626],[-43,1604],[-23,1001]],[[422661,671949],[7192,419],[7129,-90],[-13,-682],[1831,-134],[4,651],[1469,70],[876,-13]],[[441149,672170],[-2635,-4375],[-2008,-2940],[-2672,-3716],[-1721,17],[-528,18],[-2293,-9],[-2846,3],[-3763,9]],[[422683,661177],[0,7],[12,1331],[10,1185],[-391,-16],[-887,220],[1279,2116],[-45,5929]],[[336979,533739],[302,93],[3,167]],[[337284,533999],[4801,14],[4825,23],[2027,14],[723,9],[69,-716],[2011,-121]],[[351740,533222],[3,-859],[-1354,414],[-327,-433],[1694,-505],[7,-630],[-588,-1],[-17,-849],[293,-72],[317,-4],[-17,-1904],[-22,-2352],[-36,-3311],[-1216,2],[-126,-838],[1351,73],[44,-3080],[54,-3771],[-18,-4861]],[[351782,510241],[-3589,-42],[-1255,-120],[-17,1971],[-1450,-13],[-1319,-756],[-2034,-6],[-2356,-4],[4,-1789],[-997,-101],[-179,1888],[-1278,-2]],[[337312,511267],[161,3794],[502,2787],[-369,1290],[-266,-69],[-896,2796],[534,805],[284,1],[6,3240],[-528,541],[530,3],[6,3780],[3,498],[-307,0],[7,3006]],[[553218,373862],[2939,-79],[52,953],[5238,-178],[-171,-904],[767,-26],[259,9],[253,80],[137,105]],[[562692,373822],[2421,-142],[444,1212],[532,446],[877,40],[5540,-170],[-252,-5142],[-1726,-623],[473,-1764]],[[571001,367679],[-10761,310],[-108,602],[102,2089],[-4156,1247],[-405,12],[-2242,68],[-191,-46],[-244,-147],[-140,245],[133,1807],[229,-4]],[[663332,479989],[519,1612],[467,473],[-51,1191],[-345,366],[-1150,-309],[-1172,237],[-597,292],[315,2999],[-4931,115],[270,4710],[-4855,230],[189,3423],[5115,39],[2031,-60],[386,3414],[-52,2054],[-680,297]],[[658791,501072],[11943,-342],[-146,-1932],[-3748,-272],[-145,-3376],[19395,-773],[-109,-2046],[2929,-147],[-138,-2789],[2027,-54],[-144,-2598],[216,-291],[-1909,66],[-805,-642],[-387,-6363],[-322,-458],[723,-159],[7431,-242],[8929,-37],[420,-64],[166,1902],[344,5394],[980,-1227],[-701,-1107],[676,-644],[980,454],[1267,-608],[308,-1075],[2037,-1129],[2044,679],[1462,-592],[-28,-434],[532,-12],[642,-687],[312,-1335],[585,71],[120,844],[806,72],[1383,-1170],[1114,-1238],[1658,-1132],[185,-1640],[1150,-1486],[1655,-285],[308,-1056],[-222,-852],[1613,-642],[-1389,315],[-15773,739],[-82,-1554],[485,-374],[1925,-61],[-99,-1902],[-3596,104],[-100,-1854],[-3438,136],[-78,-1997],[-4115,147],[-2976,2068],[-594,-1965],[96,-1934],[-240,-3388],[704,-369],[531,119],[1339,-629],[-63,-942],[-943,-602],[-1148,-2506],[1310,-1693],[1172,-271],[-11,-368],[2002,-981],[-108,-576],[1885,-515],[1426,-277],[1019,-882],[-76,-752],[2832,-650],[1745,4314],[625,1942],[-2686,246],[427,3408],[2363,-2085],[165,3502],[11521,-4412],[522,-288],[-429,-4045],[-186,-5440],[7371,-207],[-258,-5510],[-2923,-1856],[-1356,-696],[-1868,-1380],[-1519,-645],[-24,-835],[-42,-265],[5214,-139],[-426,-10436],[110,-207],[50,-141],[29,-200],[-26,-125],[-28,-66],[-55,-57],[-102,-68],[-710,-719],[-1743,431],[-1650,-1804],[-156,-939],[-1077,-240],[-40,-1865],[-452,-4532],[-103,-1990],[-662,24],[-458,-8115],[-319,-7452],[795,-21],[-41,-1494],[1620,-38],[-102,-2336],[7332,-209],[-98,-1935],[2505,-59],[-110,-7649],[7480,-715],[-2266,-446],[-1144,-956],[4158,-124],[-822,-602],[-337,-6968],[9617,-264],[-470,-7601],[-14051,417],[-110,-2205],[-1818,-62],[-200,-4686],[1998,-28],[103,-2815],[-11627,212],[-406,-11257],[-127,-3580],[-165,-3985],[-6423,184],[-692,-227],[-127,-3514],[-226,-3344],[-499,-465],[-1921,41],[-2694,49],[-6184,142],[334,7532],[-5710,110],[-3980,189],[-75,3],[-208,-421],[825,-154],[159,-508],[-1840,-550],[1493,-397],[848,-1499],[-459,-1757],[1088,528],[777,-382],[-111,-1548],[154,-994],[1836,-62],[-266,-7563],[-26054,634],[-9778,222],[265,6659],[366,875],[2137,-41],[458,13165],[-4824,192],[45,1850],[-7191,190],[156,3680],[-2401,235],[317,7452],[-2958,-34],[-13756,339],[-56,2649],[89,3066],[481,1654],[-710,2267],[-840,1043],[-116,1267],[256,2073],[25,2196],[-130,-1095],[-663,484],[-2034,687],[-1625,256],[-4538,-1841],[-2660,-386],[-1292,131],[-981,458],[-1543,2119],[828,1426],[-196,431],[-829,353],[-5070,170],[-1100,179],[-1878,157],[-490,280],[192,1335],[-1856,106],[112,870],[-563,236],[-627,-700],[-484,96],[-136,592],[462,739],[-1752,619],[-88,-118],[-409,-16],[-167,46],[-235,176],[-287,455],[5,225],[-77,277],[-134,130],[-179,73],[273,5914],[-1891,45],[-77,3782],[1395,-21],[3290,-150],[6083,-2632],[54,-601],[9581,-4521],[82,1836],[-3908,209],[160,1584],[6223,-159],[192,3653],[3841,-69],[2008,-330],[519,349],[945,-150],[1571,710],[174,653],[3523,-19],[1134,468],[448,835],[791,460],[1526,711],[937,51],[227,3682],[452,7656],[19337,-604],[-201,-3809],[1613,-74],[-212,415],[989,1217],[-53,1763],[746,-55],[2033,1016],[141,2070],[-4866,1301],[586,9776],[189,3178],[206,386],[67,3857],[-50,1053],[208,2148],[-1042,-1090],[-1696,688],[-1099,303],[265,678],[-1250,710],[135,742],[-1200,379],[-1159,1599],[2508,10],[130,2501],[4777,-168],[448,7643],[-3685,122],[-486,-138],[-83,-12],[-588,12],[9,154],[-4932,168],[652,9547],[4409,-155],[-293,1417],[-1704,2299],[900,678],[33,639],[-1197,1523],[204,1149],[613,1332],[-584,408],[-1353,131],[-426,426],[9747,-401],[46,597],[-2432,43],[279,5223],[-3241,114],[339,1788],[237,127],[214,-49],[5009,-326],[8,163],[-1342,67],[-44,591],[-722,360],[-88,2867],[472,7660],[-110,4]],[[468660,506691],[8397,-373],[4080,-106],[1989,-48],[60,654],[1578,-365],[1272,497],[2768,-311],[-27,-708],[1624,-37],[-52,-1256],[399,-174],[-347,-2101],[1276,-66],[3018,-103],[6596,-186],[912,-42],[9336,-285],[309,-5],[813,-14],[634,-20],[290,-10],[945,-22],[42,559],[1546,42],[-35,-648],[539,-26],[3580,-80],[3497,-119],[-30,-493],[-2354,72],[-269,-5264],[1669,-1482],[579,-19],[-173,-845],[-977,319],[-1153,177],[-4789,171],[-2660,91],[-826,27],[-3842,104],[-1902,58],[-16,-148]],[[506956,494106],[-5156,149],[-7189,361],[-2111,-3],[-2704,94],[-5192,127],[53,-74],[-2120,71],[-42,72],[-1801,522],[-2770,1381],[-3327,1705],[-676,552],[-3401,3008],[-434,796],[-55,133],[-1581,3689],[210,2]],[[369231,595548],[-33,-75]],[[363649,590532],[14,1112],[0,54],[0,2],[-27,5409]],[[387182,585308],[1791,-55],[2976,-104]],[[391949,585149],[-45,-940],[-594,30],[-153,-2822],[-30,-940],[588,-22],[-41,-943],[-312,12],[-47,-934],[310,-10],[-50,-942],[-601,22],[176,-2488],[294,-11],[-15,-280],[-306,5],[-19,-365],[-304,-594]],[[390800,573927],[-608,17],[-10,-175],[-597,22],[11,174],[-2287,78]],[[387309,574043],[-304,10],[-421,15],[-2387,86],[-2394,86],[-1214,45],[-2857,94]],[[377732,574379],[-177,170],[-189,39],[73,2421],[-224,205],[237,-10],[57,935],[-291,13],[33,532],[-1743,158],[-658,420],[68,1336],[2560,-25],[232,1327]],[[363410,559841],[2069,-65],[5864,-201],[2889,-102],[727,438],[493,373],[-189,-848],[883,-30]],[[376146,559406],[-18,-321],[284,-317],[-55,-1252],[-96,-1654],[-318,9],[-12,-224],[-5,-136],[319,-9],[-77,-1568],[-90,-1729],[-307,16],[-36,-648]],[[375735,551573],[-16,-280],[-53,-932],[-98,-2022],[-58,-1129],[717,95],[87,-745],[363,-13],[-30,-468],[-1208,-417],[-22,-493]],[[375417,545169],[-1130,-9],[-59,-392],[-618,26],[-604,25],[8,388],[-2121,96],[-20,-391],[-277,13],[-350,16],[17,218],[-816,66],[-411,9],[-14,-234],[-190,9],[35,222],[-1664,86],[-18,-235],[-1335,55],[-201,6],[18,239],[-2444,105]],[[363223,545487],[42,3247],[7,473],[33,2553],[7,574],[1,17],[8,648],[0,1],[17,1281],[23,1795],[49,3765]],[[117741,679911],[157,471],[-446,2392],[-1191,764],[4358,7],[68,-3825],[1781,192],[3035,-229],[4765,-16],[-23,3934],[197,15032],[2484,12],[70,3718],[2332,-32],[28,3842],[2486,-70],[-28,3652],[-7254,-12],[121,7670],[-4718,2],[-18,15097],[4853,-13],[2,234],[448,78],[261,226],[117,533],[-95,126],[-722,38],[5,1702],[1107,805],[1966,-5],[1082,296],[906,-599],[1768,-712],[3520,-535],[3900,-987],[251,3620],[-2934,279],[-3651,509],[-3,555],[742,-11],[-12,1366],[-1303,23],[34,1863],[1640,-192],[191,960],[1843,124],[0,-485],[3472,22],[11,791],[1056,-192],[1011,723],[1405,79],[56,1885],[-1078,-22],[-11,1966],[2945,-71],[-532,1015],[-4707,6537],[2824,-6],[2824,1651],[235,623],[-748,481],[-967,1853],[510,890],[834,181],[376,1879]],[[151377,762595],[24205,-36],[1273,130]],[[176855,762689],[1438,-927],[5811,-1788],[1864,-1109],[1728,-1611],[811,-1536],[-190,-3078],[224,-2112],[336,-933],[1828,-2260],[1210,-804],[773,-434]],[[192688,746097],[-67,-1929],[-14,-4057],[-3740,-77],[-93,-8935],[-15,-4089],[1102,-7],[-2028,-2792],[614,-500],[-1472,-1160],[1399,-2067],[-545,-233],[171,-849],[1051,-403],[1779,214],[2581,1138],[4956,290],[670,-129],[1600,-628],[618,-524],[271,-3425],[169,-336],[1644,77],[824,52],[3766,576]],[[207929,716304],[248,-2394],[79,-754],[755,-3250],[320,-1375],[338,-1454],[1132,-2949],[998,-1975],[177,-348],[72,-143],[349,-691],[2496,-3106],[2728,-2597],[223,-212],[1265,-1203],[2314,-1637],[2199,-1138],[5554,-1710],[5061,-1946],[361,-139],[3334,-1665],[2221,-1110],[4373,-3148]],[[244526,681360],[1526,-1476],[1772,-1713],[2058,-3315],[576,-2588],[10,-49]],[[250468,672219],[356,-1599],[-231,-1786],[-868,-2226],[-3671,-5274],[-82,-1653],[47,-90]],[[246019,659591],[-223,-710],[-1591,-291],[-2080,-1447],[-651,296],[-2517,-278],[-2640,52],[-10,3820],[-2400,-6],[-624,-1934],[21,-1484],[-1832,-19],[-2,-369],[15,-7090],[-19162,337],[-136,-480],[-12,-252]],[[212175,649736],[-8151,-123],[-1447,56],[-14,-4177],[-516,-1229],[0,-1586],[-1947,46],[74,1224],[-2418,18],[14,-1873],[-14577,-56],[18,3700],[-9715,-17],[16,-1569],[-49,-494],[-718,-107],[-1836,-2297],[-728,-303],[-1657,-2739],[-1732,-30]],[[166792,638180],[-973,685],[609,306],[-241,1385],[-1106,1446],[-5971,55],[30,7538],[-4882,-14],[-38,-7552],[-9559,48],[-29,7556],[-2967,-12],[-1835,-258],[-1138,287],[-4215,-53],[-4252,52],[1,-446],[-1221,0],[-37,-544],[-1178,-19],[19,-2741],[-663,-37],[28,-1644],[570,0],[56,-1201],[1149,0],[28,-469],[1226,-7],[-7,-422],[-1670,3],[-816,292],[-1050,-250],[-184,760],[-807,-349],[-371,578],[5,-7616],[-1125,-935],[-3273,-2],[-472,493],[-108,1339],[-4706,0],[0,1415],[-703,-247],[-1194,282],[6,637],[-3776,-64],[-1196,582],[-1055,-135],[-374,505],[-1249,59],[1,334],[-2950,-287],[-1177,-449],[-353,-692],[-5143,-17],[2,2749],[-4125,-2791]],[[92333,638313],[-627,19],[31,7632],[2463,-29],[-13,3731],[2309,-16],[12,1055],[1308,-2],[36,2405],[3460,-110],[0,11792],[4832,-22],[80,3771],[9648,-50],[1053,-218],[1135,167],[-110,486],[900,972],[-105,884],[-1586,726],[-420,711],[-2015,-625],[-573,255],[464,549],[3367,1455],[-830,1998],[52,808],[-1530,1050],[-563,810],[1222,593],[1378,-446],[30,1247]],[[195474,676389],[20,-237],[2381,108],[74,-541],[1595,-1473],[1403,383],[352,-1102],[1299,330],[-24,-5336],[-20,-4045],[6,-3364],[1423,-882],[-90,-906],[-144,-147],[1855,1446],[619,-389],[1369,886],[1081,-54],[3566,1],[10,2887],[8,912],[1924,-9],[2354,-2],[557,1],[4812,2],[102,7533],[57,2518],[842,-161],[1613,871],[991,-2071],[2764,1487],[-2448,3047],[-886,1767],[-883,2008],[-194,431],[-1698,3972],[-243,1113],[-97,95],[-4443,14],[-30,-807],[-8,-1094],[-2977,23],[144,-1899],[-1178,11],[-831,7],[1,170],[5,724],[-802,5],[9,-904],[-4022,-55],[-4869,-40],[-4868,-20],[-2430,-7],[-33,-3775],[-18,-3432]],[[411611,597708],[1567,-52],[1984,-295],[1463,-136],[96,344],[806,-21],[4647,-211],[53,931],[920,90],[275,-92],[484,-247],[328,-407],[43,-366],[286,-12],[271,-1181],[-664,-829],[1004,-294],[145,-36],[168,-1550],[241,-25],[74,-8],[113,3551],[4606,-186]],[[430521,596676],[-536,-1074],[45,-1278],[681,-1252]],[[430711,593072],[-414,-1410],[946,-440],[2045,-1794],[645,-1676],[533,-349],[-3,-63]],[[434463,587340],[-492,23],[-3521,152],[-3985,-341],[-2476,589],[-1037,201],[-1088,51],[-630,30],[-1102,52],[-8968,179]],[[411164,588276],[72,1236],[-63,179],[-506,18],[31,471],[-638,22],[35,1641],[988,-55],[252,109],[5,125],[-261,11],[47,1560],[303,-9],[10,311],[2,47],[-591,16],[95,1851],[577,-15],[15,-1],[74,1915]],[[377320,128630],[1271,28],[2319,2752],[409,1244],[-86,898],[740,2159],[1446,1417],[992,2293],[-233,1377],[-335,180],[-978,-74],[-677,-217],[-654,-711],[-1043,-279],[-676,881],[129,890],[1226,1109],[1639,621],[2727,-85],[535,-178],[809,-65],[478,106],[176,95],[171,-6],[1400,907],[1651,-686],[220,-130],[442,-25],[324,205],[924,1725],[1015,482],[730,-291],[421,-718],[726,-634],[2181,-1146],[163,-4],[162,-5]],[[398064,142745],[1231,-895],[691,-1156],[2903,1035],[3539,204],[471,-165],[271,-625],[532,-986],[1545,-1408],[1770,-2023],[2441,-1846],[1842,-837],[1247,-794],[1433,-2185],[776,-492],[2454,-181],[1628,431],[1392,421],[1833,-60],[2911,-926],[1611,-1613],[-329,-923],[-1124,-829],[-872,-1258],[805,-251],[800,694],[1029,228],[2452,-104],[1182,-423],[1267,-942],[684,-1454],[869,-604],[1266,169],[605,456],[189,1054],[-336,1004],[-1162,1480],[604,1289],[751,268],[1341,-772],[379,-1295],[2168,-727],[1362,95],[11,-1232],[1557,-588],[723,825],[7,744],[-752,1374],[410,725],[2841,1645],[1100,100],[780,-473],[500,-1127],[-154,-1571],[1258,291],[712,1018],[672,-57],[324,-893],[-227,-1120],[284,-747],[2226,-677],[740,-815],[546,-1263],[-769,-1061],[342,-619],[1434,-767],[305,-731],[-802,-1223],[489,-399],[2272,853],[1499,-457],[1119,830],[1495,-140],[589,-1444],[-949,-1214],[10,-756],[690,-20],[1133,918],[331,1021],[830,513],[2175,-249],[1165,-371],[780,-639],[-30,-1509],[733,63],[999,-160],[1661,447],[626,881],[360,43],[1628,-249],[353,661],[-366,845],[885,751],[610,-210],[-389,-1637],[438,-919],[1681,-1654],[620,-1774],[-1756,-1027],[-470,-524],[787,-536],[2160,176],[1413,603],[928,-202],[611,-661],[507,-1226],[762,628],[-224,1702],[161,353],[514,440],[500,-499],[7472,-203],[2114,-118],[-146,-2048],[2239,24],[1455,-1112],[2043,-1103],[2005,-567],[2002,-174],[1815,-134],[1980,-427],[2120,-864],[3191,-1617],[3607,-2191],[2393,-1714],[324,-144],[632,-985],[291,-1201],[1362,628],[1175,-129],[-744,907],[2456,617],[7212,-286],[7,92],[10384,-317],[792,-3322],[664,-890],[-160,-3367],[9391,-248],[381,7388],[72,130],[7070,-92],[-227,-4230],[-284,-1862],[613,-1526],[18317,-469]],[[581931,89255],[-288,-7580],[-13925,363],[-379,-7647],[-16203,477],[-798,-776],[-846,-1977],[-427,211],[-1255,-536],[-430,448],[-2709,-2112],[-2079,495],[1402,-1743],[2252,207],[794,305],[-467,-405],[534,-907],[-709,-1663],[528,-271],[1138,467],[-326,839],[742,-201],[466,1347],[904,419],[-635,-853],[113,-1468],[1134,246],[841,-351],[593,-772],[623,1791],[506,-191],[1071,-1380],[621,266],[86,944],[-618,573],[1436,-530],[857,1212],[-90,996],[582,40],[1510,2396],[-545,-1466],[65,-850],[-624,-1227],[1175,-412],[-1429,-814],[740,-841],[-1077,-20],[543,-933],[-783,271],[-481,-810],[1451,-1183],[-35,-1044],[815,551],[927,-1451],[-844,173],[-1241,-1712],[-516,-265],[75,-442],[1134,-276],[-1147,-965],[-963,402],[-476,-935],[2484,-484],[78,704],[1066,35],[723,-1138],[1205,64],[54,761],[943,422],[227,-636],[2221,660],[-495,1391],[703,-701],[661,-68],[722,-1531],[-768,-537],[894,-892],[2527,-151],[12889,-301],[3697,559],[1611,40],[3338,-412],[2322,-881],[2273,336]],[[594619,54925],[-1993,-2055],[-437,-308],[-2359,-867],[-2284,-694],[-957,-435],[-3521,-1009],[-781,-130],[-2826,155],[-1181,-356],[-934,-792],[-794,-1541],[-15,-1725],[407,-997],[-1096,-603],[-847,721],[-238,721],[476,964],[-120,846],[-1232,1979],[-205,1336],[802,1476],[1978,687],[350,736],[-376,810],[-1366,516],[-1545,-58],[-4417,-1253],[-779,-614],[-164,-852],[762,-2051],[-367,-1440],[-1742,-1517],[-416,-1106],[104,-1328],[-492,-684],[-660,-154],[-655,579],[-568,1985],[-883,824],[-1120,307],[-886,-302],[-820,-920],[-330,-1880],[224,-1350],[862,-1671],[-157,-878],[-1284,-359],[-1686,108],[-2914,-302],[-1391,155],[-2591,769],[-17,-202],[-987,-368],[-1045,473],[-543,1931],[-572,1169],[-993,449],[-987,-313],[-97,-873],[1158,-913],[185,-941],[-409,-654],[-879,-310],[-1923,286],[-1366,1156],[-1898,200],[-577,337],[-375,928],[-734,1242],[-686,121],[-886,-284],[668,-1937],[-656,-603],[-1749,470],[-2559,314],[-391,-439],[1773,-923],[95,-512],[-1132,-651],[-1923,-416],[-2270,-1026],[-1099,-1281],[-1951,-1122],[109,-1484],[1146,-776],[1008,431],[2439,-368],[339,-240],[82,-81],[335,-894],[63,-390],[-30,-259],[-99,-166],[-450,-274],[-1400,430],[-1159,1277],[-596,-84],[-1792,-1476],[315,-708],[354,-135],[1355,-1],[1217,-795],[108,-1482],[-65,2],[-68,-290],[-97,-177],[-241,-171],[-308,-43],[-233,14],[-445,172],[-197,154],[-278,365],[-219,4],[-704,877],[-649,973],[-463,188],[-409,-385],[-144,-1035],[-406,-581],[-230,4],[-364,-772],[-431,-342],[-692,-242],[-603,-114],[-516,42],[-269,275],[-279,578],[-455,623],[-190,3],[-805,801],[-753,462],[-710,262],[-774,83],[-477,-83],[-797,-488],[-118,-516],[-742,-472],[-825,7],[-524,368],[-398,696],[-348,234],[-566,-57],[-399,-294],[-39,-288],[219,-314],[451,-261],[844,-660],[275,-676],[-161,-681],[-1325,-959],[-663,-941],[58,1204],[-1358,268],[-1020,-794],[-958,439],[-360,908],[-843,-582],[-495,42],[-467,1073],[-2169,-226],[592,-798],[-278,-791],[-699,-234],[-1083,439],[-1291,-408],[-1474,686],[-483,729],[-697,-831],[-1936,-543],[-582,596],[152,683],[-721,1146],[-423,180],[-1912,-55],[550,-961],[-819,-1080],[-1847,-1204],[-1140,-383],[-1261,-864],[-1492,-363],[-972,244],[-1745,-545],[-237,-519],[1320,-447],[-21,-764],[-891,-1133],[-947,-300],[-1483,708],[-1086,-11],[-1011,452],[390,-748],[-370,-958],[-1297,736],[-2524,700],[-130,-433],[868,-417],[189,-553],[-1018,-867],[-2186,753],[-1786,928],[-466,-248],[-374,-944],[566,-661],[-592,-685],[-1194,-47],[-1455,296],[-1442,-179],[-1340,149],[-746,-522],[541,-893],[1126,373],[501,-436],[104,-1235],[-817,-619],[-778,38],[-1858,593],[-2731,-849],[-1291,228],[-824,754],[-2245,538],[-2179,-530],[-126,-710],[-2807,-701],[-355,-391],[-835,1292],[-871,-328],[-786,553],[-3832,-1386],[205,3858],[-2267,-921],[-1215,-32],[-47,673],[-975,165],[-1137,-778],[-921,385],[-1004,-428],[148,-979],[-717,-345],[-919,1432],[-1742,-118],[-707,559],[-1333,282],[-1467,37],[-499,573],[-1047,164],[-113,-1371],[-1921,-2145],[-293,-928],[-750,465],[613,953],[-839,330],[-1130,-334],[-1011,314],[-452,806],[-713,-280],[183,-852],[-727,-98],[-521,765],[-817,350],[-1043,-129],[-489,912],[-831,-702],[-1601,451]],[[417486,16132],[79,2128],[9294,-176],[365,7519],[-9305,174],[1087,22588],[448,7441],[-1436,12],[-8129,298],[-19128,430],[289,7535],[9560,-212],[799,15057],[-9555,230],[331,7381],[-4703,100],[693,14196],[139,381],[749,405],[11067,-257],[293,1339],[-248,1133],[328,1154],[-330,577],[919,1582],[1315,1548],[471,121],[-56,675],[345,6817],[-29484,683],[459,4809],[3178,6830]],[[412084,101058],[8343,-227],[1196,56],[378,11225],[-4660,72],[237,3741],[-3634,95],[-254,-6142],[-28,-566],[-148,-795],[-1066,-160],[-364,-7299]],[[446096,23259],[4749,-127],[89,1929],[-4747,99],[-91,-1901]],[[409535,597787],[2798,1842]],[[412333,599629],[4163,2007],[2648,701],[114,1762],[1489,1175]],[[420747,605274],[2570,1161],[1209,317]],[[424526,606752],[423,-400],[992,-1204],[425,-1157],[31,-1085],[2291,-25],[-71,-1665],[958,232],[-37,-411],[-76,-601],[-82,-396],[421,-35],[180,-429],[663,-581],[616,-1141],[-286,-1164],[-453,-14]],[[411611,597708],[-18,1],[-730,-209],[-1328,287]],[[581931,89255],[4860,-130]],[[586791,89125],[4656,-113],[398,43],[-439,-7607],[9797,-265],[401,7540],[9489,-258],[-258,-7509],[12412,-264],[7778,5838],[457,424],[2176,-390],[654,-1025],[-440,-648],[1464,228],[800,602],[1840,140],[1630,1315],[40,650],[9562,-241],[3701,-175],[560,-810],[269,-1021],[510,-528],[-166,-924],[679,-2789],[556,-696],[-323,-788],[3461,-122],[-200,-4085],[1586,662],[-46,650],[546,454],[943,2218],[16161,-551],[534,8827],[795,-658],[1569,237],[683,425],[970,-227],[813,-1489],[-392,-590],[651,-308],[3172,-452],[363,417],[973,14],[1147,-738],[410,-970],[1074,-188],[273,-1100],[1337,-190],[248,-600],[-539,-525],[1384,-553],[1752,-1200],[1818,-379],[629,-456],[8106,-294],[600,-1202],[31,-1083],[-264,-5275],[800,-96],[1191,-1692],[2039,-1399],[3281,-586],[1330,153],[411,-2009],[-223,-2548],[272,-406],[958,311],[683,-252],[-32,-894],[1015,-302],[30,693],[911,38],[790,-1064],[-36,-668],[-1175,-1317],[-725,-364],[-382,-725],[1256,-1272],[1237,-282],[1617,-1233],[1550,-299],[1091,553],[1903,319],[849,-794],[976,400],[284,-282],[-2097,-1264],[260,-691],[1830,-200],[1066,-517],[1907,-1581],[1515,-773],[471,-845],[-2016,-1673],[-743,-185],[-1891,404],[-115,-2054],[1305,689],[2669,621],[1169,-110],[821,-1235],[-403,-955],[550,241],[574,-752],[-171,-986],[1723,-325],[-848,-1249],[-573,-148],[984,4],[999,668],[1391,-590],[1084,-27],[198,-76],[199,-113],[212,-192],[163,-200],[20,-76],[-95,-31],[-437,-2],[-108,-43],[-172,-10],[-25,-913],[2662,-70],[-118,-239],[180,-290],[344,-30],[600,65],[814,-73],[648,-327],[509,-383],[7023,-199],[-52,-313],[161,-607],[215,-246],[94,72],[264,520],[353,544],[109,-3],[-602,-1032],[-1461,-3784],[-343,-1402],[-836,-1545],[-728,-2495],[-146,-1531],[-986,-1157],[-676,-153],[-2154,210],[-2129,940],[-237,387],[-1376,758],[-758,98],[-2599,-814],[-1547,-34],[-2478,243],[-1833,1079],[-1483,293],[-808,-89],[-1081,-595],[-1471,-1234],[-1177,-594],[-3108,-762],[-2174,126],[-1263,571],[-815,807],[-409,1000],[148,1170],[-404,751],[-1541,17],[-1670,-822],[-1222,-980],[-984,-1726],[-483,-1864],[-1158,-391],[-339,430],[-286,2191],[-767,1087],[-688,433],[-1432,351],[-3739,291],[-1895,283],[-1313,-5],[-3654,-837],[-4907,-1543],[-2512,-486],[-1992,-89],[-1216,253],[-2083,1140],[-2462,685],[-1299,518],[-3452,2343],[-1892,548],[-1563,89],[-2419,-94],[-6044,106],[-1324,240],[-1234,-36],[-1537,-406],[-3443,-493],[-1491,25],[-1277,594],[-2022,1504],[-184,486],[380,1207],[-139,1945],[964,1652],[2431,1464],[41,706],[-720,132],[-1556,-274],[-1041,642],[451,1617],[92,1154],[-277,767],[-1210,790],[-2122,-133],[-2294,525],[-1124,-815],[-450,-1820],[-964,-358],[-1016,514],[-52,1521],[-464,559],[-1659,499],[-1047,-215],[-1450,-1390],[-3332,-1106],[-1081,51],[-1285,400],[-1076,800],[-661,1007],[277,1167],[848,1126],[-848,701],[-1016,-709],[-1129,-438],[-818,76],[-831,550],[-278,1387],[-1543,1761],[-1538,691],[-1077,-255],[-463,-1303],[495,-1388],[34,-951],[-919,-1474],[-1244,-526],[-958,298],[-1813,1551],[-1207,18],[-1549,943],[-59,1218],[1805,812],[347,496],[-400,731],[-616,157],[-2270,23],[-1875,722],[-936,873],[-470,1482],[-838,1035],[-787,524],[-863,234],[-1553,-22],[-2299,-565],[-2678,-573],[-3153,-1048],[-857,279],[-1802,1474],[-2086,-785]],[[222051,737411],[3033,-80],[2150,482],[2172,744],[16,843],[-1347,1687],[1285,464],[-826,800],[743,1079],[160,107],[247,39],[219,-10],[253,-71],[266,-111],[142,-25],[83,-53],[1303,-804],[1254,842],[564,-20],[-953,-943],[1346,-656],[1068,85],[881,-272],[569,668],[1271,-686],[1385,1506],[-32,420],[1734,103],[729,-109],[46,1778],[1484,674],[1477,-52],[-811,1203],[555,487],[-363,938],[346,569],[1037,-197],[13,428],[-881,175],[313,1237],[579,-134],[938,633],[373,693],[630,-407],[1016,384],[-663,575],[-718,-299],[-1108,770],[1525,661],[-1295,1047],[1277,2012],[653,361],[-588,1092],[1110,135],[-575,783],[1872,45],[-158,920],[568,622],[550,-874],[1258,711],[196,673],[1501,1488],[-833,494],[715,882],[-907,182],[559,1368],[-1324,-35],[1253,650],[1282,27],[0,2225],[970,-449],[-68,830],[-934,769],[2002,564],[335,1263],[-908,-181],[-600,435],[242,673],[1038,97],[-23,564],[1069,809],[-1092,59],[-899,712],[1530,1070],[315,1839],[-4829,21],[-88,1323],[0,948],[37,147],[108,170],[35,96],[-23,111],[-118,212],[881,698],[-43,3178],[1562,11],[-14,4372],[-27,4024],[1619,-11],[-26,1447],[1151,-272],[-260,1433],[1156,-234],[-228,1182],[1010,-438],[317,425],[-784,378],[651,308],[-5,824],[1448,1729],[-43,1446],[781,266],[-575,564],[606,803],[-120,976]],[[261824,803555],[1468,-190],[799,1244],[799,-261],[167,-434],[1287,14],[4776,22],[39,-1747],[-704,-12382]],[[325304,766641],[-720,-1642],[-880,-693],[-1598,-192],[-1126,226],[-28,-2724],[5902,-108],[-25,-1588],[403,-772],[2779,-18],[1230,-854],[661,-121],[1284,-1483],[4060,-342]],[[337246,756330],[-95,-305],[-653,-886],[-1077,-541],[-71,-4243],[-203,-425],[-1994,-320],[-222,-1754],[-2433,31],[-15,-2461],[-2450,12],[107,-5129],[-65,-3711],[6273,-11],[3082,218],[964,227],[356,-830],[-1177,-887],[109,-2103],[363,-534],[-544,-184]],[[337501,732494],[-1260,-1280],[-851,-2308],[-7,388],[-2907,5],[334,-342],[-730,-212],[-904,-544],[-1222,159],[-1420,791],[-1818,-41],[47,221],[-4598,19],[-1028,-239],[-2740,-2],[-12535,-79],[-3048,-485],[-1378,-1],[-2675,459],[-37,-2237],[-10,-3126],[-10,-1679],[16,-570],[-3,-296]],[[298717,721095],[-180,-616],[-1102,651],[-1530,352],[-2039,-29],[-397,-3],[-2270,-8],[-1647,-282],[-494,43],[-199,18],[-166,-572],[-2609,-12864],[157,-1408],[858,2],[309,0],[25,-148],[1318,151],[241,1],[4837,35],[4851,29],[-15,-5109],[-3510,-53],[-50,-2388],[-6113,-31],[-5913,43],[-425,1],[-157,2],[-1063,-3691],[-10,-1426],[405,-1708],[1747,-4590],[-8903,-42],[-27,-3646],[-341,32],[-9248,-48],[92,6969],[-306,1059],[280,796],[-1032,843],[-2131,651],[-556,489],[-1398,-134],[-1148,275]],[[258858,694741],[-1373,1522],[-1420,2295],[-349,362],[2684,-3],[1082,604],[855,876],[1088,1558],[2174,1632],[707,797],[-757,348],[-1890,-854],[-1759,524],[-1154,821],[-897,1085],[-620,594],[52,363],[418,247],[2294,746],[729,897],[-169,968],[-2455,438],[-1773,-367],[-1040,283],[-440,681],[-2164,-65],[-1867,-692],[-35,-5735],[1877,-124],[942,-700],[764,-135],[563,-625],[600,2],[107,-2761],[-181,-1655],[-9523,86],[-2379,-264],[-20,-3337],[1309,-2327],[1202,-1678],[356,-516],[169,-192],[1377,-1224],[1758,-1531],[426,-370]],[[250126,687315],[-834,-807],[-3555,-1474],[-778,-473],[-374,-892],[189,-2068],[-248,-241]],[[207929,716304],[-572,5504],[-432,4157],[246,1669],[76,516],[314,888],[1091,1288],[2480,1894],[210,124],[1584,939],[1133,365],[3050,466],[2950,1495],[1992,1802]],[[332407,499889],[2432,-11]],[[334839,499878],[2466,64]],[[337305,499942],[4724,-19],[11,586],[766,604],[4030,-263],[-7,-478],[1577,248],[868,-289],[-48,-419],[2379,-1],[2701,7],[8960,2]],[[363251,484811],[-9249,-25],[22,457],[-1565,15],[-6,-475],[-840,3],[-4796,-20],[-5,1145],[-2412,-8],[-8,-1134],[-1198,-1],[-1220,-2]],[[341974,484766],[-4793,4],[-2404,-1],[-11,1290],[-898,32],[-1494,183]],[[332374,486274],[-3,1062],[8,3576],[6,1448],[7,3783],[15,3746]],[[260263,514840],[340,564],[2844,2989],[528,1103],[87,1281],[-530,1418],[363,-1],[1542,-3],[33,7877],[6,1618],[1,195]],[[265477,531881],[1910,25],[0,1883],[4788,43],[11,941],[2354,17],[-3,1692],[17,1153],[705,-4],[1240,1],[2866,5],[442,2],[4373,6]],[[284180,537645],[17,-3693],[13,-91],[29,-3764],[33,-3990],[12,-3308],[-2,-284],[4,-960],[905,-9],[313,-2806],[-1204,-9],[20,-3858],[3,-3665],[27,-4499],[260,-258],[-2405,-2825],[401,1]],[[282606,503627],[-1978,-2131]],[[280628,501496],[-953,-604],[-387,256],[160,126],[-302,469],[-4502,21],[1,201],[-747,-208],[-4073,-31],[55,5662],[-2423,-20],[25,3776],[4815,39],[1,1888],[-2412,-19],[-9,1700],[-1520,-64],[-2972,9],[-4793,132],[-329,11]],[[636310,697314],[3993,-19],[29,2374],[-936,832],[-289,2079],[548,428],[-883,213],[1348,115],[139,-14],[11,1426],[20,141],[13,2393],[537,1095],[-463,408],[-33,2833],[-1184,796],[-294,986],[-777,-59],[-414,1034],[-2183,-10],[-2,1270],[1788,-437],[1979,368],[1005,-855],[1035,37],[775,-832],[222,1901],[469,312],[-1,940],[2430,-56],[7,4732],[19,1837],[379,-7],[6822,-176],[13,2499],[1139,-458],[1369,1306],[1113,560],[10420,-211],[-93,9857],[41,5325],[9573,-194],[-132,11371],[153,4],[-29,3801],[8646,-200],[269,-134],[180,274],[-291,10437],[176,451],[1296,448],[1399,125],[-78,2194],[-327,919],[254,616],[69,3629],[2541,28],[85,1922],[88,114],[541,295],[92,91],[163,601],[72,166],[-86,476],[-150,310]],[[690925,780021],[-254,384],[1862,1103],[2098,143],[1234,384],[1171,-68],[926,1951],[-305,456],[19,4959],[1446,273],[25,6755],[639,-958],[2441,-863],[1931,-1667],[177,-824],[562,-532]],[[704897,791517],[1043,-36],[18736,-84],[11,-3892],[428,-1246],[-374,-1093],[2019,-2503],[-1961,-919],[-51,-1704],[12456,212],[3,1034],[3858,91],[1165,799],[2191,127],[130,724],[-257,1947],[264,2917]],[[744558,787891],[6509,46],[2799,128],[1450,-95],[11625,-128],[954,77],[492,-78],[1468,-5],[3191,-27],[1475,-34],[8048,-141],[60,-7514],[-6,-7536],[-12783,281],[-1266,-310],[-1515,-87],[-5126,317],[-161,-1613],[-665,-381],[-1160,-1809],[-451,-2766],[-427,-1001],[-293,3],[-161,-1752],[-1169,-895],[1394,-1684],[9,-3142],[-4707,63],[-3010,-111],[-3956,178],[-3003,87],[-5609,-162],[187,-327],[-97,-2842],[649,-508],[2387,-15],[261,-422],[36,-4537],[319,-508],[1784,-62],[312,-275],[-43,-6496],[1611,-759],[681,-1107],[1353,-592],[1241,-2004],[1004,-200],[99,-1308],[398,-558],[912,-92],[426,-1249],[-488,-619],[-13,-957],[344,-1102],[-543,-684],[-115,-2761],[-1887,-15],[-72,-10515],[94,-336],[694,-292],[8143,30],[798,-430],[-92,-8921],[-496,-705],[-1536,-963],[-2055,59],[-1841,-630],[-835,-2306],[-45,-1604],[868,-2150],[1127,-1616],[-1232,-1343],[199,-1485],[-456,-452],[-502,-118],[-1644,914],[654,1450],[-3304,2422],[-1110,-250],[-716,-834],[167,-7024],[-1280,-20],[-4,-259],[-1190,12],[3,-3199],[46,-8429],[-2331,257],[-18,-1730],[-5589,-2186],[-1749,-684],[-195,-3124]],[[733883,671340],[-6641,-205],[-342,3],[-2469,-915],[-2402,-889],[-1060,339],[-1028,1366],[-6186,-50],[-1193,174],[-1035,724],[-265,286],[-2365,387],[132,-1598],[-1737,-13],[-2056,-38],[187,-3606],[2286,-7],[18,-2466],[-2401,-866],[-1,-238],[-6728,-2377],[-4618,-1655],[-4705,-1772]],[[689274,657924],[-175,249],[-569,-375],[-4729,-1710],[-1884,39],[-3412,-484],[-813,-261],[-1712,-1071],[-1126,-210],[-300,-539],[-520,996],[-2479,1761],[314,416],[-827,548],[-66,582],[-1256,349],[-943,1113],[-8,880],[-586,-91],[-1389,673],[298,365],[-579,1304],[-727,-141],[-1009,1811],[-2098,142],[-180,-981],[-441,-321],[-535,-660],[-251,-95],[-564,-56],[-182,109],[-60,749],[-40,104],[-7741,150],[-65,2391],[-1169,1142],[-427,237],[-6024,97],[-2232,51],[40,3090],[34,662],[-2401,171],[-2620,-198],[-899,146],[-4670,15],[-603,-170],[-299,97]],[[631350,671000],[-1531,443],[-3844,-1841],[71,738],[628,33],[380,1114],[-777,249],[-1190,2442],[909,357],[-221,2093],[-380,594],[440,1165],[578,558],[-199,1379],[426,665],[-685,689],[911,862],[822,814],[913,107],[1216,1735],[-1202,1128],[-1263,772],[-153,1236],[-547,261],[288,1450],[197,1295],[1992,1581],[611,697],[5,1641],[1169,223],[6954,-26],[-1551,1096],[-7,764]],[[242414,544651],[1259,55],[28,355],[-4,4260],[124,4326],[-110,775],[-6,3335],[-1,2421],[2427,7],[-18,3172],[-2,1116],[1,137],[14,3118],[258,1],[-261,1374],[536,1279],[7596,-1856],[765,-279],[4469,-2161],[0,-156],[826,-293],[8144,2111]],[[268459,567748],[989,12]],[[269448,567760],[225,7]],[[269673,567767],[-216,-74],[242,-2744],[272,-2259],[107,-519],[490,-1936],[-615,0],[-2,-3706],[-2253,-35],[12,-1885],[2230,0],[4,-1834],[-4556,21],[27,-187],[41,-1961],[3,-120],[-90,-4558],[2,-982],[219,-569],[-226,-5039],[1601,-575],[254,-1252],[-420,21],[-222,-628],[-1076,476],[-22,-5057]],[[265479,532365],[-521,-271],[-1566,0],[-881,634],[-927,-491],[-1259,36],[-1025,2424],[-777,928],[775,1880],[-3647,-18],[-393,-24],[-1935,17],[31,-1922],[-2404,-4],[-9645,29]],[[476975,859044],[553,-498],[1117,-836],[1752,-716],[5517,12],[41,7709],[2422,-4],[2302,-159],[2659,80],[9789,-14],[-71,-7609],[9777,-7],[126,3674],[3510,-42],[40,-8526],[130,-2025],[782,442],[-426,1802],[-471,202],[956,1737],[980,671],[-269,822],[920,641],[9,542],[1205,431],[2024,-403],[1081,461],[187,510],[1618,405],[-165,449],[979,-174],[-316,830],[540,1016],[271,156],[2626,-8],[-26,-3744],[16899,-27],[185,675],[40,4016],[2107,26],[-145,-4754],[2888,-55],[-127,-3771],[4899,-51],[-57,-3707],[14430,-313],[76,3717],[78,3780]],[[570417,856407],[2324,-143],[37,2796],[403,332],[2201,386],[2202,1123],[1640,2267],[715,198],[-588,586],[9790,-104]],[[589141,863848],[7018,-3]],[[596159,863845],[-530,-103],[309,-866],[-305,-722],[-2007,-1630],[-895,-1658],[-83,-859],[-614,-840],[181,-499],[-496,-1053],[271,-302],[-431,-1185],[5290,-62],[-148,-4488],[2317,-1364],[-1225,-1631],[-1177,-512],[-141,-5132],[-2438,2],[-42,-1671],[1517,-6],[-21,-3260],[-1580,16],[-19,-706],[-1233,7],[-27,-948],[-1171,14],[-30,-1060],[4825,-16],[-174,-3670],[-3188,5],[-374,-871],[242,-2781],[-544,-671],[1196,-359],[491,-763],[962,903]],[[594867,825104],[-389,-475],[-548,-1783],[-710,-300],[-224,-681],[-712,46],[-972,-656],[-969,-123],[-506,1304],[-2716,2002],[-717,14],[99,2941],[-1597,-51],[-854,-607],[-844,445],[-1652,-144],[-97,367],[-1143,-924],[-555,399],[-1365,-586],[-1471,-179],[-508,-931],[-1603,-809],[49,-1170],[-1044,-1257],[304,-1392],[-448,-917],[222,-924],[-4210,111],[-300,-7506],[-14162,94],[-193,-12191],[-7922,-26],[-75,-2549],[-27,-56],[-2301,-152]],[[544707,796438],[-12231,133],[-2413,29],[45,2985],[-3985,21],[10,-2348],[-904,-42],[35,1935],[-2408,-15],[20,1086],[-1165,-358],[-1947,-3153],[-187,-9],[-4600,-7293],[-2617,65],[106,1010],[-478,678],[-1855,-19],[11,1865],[-2099,76],[-168,332],[101,2836],[309,558],[316,664],[-163,4292],[71,1101],[639,1056],[-2622,-3341],[-2160,-48],[133,3738],[-5430,-35],[-103,-3644],[-1253,-55],[-3023,-160],[-70,-1671],[-2421,-155],[-105,-1947],[-3004,85],[-87,-1884],[-1806,-480],[-2495,-61],[-18,-954],[-108,-303],[-1280,-1973],[-3322,-6],[-364,-889],[-2205,156],[-193,-3752],[-1016,-10],[-2080,737],[-1734,115],[-1603,379],[-706,692],[158,8282]],[[441149,672170],[213,689],[321,25],[469,10640],[378,-4],[878,77],[497,499],[1632,-623],[348,-176],[189,146],[205,114],[273,125],[31,1675],[228,1868],[297,158],[142,3624],[4235,-30],[11,317],[86,2767],[18,549],[360,-11],[1,127],[45,3758],[-4443,6],[4,3979],[-300,11],[-7224,76],[-2141,23],[-292,4],[4,394],[31,3001],[-4374,42],[-439,-79]],[[432832,705941],[0,97],[1,261],[1,388],[0,161],[196,924],[820,75],[-86,567],[-920,1312],[17,8448],[-1347,-497],[-3266,30],[-274,-262],[-2160,31],[-329,228],[-2219,11]],[[423266,717715],[63,5386],[22,940],[351,301],[2060,454],[16,3653],[-24,287],[-52,431],[36,7005],[2175,-56],[4982,18],[4842,-11]],[[437737,736123],[2393,-6],[34,0],[9627,-11],[2708,143],[6826,-50],[1933,-2488],[3300,-1949],[-216,-2971],[-142,-256],[-12039,29],[-13,-7581],[-3,-1145],[552,-95],[407,-951],[-472,-1281],[841,-1601],[1382,-15],[404,339],[1129,-468],[30,-1358],[2130,-259],[166,-1537],[750,-111],[-1055,-1629],[-1027,-983],[-844,-43],[-115,-1440],[-1391,-32],[-816,-1527],[-2147,-396],[-7,-445],[1785,5],[858,-453],[-27,-3282],[2657,-11],[-6,-1198],[2380,-4],[-10,-1692],[2397,-1],[-7,-895],[74,-4324],[168,-351],[2391,4515],[502,146],[1765,-102],[9282,-89],[4448,348],[-1541,1684],[1160,469],[275,1508],[4429,71],[-1984,-3754],[771,6],[1372,106],[1038,331],[4607,1459],[4,6000],[-143,-12],[-1913,-176],[-1835,-244],[1206,2328],[928,356],[188,-183],[-141,-1001],[1584,359],[18,4689],[2664,1097],[7270,62],[2694,-78],[6878,-21]],[[510248,713674],[10,-690],[-154,-3811],[-2,-97],[-14,-1014],[2118,-29],[2028,942],[1422,-1085],[-606,-134],[-17,-1600],[9646,-89],[-47,-6640],[123,-47],[3267,355],[2190,791],[1668,1331],[1695,423],[773,-1301],[-93,-1761],[-1138,-453],[-394,-539],[105,-1016],[-434,-808],[-2063,-1677],[-1321,203],[-1448,-635],[397,-2987],[253,-357],[-1220,-23],[-93,-3549],[23,-339],[-48,-3625],[-6691,23],[1110,-584],[1215,-242],[163,-791],[1832,-1346],[1023,-319],[1430,-2187],[533,-95],[1103,-1607],[1418,-375],[3689,98]],[[533699,675988],[-72,-3639]],[[533627,672349],[-3335,1052],[-1254,100],[-946,-97],[-3542,-851],[-1118,-295],[-2208,-1030],[-4324,-3877],[2,-661],[-2056,-1524],[-11,-4697],[-1460,-2589],[-807,-2123],[-258,-1658],[-643,-1876],[-2246,-4614],[-1994,-2270],[-807,-622],[-792,-1207],[148,-1257]],[[505976,642253],[-1788,-1947],[-1264,-1348],[-4398,-3561],[-2320,-1276],[-1792,-505],[-1131,-751],[-230,-198],[-729,-601],[-993,-884],[-1785,-1094],[-1252,-223],[-1775,234],[-2271,1704],[-143,145],[-1218,840],[-720,479],[-338,304],[-829,1602],[-1147,3637],[-1296,3503],[-2531,3270],[-499,265],[-2239,1189],[-3223,338],[-445,25],[-2635,-882],[-723,-883]],[[466262,645635],[-1792,323],[-3153,-331],[-600,-370],[-706,-1314],[-823,189],[-750,1222],[-1200,-94],[-1955,906],[-2428,-405],[-1347,-1452],[-2983,-1216],[-460,-992],[-1235,-874],[-420,-1655],[-10,-429],[-570,-2770],[-373,98],[-678,1068],[-773,464],[-280,228],[-3030,1336],[-234,588],[-891,710],[-338,1298],[-851,270],[-471,809],[-709,-76],[-2768,1658],[621,1444],[-2076,-15],[-344,7],[-758,16]],[[431877,646276],[-3636,60],[-1217,8],[139,1835],[-4274,27],[25,2115],[109,1149],[504,875],[348,762],[22,644],[-103,448],[-431,674],[-746,712],[56,1964],[10,3628]],[[620880,562356],[146,15],[1267,-17],[3312,116],[123,3641],[8414,-134],[1810,-1204],[1452,-1373],[1438,-697],[1109,346],[68,1582],[9490,-2928]],[[649509,561703],[96,-3474],[4511,-198],[992,158],[4488,-385],[-317,-7152],[-173,-4215],[-10219,414],[-16,-486],[1,-464],[-123,-2571],[-74,3],[1,-249],[-117,-3802],[8415,-317],[114,-24],[1177,-489],[-48,-949],[-1463,-1872],[-873,-419],[-288,-709],[-158,-3010],[5706,-225],[-877,-1642],[780,-2898],[-98,-373],[1268,-842],[883,-938],[916,-69],[592,-1164],[-295,-1163],[275,-308],[-135,-1190],[-1593,26],[-756,-904],[-186,-3687],[-536,-11324],[-1654,38],[-750,-551],[-184,-3207]],[[663332,479989],[-545,-1914],[-1922,-1133],[-2736,-131],[-238,-427],[-7387,253],[-4708,313],[-9683,-19],[442,235],[1184,18739],[2,34],[304,5837],[-759,43]],[[637286,501819],[67,3740],[-7160,245],[114,1862],[4791,-167],[101,1867],[-2983,100],[102,1877],[-586,22],[106,1868],[697,-23],[69,1466],[-1941,25],[376,2325],[-1153,479],[-534,608],[-979,291],[-430,566],[-1826,51],[87,1918],[-1457,37],[-163,1801],[-1871,85],[34,940],[-1211,35],[41,933],[-1138,35],[94,1880],[1186,-34],[95,1888],[-2454,66],[207,3733],[2403,-46],[159,3819],[-275,1119],[149,431],[435,-17],[-298,5278],[2681,-13],[118,2488],[44,1957],[-4616,137],[15,515],[38,1252],[41,1258],[77,2054],[-9,336],[0,52],[176,1069],[175,8329]],[[423316,706085],[4937,-115],[46,-3320],[4405,21],[128,3270]],[[422661,671949],[-3139,-190]],[[419522,671759],[-18,785],[391,7],[1032,621],[-393,1118],[-103,1880],[-2027,3730],[-549,197],[-340,1020],[1126,280],[-846,1178],[483,1146],[4414,-52],[174,293],[6,41],[47,324],[434,688],[77,310],[-29,359],[-149,338],[-372,556],[2,397],[763,2847],[-495,1366],[-253,636],[-369,929],[-6,750],[195,434],[187,328],[189,646],[-188,3],[169,3726],[4,53],[29,360],[52,665],[-337,1117],[366,539],[95,-59],[2,163],[101,110],[71,154],[4,146],[-18,73],[-44,72],[-109,136],[26,3916]],[[391196,673878],[-636,-519],[403,-755],[523,446],[879,-2628],[1804,-903],[-487,-1604],[798,-1404],[-380,14],[72,-1260],[3,-1453],[-77,-1801],[-49,-502],[-57,-2472],[5,-2296],[4,-418],[15,-2292],[-12,-1606],[-178,-1],[-120,21],[-22,-614],[161,-43],[152,1],[-23,-1516],[-65,-3741],[-45,-3504],[-35,-1217],[-17,-1036],[-426,-28],[390,-1743]],[[393776,639004],[-8,-548]],[[393768,638456],[-1200,21],[35,559],[-1312,35],[-2359,51],[-361,-16],[-294,-1144],[400,-1800],[-596,-620],[-1462,1345],[-1903,869],[-484,773],[-1174,-258],[2,888],[-3547,28],[-88,1],[-7,-824],[-3065,52],[-1510,404],[-169,-23],[-365,-51],[-2949,1389],[-118,57],[-251,145],[-217,-483],[-167,-468],[-1706,610],[-88,-276],[-2095,-843],[-72,-231]],[[366646,638646],[-1,844]],[[366645,639490],[370,497],[302,153],[8,568],[309,1184],[-897,458],[-17,712],[0,36],[78,2228],[-1519,12],[68,1477],[1479,-10],[-7,3668],[14,1855],[6,1677],[29,190],[-1805,11],[394,2663],[1061,1163],[337,2],[-11,271],[35,3420],[3,3750],[2,94],[16,709],[-1426,-4],[19,1948],[1450,63],[-251,3721],[204,1026]],[[246019,659591],[730,-1397],[967,-963],[4075,-3149],[1604,-648],[4661,-1054],[6200,-299],[5456,733],[908,122],[1811,-266],[1198,-523],[1901,-1362],[1188,-1516],[2270,-4650],[4,-7]],[[278992,644612],[39,-80],[65,-133],[112,-229],[197,-404],[3719,-5243],[5579,-3479],[5373,-1557],[6,-1]],[[294082,633486],[-510,-970],[-2,-319],[319,-749],[-787,-782],[3,-742],[-609,-548],[794,-2478],[-348,-673],[541,-912],[2208,-592],[452,-903],[-262,-584],[2358,-32],[-45,-3792],[-443,12],[7,-650],[-744,-1243],[1157,-2],[9,-1638],[7,-1094],[-1543,-5],[40,-365],[999,-1734],[-270,-846]],[[297413,611845],[-491,-3],[-1881,8],[-2855,9]],[[265260,611887],[-5428,-5],[49,-1016],[-1636,-104],[-248,-1728],[-978,64],[-1364,2801],[-496,-5],[-2036,3],[-7194,3],[-1,-2772],[-1480,-46],[-1291,-328],[-85,0],[-1318,-676],[-725,-620]],[[241029,607458],[-1235,-1059],[-979,-511],[-1553,-410],[-934,-38],[-9631,-93],[-11524,-47],[-257,94],[-1867,1645],[-1267,1619],[-3694,-31]],[[208088,608627],[59,3290],[3555,16],[275,7509],[18,7620],[76,7552],[70,7562],[34,7560]],[[360845,182478],[-80,-5213],[-2,-784],[12,-1591],[60,-7505],[9,-1020],[0,-18],[40,-16939],[0,-55],[-11,-5541],[-12,-4016],[0,-352],[0,-2],[0,-92]],[[360861,139350],[0,-385],[-33,-2833],[-51,-4296],[-14,-1663],[-116,-5276],[-180,-11711],[0,-45],[-169,-3776],[-56,-5641],[-32,-13155],[-8,-3337],[-11,-4185]],[[360191,83047],[-22939,1],[-11,-7546],[-9521,3],[12,7548],[-9512,-20],[-11,7528],[-9342,2],[13,-7532],[-9678,-55],[-7759,-16],[-1748,101],[-51,7450]],[[289644,90511],[-96,11306],[-4787,15],[1,3739],[-1,3800],[-7,3842],[-4631,15],[10,7496],[-4788,-11],[-7,1781],[-1795,200],[-108,950],[373,2131],[-1504,2431],[-14,49],[13,2112],[197,1343],[578,1372],[1556,1970],[-151,714],[4369,17],[26,5504],[-488,158],[-2724,13],[-353,226],[0,1671],[-28,1071],[-1116,-272],[-1590,-747],[-6554,-74],[-698,-160],[45,1530],[414,726],[46,4719],[294,762],[-120,3009],[-594,726],[-1068,-585],[-1156,355],[252,556],[967,810],[-952,421],[-825,-482],[-1592,347],[170,1154],[-566,242],[-456,1281],[-747,268],[-312,-907],[-2195,-700],[-473,-582]],[[256459,156823],[-2433,1067],[99,-924],[-547,-116],[-60,1032],[-1435,-822],[-872,1058],[650,1501],[-691,519],[498,1113],[-868,258],[-96,1689],[395,527],[-87,-1]],[[251012,163724],[-589,1926],[656,1922]],[[471599,446512],[732,330],[1338,-253],[288,816],[1224,467],[713,-264],[1261,795],[406,664],[978,-84],[796,401],[1163,1135],[30,2396],[833,679],[908,-38],[368,-210],[1936,-98],[180,-4]],[[484753,453244],[-97,-3646],[22,-1553],[2406,73],[5,-2145],[2316,-24],[48,-609],[3615,-115],[2,555],[1702,-30],[215,3777],[236,-17],[3588,-230],[1240,-576],[791,-812],[198,-2446],[2014,-127],[66,862],[780,-18],[-67,-869],[4825,-190],[112,2130],[4859,-149],[-48,2230],[-1965,2185],[-76,1107],[-4421,173],[-5,5519],[-1687,1088],[-1260,658],[-57,418],[4220,-168],[1326,-5],[2222,-277],[1941,24],[14969,-528],[4869,-15],[3391,-7],[1887,-3],[417,7504],[9580,-40],[-44,-832],[4070,18],[-62,-1067],[5533,-23],[-97,-1875],[662,-3],[-52,-1881],[482,-4],[-47,-941],[650,-3],[-58,-943],[531,0],[537,6280],[2431,-379],[1460,428],[1837,-597],[737,-527],[696,76],[1706,-359],[100,-233],[766,-129],[689,-1766],[1602,-975],[15,-547]],[[573076,460666],[-235,-1079],[727,-215],[3560,-3],[340,1888],[4466,10],[335,1930],[4726,32],[-196,-3862],[5096,-129],[19258,-605],[2436,-173],[1375,-30],[869,83],[-249,-153],[-383,-5686],[4879,-151],[-239,-4735],[-2376,56],[-50,-1010],[-772,21],[-66,-1340],[718,-40],[-135,-2495],[-2497,91],[49,-1509],[-271,-6146],[-1404,50],[163,4221],[-3498,236],[-659,1078],[-786,-72],[-533,925],[258,1014],[-491,549],[-557,-36],[-2305,72],[-75,-1191],[327,-469],[-370,-7877],[-1859,-167],[-1007,-624],[514,-740],[-878,-262],[623,-315],[-885,-802],[-416,-1631],[1048,-523],[-852,-2167],[-662,-501],[604,-808],[1295,229],[277,-822],[-1174,-162],[-303,-1283],[-2359,-2304],[-2814,-677],[-1617,159],[-956,1151],[676,590],[-3561,163],[62,-502],[799,-47],[473,-1410],[-41,-1572],[2837,-95],[1050,45],[2065,-1475],[1036,-52],[-12,-795],[569,-570],[1348,-298],[868,622],[380,-177],[-341,-3122],[222,19],[-199,-76],[-427,123],[-562,-447],[24,-952],[-456,-1204],[-133,-1905],[-881,-843],[45,-2845],[-257,-806],[-737,-474],[375,-1196],[-463,-722],[9,-2017],[-378,-4444],[-497,-1976],[377,-3521],[-9898,277],[-967,-15201],[-4422,145],[477,7597],[-19293,527],[-465,-8982],[-100,-227]],[[553218,373862],[86,1868],[172,3799],[-4637,189],[-5,3777],[-10595,341],[872,219],[-499,511],[1032,476],[-1844,1088],[-1052,-140],[-1210,414],[-112,700],[-1494,714],[-1246,-125],[-642,1195],[-1317,922],[554,551],[-1209,195],[-574,531],[402,572],[-981,1691],[-2514,1511],[186,1073],[-1043,61],[-2661,-458],[-1969,-1154],[-2556,-2464],[-1521,70],[964,7525],[-8153,266],[-3226,98],[-88,-2129],[-2792,38],[22,2146],[-2178,329],[-1840,1489],[-1156,1770],[-435,407],[-4681,145],[-2725,97],[-6836,259]],[[483717,404429],[-843,1324],[92,6266],[64,2747],[15,1033],[-14157,447],[-215,7],[470,7494],[-19268,458]],[[363432,561545],[12,897],[4,267],[2,180],[0,5],[19,1424],[26,2005],[13,1032],[9,658]],[[363517,568013],[4,288]],[[363521,568301],[3176,-342],[322,122],[6,104],[849,-31],[339,-9],[1199,-47],[796,-18],[187,-8],[-2,183],[234,-27],[12,-166],[723,-27],[453,-14],[154,-6],[6,194],[378,-14],[61,-196],[1076,-453],[93,-483],[-3,-56],[673,-25],[-33,60],[-23,698],[1716,-266],[531,-471],[105,5],[-5,-97],[-91,-1705]],[[376453,565206],[-110,-2061],[-64,-1290],[-85,-1600],[-48,-849]],[[363410,559841],[17,1261],[5,443]],[[430711,593072],[1741,-70],[1633,835],[270,98],[207,76],[1261,445],[16,6],[825,282],[2621,-66],[1133,-44],[11,259],[1185,-159],[59,298],[615,-22],[19,542],[847,-458],[658,-584],[2163,-84]],[[445975,594426],[1152,-47],[535,-13]],[[447662,594366],[69,-3],[261,-848],[187,457],[2138,15],[435,-922],[301,-718],[794,-23],[192,-1188],[715,-366],[974,-70],[360,-112],[311,307],[-52,-108],[-107,-252],[2729,-1004],[-15,-722],[-472,-161],[-104,-394],[-348,13],[-283,-435],[-1682,53],[-10,-275]],[[454055,587610],[884,-600],[352,-505]],[[455291,586505],[976,-2059],[2356,-2002],[588,-610],[135,-223],[-749,-319],[-308,94],[-1274,-135],[-2237,-1083],[-1018,-48],[-52,-1116],[-552,22],[184,-944],[-80,-2217],[-50,-612],[-42,-2009],[-195,-1725],[33,-1685],[319,6],[-16,-387],[-4689,197],[-2466,1155],[-2212,1071],[-2448,1042],[-56,23],[-2343,958],[16,446],[-864,-104],[-2722,1095],[80,665],[-1894,78],[-331,26],[552,1182],[734,1147],[-2544,613]],[[432122,579047],[4,906],[2964,-151],[261,1074],[-1211,2001],[25,568],[173,196],[125,3699]],[[454055,587610],[-295,108],[-3186,624],[167,-1656],[-585,23],[714,-498],[-30,-781],[1789,-38],[456,1201],[717,-28],[-337,1105],[587,-172],[3,112]],[[564872,653344],[479,-232],[2222,-477],[2718,-396],[1207,108],[2772,865],[3182,1736],[2323,997],[2165,432],[4422,-75],[1356,-166],[1562,-789],[554,-880],[-422,-3182],[-2628,-3788],[-579,-598],[-2620,-1778],[-1289,-1128],[-889,-1252],[-743,-2173],[-5,-264],[694,-1196],[653,-399],[2372,-762],[1629,-351],[4017,-183],[7769,-780],[3546,-565],[5315,-1354],[1653,-689],[1935,-1213],[1834,-1620],[1067,-1295],[1074,-2067],[4232,-4980],[4757,-3222]],[[623206,619628],[-58,-1337],[-150,-4896]],[[622998,613395],[1,-31],[-23,-795],[-188,-1726],[-4,-93],[-172,-7329],[-162,-1620]],[[622450,601801],[-4746,156],[-322,-9033],[-9655,247],[-27,-535],[-4889,178],[-1137,-161],[-51,-1055],[-1325,47]],[[600298,591645],[-6,1775],[836,-35],[-2463,2688],[593,1386],[816,221],[-181,1261],[-490,246],[396,1592],[-402,224],[-3125,62],[1090,1865],[1197,-36],[132,2837],[-3532,116],[67,1035],[-1175,51],[591,8816],[2643,270],[-151,1751],[-273,385],[-1630,638],[-1769,128],[-1628,-233],[-2380,1135],[-1571,177],[-7274,301],[-4755,141],[-28,0],[829,10044],[-222,582],[-1724,850],[-154,26],[-1474,58],[-715,24],[-5182,194],[-382,-3890],[-14521,444],[177,1645],[-3506,73],[-1308,288],[106,838],[-1959,-1518],[-1051,-275],[-335,857],[-1688,-57],[-104,-872],[-3359,-1246]],[[539254,628507],[-213,1205],[-891,-555],[105,1896],[-841,15],[-6710,6925],[-603,935],[-769,405],[-768,16],[93,322],[2412,2579],[1713,1396],[1913,2932],[1226,283],[1912,5],[1473,980],[598,638],[1434,2569],[1059,872],[2024,122],[875,-269],[971,-711],[4382,-42],[3789,459],[2743,-315],[2036,993],[2250,89],[2403,643],[-360,-21],[1362,471]],[[599382,616579],[1143,-398],[727,-185],[1008,-133],[39,-547],[5509,-1248],[778,-177],[739,-157],[3535,-754],[74,924],[346,-59],[110,1352],[93,1964],[-2067,38],[-382,1508],[-532,220],[-1594,-180],[20,307],[-5248,2],[-187,-1609],[-65,2923],[476,3054],[-3710,137],[-404,-2058],[-408,-4924]],[[436928,317600],[3396,-178],[3166,32],[73,2510],[13,260],[153,2262],[28,2315],[63,395],[180,5527],[2236,-40],[2886,1084]],[[449122,331767],[-1156,-799],[506,-853],[4,-883],[377,-538],[894,-88],[1422,-1103],[-158,-892],[1406,-182],[59,-806],[-1179,-341],[-121,-953],[624,-1214],[2376,-5844],[1278,-2565],[1236,-1446],[2177,-1338],[2584,-920],[5216,-1622],[1473,-586],[2144,-1306],[1490,-1777],[677,-1065],[1253,-3276],[1781,-4069],[1088,-1493],[2543,-1759],[1882,-804],[2955,-935],[4380,-1595],[864,-450],[1591,-1016],[1264,-1176],[885,-1172],[4607,-4187],[1406,-1503],[2004,-1324],[168,-139],[139,2879],[-126,6876],[-83,450],[8396,-171],[3191,-86],[1521,1432],[-383,1722],[-735,-320],[-647,341],[821,1740],[1198,439],[283,1279],[1730,845],[2830,-80],[230,-1903],[4132,-48],[215,1791],[2636,172],[147,3659],[5427,-109]],[[532044,300656],[1436,-35],[-281,-5632],[5158,-150],[-383,-9941],[6966,-4627],[-92,-2599],[2394,-62],[-379,-7553],[-720,22],[-133,-2635],[2288,-57],[-20,-4727]],[[548278,262660],[-538,-182],[-764,-1308],[-1450,-399],[-1018,-1143],[-639,223],[-715,1264],[-1912,-700],[-245,-937],[-1628,353],[990,1483],[-3047,-647],[-2233,-413],[-4134,58],[-2389,605],[4,-138],[-2716,1261],[-323,-1682],[-5817,145],[-167,-3763],[-19023,293],[-249,-7546],[-5278,108],[-701,1596],[-91,381],[-1010,2540],[-433,6743],[-702,35],[-20898,394],[196,10432],[-578,12],[-7748,105],[-5403,99],[-360,41],[-1018,16],[-14327,276]],[[441914,272265],[261,7563],[-4764,84],[194,5625],[-2102,33],[-252,247],[58,1778],[131,3652],[-1340,26],[12,534],[368,680],[742,266],[2577,291],[760,967],[-597,341],[-19,2025],[-1217,2547],[994,790],[321,980],[-159,1130],[845,-247],[-350,734],[947,129],[594,933],[243,2933],[226,318],[2419,765],[1091,674],[3990,-88],[106,1671],[-479,846],[-1262,13],[-1219,1074],[-786,-578],[-1651,593],[-2157,-249],[-618,220],[-636,902],[89,1606],[-2600,53],[254,3474]],[[169262,508995],[124,683],[1715,1466],[539,143],[257,685],[-1067,370],[-204,490],[929,371],[977,56],[1793,-878],[172,-1158],[9393,-17],[45,-3750],[4801,-9],[9,-3719],[9581,-109],[-2,699],[-964,537],[-238,1038],[-495,307],[197,830],[-775,753],[259,641],[-1605,1061],[-663,-221],[-1396,1413],[-172,1415],[-726,311],[64,1171],[367,1513],[2169,623],[1198,1410],[657,1541],[1666,34],[1013,676],[605,932],[1022,-373],[345,643],[2272,-18],[8,1229],[1175,122],[10,-1362],[2326,-21],[3,-1380],[1260,81],[2,1368]],[[241646,514832],[4586,-1],[-11,-272],[6767,251],[2754,104],[1755,7],[2766,-81]],[[280628,501496],[-1736,-1645],[-2984,-2525],[-1282,-1259],[-1336,-1485],[-1660,-2226],[158,-16],[-970,-1344],[-443,-812],[-1743,-5448],[-138,1],[-1791,-5489],[-243,-363],[-530,-592],[-2085,-1860],[-3181,-2646],[-4765,-3790],[0,-235],[-308,-8],[-6359,-5063],[-2927,-1871],[20,-137],[-1083,-630],[-256,2],[-3469,-2186],[-4953,-3161],[-2732,-2220],[-4373,-3233],[-2250,-1253]],[[227209,450002],[1,142],[-3557,-1609],[-1369,-310],[13,2481],[4,529],[-1,253]],[[222300,451488],[3433,3039],[1361,1354],[146,333],[43,5877],[-3810,-17],[-1051,-4],[-1626,-1],[-974,-1],[-609,88],[-205,2763],[-589,702],[-3224,31],[-700,-612],[-27,-2477],[-36,-486],[-6643,-7]],[[207789,462070],[-3247,20],[-638,23],[-880,8],[3,3722],[3641,48],[-80,2452],[-1045,38],[-75,1255],[2315,-16],[41,7555],[-9557,55],[37,3962],[-38589,49]],[[159715,481241],[660,1755],[707,181],[133,589],[853,340],[1147,950],[-53,570],[850,868],[-454,1504],[-1161,770],[534,538],[-891,-231],[-552,568],[573,450],[85,1298],[1232,71],[-462,1186],[1629,389],[616,513],[-519,550],[283,500],[1191,650],[-466,1187],[880,765],[686,-59],[-691,880],[1040,-117],[905,1154],[-67,1588],[701,365],[-308,2670],[287,684],[-794,368],[203,491],[-246,1056],[585,350],[-484,1055],[915,1308]],[[447734,789134],[-35,-3524],[-2384,-251],[-67,-3817],[-52,-6045],[-74,-9088],[2449,-5],[-75,-3791],[-1233,-1903],[-12,-948],[-1215,-1492]],[[445036,758270],[-856,-735],[153,-791],[-658,1060],[-1699,105],[-1833,1036],[-99,404],[-2264,3241],[1,-961],[-2970,322],[-5810,111]],[[429001,762062],[-1434,579],[-211,398],[115,1656],[1842,2388],[-667,69],[-168,1741],[-931,-219],[-1154,616],[1157,-49],[513,1507],[-1068,1304],[-1481,413],[994,250],[-435,846],[-1053,793],[-171,-261],[-745,-258],[319,262],[-1074,40],[-42,-6285],[-399,-982],[-3481,-577],[-3176,-51],[66,3697],[-4716,18],[-188,3170],[-561,979],[-456,499],[-305,262],[-653,436],[-869,444],[-1921,982],[-765,292],[-913,225],[-965,111],[-85,5],[-4202,19],[-2413,730],[1627,667],[-906,1074],[856,511],[-216,1012],[-919,331],[-4946,51],[-1313,7],[-5676,106],[-193,-73],[-99,-10],[-392,14],[-857,-1],[-72,-3],[-81,-4],[-3202,-12]],[[380916,781781],[-14,7549],[-14039,13],[-688,47],[-4352,-9],[720,-7542],[-1465,-7],[-20,3670],[-7823,100],[-255,474],[-196,3272],[871,8431],[7279,297],[1936,-38],[-80,860],[1201,25],[99,1807],[2707,-120],[-24,19755],[-15,5367],[18303,-157],[778,-7],[9793,-76],[8820,-90]],[[394463,674362],[4251,-1530],[17,136],[2482,-852],[30,608],[7203,-145],[3553,-25],[232,-392],[845,-791],[2225,135],[4221,253]],[[431877,646276],[-61,-7482],[-787,40],[-1840,-23],[-6426,64]],[[422763,638875],[-132,-1],[-2206,54],[-2803,-165],[-1510,20],[-651,32],[-1847,131],[-1083,-31],[-3237,-32],[-1239,80],[-2274,4],[-167,0],[2458,1505],[4,225],[-1654,-1093],[-3406,-1170],[-49,-587],[-168,-20],[-207,13],[-11,2117],[-1333,-127],[4,-560],[-2283,-1113],[-752,119],[-145,897],[-384,-130],[-3912,-39]],[[166792,638180],[-544,-885],[642,-312],[-220,-752],[894,-1095],[-1182,-39],[-957,-513],[-588,-1431],[1225,-922],[-1600,-692],[-643,11],[3,-4401],[969,370],[3683,-182],[50,-7896],[458,-1],[-1696,-1778],[-223,-2343],[-507,-1005],[321,-494],[1242,511],[38,-360],[2171,557],[587,-929],[-601,-748],[274,-982],[2754,5],[2053,-250],[1313,-1515],[2159,-478],[-330,-788],[-356,413],[-3727,-26],[13,-1865],[4767,8],[-2,-2018],[-3875,185],[-946,-1],[-4756,4],[-35,-1744],[-2398,-197],[37,-4681],[1903,-997],[18,-624],[-461,38],[18,-1279],[-1484,46],[-46,-5228],[1752,-18],[641,-483],[-43,-6088]],[[169557,584288],[-8511,-1868],[235,-222],[-26,-51],[-1244,-392],[-46,-6374],[-54,-7548]],[[159911,567833],[-6486,9],[-1746,3270],[404,621],[1276,540],[62,886],[1020,250],[-251,1959],[-12935,65],[10,-3826],[-9578,15],[-1,-3764],[-9626,26],[-28,3871],[-9534,-3836],[-1269,-666],[-16945,-9792],[-1266,-546]],[[93018,556915],[-47,3512],[-9262,-14],[-73,3061],[5171,37],[37,721],[4647,-35],[233,1560],[1348,1048],[-11,755],[1174,325],[79,393],[-426,513],[-1533,-257],[-86,1654],[-837,-85],[-252,-683],[-559,577],[-1081,352],[-244,718],[1289,669],[1382,-821],[762,493],[-550,452],[-1084,-61],[-495,443],[-1587,147],[-509,989],[-1699,814],[-421,622],[-770,-36],[-30,688],[-6033,34],[149,491],[-1146,358],[155,1983],[-1485,1222],[-527,-427],[-1464,769],[-1471,1879],[-1494,582],[-796,-212],[-2090,766],[-842,109],[-6671,64],[15,1666],[53,22],[-199,23450]],[[63738,608222],[-76,3827],[395,-1],[1170,3478],[-1094,603],[-716,1408],[757,1278],[-1014,52],[-297,658],[-1204,388],[-874,834],[-87,939],[-676,308],[223,1079],[1551,1044],[67,934],[-1091,412],[211,1458],[6644,239],[5039,-38],[2116,-2025],[334,37],[648,-219],[1416,-158],[16,-1920],[2329,-1659],[273,263],[2274,4490],[2527,4785],[6876,100],[224,5708],[2406,77],[-2,1813],[-1770,-101]],[[360154,52694],[-14,4455],[0,17],[-18,3018],[14,749],[55,22114]],[[360861,139350],[1093,-223],[1147,4],[1748,539],[2285,-1490],[1835,-2461],[921,-1015],[1091,-2137],[791,-890],[1209,-724],[1053,-419],[2425,-1653],[861,-251]],[[417486,16132],[-924,-426],[-1974,1048],[-1564,43],[-474,1502],[221,-1747],[-4810,58],[-134,-1687],[-4629,184],[-123,-3942],[-2272,53],[-2137,-158],[-426,234],[-8784,226],[-764,-2676],[-1569,2713],[-3169,80],[-23442,449],[-624,283],[13,2270],[26,4836],[1,162],[130,2421],[120,23095],[0,57],[-24,7484]],[[461520,537209],[285,554],[-83,2728],[2442,-200],[429,4580],[1,4984],[-444,2377],[-650,2836],[-1261,56],[175,3535],[317,541],[740,678],[78,465],[-981,1875],[21,588],[28,515]],[[462617,563321],[529,276],[67,471],[6623,-321],[365,-16],[6719,-280],[-20,-458],[482,-24],[-205,-4165],[-402,17],[-327,-3128],[78,-471],[135,-359],[18,-27],[253,-377],[217,-316]],[[477149,554143],[408,-662],[57,-280],[-278,-1546],[-565,-3055],[-352,-684],[127,-2185],[-360,-1679],[-40,-1786]],[[476146,542266],[-4104,86],[-1699,-1746],[-2829,-363],[-811,-508],[33,-1176],[-58,-1613],[-2828,65],[-2263,194]],[[461587,537205],[-67,4]],[[435825,609905],[164,-247],[2913,-2041],[3183,1418]],[[442085,609035],[-2,-809],[-2704,-1591],[-34,-843],[1102,4],[1105,-751],[92,757],[1626,72],[5,-499],[368,-14],[-72,-1289],[-356,12],[-86,-1872],[474,-17],[-180,-3459],[234,-280],[613,-24],[560,-1558],[8,-1071],[1137,-1377]],[[424526,606752],[344,108],[3115,150],[3787,-286],[4025,1766],[28,1415]],[[406730,498073],[91,-244],[392,-39],[5934,-356],[2918,-179],[1292,-31],[7608,-270],[-167,-2706],[2,-105]],[[424800,494143],[-679,-711],[-155,-213],[-1629,-2657],[-353,-4732],[1499,-4],[33,-75],[853,-40],[-118,-3020],[-258,-4620],[-176,-2864],[-263,-4919],[-429,-7341]],[[423125,462947],[-3767,170],[-4983,139],[-544,84],[-2561,124],[-3375,193],[-2705,107],[-1403,193]],[[403787,463957],[412,5433],[125,892],[233,1088],[596,3828],[-248,12],[-9534,461],[-5881,284],[-1673,55]],[[387817,476010],[-1737,33],[375,3797],[587,9172],[138,2149],[120,1888],[19,334],[317,5068]],[[378662,603940],[91,8],[27,2],[4847,341],[2005,396],[78,20],[8459,1774]],[[394169,606481],[81,-434],[-65,-1959]],[[394185,604088],[-650,1],[310,781],[-190,1099],[-3904,-1059],[-2035,-1083],[892,-994],[173,-525],[9,-493],[79,-3],[-786,-457],[-58,-865],[-87,3],[-60,-953],[1151,-32],[-61,-1064]],[[388968,598444],[-1137,99],[-69,-1316],[509,-632],[-543,-18],[-74,-1650],[-21,-425]],[[375978,594984],[4,82],[115,2394],[4,149],[21,620],[632,641],[-594,501],[14,536],[819,603],[57,466],[-1210,1684],[1389,289],[233,835],[1210,106],[-10,50]],[[265479,532365],[-2,-484]],[[363601,604020],[1784,-1312],[3175,-599],[1049,125],[3120,1312],[5027,2242],[483,269]],[[378239,606057],[423,-2117]],[[363613,601662],[-12,2358]],[[505976,642253],[1858,2151],[3016,3850],[939,1618],[587,1478],[926,4594],[413,1179],[1430,2874],[1271,1197],[1348,1962],[467,266],[1767,1841],[1901,1030],[3008,1105],[2703,823],[5966,-493]],[[533576,667728],[2301,-226],[3343,-170],[2305,221],[3881,207],[2779,-714],[3479,-1475],[2522,-1965],[1536,-1968],[1551,-3104],[1494,-1606],[1398,-1025],[2883,-1686],[1824,-873]],[[539254,628507],[-169,-975],[675,-692],[556,-1553],[174,-1535],[776,-1042],[642,-104],[-296,-5675]],[[541612,616931],[-2524,-898],[-520,-46],[-8350,175],[-4632,-337],[-10301,244],[-1806,44],[-1835,-258],[-2741,-964],[-1842,10],[-3788,116],[-1855,-26],[-2680,-147],[-1466,-799],[-329,-200],[-467,-282],[-924,-559],[-2013,-1230],[-534,-328],[-318,168],[-3626,144],[-750,-221],[-9106,495],[-609,37]],[[478596,612069],[119,277],[287,1520],[-296,910],[-2714,4358],[-3005,8216],[-26,1537],[231,4018],[-2216,-708],[-1070,-465]],[[469906,631732],[850,4143],[-257,613],[-1133,2708],[-241,406],[-3068,5255],[205,778]],[[622998,613395],[4008,-650],[1886,74],[3162,611],[4001,199],[4027,497],[4222,-2],[-98,-609],[-35,-341],[707,110],[1177,-678],[509,-799],[-3,-845],[2336,-265],[1,-3463],[2400,-456],[-358,-11113],[-1379,42],[874,-1233],[-1010,-738],[64,-1248],[-1073,-678],[1307,-59],[176,-921],[-905,-416],[-516,-635],[-956,246],[-282,-286],[967,-507],[-1210,-785],[-1373,246],[-1042,-154],[-91,-1295],[780,35],[571,-448],[-1142,-806],[183,-460],[1422,-760],[4294,21],[2524,-132],[189,1137],[893,1781],[143,619],[6647,-352]],[[660995,587879],[-204,-3723],[-82,-1767],[-273,-88],[-2401,-1666],[-189,-3866],[-4041,253],[382,-566],[199,-1532],[-362,-814],[282,-1744],[896,-737],[-285,-6049],[-2439,-54],[-153,-3503],[-2537,-4],[-279,-316]],[[620880,562356],[113,2717],[127,3073],[20,476],[350,8862],[374,7201],[339,8048],[366,8849],[-119,219]],[[410907,553043],[522,-93],[751,-290],[1202,-507],[1301,-494],[646,-144],[440,-20],[635,172],[890,423],[1595,-190],[1002,-768],[24,40],[291,870],[-14,563],[-349,865],[-1250,1639],[-118,500],[20,715],[133,-142],[2201,-2249],[3855,-3720],[3285,-70],[104,2150],[447,-17],[-434,411],[53,1071],[125,3752],[-6,0],[-933,42],[211,1137],[751,-38],[25,1011],[473,-8],[8,249],[34,418],[106,471],[251,502],[1937,2543],[157,398],[-2232,1945],[-692,210],[1017,1932],[523,355],[129,0],[750,1323],[158,2066],[814,-796],[518,735],[45,58],[-794,369],[790,907],[906,2492]],[[433210,575831],[41,-24],[1248,-511],[1010,-45],[-9,-370],[1197,-486],[-16,-603],[1252,-58],[145,101],[993,-404],[2365,-900],[2114,-949],[2088,-1029],[499,-117],[1573,-634],[535,-217],[2389,-1168],[2874,-1646],[-109,-1012],[-1102,37],[-141,-1762],[-388,-250],[-69,-365],[-307,-375],[-115,-2741],[-26,-1276],[3973,-173],[2387,-70],[178,4618],[4828,-81]],[[461520,537209],[-70,-77],[-214,-189],[-217,-152],[-893,-339],[-771,-359],[81,784],[-410,422],[-6838,352],[-251,17],[-451,19],[-1605,96],[-2,394],[-2548,262],[-308,-497],[-9593,432],[-12,-282],[-231,285],[-4124,236],[-1699,74],[-365,988],[-885,-679],[-2703,130],[7,198],[-1951,74],[-30,-454],[-2394,61],[-1185,29],[-3740,125]],[[418118,539159],[-301,2033],[-18,99],[55,1485],[-138,24],[-700,42],[-1153,-258],[-262,593],[-1433,2102],[-286,405],[-2466,3486],[-521,944],[12,2929]],[[542487,520609],[143,2769],[557,-21],[107,2097],[1580,-42],[92,-1152],[135,2786],[4624,-129],[158,3734],[49,1065],[71,1550],[87,2019],[-2224,50],[-166,1070],[1554,1544],[-53,293],[5798,-169],[269,701],[-87,971],[2469,139],[17,1902],[327,6815],[19,646],[-296,-61],[-1632,35],[116,2576],[-456,524],[7,61],[-15,-1],[-334,3359],[-1161,895],[228,1701],[-589,190],[-253,30],[-7,219],[221,5573],[78,-2],[91,3456],[6,285],[1,15],[55,932],[521,375],[1832,265],[11,255],[82,1878],[-1281,-79],[-1055,106],[-46,6],[-13,-409],[-1147,50],[-54,529],[-16,-221],[-396,16],[21,337],[-771,-52],[-272,-47]],[[551489,572043],[80,689],[-2138,49],[545,2084],[44,965],[684,-25],[41,937],[-1178,40],[37,945],[-1203,44],[101,1863],[4015,-164],[18,1407],[-966,908],[-1221,155],[-181,3194],[231,1881]],[[550398,587015],[9281,-308],[2177,227],[2399,-90],[39,-5],[-2405,-161],[2375,-563],[-309,-7041],[2456,-74],[7029,-132],[284,3720],[84,2148],[675,92],[874,227],[1271,519],[2076,435],[403,191],[4271,-21],[233,2691],[2335,240],[2278,-32],[1567,829],[3504,-28],[-154,-3834]],[[593141,586045],[-304,-4479],[-25,-3098],[-41,-2071],[-353,-582],[-2092,217],[-140,-4422],[-591,2],[-81,-2742],[-1851,45],[-62,-1693],[-5028,98],[-713,589],[-1534,270],[-148,-4614],[7256,-127],[-61,-1618],[-975,243],[-578,-412],[-5,-859],[781,-1051],[-425,-527],[-904,522],[-827,-1762],[-686,288],[-911,-427],[-837,-1382],[309,-210],[35,5],[249,-31],[75,-70],[255,-272],[3,-94],[1,-100],[34,-762],[20,-212],[39,-59],[36,-89],[-1815,-1570],[-73,-922],[138,-1734],[16,-3631],[1505,12],[1647,-1034],[-321,-1030],[-137,-3758],[-9483,393],[-4,-98],[-29,-625],[-299,-549],[-1371,43],[-34,-709],[-3113,138],[-99,-1886],[4780,-142],[-106,-2177],[-223,-4853],[-141,-452],[-201,-364],[-3285,-3263],[-240,-407],[-3660,426],[-6324,212],[-316,-1112],[836,-1257],[1736,-371],[1242,33],[699,897],[655,-1640],[-569,54],[-89,-832],[1173,-199],[898,326],[-184,-3534],[-1190,34],[-216,-2895],[1237,-39],[-44,-818],[-14,-419],[-521,-10941],[4588,-102],[2269,-62]],[[572380,503702],[-251,-4785]],[[572129,498917],[-9582,40],[-164,-3206],[376,-1250],[1516,-1613],[326,-863],[-325,-6282],[-4685,12],[50,11311],[-1998,12],[-70,-1635],[-219,1244],[-2110,402],[243,3755],[-812,833],[-1103,6],[384,1847],[-911,31],[-878,662],[-152,1203],[130,4323],[16,519],[-117,2680],[-40,883],[-1583,254],[-42,651],[-71,826],[-716,23],[-4349,154],[-658,25],[34,618],[-844,674],[-1428,19],[-95,2]],[[542252,517077],[77,1974],[24,594],[90,-3],[2340,-90],[101,2209],[-1635,-1543],[-783,-57],[21,448]],[[310555,593561],[1868,2965],[1147,1249],[952,581],[1632,562],[5551,-540],[2851,-764],[1566,-723]],[[326122,596891],[107,25],[4433,-2604],[5934,-3812],[2843,-1530],[609,-740],[1744,-2810]],[[341792,585420],[-353,-1811],[-117,-647],[711,-10],[-6,-686],[-774,1],[168,-1494],[1809,-3279],[-70,1],[123,-787],[-450,-3619],[82,-1428],[304,-1189],[250,-609],[553,-963],[713,-912]],[[344735,567988],[-2684,-5],[-37,0]],[[342014,567983],[-3596,0],[-1416,5]],[[337002,567988],[-4233,18],[-379,0],[-602,0],[-3607,-4],[-5468,-6],[-2641,-3],[-2185,-2],[-1211,-12],[-1211,8],[-2453,-22],[-2083,2],[-2697,3],[-4834,-3]],[[303398,567967],[-2375,-5],[-23,277],[-2429,544],[-26,-820],[-12285,-142],[-869,-12]],[[285391,567809],[-1157,-16],[-4393,12],[-3604,31],[-1674,-13],[-4417,36],[-473,-92]],[[269448,567760],[-35,402],[-54,626],[221,63],[508,83],[1835,749],[4020,2337],[3870,2617],[1218,1812],[2445,2622],[1394,1503],[527,583],[2046,1627],[2765,1570],[2238,610],[2427,489],[4000,623],[3075,115],[2425,1452],[1794,1350],[1457,1959],[713,572],[1411,1164],[807,873]],[[388968,598444],[1240,-48],[2395,-72],[1113,-27],[2473,-324],[16,239],[989,-44],[869,-194],[431,-181],[1223,77],[1548,-31],[6,239],[1426,-52],[204,-99],[1586,-99],[1153,-69],[-29,-1273],[2853,767],[779,361],[10,184],[282,-11]],[[411164,588276],[-69,-1100],[-919,-513],[584,-192],[-366,-1922]],[[410394,584549],[-740,31],[-10,-185],[-728,23],[10,186],[-333,10],[-1376,42],[-1005,29],[-506,14],[-1268,37],[-11,-165],[-1407,-120],[-1147,366],[-430,14],[-7,-192],[-602,-311],[-762,551],[-1005,29],[-2360,74],[-8,-138],[-1389,-94],[-1176,49],[-56,271],[-2129,79]],[[481448,585538],[70,-2],[133,4085],[-294,2304]],[[481357,591925],[1918,375],[1173,-111],[1007,602],[1898,144],[436,-116],[2520,-479],[2561,-99],[717,417],[14,85],[6551,-234],[127,-5],[7151,-214],[3583,-175],[-394,-244],[-667,-382],[18,-3182],[-2666,116],[-249,-5218],[2521,1134],[321,-586],[390,-42],[1267,1855],[-58,397],[-14,313],[30,236],[89,183],[78,86],[1281,904],[587,1568],[344,290],[1978,662],[841,1083],[58,700],[340,724],[370,83],[111,57],[152,48],[626,-980],[1061,-266],[2183,205],[-158,-3723],[2570,-63],[83,1484],[1870,298],[582,-12],[-89,-1825],[6619,-231],[525,-209],[822,266],[495,4],[1177,-36],[1917,-214],[7266,-357],[5108,-226]],[[551489,572043],[-242,-36],[-3200,136],[-974,45],[-2405,78],[-3,-32],[-110,-1862],[-593,27],[91,1892],[-1787,66],[-4810,192]],[[537456,572549],[12,305],[-88,1526],[-921,1060],[-2620,2695],[-235,373],[-132,1040],[-12,96],[-108,1099],[-2424,50],[-2332,1489],[-1173,32],[225,1232],[-1422,238],[24,438],[-1203,29],[-106,-1899],[935,-27],[-38,-1873],[-5262,59],[-86,832],[-803,443],[-229,1594],[354,581],[-731,1815],[423,2074],[-424,1329],[-1326,608],[-143,-3344],[-906,-804],[-574,-1749],[-71,-2134],[-288,-1036],[-1679,69],[-124,-3343],[-103,-444],[-182,-2923],[-1368,184],[-42,-996],[783,-241],[-860,-303],[-467,-732],[-3057,-1335],[-2507,-597],[-559,-476],[-2439,131],[-84,2],[-178,-1220],[-1680,-223],[-3,-68],[-103,-2823],[-4,-85],[-33,-698],[-5861,-3316],[-331,-432]],[[494891,560851],[-1240,479],[560,407],[664,-159],[661,159],[310,323],[43,241],[-118,470],[208,437],[1088,458],[123,248],[17,303],[-139,810],[-61,-1],[-368,970],[-6472,886],[-427,2703],[-268,544],[-1197,1837],[-233,1181],[-154,12],[-96,891],[-522,1098],[-2150,1584],[-1013,1297],[-1481,876],[-133,427],[160,986],[-534,1115],[-909,1140],[-667,-76],[136,1225],[841,-14],[-98,1013],[26,817]],[[541612,616931],[2132,529],[256,-362],[-236,-3164],[1187,-37],[-284,-3757],[-899,21],[-23,-477],[-1152,39],[-60,-701],[-894,-670],[-1612,42],[-128,-2860],[-3041,76],[-109,-2026],[3063,-65],[-25,-2554],[-4025,-98],[-2335,422],[-1505,819],[-21,-511],[33,-417],[-59,-1379],[322,-719],[-357,-435],[-155,-2069],[-59,-1237],[-4,-82],[311,-217],[56,-634],[4285,-682],[922,-133],[1274,-1196],[1049,-1728],[644,-412],[3905,-1842],[1159,-203],[3853,-141],[1318,-1056]],[[481357,591925],[-138,660],[-397,1995],[-108,4500],[-340,1683],[-112,520],[-1204,3273],[-518,1407],[-824,2076],[-70,905],[950,3125]],[[296451,598225],[1900,-1095],[2626,-439],[-1,85],[2193,-361],[1171,-358],[1150,-356],[3082,-1129],[1983,-1011]],[[268459,567748],[-4857,-32],[-1239,3],[-1908,868],[-4675,1739],[-2281,876],[-632,419],[-3942,2284],[-2481,1234],[-2655,1108],[-1654,504],[-1433,220],[-1788,-9],[-182,-6],[-2757,21],[-4313,-258],[-2579,-344],[-1948,-423]],[[227135,575952],[-842,884],[4381,1569],[1412,49],[48,356],[21,229],[2470,238],[730,-169],[2020,224],[2676,-130],[203,-50],[3711,-81],[877,-815],[-6,524],[-2,168],[0,123],[1185,-5],[1,303],[8,7219],[-4825,-3],[1,4693],[-856,-417],[-277,-725],[-533,623],[-82,1562],[-808,623],[107,1036],[-368,956],[-830,885],[-1167,606],[4,1461],[-10,1101],[-2,196],[3054,597],[6531,344],[-270,1575],[-1313,380],[-2889,-308],[-177,4461],[449,747],[-738,477]],[[306090,541424],[2190,16],[4827,33]],[[313107,541473],[14,-2464],[13,-1344],[1,-419],[11,-2831],[660,-510]],[[313806,533905],[-656,-6],[-1,-1885],[3,-1873],[118,-3107],[-96,-670],[6,-3004],[265,-383],[4,-390],[-272,-1],[2,-2485],[2,-1292],[16,-1703],[-220,-41],[166,-2035],[145,-3676]],[[313288,511354],[-178,-2],[-3947,89],[-536,0],[-5101,-18]],[[303526,511423],[19,852],[41,2766],[-25,3815],[-8,1299],[-1,2405],[-3,1887],[1194,5],[-7,1887],[-1191,17],[-13,826],[-2,439],[2376,2507],[-2382,-6],[5,3760],[1221,-345],[1232,5],[7,620],[488,942],[-2042,708],[-917,39],[-4,1798]],[[303514,537649],[595,2],[88,1174],[1707,505],[-2401,195],[1,297],[-9,1573],[-5,589],[1334,-523],[454,564],[-3,-610],[84,1],[731,8]],[[337246,756330],[1317,-959],[2439,3],[3976,22],[59,5049],[-448,2433],[7626,28],[31,3741],[9518,26],[-14,3838],[36,1198],[1809,-212],[-725,7497],[1114,119],[1215,872],[924,-462],[895,-63],[-41,2480],[1519,-164],[12420,5]],[[429001,762062],[-2672,-87],[-2475,-342],[-1395,-554],[-1711,-1146],[-1717,-1914],[14,-3870],[4330,15],[-13,-1523],[-2000,15],[-20,-1424],[4101,-7],[5095,2],[565,2],[4048,-21],[457,-1846],[2119,1],[-26,-5603],[36,-7637]],[[423266,717715],[-4,-243]],[[387768,717818],[-317,258],[-723,26],[-1750,-13],[-1498,-11],[-2425,-19],[-105,-1],[-5542,105],[-5965,-39],[-2436,36]],[[367007,718160],[-16,1632],[-1,72],[3,1817],[9,3706],[29,3712],[-1750,39],[-5784,-16],[-2833,-9],[-41,-2566],[-4656,-20],[25,2586],[-4994,-5],[-1605,-143],[-1202,134],[-4278,-13]],[[339913,729086],[-2341,-14],[-71,3422]],[[336715,635655],[10,1383],[328,-481],[303,1830],[11,119]],[[337367,638506],[4560,-836],[207,387],[-34,211],[-45,113],[-213,454],[1494,-133],[501,602],[404,170],[43,-911],[961,-2],[-2,-589],[947,231],[15,1240],[3792,0],[-45,318],[-139,273],[1,304],[512,117],[-12,117],[448,149],[225,412],[43,1773],[5,257],[3565,-32],[3217,-24],[287,-2],[1037,736],[172,527],[794,-612],[322,-664],[180,130],[389,-150],[1383,-66],[477,-1521],[895,-35],[-810,-884],[1516,-398],[197,-1315],[1989,637]],[[366646,638646],[-3,-212],[-38,-6379],[1483,-616],[-55,-283],[-1438,206],[-90,-3378]],[[366505,627984],[-3577,748],[-3707,-540],[-3887,-1640],[-108,-45],[-190,-80],[-8185,-1504],[-5660,206],[-21,6],[-1,0]],[[341169,625135],[-2588,812],[-1768,1122],[-1130,2545],[559,2756],[596,3154],[-123,131]],[[601957,260204],[1524,30],[1073,252],[1343,852],[2870,243],[4094,-464],[3390,-578],[813,558],[1153,-356],[2336,226],[932,1045],[-557,584],[1626,49],[1832,-131],[467,-535],[2301,25],[691,320],[828,1604],[406,84],[361,-725],[948,-654],[450,-1662],[586,24],[825,1569],[469,107],[1169,-1296],[820,-279],[168,-1175],[931,-489],[358,850],[902,369],[656,-138],[385,-1357],[-1088,-545],[1005,-231],[1242,115],[630,565],[853,-1154],[2661,172],[2372,109],[11866,2988],[1104,71],[-144,536],[113,2506],[-1703,942],[-920,1517],[588,149],[213,653],[545,741],[-1270,-336],[-494,159],[32,511],[1502,336],[-130,400],[-1145,-226],[-50,782],[841,-369],[484,893],[-429,1015],[-415,386],[-979,-576],[-620,998],[-1531,114],[0,1013],[-584,579],[-798,-365],[72,462],[-3097,921],[13401,-35],[1183,-165],[-1855,989],[1062,24801],[9449,356],[11949,538],[-135,-4365],[11984,-430],[-71,-5522],[4616,-257],[398,7731],[1807,-2068],[1164,-1672],[1409,-629],[3135,-2878],[1525,50],[-205,-5844],[155,-4102],[2040,-27],[-85,-3199],[1556,-422],[2123,-964],[1148,-813],[649,-768],[780,180],[1491,-88],[430,-613],[-676,-793],[860,-411],[-347,-727],[1371,-289],[-808,-875],[1642,-55],[-36,-926],[1216,-545],[-993,-277],[-1526,283],[169,-625],[754,-450],[377,-1065],[6285,-85],[-110,-2023],[1518,-24],[-570,-13928],[220,-625],[-249,-120],[150,-1375],[-431,-817],[-140,-8270],[-188,-1478],[-2647,286],[-181,-354],[505,-1409],[898,-1264],[-953,808],[-1767,-45],[-2156,1031],[-1389,1206],[-518,1074],[-1215,54],[-138,399],[-5374,-143],[-12977,285],[-660,-14540],[237,-34],[264,-143],[79,-77],[7,-49],[-97,-25],[-173,91],[-329,68],[-17,-308],[-3491,89],[-826,-2979],[-666,-1107],[-229,-3386],[-4823,104],[-355,-7516],[-9520,229],[-294,-7531],[-9554,164],[85,2159],[-3735,2362],[-14873,7993],[-476,-11955],[-4755,59],[-275,-7402],[-5079,108],[667,15026],[-4667,132],[-322,-7441],[-5204,-14]],[[631431,205276],[-5514,177],[-587,132],[-1428,1145],[-300,505],[240,5803],[-20155,567],[227,6771],[1010,694],[2906,-59],[953,818],[245,6451]],[[609028,228280],[223,4646],[377,781],[439,158],[5774,-78],[1156,-220],[2306,-39],[-12165,6017],[46,3772],[-5452,95],[-379,1693],[-613,288],[-2752,73],[-53,313],[322,6271],[1029,866],[1343,128],[196,1758],[2157,-61],[235,4321],[422,1029],[-1682,113]],[[542487,520609],[-109,3],[88,2381],[-881,100],[-76,-1582],[-1413,52],[82,1883],[761,-35],[-142,3779],[-5241,136]],[[535556,527326],[176,3822],[38,753],[76,2974],[45,913],[54,997],[65,1362],[32,478],[54,1069],[85,1972],[50,1282],[121,2673],[13,514],[149,3732],[5,66],[52,1891],[-617,23],[-14,208],[59,1670],[634,-20],[34,876],[143,2868],[135,3327],[105,2788],[-469,14],[-60,1464],[589,-35],[182,3890],[51,1041],[113,2611]],[[901491,624915],[356,400],[310,2571],[240,554],[416,217],[2679,350],[2081,790],[2205,513],[8898,170],[4273,1017],[1362,41],[-686,-9382],[19432,-846]],[[943057,621310],[-7,-137],[-957,-20150],[-102,-115],[-55,-889],[72,-1391],[-17,-253],[12,-1625],[-53,-347],[-808,-12901],[-208,-3809],[-2469,86],[-210,-3982],[-7402,338],[-512,-5527],[-12021,581],[-495,-585]],[[917825,570604],[-942,92],[-1158,1307],[-101,1143],[-4142,286],[-17887,698]],[[893595,574130],[446,7581],[-4941,199],[195,3757],[65,43],[58,170],[511,8816],[476,1283],[279,4958],[-2312,100],[382,6336],[8201,296],[-347,1576],[142,2542],[-128,1866],[831,1908],[1046,1106],[-59,665],[-991,804],[-544,2509],[725,1509],[1476,1195],[1513,1078],[872,488]],[[390800,573927],[575,-17],[1195,-45],[-9,-165],[586,-21],[8,163],[598,-16],[1176,-32],[1208,-52],[2371,-78],[2372,-286],[11,213],[889,-27],[1500,-253],[11,205],[1522,491],[1369,-293],[1,-190],[1345,-277],[556,138],[306,-42],[1284,-489],[729,24]],[[410403,572878],[-348,-4634],[-1165,-84],[-667,-683],[-99,-430],[138,-2149],[423,-308],[110,363],[696,-1795],[349,-30],[-119,-4980],[-109,-396],[288,-6],[-86,-4659],[0,-109]],[[409814,552978],[-369,-47],[-2238,-332],[-1170,-201],[-462,-73],[-965,-170],[-1911,-614],[-2737,-458],[-310,5],[-1907,107],[-421,114],[-149,-1],[-2931,119],[-1793,82],[-12,-237],[-1176,60],[59,223],[-794,33],[-480,21],[-1561,69],[-904,-1308],[-1161,466]],[[386422,550836],[31,500],[-856,463]],[[385597,551799],[720,1091],[-1117,1189],[423,1233],[198,-6],[111,1875],[119,1877],[105,1891],[-294,11],[39,971],[313,-38],[-118,951],[280,1857],[-310,13],[90,1712],[1763,3],[-410,1179],[-1280,49],[47,808],[916,-31],[-288,882],[-90,1006],[271,-12],[112,1873],[112,1860]],[[469906,631732],[-389,-1068],[-1687,-1129],[-6390,-5943],[-781,-948],[-2072,-2725],[-3554,-3137]],[[455033,616782],[-628,-341],[-4681,-3421],[-1886,-920],[-5753,-3065]],[[435825,609905],[-361,630],[-559,1550],[-1,896],[-3616,3271],[-2015,2283],[-2006,1872],[-260,257],[-2659,1456],[-2918,1083],[-1439,13],[-98,21]],[[419893,623237],[20,447],[97,-2],[159,3274],[169,614],[704,1477],[140,269],[1273,2784],[141,431],[167,6344]],[[481448,585538],[-5907,238],[-4800,176],[-2991,108],[-599,29],[-3608,105],[-4149,138],[-4103,173]],[[447662,594366],[26,520],[898,-551],[909,-36],[10,174],[1330,217],[-12,-445],[1085,-44],[116,3958],[1352,-42],[750,-29],[-607,294],[689,-24],[332,151],[212,3620],[1656,-47],[297,1554],[19,359],[595,90],[193,1394],[-689,1096],[939,618],[-1971,226],[87,1884],[-662,23],[-8,1663],[217,2491],[461,301],[2188,-60],[-21,1671],[1321,2143],[1158,1294],[-918,203],[-4581,-2250]],[[332498,510985],[2361,277],[2453,5]],[[351782,510241],[4939,149],[1593,369],[4965,1580]],[[363279,512339],[-1,-889],[-3,-3059],[-5,-4655],[0,-183],[-4,-3633]],[[337305,499942],[-11,336],[1447,253],[-105,1169],[-468,1155],[1197,1779],[-2024,-21],[-1023,-723],[-779,-1409],[-818,-301]],[[334721,502180],[-2297,257],[134,880],[-134,4173],[-68,759],[79,1537],[32,600],[31,599]],[[184018,411135],[-74,-1178],[-872,-585],[15309,-78],[4824,-16],[4771,-25],[4792,22],[4824,18],[-38,7541],[-4661,-19],[23,3823],[9574,-5],[-61,11245],[4696,0],[5009,-1]],[[232134,431877],[11795,-7],[-29,3796],[2433,-2],[-20,1928],[4783,24],[-1,1926],[4938,13],[7,-1904],[4667,-41],[4,-1904],[2391,-14],[6,-3769],[2392,-3],[7,2187],[2234,47],[18,1530],[2225,0],[36,-1920],[4759,18],[24,-1866],[9618,-28],[9588,-33],[-31,2482]],[[293978,434337],[718,-145],[1163,1332],[2879,225],[-9,-3881],[7260,-26],[7220,40],[26,-2],[-27,-3780],[-14,-3768],[-9486,91],[19,-7566],[-5036,-35],[22,7554],[-6944,-48],[-19,-3762],[-2386,-10],[9,-1861],[-2423,-37],[27,-1884],[-2381,0],[-13,-7545],[60,-7536],[-12,-3733],[4588,-19],[9,-3805],[4941,-12],[441,-7556],[17,-3872]],[[294627,382696],[-4161,-55],[-3185,-2195],[-2524,-1560]],[[284757,378886],[-329,2],[484,683],[80,3091],[35,3677],[-90,243],[-4670,1],[-77,-3956],[-9806,39],[191,-3820],[-10903,-294],[93,7910],[-3692,-830],[-1053,603],[-1668,-49],[-1151,-940],[-673,193],[-963,-228],[-739,-1171],[-1759,-374],[138,-611],[-1441,-572],[-1214,-38],[-62,1298],[-241,2927],[-451,-36],[-15081,9],[8,1070],[-2450,88],[-122,736],[-4863,-91],[2,1345],[-14,588],[-3197,-22],[1,37],[-1149,731],[-850,-690],[-112,-97],[-344,-1401],[-343,-244],[-438,-56],[-239,92],[-99,511],[-394,428],[-240,92],[310,471],[-199,92],[-388,-2],[-234,-920],[565,-966],[-1054,-546],[709,-269],[-327,-1759],[-1242,-764],[-1623,1171],[-612,232],[-7388,122],[-725,3],[-2853,31],[-855,319],[-649,-324],[-4170,-25],[-966,-725],[-555,-2011]],[[192616,383890],[-1543,-819],[58,-887],[-694,-22],[123,2182],[-375,1732],[651,944],[-531,1972],[-75,-595],[-1030,-1268],[-820,-1434],[-1133,1361],[-771,1444],[53,467],[-1343,1444],[-827,-330],[-1402,387],[-67,912],[-580,-166],[-119,805],[-2366,2100],[-506,-239],[-1875,250],[441,941],[-932,258],[7,823],[-953,705],[110,1019],[702,653],[-235,1109],[1109,58],[-636,553],[4,599],[1572,-689],[710,297],[565,-116],[788,2277],[557,97],[-423,1443],[424,499],[-778,593],[598,2291],[-788,-392],[-529,-780],[-1632,621],[-2228,423],[-227,779],[1665,1246],[2029,-81],[-2,1894],[4560,-9],[96,-106]],[[250468,672219],[8290,79],[2465,133],[656,-41],[245,-664],[1146,-3094]],[[263270,668632],[1473,-3962],[690,-29],[1296,-2236],[627,729],[69,-1104],[1451,-2225],[806,-641],[13,1936],[2689,13],[-94,-1630],[-1058,-987],[-662,-1369],[1226,-1564],[3258,-3160],[2990,-2607],[2168,-1735],[1407,-899],[-2627,-2550]],[[685981,851221],[30,4113],[56,7773],[33,3640],[235,2847],[-51,516],[927,220],[1385,1750],[480,302],[-98,1254],[-828,361],[535,265],[-74,906],[-676,-165],[283,730],[1519,42],[-110,1908],[-548,1484],[-833,453],[103,493],[886,624],[533,84],[1154,-498],[148,-1126],[217,885],[-631,712],[-106,6496],[-252,462],[187,974],[-73,4442]],[[690412,893168],[7290,-3],[239,-3761],[4695,274],[2479,5],[36,-2373],[2387,-51],[62,-628],[1157,-250],[1250,170],[1214,-1428],[1524,-838],[474,-202],[1766,2211],[5079,7226],[842,-313],[6590,61],[3,-1457],[425,-329],[919,2332],[664,216],[1382,-195],[374,531],[1518,887],[687,-669],[1504,-618],[1371,1440],[969,197],[2375,-477],[1097,834],[1268,182],[1549,1045],[935,-723],[-14,202]],[[744522,896666],[284,-1090],[3329,719],[499,-1399],[1804,-5],[111,-681],[-1147,-1016],[-161,-552],[-138,-7136],[-2461,-68],[-77,-2266],[-2176,71],[-15,-783],[-2078,-159],[-251,-714],[-1740,-1046],[-256,-1378],[634,-951],[-1270,-1],[-66,-1637],[4935,-119],[-76,-5759],[-1,-143],[-37,-3705],[-31,-3648],[-33,-3850],[-940,-771],[-593,-86],[71,-1845],[-361,-987],[1782,47],[9419,-11],[103,-1524],[731,-1269],[1834,-305],[1030,-2534],[864,-879],[500,-999],[-763,1],[7,-2895],[218,-344],[-2734,-521],[-11253,20],[51,-8004],[207,-7996],[-45,-984],[82,-101],[-55,-637],[15,-1079],[95,-5052],[44,-2465],[159,-29364],[-19,-258],[5,-617]],[[704897,791517],[180,25972],[-9702,-81],[159,7544],[2516,-48],[6,396],[-349,913],[-1259,1561],[-203,1738],[-383,-51],[-413,1639],[-776,565],[-187,828],[-1078,1398],[3765,480],[8392,324],[-128,2092],[190,450],[105,2829],[-3516,136],[-2792,-166],[-8343,14],[144,7280],[-2115,66],[-1295,771],[-1834,887],[0,2167]],[[250126,687315],[620,695],[720,77],[1594,-446],[1687,79],[1006,631],[-583,1248],[115,-3],[-955,688],[-934,1153],[-557,1611],[100,1280],[1016,1826],[720,-46],[1473,-1018],[331,-923],[602,-577],[656,-62],[861,247],[388,263],[-128,703]],[[298717,721095],[1819,-526],[16241,-8470],[1124,-868],[572,-559],[2437,-2560],[1095,-1487],[890,-1],[173,-1],[6965,-127],[2017,-1430],[1104,-357],[509,-56],[8455,7]],[[342118,704660],[-11,-616],[-2933,-1222],[-1290,-3211],[241,-579],[-1007,-894],[-8,-2842],[-13,-2738],[-381,-1130],[80,-1997],[-328,-993],[-36,-1704],[2687,398],[118,-564],[-2813,-2612],[-2686,-14],[259,-350],[2431,-3462],[519,-1246],[261,-1325],[11,-162],[2,-72],[5,-121],[4,-517],[-25,-1244],[-25,-2165]],[[337180,673278],[-299,26],[-1216,2],[-141,-253],[-9,-303],[149,-177],[-214,-200],[-119,-475],[-806,57],[-167,238],[-1,1115],[-2253,-3],[-7283,28],[-633,13],[-1357,29],[-2872,24],[4,-320],[-2481,105],[-1237,-10],[-1073,-12],[6,-2077],[-1639,-1],[-2279,210],[5,2119],[-3242,10],[6,-2126],[-9497,52],[119,1674],[-294,687],[-4002,-1228],[-574,-100],[-1014,-60],[-1787,48],[-1981,49],[-1355,84],[-372,5],[-198,3],[-1613,43],[-254,26],[-309,171],[-671,670],[-4184,74],[-726,343],[-497,276],[-723,174],[-3533,4],[-14,-1910],[-10207,15],[-1975,-701],[1089,-3041],[-187,-23]],[[342118,704660],[4,178]],[[342122,704838],[22923,-214],[1061,17],[974,71]],[[366896,673032],[-456,11],[-953,-76],[-7219,56],[-476,2],[-6417,77],[-1529,14],[-4553,71],[-97,2],[-7,-276],[-936,-106],[57,405],[-1262,17],[170,-936],[-278,-363],[-1104,322],[370,576],[-1319,427],[-595,15],[9,-346],[-187,-525],[-416,-6],[8,399],[-555,7],[-234,163],[68,283],[-1805,33]],[[389763,706804],[7129,-81]],[[339913,729086],[-13,-1829],[2457,29],[-71,-3828],[-2210,7],[-24,-1293],[-1570,96],[11,-562],[-2987,-2],[-2935,-114],[-81,-7421],[-491,2],[938,-1413],[200,-2332],[1187,9],[-2,-3077],[1549,5],[-18,-778],[6305,17],[-36,-1764]],[[322802,462071],[-8,-4790],[2067,38],[-405,1851],[143,2305],[1491,-83],[315,589],[1422,-24],[154,4],[4440,137],[2384,0],[591,-5],[1798,8],[2397,10],[2399,7]],[[341990,462118],[9662,46],[3767,15],[3618,59],[1592,1175],[290,-148],[43,-23],[188,-120],[95,-215],[11,-1410],[2093,-439]],[[363349,461058],[55,-2675],[13,-626],[21,-1008],[23,-1147],[0,-24],[-22,-881],[-3,-91],[-120,-4798],[-69,-2753],[0,-2],[-1,-14],[-184,-9390],[-33,-1671],[-79,-3981],[-152,-7725],[-67,-3427],[-81,-4113]],[[362650,416732],[-29097,0],[1216,1004],[1151,1454],[1383,2407],[-962,293],[5,479],[-3266,0],[-8,1433],[-651,-16],[0,498],[-5072,20],[-153,1],[-55,3745],[-4334,28],[-15,3767],[4429,24],[772,7533],[382,3777],[-2839,-4],[-389,865],[1675,808],[-1585,1491],[526,464],[-1505,776],[-1497,33]],[[322761,447612],[-1632,785],[-1248,-233],[-123,672],[-1948,693],[-1559,1431],[-1727,781],[-1193,-103],[-279,843],[-6,2057],[19,7572],[9737,-39]],[[67813,747641],[-4,-3525],[-52,-2202],[33,-334],[-116,-1454],[-22,-319],[186,-29639],[9579,-79],[112,-15089]],[[77529,695000],[-1052,-47],[-3800,18],[-4975,31],[-5077,85],[380,-277],[-135,-354],[-693,-388],[-489,59],[-583,-377],[-895,-16],[-231,209],[-884,226],[-481,971],[-507,80],[-14566,-142],[-23,-4165],[-261,-151],[-1226,-1938],[-1405,-1348],[-187,38],[-11272,21]],[[29167,687535],[-9755,-70],[71,-5798],[-3164,21],[-635,516],[-2425,247],[-2174,-1352],[-875,-1192],[-288,-1208],[-1298,-507],[-435,1964],[588,702],[-759,635],[-1231,260],[-248,1129],[-1058,1053],[241,1087],[-1181,1414],[-1154,293],[-55,713],[-3332,4],[2,7565],[738,-23],[8910,6],[406,7735],[-4,6543],[536,954],[-4749,98],[192,1826],[-314,705],[412,384],[-893,1607],[-2031,1896],[-1594,544],[-504,664],[-667,-9],[-140,7506],[-93,1553],[74,6053],[4839,-22],[4,2155],[4857,-21],[-88,5373],[9674,-196],[68,4080],[27,61],[42,232],[118,197],[1,39],[-20,65],[-126,203],[28,2606],[9879,-51],[1104,-3],[-477,-1012],[438,-547],[1551,-650],[905,-717],[1689,-2637],[-626,-516],[758,-751],[-550,-515],[14154,-235],[51,7487],[6041,-2],[-1413,1403],[664,597],[-464,688],[-1724,-322],[-198,1257],[462,840],[823,136],[180,985],[839,-74],[742,868],[1308,-316],[1550,214],[814,721],[30,-7018],[8443,-76],[1135,62]],[[349260,609146],[1427,-2],[-33,1824],[135,105],[-380,272],[-777,577],[-401,155],[27,1165],[59,1842],[1300,-309],[86,2662],[-1334,-1],[33,1462],[977,839],[1090,552]],[[351469,620289],[3086,-1167],[1477,-790],[2829,-2218],[1059,-1401],[1004,-1905],[149,-758],[-766,-2910],[-723,-1445],[-49,-1021],[264,-1450],[-547,-907],[-294,-14],[-2202,-2936],[-342,-854],[-113,-2108],[-21,-580],[-526,-1223],[978,143],[692,-2316]],[[357424,594429],[-3425,-1433],[-5,202],[-5,103],[-972,-452],[-1474,-203],[-349,-12],[-2047,250]],[[349147,592884],[-1,110],[-16,1001],[-13,1122],[277,2],[-5,867],[-284,-1],[-3,416],[-1,24],[-6,1041],[604,-207],[-6,1719],[-596,-2],[-2,200],[0,256],[-8,877],[-3,108],[-4,627],[0,225],[-2,242],[290,649],[-291,-4],[107,997],[75,968],[1,489],[-1561,-6],[-4,508],[542,516],[1021,1],[0,1041],[2,2476]],[[297413,611845],[807,4],[2838,7],[5880,9],[910,-13],[4797,-20],[4775,-9],[5317,-1],[351,22],[1565,12],[316,-4],[529,-366],[5,105],[812,-8],[-7,257],[96,-1],[1318,-7],[4117,-45],[924,-17],[51,0],[16,-1761],[-931,0],[0,-276],[675,-1],[254,-32],[-1,-170],[2300,-6],[562,-1],[2782,8],[70,0],[1022,-228],[-15,-233],[-14,-381],[2421,-52],[0,446],[3187,-8],[1251,444],[2867,-373]],[[349147,592884],[-2882,376],[-1282,350],[-1455,788],[-1649,599],[13,-1836],[-4050,-233],[-424,59],[-1697,964],[-3273,930],[-2516,1306],[-3575,1596],[-235,-892]],[[341792,585420],[815,-906],[658,-477],[2113,-639],[1362,-95],[3969,93],[3954,806]],[[354663,584202],[248,-551],[4024,1771],[3800,2109],[877,4]],[[363642,582667],[21,-3431],[-25,-1969],[-10,-699],[-21,-1676],[0,-3]],[[363607,574889],[-2279,25],[-28,-1218],[-3,-685],[184,171],[2105,168]],[[363586,573350],[-27,-2144],[-26,-1968],[-12,-937]],[[363517,568013],[-2265,-1],[-4816,-11],[-3613,4],[-835,3],[-2174,-4],[-1844,-4],[-982,-8],[-2202,-3],[-51,-1]],[[357424,594429],[3326,1360],[1329,-2114],[495,-1678],[-272,-1271],[-1156,-2040],[-2143,-1747],[-2146,-1435],[-2314,-1024],[120,-278]],[[629133,893295],[433,87],[666,-340],[5147,-67],[1568,-8],[-358,651],[906,1336],[-499,1471],[1255,3987],[2624,-27],[-4,-3754],[2268,-48],[-1,-2084],[2742,-1046],[1040,-2042],[598,-280],[455,-906],[576,-209],[747,2779],[11360,57],[1039,2033],[284,1362],[-22,5294],[246,879],[759,920],[1420,1023],[376,-556],[1664,-131],[51,-3415],[2034,-25],[2472,-37],[-47,345],[1103,102],[2470,-305],[1484,286],[366,-3540],[391,-581],[-14,-230],[44,-1313],[-181,-2153],[-782,-1640],[1626,16],[1717,238],[1841,-382],[4851,70],[12,1999],[4552,57]],[[685981,851221],[-277,-731],[-1801,-2731],[-4054,-4518],[-795,699],[74,544],[-976,1388],[-277,1092],[194,908],[-1940,80],[-1094,-685],[-1799,-253],[-1541,-726],[-1884,-163],[-1440,-419],[-1805,-1695],[77,3667],[-7123,209],[223,983],[705,813],[145,1064],[-831,345],[49,725],[620,488],[-381,792],[674,904],[-530,997],[-467,-71],[98,1247],[-278,1933],[-1643,2101],[-169,692],[399,820],[-136,1173],[-3130,5],[-5233,24],[-4005,35],[26,3416],[-3035,586],[33,1295],[-2394,46],[-68,725],[-3822,171],[-4270,-340],[-2074,1164],[-1667,220],[-1199,1071],[-528,38],[-1580,1079],[-1383,601],[-838,1287],[-1710,840],[-673,-1043],[-194,-1240],[-447,-674],[-1103,-3103],[-116,-1880],[153,-3814],[-513,18],[148,-3217],[1163,-1825],[914,-1192],[-136,-726],[971,-831],[-340,-1201],[-678,-164],[-820,1112],[-1142,-465],[-294,-834],[-1673,-17],[-275,368],[-1398,-4],[-1430,1840],[248,549],[-687,492],[824,1437],[-132,2848],[138,1925],[-8993,234],[-5112,-37],[-3365,133]],[[589141,863848],[-149,1022],[19,282],[1108,1259],[3,860],[1623,592],[1115,1289],[1161,171],[153,579],[744,-417],[736,639],[1012,158],[1302,728],[13,809],[616,398],[960,-59],[703,865],[-83,688],[1214,463],[188,827],[210,1679],[-1793,439],[294,5304],[54,7581],[9034,-172],[44,3740],[7647,-31],[11701,-400],[363,154]],[[303398,567967],[2,-3860],[-2,-205],[274,-4],[-6,-1255],[-274,0],[-21,-2331],[2,-377],[597,3],[9,-189],[246,8],[0,-384],[-250,-7],[21,-1175],[-612,-9],[7,-1204],[23,-4192],[1492,12],[1418,10],[17,-1144],[-183,-236],[-6,-562],[-2725,-18],[11,-1883],[13,-1823],[2,-349],[1,-617],[9,-991],[10,-1257],[1803,15],[7,-1387],[806,-344],[1,-788]],[[303514,537649],[-3336,-3],[-1404,0],[-610,0],[-2257,-2],[-2018,-1],[-3974,0],[-5735,2]],[[284180,537645],[-7,3773],[-15,2901],[-17,2837],[909,11],[1197,-1309],[1272,-235],[617,1205],[-1132,-342],[-707,555],[-485,1944],[-953,-3],[-716,-151],[-8,778],[0,120],[-17,3044],[-42,3775],[-17,3562],[46,245],[2385,-10],[40,1893],[2403,-10],[30,1901],[-3100,-26],[-1251,484],[778,1394],[1,1828]],[[293856,484720],[4750,6],[2517,4],[-1,1145],[2369,747],[3346,-523],[810,-348],[-357,-529],[-8,-479],[8211,13],[2344,3],[-1,1332],[1165,26],[1292,-395],[2424,483]],[[322717,486205],[1,-1437],[0,-7562],[13,-2989],[15,-2093],[25,-2490],[31,-7563]],[[322761,447612],[-63,-672],[-9580,30],[23,-3781],[-5391,7]],[[307750,443196],[-808,1378],[-13,2414],[-3440,9],[-4721,-3],[-485,-42],[-529,-391],[-612,245],[-3291,197],[-75,7626],[17,3625],[30,3919],[1125,-14],[625,-8],[1388,-1],[14,3789],[1677,-3],[22,3795],[4796,-25],[4835,-19],[0,1882],[-2415,4],[2,1879],[2420,0],[-11,1865],[-2404,-3],[-1,1865],[-2401,-4],[-9606,-12],[-29,1824],[4,1951],[-8,3782]],[[322717,486205],[932,57],[1033,584],[412,-536],[23,-1541],[2734,3],[164,-2],[2430,3],[0,800],[801,-2],[35,214],[243,-4],[-7,-211],[293,11],[-27,-183],[-504,-154],[0,-196],[743,-8],[19,-265],[340,-4],[-7,1503]],[[341974,484766],[-1,-3776],[-5,-1892],[-4,-1889],[44,-5657],[4,-1883],[-18,-3511],[5,-873],[-9,-3167]],[[363251,465802],[98,-4744]],[[441033,201796],[4682,-139],[1733,-51],[67,2335],[3085,-107],[-57,-2312],[9345,-189],[9555,-190],[9913,-150],[168,3932],[19016,-322],[330,11133],[28497,-526],[132,8],[197,5764],[679,-285],[1211,741],[-43,1098],[7267,-214],[-525,-15001],[18515,-310],[546,539],[589,10685],[289,-78],[9073,-199],[-349,-11251],[18925,-379],[964,22550],[11114,-258],[13077,-340]],[[631431,205276],[417,-698],[-517,-9929],[621,-642],[1538,-193],[230,-562],[-310,-4909],[-5220,-59],[579,-982],[-193,-597],[-139,-3669],[-427,-254],[-2028,-8],[-383,-1177],[-2423,-440],[-4407,-204],[-249,-5480],[2397,-63],[-240,-7563],[-11963,316],[-26,-3912],[4664,-499],[1418,68],[1202,410],[4582,-175],[-112,-2543],[-489,-595],[-1641,-499],[-397,-458],[-148,-2420],[-462,-574],[1181,102],[899,-203],[1898,539],[3567,22],[2552,160],[2203,-104],[322,475],[1638,-292],[358,-735],[-360,-13696],[2360,-133],[-159,-5681],[-21796,536],[-346,168],[776,1459],[190,5913],[-9409,211],[-229,-7546],[-8959,211],[-262,-5657],[-2387,-42],[-241,-295],[-2191,143],[-86,-3791],[4720,-251],[-1081,-23331],[-46,-1049],[-7317,249],[-377,-7216],[436,-387],[1737,-148],[184,-578],[-289,-6894]],[[398064,142745],[-1056,602],[2339,1457],[-421,311],[2166,1710],[324,724],[-1378,-259],[4,596],[-964,608],[547,963],[-1883,775],[13437,-339],[292,7493],[248,7523],[278,7539],[249,7493],[9555,-237],[268,7541],[9149,-200],[9494,-235],[69,7485],[252,7501]],[[403800,373365],[5840,-261],[8412,-294],[12931,-10543],[96,-459],[1434,-743],[1194,164],[1573,-314],[537,-493],[7535,-639],[1939,23],[-44,-1615]],[[445247,358191],[-254,-6013],[4654,-3388],[-79,-4880],[6844,-161],[3314,-2431],[-235,-1411],[-665,-136],[-172,-3464],[-2391,-234],[-321,-3621],[-2253,62],[-1784,-628],[-2783,-119]],[[436928,317600],[186,3875],[243,3696],[-713,-82],[-277,-1813],[-9367,173],[56,1588],[-340,327],[-11467,328],[-398,-7647],[-4151,138],[-5243,159],[-102,50]],[[405355,318392],[186,3661],[-4567,197],[-255,-74],[-4714,229],[633,9571],[-43,1132],[-277,412],[-3950,266],[-509,308],[149,3050],[296,6018],[2232,-68],[226,1770],[2368,36],[538,11269],[5355,-70],[-252,1806],[4423,-223],[180,1532],[280,6058],[2159,-36],[-1006,1119],[39,1034],[2337,-425],[999,1259],[-1066,1141],[1590,-28],[24,1258],[-705,484],[-3816,-440],[-3822,444],[-2024,1351],[1437,932]],[[362129,391444],[187,9207],[22,1103]],[[362338,401754],[9799,-489],[262,7643],[2663,-144],[364,1896],[1785,-99],[175,3796],[2367,-123],[-98,-1879],[1365,-70],[-120,-1971],[-457,-1088],[1426,-72],[-30,-780],[4831,-208],[-139,-7612]],[[386531,400554],[-49,-1038],[-87,-2992],[4568,-3973],[-42,-1642],[2072,-100],[608,-531],[5788,-3680],[-67,-851],[-1044,-1442],[-82,-2893],[258,-2365],[-83,-3555],[-423,-1375],[-189,-392],[618,-136],[5423,-224]],[[405355,318392],[-9557,291],[-9157,243],[-958,-102],[-753,123],[-5040,236],[133,3744],[-558,179],[28,979],[-2259,194],[-247,544],[-1406,39],[-666,560],[-38,1271],[-13617,510]],[[361260,327203],[-10,13319],[-1,1755],[26,5822],[1,19],[4,43],[198,2287],[-71,5385],[392,19334],[67,3314],[263,12963]],[[293825,499883],[8116,1],[196,486],[1355,-269],[-3,-216],[1869,-8],[177,567],[1168,223],[808,-142],[744,-130],[163,-531],[4679,13],[3241,21],[2201,-9],[2243,7],[1996,4],[4819,6],[3765,11],[666,1171],[36,-351],[343,-848]],[[293856,484720],[2,1909],[-2,2454],[2,3217],[-11,1409],[0,2748],[0,122],[-22,3304]],[[303526,511423],[-7163,-123],[1,-48],[-2274,421],[-135,-418],[23,-3804],[-74,-3590]],[[293904,503861],[-1288,544],[-1490,-217],[-2031,416],[-11,-902],[-4786,-89],[-1515,17],[-177,-3]],[[341439,548848],[616,-5],[-1,240],[0,260],[605,252],[-6,453],[1207,3],[0,946],[-1810,-13],[36,1873]],[[342086,552857],[3568,39],[-10,248],[1209,14],[901,-1],[1691,18],[2249,65],[-13,-282],[2378,8],[292,2],[245,1422],[1199,595],[-249,1539],[907,1217],[-906,511],[-199,1385],[1543,-855],[180,-61],[1276,-223],[522,-475],[51,-159],[2167,990],[734,708],[352,137],[47,1434],[1212,412]],[[363223,545487],[-1,-74],[-3,-194],[0,-23],[-48,-3701],[0,-31],[-37,-2764],[-13,-1034],[0,-28]],[[363121,537638],[-2598,-450],[-34,-286],[-1586,2],[-1817,-23],[-569,-68],[4,-855],[-2398,1],[13,-1889],[-2398,0],[2,-848]],[[337284,533999],[-40,3777],[-1,950],[-469,1710],[474,1113],[4223,-3],[-14,1882],[598,3],[-1,1877],[-1211,1],[5,1894],[591,324],[0,1321]],[[313288,511354],[3239,30],[6267,-379],[3561,-89],[3546,-631],[33,378],[410,-120],[2154,442]],[[334721,502180],[362,-1088],[-244,-1214]],[[293825,499883],[76,3809],[3,169]],[[360854,188527],[2468,72],[12447,-239],[472,-851],[3040,-3149],[530,-900],[-414,-788],[630,-610],[253,-796],[1329,-1032],[558,-1010],[-565,-1514],[461,-579],[770,288],[176,-558],[9929,-228],[202,-1222],[-84,-2513],[9473,-274],[490,15094],[9481,-231],[463,13424],[1047,-437],[281,-522],[-783,-960],[1329,-1125],[32,-692],[-1009,-664],[-4,-497],[756,-459],[48,-553],[4809,-144],[89,3578],[-194,1878],[279,333],[49,1686],[11831,-275],[222,7482]],[[431745,209540],[9496,-240],[-208,-7504]],[[337002,567988],[-3421,-863],[-3174,-345],[-1525,-431],[-3141,-1221],[-2021,-1249],[-984,-982],[0,-46],[-50,-13],[-1235,-1511],[-338,-627],[-779,-2162],[-398,-1880],[-543,-1980],[-184,-1811],[-375,-3783]],[[318834,549084],[-305,-2704],[-541,-3085],[-1267,-1796],[-1508,-11],[-295,-1],[-131,515],[-1680,-28],[0,-501]],[[318834,549084],[76,2],[1711,10],[14,-800],[266,-174],[810,47],[95,146],[-2,792],[935,8],[4041,54],[807,-17],[2498,16],[46,-52],[2298,1],[4814,-17],[3998,-13],[198,-239]],[[336979,533739],[-297,259],[-4231,-9],[-4064,-12],[-725,250],[-49,-502],[-638,360],[-566,-427],[-73,319],[-1545,-178],[-2001,-24],[-2,198],[-2413,-9],[-705,-1],[43,-161],[-575,-158],[-889,-151],[3,452],[-292,1],[-902,136],[-1467,-569],[-5,345],[-848,50],[-932,-3]],[[342086,552857],[8,610],[3,527],[-47,758],[5,1945],[3,890],[7,951],[390,1025],[-80,538],[-292,271],[-5,62],[-1,242],[288,-19],[-15,1466],[-283,4],[-3,219],[-5,1877],[-24,1495],[-21,2265]],[[544707,796438],[-180,-3753],[-7324,9],[-426,-1098],[2805,-2273],[-3329,-341],[-183,-1882],[-459,2],[-61,-1889],[-607,6],[-270,0],[-72,-3733]],[[534601,781486],[-4790,31],[-7358,97],[2160,-1687],[394,-1115],[1407,-584],[-1074,-1543],[-414,-8547],[-4556,35],[-32,-1888],[2381,-46],[-34,-3648],[-368,-570],[-1358,126],[-799,-588],[12,-1059],[-450,-652],[557,-542],[-269,-955],[509,58],[-562,-1754],[-1288,-8],[66,-1632],[-8087,122],[-273,7],[-9618,-159],[-5650,75],[-4329,-8064],[-703,633],[-1092,185],[-158,164],[-475,1019],[-1623,473],[-690,579],[-304,70],[-392,7],[-815,702],[-546,1452],[-673,-186],[118,-626],[-1386,-1097],[-2276,-5],[-361,1053],[-1774,-1],[1,-1714],[-825,294],[-5240,-169],[-5,1599],[-2381,6],[13,705],[-645,344],[-29,1297],[-1718,6],[8,1415],[-7181,57],[-19,1147],[-2425,668],[-5,769],[1401,1],[-43,5000],[-5530,-8],[-3,-3763],[-601,-220],[-5307,-194],[-2058,-388]],[[494891,560851],[-706,-1250],[0,-906],[-1703,5],[-1275,38],[-1648,-22],[-901,-1114],[-2376,-37],[-1196,-575],[-692,186],[-450,-261],[-85,-1590],[-462,4],[-1540,25],[-1393,519],[-640,-174],[-345,-449],[-759,-740],[-440,-138],[-806,-93],[-7,25],[-318,-161]],[[433210,575831],[-1227,780],[1,410],[138,2026]],[[535556,527326],[-191,-3763],[-41,1],[-469,16],[-2099,36],[-9428,238],[151,3870],[76,1828],[14,232],[70,1118],[-60,427],[-869,137],[527,1103],[-316,1948],[-625,707],[-1510,727],[-1155,988],[-769,-936],[269,1424],[-960,-714],[-625,171],[656,804],[-1156,998],[-388,845],[-913,-490],[-733,-1352],[79,-1419],[-427,920],[-1180,-644],[-1042,-1083],[-5758,193],[377,-326],[-1086,-424],[-1439,234],[27,508],[53,1090],[64,1331],[40,839],[395,87],[1302,89],[728,222],[1656,84],[3955,1291],[1278,1321],[673,18],[1464,833],[-91,889],[-1008,-342],[1340,1893],[-2282,760],[-648,551],[-1226,-152],[-816,591],[-2568,-64],[-885,287],[-672,690],[97,371],[1458,370],[-2033,644],[117,1682],[-559,1136],[839,704],[-1194,9],[-699,401],[123,3009],[-30,226],[-3237,794],[-2355,1053],[68,128],[1,79],[5,568],[-963,164],[-1916,993],[-2146,564]],[[689274,657924],[-10443,-3832],[-4234,-1783],[-1884,-1088],[974,-1092],[-55,-1265],[937,-1103],[2161,478],[512,-75],[2873,923],[3098,720],[4430,2199],[582,89],[806,-288],[2806,-1721],[2027,-1501],[1809,-1712],[1429,-2008],[155,-2385],[-596,-2306],[-2702,-2570],[-3867,-2801],[-3010,-1274],[-1129,-914],[-1498,-3770],[-223,-2827],[-1137,-1573]],[[683095,624445],[-2780,1868],[-3213,976],[-3155,493],[-3038,-253],[-2969,-794],[-3088,-1381]],[[664852,625354],[-281,3197],[-496,2235],[-612,1006],[-3108,3798],[-598,683],[-483,-367],[-7780,-187],[-537,847],[-41,939],[-2436,98],[43,239],[-319,7559],[0,1696],[-2470,1473],[-744,-42],[-16,2044],[-3828,54],[8,-739],[-2979,1921],[-613,502],[-1709,-481],[-595,-794],[-2891,674],[225,482],[-124,1204],[-372,789],[-198,1587],[-1215,1005],[-1563,1636],[-1082,656],[-951,166],[-1001,622],[177,528],[-73,2353],[-547,569],[1368,1460],[4339,6234]],[[862938,646667],[2555,-295],[5554,-793],[5741,103],[791,172],[-422,-6943],[7092,-19],[135,-97],[-423,-7445],[-190,-3215],[10997,-449],[140,-465],[2110,-188],[91,-1798],[4382,-320]],[[893595,574130],[-99,-1450],[-602,-422],[-1771,133],[-201,-2454],[-312,-7017],[-101,-1816],[-482,343],[-6916,260],[42,1114],[-1125,1031],[85,2798],[-1172,479],[-221,-3738],[-7228,-8],[-132,-1935],[-2405,-49],[337,5718],[-7154,82],[-386,390],[325,6769],[-424,375],[-1415,54],[-5345,83],[-521,-9398],[2391,-358],[-198,-3618],[-121,-119],[81,-833],[-159,-392],[-1327,1090],[-761,279],[-170,86],[-876,616],[-804,719],[-803,1789],[-622,-35],[-1598,1470],[317,690],[-698,633],[484,1238],[-622,655],[-1386,215],[-240,1069],[-531,271],[440,1437],[936,1167],[2024,413],[666,387],[565,1121],[1188,595],[590,10425],[-2365,52],[153,3744],[9684,-183],[161,3783],[-1235,-24],[38,1474],[-681,-7],[59,508],[-2210,-372],[-7901,-240],[-919,-147],[-5030,-2061],[-1815,1481],[279,133],[165,835],[251,6220],[90,2632],[9959,739],[-115,466],[1848,1637],[-1879,212],[677,15526],[183,1278],[197,5066],[-148,2067],[-775,130],[-929,319],[-2334,90],[-820,488],[-87,818],[-565,582],[-1250,20],[-912,773],[-528,981],[-1240,100],[53,3361],[-439,400],[5425,-45],[109,7530],[12646,-181]],[[733883,671340],[201,-166],[84,-3717],[41,-3732],[1721,142],[-554,-766],[3356,-1807],[-1,-162],[1347,-680],[-3376,-13533]],[[736702,646919],[-997,-811],[-1601,-1299],[-3306,-2665],[-1480,-1214],[-1056,-20],[-1473,-538],[-2490,-499],[-4506,417],[-3796,534],[-324,5],[-1033,21],[-2305,-326],[-1734,-868],[-1047,-730],[-1224,-514],[-348,-491],[-379,-1958],[-967,-596],[-535,-1870],[119,-4326],[887,-1976],[-3065,-2815],[-1092,-943]],[[702950,623437],[-4065,-2947],[-1461,-833],[-3027,-616],[-895,-44],[-2478,509],[-2866,1139],[-2904,1829],[-2159,1971]],[[593141,586045],[2181,-46],[-53,-1914],[2359,202],[2455,-41],[72,1558],[-2429,255],[56,1289],[2359,-73],[155,2441],[-775,22],[90,1919],[687,-12]],[[637286,501819],[-16851,532],[-1611,-66],[-449,-92],[-3,359],[-9783,332],[-1237,387],[95,1318],[-1010,35],[57,979],[959,-36],[184,3591],[1227,-24],[57,1117],[-86,312],[-2337,1455],[-2337,729],[-2613,20],[-2750,1438],[-966,143],[-3797,-26],[-4146,152],[490,8909],[-944,-707],[-2450,-273],[-1826,-991],[-1109,-18],[-981,-683],[-256,-6006],[-4810,150],[-115,-1856],[-3541,81],[-82,-1513],[-795,-2106],[-317,-94],[-231,-45],[-15,-1098],[-476,-4299],[-51,-223]],[[533699,675988],[72,3394],[1837,168],[2130,-48],[3273,375],[2483,859],[431,1469],[1473,311],[3077,179],[2515,2],[1786,-311],[3332,-2418],[1569,-2218],[484,-1210],[9,-1142],[-936,-152],[-300,-1339],[-1022,-1214],[-2417,-1859],[-1946,-880],[-1082,-1045],[5955,-155],[4040,-404],[8,3454],[2372,-43],[21,6648],[2567,-1063],[2351,-154],[-9,5746],[4161,-89],[2744,-748],[1017,166],[-26,-964],[-950,-747],[1811,58],[586,947],[827,-515],[-42,-839],[570,-249],[2398,581],[1256,-805],[1315,-332],[570,814],[33,1270],[628,-614],[1265,-366],[702,-623],[794,-91],[669,972],[579,-9],[-454,329],[-3282,120],[-955,520],[-2551,552],[-120,494],[-228,155],[-1801,65],[-1442,595],[-142,235],[3,2854],[1138,1816],[3722,5910],[75,292],[-18,203],[757,273],[140,1462],[885,-374],[1256,781],[860,1229],[578,83],[1273,-648],[777,349],[58,-573],[1612,673],[33,606],[1173,208],[-215,1179],[744,166],[1051,1283],[6210,73],[19,3035],[254,425],[7113,-11],[-79,-5715],[4120,994],[1542,592],[6357,1473],[184,2849]],[[619326,705307],[2863,-1646],[969,-154],[774,427],[2541,629],[-113,-1450],[78,-301],[43,-1591],[1578,-742],[4981,86],[-6,-1060],[3276,-2191]],[[664852,625354],[-752,-341],[-887,-533],[-686,-375],[-4171,-2498],[-3191,-2492],[-1347,-872],[-2893,-1454],[-2827,-1295],[-1281,-386],[-1728,-271],[-5439,-132],[-2901,115],[-3075,416],[-1331,257],[-2537,856],[-2463,1021],[-3397,1695],[-740,563]],[[533576,667728],[51,4621]],[[386531,400554],[4699,-181],[133,3802],[8402,-437],[1318,-68],[891,-53],[15,552],[1423,-73],[117,3203],[4582,-287],[-1,724],[2701,-1],[34,1217],[4851,-120],[-50,3168],[-2116,14],[52,5692],[6164,-289],[5202,132],[3167,-125],[703,-58]],[[483717,404429],[-1691,70],[-556,-639],[-114,-3236],[-8404,393],[-156,-3641],[-1815,-774],[-743,-1030],[-899,-671],[-1337,1351],[-222,-6472],[2488,-67],[-148,-1574],[-444,28],[22,-426],[1178,-405],[-860,-1104],[1153,-1290],[691,229],[762,-943],[-75,-835],[-705,-1259],[866,-1029],[654,145],[238,-726],[-253,-949],[-1025,-970],[1109,-1567],[-175,-915],[1838,-237],[-332,-1208],[-1214,453],[-2110,-3235],[-3663,1573],[-746,555],[-1026,171],[-229,-218],[-3394,2306],[-2236,1699],[-2288,3907],[30,-2785],[-415,-2170],[-159,-5644],[-2025,75],[-402,-12463],[-2563,77],[-1939,-1210],[-2737,370],[-2399,52]],[[624734,902128],[287,-1215],[2009,-442],[147,-1229],[2031,-51],[-18,-57],[-28,-1412],[-19,-318],[1,-3109],[-11,-1000]],[[570417,856407],[111,5680],[-9664,162],[-10,1741],[-1779,311],[113,980],[-596,906],[26,1317],[-4535,414],[66,5742],[115,5701],[-12092,128],[265,3144],[-184,2519],[-2363,24],[6,1860],[-2822,32],[-4575,32],[-343,2199],[1,1138],[-2036,14],[1,483],[-5220,50],[-9,-1914],[-2066,5],[-24,-1876],[-9245,-36],[-1530,345],[-3803,71]],[[508225,887579],[-8,15025],[214,214],[-5087,4],[-113,7533],[-1,33],[-195,15079],[7425,24],[-1107,688],[-285,954],[894,46],[-152,748],[899,934],[726,-625],[1210,435],[834,110],[270,242],[-321,844],[126,159],[189,391],[-503,865],[-576,381],[-93,345],[-1243,457],[-221,608],[-716,-40],[230,402],[-1774,830],[235,282],[-2167,744],[-1408,1456],[-2699,128],[-246,18629],[7193,-42],[356,1377],[1126,154],[58,597],[-651,2219],[-1348,1514],[-882,1734],[-5780,58],[-64,7584],[9744,-147],[-16,7567],[10264,-26],[74,-1],[-15,2922],[1185,-314],[1317,1000],[443,1069],[1160,992],[595,-243],[-522,789],[-1637,231],[-247,568],[-2318,613],[5287,-37],[-21,1805],[13608,-93],[582,894],[63,9246],[2140,173],[2564,569],[59,28],[4616,-31],[213,1498],[161,228],[9587,-95],[-80,-5646],[7340,-52],[3,-1305],[1365,-530],[1076,1],[5,-7377],[-7,-7659],[7043,-307],[-2229,-3403],[-1847,-6130],[-2464,-4170],[753,-611],[2115,-272],[3013,6803],[560,-260],[996,294],[1096,-707],[877,-647],[2,1575],[808,-23],[-437,-1512],[652,-477],[214,-979],[1726,-1156],[2185,-512],[1096,-721],[1221,-312],[960,261],[219,-578],[929,-241],[-1,5941],[15247,-413],[1103,1648],[1323,1423],[55,604],[1578,-35],[4913,-129],[-66,-10611],[-302,-641],[-4512,104],[-34,-7514],[427,-11],[-12,-6156],[-732,-544],[-1842,59],[-280,-700],[301,-1497],[-344,-863],[-1044,-1171],[-2038,-1161],[-1000,28],[396,-804],[565,-551],[-489,-754],[87,-868],[6423,-304],[5,-7496],[1101,-39],[1037,-1208],[865,-390],[1199,-1614],[-332,-478],[113,-1376],[419,-812],[-318,-781],[318,-963],[-459,-1540],[692,-419],[-595,-798],[352,-885],[-1984,103],[-3392,-111],[-1531,668],[-43,-3609],[923,-722],[1100,-177],[376,-496],[-39,-6268],[-191,-568],[1768,-64],[-30,-1482],[-289,-261],[433,-944],[1347,-10],[37,-1078],[721,-1243],[-51,-763],[1786,134],[2285,-719],[1656,-2140],[780,120],[593,-476],[759,132],[-177,1076],[997,642],[-501,942],[1307,-494],[764,502],[565,-98]],[[735275,548103],[40367,-1553],[-118,-3143],[-387,-480],[-1822,-406],[-280,-441],[30,-11145],[80,462],[1865,234],[1458,-1124],[2791,1232],[1338,100],[556,-252],[-494,-2523],[-1051,-1636],[2595,-85],[-356,-11383],[1019,-1703],[847,-823],[639,-1403],[-2657,106],[-9626,383],[191,3857],[-11701,385],[335,5071],[1152,1971],[1609,2293],[1875,762],[807,716],[-513,286],[-2601,160],[-4524,95],[181,4848],[-2109,-218],[-895,1565],[-1305,402],[-1156,30],[-302,631],[163,1138],[-546,1539],[-1455,214],[-739,818],[-91,594],[4209,-119],[162,2649],[-494,330],[210,4487],[-1551,-281],[-2322,114],[-2493,488],[-11310,397],[-1639,-491],[58,852]],[[727305,589898],[804,-115],[23,-214],[9031,-185],[20117,-717],[837,1625],[1081,721],[-495,596],[527,925],[-488,698],[739,394],[-375,450],[1471,654],[1289,91],[367,522],[1890,919],[798,-447],[1111,718],[-20,-686]],[[766012,595847],[-219,-4420],[-81,-1858],[-39,-720],[99,-532],[545,-3096],[-376,-757],[1521,40],[18293,-547],[4819,-31],[349,35],[259,86],[151,-114],[272,-1040],[668,-369],[114,-2529],[1421,-16],[-301,-3757],[-1646,15],[-606,-242],[-116,-3471],[-2445,65],[-184,-4325],[-539,-388],[-1817,-245],[-462,-10085],[-5454,317],[-877,293],[-1364,-395],[-1838,45],[-460,-7592],[-222,-1003],[141,-1958],[-1227,-486],[-16551,644],[-1591,431],[-1668,153],[118,2887],[162,3787],[-14328,517],[438,9864],[-4815,221],[-39,2402],[-986,2724],[96,1936],[-598,833],[-588,1411],[-99,1338],[312,1322],[849,1325],[1965,5889],[34,1036],[-9688,326]],[[727414,585813],[100,3776],[-218,8],[9,301]],[[534601,781486],[4816,-22],[-37,-5562],[-174,-1997],[440,-12],[-204,-11363],[123,-3],[-31,-6457],[-8,-1483],[-2,-494],[-180,-2850],[166,-2],[8931,-115],[471,9],[41,5317],[1109,906],[1142,300],[206,-2690],[2203,-115],[208,-1466],[1161,-709],[342,-881]],[[555324,751797],[-1204,-401],[-229,-282],[-41,-48],[-996,-844],[-447,156],[-1081,-1211],[29,-603],[-1048,-807],[-1160,-251],[-89,-1825],[-653,-514],[-364,-2077],[-1154,-6],[-405,-826],[-1271,432],[-431,-379],[410,-416],[-624,-428],[-2358,-68],[-586,300],[-990,127],[-1202,-378],[-1028,-405],[-1559,146],[168,1305],[714,1055],[-442,510],[750,639],[-762,632],[-4975,1879],[-3282,-7357],[-8854,33],[-356,-7526],[-6,-2826],[-3735,-941],[-5679,-118],[-4,-939],[-34,0],[201,-1923],[483,-627],[-758,-163],[44,-3737],[84,-6579],[-152,-832]],[[594867,825104],[614,-128],[-103,-1359],[2136,-819],[-951,-1484],[894,-890],[-301,-1327],[931,4],[62,-782],[29102,-145],[136,-1],[2508,-33],[-23,-3480],[2499,-36],[-35,-1881],[2427,-37],[-25,-1881],[-3972,59],[-64,-1908],[1562,-28],[-72,-3821],[2421,-47],[-145,-5675],[731,-8],[92,-3095],[-1675,67],[-426,-1259],[-793,-475],[1083,-416],[473,-1295],[-701,-155],[-2076,724],[-426,-451],[427,-962],[-1144,831],[-1998,-1],[-769,302],[13,2477],[-2644,22],[88,-3679],[2401,-3677],[-43,-4284],[2469,22],[420,0],[860,1],[11,-699],[-1590,-97],[-2903,-734],[-1027,-498],[248,-503],[10,-865],[723,-655],[-854,-868],[565,-772],[991,-451],[-716,-202],[-1265,-1070],[107,-404],[1007,-296],[594,-666],[1937,-759],[1403,-1497]],[[630071,773058],[-3170,102],[-94,-7543],[3362,298],[1748,1281],[2890,28],[2936,-209],[838,137],[639,-413],[899,95],[808,-701],[-122,-487],[-854,-630],[214,-1545],[640,-166],[1083,-1010],[91,-974],[-289,-962],[1570,84],[197,-844],[1098,-618],[503,83],[-183,1189],[717,688],[411,-926],[700,249],[31,856],[489,-9],[-79,-3473],[-2333,-72],[-915,-719],[-955,31],[-845,-796],[-1018,-138],[-1521,-2053],[-161,-118],[-105,-18],[-440,-17],[-188,13],[-486,129],[-628,121],[19,3745],[-10855,-47],[-108,-7225],[-10,110],[-13929,-292],[-954,290],[-588,-710],[-2499,180],[-1311,-558],[-162,-544],[30,-1601],[47,-2550],[-2788,-54],[-36,-1672],[-1874,14],[-780,-427],[607,-2186],[10,-1035],[-4826,-43],[-31,-3713],[-5765,37],[-1347,-24],[-1868,-1612],[-686,-374]],[[587845,733710],[-62,1039],[-473,946],[-4333,21],[241,919],[-171,362],[1020,891],[802,-697],[844,1013],[-476,2301],[838,2697],[-622,83],[-231,-88],[-2587,24],[214,796],[-1709,706],[-396,677],[198,832],[-1082,653],[-2224,-546],[-1950,926],[-777,737],[-229,819],[-1006,831],[168,832],[-506,341],[-5122,102],[-33,-404],[37,-405],[-33,-841],[4109,-18],[-23,-3492],[-2719,18],[-1501,-367],[85,1854],[-324,12],[-1495,896],[-156,110],[-446,-281],[14,1014],[29,2049],[-9593,37],[-841,688]],[[542252,517077],[-45,-1169],[-4646,115],[-3,-65],[-2505,71],[-38,1],[-1145,54],[-2264,-3],[-3865,106],[-7973,215],[-3164,100],[76,1854],[-780,20],[221,5684],[-1215,43],[115,695],[-1169,3075],[-2118,186],[22,1785],[-2242,75],[-75,-1800],[-3764,119],[-738,1460],[-677,-70],[-83,-1344],[-246,-4717],[-3609,1593],[-329,0],[-2002,-576],[-5432,121],[-580,-330],[-191,-1675],[-162,-5536],[-779,25],[-165,2],[-1533,41],[-134,7],[-6999,175],[-1779,46],[-618,-42],[109,1953],[-2349,67],[521,3959]],[[477900,523397],[43,891],[234,4632],[-1506,41],[-887,2216],[102,1627],[301,-18],[505,2725],[5,999],[-397,30],[0,14],[-154,5160],[0,552]],[[736702,646919],[5116,4155],[796,502],[821,462],[5600,2499],[3004,1103],[3339,865],[1286,212],[3272,269],[5763,-109],[2490,-187],[2923,-645],[3924,-1411],[4338,-1903],[1418,-1072],[2724,-1154],[3104,-1014],[2119,-426],[1334,-10],[1698,199],[2287,575],[2718,1091],[4379,1482],[979,199],[6438,1280],[3639,88],[5220,-633],[3079,-695],[1883,-364],[4151,-70],[1757,329],[4005,1469],[805,-1213],[-40,-142],[1575,-714],[1177,-912],[1767,-250],[621,-545],[37,-2133],[296,-566],[-1850,-2],[-1600,-316],[63,-1921],[-1220,-113],[-4264,-1064],[-251,-9342],[270,-358],[463,-458],[4,-1898],[-17684,279],[-371,-1230],[-1399,-871],[-6,-884],[-1414,-662],[351,-1169],[-273,-454],[-1386,285],[-342,-785],[-899,-596],[-317,-594],[1327,33],[604,-495],[519,-1176],[-1425,635],[-723,-128],[-236,-1438],[-1342,89],[-43,-1653],[-6052,150],[-1444,-2913],[-165,-6301],[-11146,3439],[-860,411],[-214,-4873],[-1312,-535],[-995,-74],[-119,-95],[-216,-6530],[-12085,-266],[-78,-2080],[-2050,-238],[-254,-5521],[-2038,56],[-60,-27]],[[727305,589898],[-416,-26],[-549,394],[-142,-63],[-597,514],[-95,425],[-306,-26],[-411,-259],[-113,270],[146,248],[293,130],[-858,740],[-550,-357],[-65,-10],[-73,-52],[-91,-133],[-14,-86],[7,-143],[83,-160],[89,-90],[-485,-237],[-946,-185],[-286,1810],[489,331],[887,-759],[329,220],[-422,1026],[30,1081],[-834,-2],[-1274,2023],[60,942],[-714,1013],[-1122,608],[-1774,230],[-1140,432],[310,556],[1115,296],[-197,627],[-1052,-359],[-285,217],[132,733],[-463,257],[-506,-534],[-1760,642],[-688,-100],[-1759,1281],[-502,342],[-557,1019],[-1585,-67],[47,785],[-1318,778],[-1231,1141],[-853,25],[-612,759],[852,1175],[-18,499],[1191,-109],[413,516],[1039,136],[-655,1422],[736,-16],[175,1049],[1139,133],[457,437],[-954,331],[410,1353],[-823,374],[798,1154],[-1395,-450],[-415,831],[-785,560],[760,444],[-1603,424],[132,764],[-887,219],[-629,-304],[-181,-957],[-853,161],[-123,627],[519,922],[-806,1047],[477,1400],[-105,485],[-593,665]],[[121113,120803],[44,-7483],[-23,-7337],[-30,-29942],[-154,-288],[-418,-30207]],[[120532,45546],[-10964,27],[-500,-773],[1984,-933],[465,-737],[748,13],[1143,-753],[-74,-543],[-2402,17],[-47,-2538],[-1127,-671],[-671,-793],[-1992,-1352],[-1434,-588],[-1166,-58],[-401,531],[-918,-166],[-1784,-1346],[54,313],[-124,914],[205,9555],[-3645,25],[-1150,-3664],[-23,-3923],[-1882,-25],[-2921,-353],[-895,384],[-3919,-14],[309,2068],[-258,400],[90,5105],[-14042,-108],[-1616,-2111],[-386,-1656],[-244,-2],[621,-1881],[-177,-751],[-3861,-17],[5,-1125],[-1712,-8],[-11886,7],[-131,-7533],[-9483,45],[126,7533],[-9488,46],[142,7527],[-19426,79],[14,7501],[9473,20],[-27,7545],[-9427,-25],[-57,7120],[-1910,620],[-478,623],[-832,-160],[-1161,-2177],[-713,-314],[-944,694],[-1927,-316],[-1401,150],[-116,5299],[126,3703],[93,7558],[2315,-14],[7059,-17],[9508,-91],[84,7560],[10168,68],[9589,-23],[163,7546],[4785,-22],[271,14965],[4775,44],[171,7497],[21960,2],[696,-746],[376,-965],[1063,-169],[4552,23],[83,5664],[8949,-119],[-64,-5660],[14061,-118],[136,1862],[14025,-38]],[[376453,565206],[1951,-38],[110,1032],[-794,23],[38,644],[6,112],[642,-82],[-522,1248],[-15,913],[-1198,41],[22,369],[397,923],[-331,301],[13,214],[305,-75],[49,767],[429,2230],[-572,579],[749,-28]],[[385597,551799],[-1746,75],[-363,14],[-824,33],[-2118,83],[-1205,55],[-33,-631],[-1184,59],[-1086,162],[-1303,-76]],[[363586,573350],[7,532],[14,1007]],[[208088,608627],[-39,-3279],[-4783,42],[-35,-3802],[-460,6],[-642,-1542],[497,-1153],[-87,-491],[567,-832],[913,-589],[-701,-1027],[176,-507],[-726,-1379],[-637,-30],[-87,-837],[670,-1906],[-1297,-406],[-3258,-1482],[-1951,-481],[-6003,-494],[-2949,-405],[-8099,-1575],[0,-58],[-9600,-2112]],[[375417,545169],[-19,-449],[-39,2],[-41,-951],[-40,-938],[-92,-1888],[389,-236],[-182,-1664],[-336,-719],[-54,-1146],[-176,-3737],[315,-102],[-87,-1816],[-317,14],[-137,-2813],[97,-234],[-33,-744],[-106,3],[-89,-1845],[-9,-410],[-72,-1031],[2422,-76],[-114,-2354],[-965,44],[-261,286],[-500,165],[-502,225],[-145,17],[-34,-719],[-335,-1440],[-22,-343],[222,-949],[50,-951],[-144,-233],[-48,-1798],[-75,-1736],[2343,-310],[-4,-113],[-2374,101],[-66,-1555],[1004,-44],[-704,-574],[-305,-1594],[-22,-352],[-257,-3365],[-83,-1088],[1800,-520],[-83,-902],[-1804,121],[-38,-604],[900,-324],[-73,-579],[-76,-246],[-878,0],[159,-251],[-180,-1299],[-309,-438]],[[363279,512339],[0,1],[0,11],[26,126],[32,148],[-139,1354],[0,1039],[0,33],[-19,3766],[-19,3840],[0,5],[-28,5591],[-16,3328],[-3,410],[-10,2089],[-8,1600],[17,1322],[9,636]],[[360154,52694],[-22908,92],[30,-7489],[-14280,65],[-9,7442],[-4853,11],[2,-3140],[-499,-1909],[-562,-323],[-8282,24],[55,5397],[-9543,-22],[-8,-4739],[188,-569],[-314,-2126],[-4626,-71],[-4864,-82],[137,2240],[-9490,35],[-8,5372],[-8117,32],[-1470,-63],[-517,-716],[1076,-457],[-778,-1070],[-608,-1406],[18,-747],[-727,-351],[162,-537],[-8177,-46],[21,5354],[-9314,9],[33,7544],[9259,3],[74,7506],[9506,-11],[-83,15082],[4661,-14],[90,1711],[4784,161],[-69,5661],[4554,-5],[4946,-31]],[[393768,638456],[-28,-3516],[-129,-1627],[77,-1728],[49,-418],[641,-662],[-795,-147],[-110,76],[920,-1233],[517,-1070],[14,-373],[-170,2],[-1154,29],[-14,-1857],[596,-1091],[63,-784],[-3,-257],[-326,-2455],[3250,342],[812,232],[359,145],[2042,1077],[1085,-2267]],[[401464,620874],[-857,-499],[-1814,-1165],[-3565,-4361],[-1777,-1769],[-2779,-1800],[-1738,-867],[-3310,-1193],[-558,-109],[-116,-51],[-6611,-2946],[-100,-57]],[[363601,604020],[-483,2337],[1320,2211],[2738,3270],[4082,3842],[1361,1597],[767,5654],[-1161,2542],[-2775,1525],[-2945,986]],[[127055,175308],[9291,39],[249,-7580],[18959,1],[121,-7572],[1571,-3],[10,-9270],[158,26],[4272,-2],[1263,59],[2023,525],[1524,852],[289,821],[12,6001],[-805,988],[9176,-10],[1193,-171],[2425,-727],[464,91],[974,-842],[1019,436],[1004,-758],[483,1229],[1042,-392],[708,-641],[1284,-374],[1403,-960],[1142,473],[448,-199],[102,-865],[1319,338],[600,-347],[1063,230],[616,-743],[1196,-443],[-45,-472],[1389,-1170],[418,1114],[-1022,107],[-195,514],[1418,-101],[730,-837],[999,-207],[8246,138],[1484,-220],[2435,134],[0,708],[4353,-269],[47,2444],[1864,-221],[1081,405],[55,-733],[1521,267],[203,-1098],[1095,28],[964,-1051],[2483,-43],[1106,179],[1567,-185],[2515,28],[74,5161],[-1484,33],[53,3635],[4764,13],[638,81],[4919,-95],[1454,-1320],[1462,-155],[1163,1242],[676,229],[8929,-77]],[[256459,156823],[1053,-1582],[1148,-860],[-174,-1618],[-1326,-2169],[-1743,-1104],[-993,-312],[-2188,-1146],[-402,1119],[-714,-688],[-785,-189],[593,819],[-88,918],[-448,96],[-651,-716],[-967,58],[-196,1416],[-954,187],[419,-930],[-620,-856],[-1292,16],[-92,-781],[320,-885],[-252,-696],[-1526,153],[-1465,1014],[-453,1126],[-598,-434],[-1447,227],[-1015,-1122],[-44,-476],[-767,39],[-877,-394],[908,-826],[-956,-176],[-1165,-993],[1836,-724],[-118,-463],[-1142,-446],[-253,444],[-3683,-635],[-886,118],[-4360,-6],[-131,-3782],[-14144,0],[-9554,-38],[7,-15085],[-13600,-11],[-555,-1777],[-2106,-9],[-1945,-303],[-385,-321],[-5,-933],[-540,-368],[-8926,26],[17,-7536]],[[176229,113209],[-9518,44],[-40,-7500],[-9468,18],[4,7526],[-9243,25],[-130,-1021],[-1035,-1020],[-1395,76],[-828,-501],[604,-1388],[-1045,-1817],[-487,-40],[-1132,-986],[-516,-804],[-11398,115],[-55,9277],[5082,5660],[-14516,-70]],[[121113,120803],[293,15071],[435,20679],[-60,3731],[-3923,3],[-267,89],[-64,7473],[-4800,12],[-98,7551],[14426,-104]],[[434970,496119],[236,3988],[5491,-182]],[[440697,499925],[-315,-4379],[2713,-87],[66,818],[1002,17],[-144,-854],[25,-548],[-93,-279],[5,-377],[20,-1570],[1046,-350],[343,3],[59,-19],[553,-7],[2824,38],[28,-1571],[-154,-345],[-135,-1819],[2476,-101],[11962,-398],[8116,-298],[1406,46],[9679,-388],[-53,-568],[2008,-259],[394,718],[1560,-68],[2422,-78],[1428,-1840],[-115,-2478],[570,-456],[2034,-71],[157,940],[-958,2056],[133,2375],[1540,-106],[-97,-1163],[4071,-136],[135,2967],[4131,-24]],[[501539,489266],[-760,-13708]],[[500779,475558],[-3429,103],[-169,6],[-6024,175],[-14,-380],[-391,-7130],[-177,-2955],[-210,-4561],[-7249,209],[-74,-1491],[-61,-1335],[82,-663],[272,-758],[1041,-1926],[224,-659],[153,-949]],[[454618,461861],[382,7491],[12,65],[389,7572],[-1394,49],[-1362,0],[2,263],[-4544,162],[-12,-284],[-9772,361],[8,286],[81,1625],[-4416,169],[367,6140],[415,7065],[2683,-118],[-1281,1050],[-969,-520],[690,858],[-964,1412],[37,612]],[[131700,535843],[3306,-2121],[3074,-1510],[1672,-504],[1187,25],[1695,356],[2347,1070],[1224,840],[995,1190],[901,1688],[173,1622],[277,520],[-1243,2128],[728,1822],[1456,1961],[4009,641],[1357,-27],[4036,-974],[4039,-1669],[1157,-349],[3049,-497],[3768,-872],[1430,-797],[1487,-1556],[1608,-1393],[3472,-1583],[4307,-88],[754,211],[3518,953],[2008,1130],[1983,1865],[840,2429],[1937,1460],[1679,1887],[1027,441],[1272,42]],[[198229,546184],[2131,308],[1784,-568],[1474,-1395],[413,-1013],[-25,-905],[-752,-1213],[-602,-497],[-1008,-1632],[-457,-1523],[459,-762],[741,-402],[998,387],[1910,1140],[2599,2552]],[[207894,540661],[-12,-743],[-50,-399]],[[169262,508995],[-759,1331],[-3674,25],[-9,7385],[-265,452],[-470,-1522],[-769,-805],[-1470,-664],[-1612,-110],[-59,2],[-2592,-8],[-16367,170],[-6,1040],[2257,1157],[1896,1705],[1748,2366],[2116,1839],[1534,809],[-11,2303],[-4228,-65],[-4168,111],[79,3760],[-491,-16],[37,983],[-1943,-493],[-5026,-2201],[-3417,-1040],[107,8334]],[[953163,628527],[-9708,303],[-398,-7520]],[[862938,646667],[168,3727],[-7437,204],[-618,505],[-1816,397],[-169,1086],[-1178,18],[-24,1781],[-6065,-6],[-93,1077],[2505,-23],[-62,1050],[2805,-27],[212,3685],[2649,-34],[213,8825],[989,1312],[-711,2347],[1908,1290],[1679,106],[1957,-1221],[1750,-245],[1429,994],[2171,-69],[2576,-925],[1569,-1156],[2083,-141],[5634,-193],[3621,-632],[632,-238],[4778,632],[3085,-204],[2591,-643],[721,-761],[1554,-652],[1270,-817],[2080,-1909],[725,-371],[1928,-1629],[630,-743],[997,-2425],[1335,-1289],[1561,-526],[4465,-1033],[3865,-652],[3554,-56],[3893,-341],[7009,152],[5283,738],[2906,672],[800,783],[3462,2049],[1383,1472],[723,1339],[677,2588],[-536,2325],[-1334,3739],[-1056,2325],[-1000,2968],[-515,2829],[-543,1924],[-47,1750],[-5,913],[488,2823],[1053,2705],[683,1178],[1099,1146],[2110,1876],[933,664],[2968,1364],[527,68],[-1378,-22209],[-54,-2529],[-528,-6696],[-407,-923],[317,-809],[-222,-4476],[4821,672],[1567,-105],[808,-373],[242,-433],[-450,-1184],[-2201,-1922],[-515,-5633],[-2333,76],[-46,-3586],[323,-3007],[1357,-346],[-37,-3584],[846,-218],[-38,-1383],[1035,663],[1524,260],[2639,-59],[1776,131],[1680,468],[-1176,-1734],[-2264,-2105],[-1086,36],[-452,-7597]],[[193510,235554],[-80,7529],[13,7539],[9526,-29],[-28,7559],[9562,-141]],[[212503,258011],[-74,-7551],[23950,-54],[9578,80],[-66,5484],[17510,240],[252,147],[1523,1779],[44,1117],[900,-996],[1350,-3700],[81,1]],[[203172,200585],[-58,12308],[-9511,41],[-46,7528],[-2474,7],[-81,7514],[12051,13],[-63,7526],[-9303,6],[-177,26]],[[727414,585813],[-7139,246],[-174,-3747],[-4971,159],[-1954,206],[-212,1644],[-3317,164],[-468,306],[35,1628],[-8039,297],[-595,-48],[-2049,-742],[-1703,-1413],[-982,-561],[-1277,-250],[-4814,-326],[-2463,71],[-10825,248],[-20,876],[917,-2],[214,505],[-1047,379],[88,1860],[-792,702],[617,342],[-67,643],[1167,568],[1387,204],[465,1123],[-681,721],[648,791],[-459,407],[-1259,-1235],[-946,516],[-655,995],[-1019,64],[-1624,-235],[41,-692],[-891,446],[-4429,3],[-1975,730],[-244,-1116],[191,-1520],[-287,-2960],[-4812,69]],[[183285,812701],[4865,174],[288,1719],[23613,99],[5022,-34],[69,6904],[4829,-33],[4690,-32]],[[226661,821498],[8,-2952],[500,-863],[904,-317],[-67,-757],[911,-585],[1091,-1189],[5288,-61],[315,-1475],[786,514],[1727,488],[819,486],[1757,39],[46,-9],[9690,220],[2,-3673],[4794,-15],[-31,-7551],[4132,52],[2491,-295]],[[222051,737411],[1174,2762],[-100,2117],[-490,1194],[-387,944],[-1021,1497],[-948,1389],[-121,178],[-2039,1366],[-1484,458],[-523,42],[-757,61],[-339,27],[-74,-8],[-3462,-390],[-4007,-2042],[-3244,-1306],[-930,-327],[-808,-283],[-2007,-354],[-5446,547],[-1812,512],[-538,302]],[[176855,762689],[-2120,1366],[-1887,2594],[-1133,4953],[-235,304]],[[171480,771906],[3389,1903],[1553,191],[188,6396],[-75,1348],[1341,1054],[-5752,5253],[-3145,3176],[86,55],[-1235,1364],[-2676,3225],[-1605,1934],[30,5699],[10087,-70],[33,3675],[4809,-8],[236,3316],[-268,502],[4878,-109],[-90,577],[21,1314]],[[167071,35119],[-99,2786],[9558,-78],[-103,7648],[9738,-237],[9125,34],[9272,188],[9183,-130],[178,18682],[9684,183],[-336,-11319],[5855,-4]],[[229126,52872],[1977,-1395],[-256,-1278],[769,-230],[1121,-904],[554,863],[708,-273],[253,-1192],[-398,-1213],[1785,103],[514,-451],[-1042,-741],[762,-818],[901,-569],[816,295],[1610,-1198],[-537,-504],[968,-391],[1051,364],[640,-1148],[839,366],[282,-498],[1883,-357],[421,-502],[1034,1306],[528,-345],[788,1215],[390,-769],[935,73],[217,-889],[1471,-1362],[667,401],[141,-1207],[1001,215],[983,-322],[56,-422],[1562,325],[1262,472],[-447,905],[88,843],[645,218],[889,-978],[1143,161],[211,-865],[922,-36],[-384,-580],[784,-1181],[1574,-974],[536,-633],[1563,-472],[859,-958],[200,-1055],[704,784],[1093,-1056],[27,-364],[-1127,-492],[-2757,103],[-627,-160],[-537,-950],[185,-706],[54,-8683],[-335,-7349],[-9146,-161],[-2387,-15],[-1149,-540],[-1161,-14509],[-23705,-16],[-3686,-1],[-164,-36],[-399,-117],[-141,-19],[-125,27],[-322,129],[-9402,35],[-283,12987],[-2642,-18],[-1929,263],[-417,268],[506,744],[18,688],[1711,601],[-2038,1506],[120,926],[-542,758],[-1252,-737],[-1012,120],[-1700,1017],[-1881,227],[-410,-860],[-1126,-18],[-608,-691],[-462,216],[-5,-209],[-987,-380],[-769,1054],[-3313,335],[-910,92],[-137,-714],[-885,-422],[-180,-818],[-832,-7],[-175,1081],[-723,359],[-1024,41],[-1582,777],[-879,145],[-677,-339],[-650,252],[-1517,-186],[-665,471],[-85,-593],[-1044,-442],[313,-1079],[-688,-49],[40,-817],[-711,-1225],[-851,280],[-506,-987],[-795,199],[-54,1013],[-648,-471],[-261,463],[-1920,84],[346,-899],[-639,-383],[-819,775],[-187,-1033],[-1230,88],[-827,-254],[-1571,1453],[-663,-433],[-622,851],[38,628],[962,602],[21,5308],[14171,-53],[386,1341],[-3,2387],[-14573,79],[90,8566]],[[293978,434337],[-58,5095],[4825,-3],[4811,-10],[-43,3789],[4237,-12]],[[362650,416732],[-105,-5320],[-30,-903],[-22,-1103],[-5,-246],[-150,-7406]],[[362129,391444],[-2020,-1786],[-510,199],[-1375,-1913],[1,-764],[-796,-640],[-25164,2],[211,768],[21,6182],[-4465,-40],[-59,-5587],[-299,-1010],[-2442,-3958],[-482,-1356],[-593,-3045],[-1419,-2],[-9,-3844],[-18510,294],[36,3821],[-42,5686],[-697,-527],[-1598,60],[-2071,-1345],[-2469,-77],[-1525,225],[-1226,-91]],[[375461,499076],[50,771],[394,-22],[-22,-246],[2122,-907],[67,-146],[695,181],[797,1113],[292,4],[367,-1340],[2328,-103],[488,-82],[530,548],[503,-10],[704,-155],[2875,-35]],[[387817,476010],[-2049,9],[-634,-8530],[567,-250],[-179,-2468]],[[385522,464771],[-10538,504],[-130,5]],[[337180,673278],[-29,-3717],[-149,-10],[-9,-2619],[203,-801],[-213,-369],[-31,-2587],[-149,-720],[-160,-223],[-20,-28],[-135,-187],[494,-779],[-153,-7],[-36,-2915],[-14,-2093],[-1227,101],[-716,-1710],[-576,3],[-4,-138],[-2,-50],[2576,-25],[2,-3042],[-86,-8366],[-52,-2279],[18,-1714],[-22,-257],[677,-240]],[[336715,635655],[-2291,2452],[-2738,1506],[-5787,1194],[-3564,-415],[-4613,-2518],[-86,-47],[-9198,-4236],[-4908,-727],[-6664,104],[-2784,518]],[[409814,552978],[1093,65]],[[418118,539159],[-70,-649],[-183,-600],[-541,-916],[-1066,-1012],[-2041,928],[-1298,366],[-52,21],[-482,204],[-3821,176],[10,-190],[-629,-1295],[645,-1763],[-282,-2397],[-1066,33],[135,-870],[909,229],[-50,-1337],[-15,-374],[-71,-1482],[603,-24],[-5055,-7360]],[[389439,521248],[-331,1200],[-475,280],[-784,376],[-1526,308],[-474,3076],[428,899],[73,104],[-1217,424],[-4,379],[-122,223],[-208,182],[-1056,492],[1271,5],[-433,1932],[-311,409],[39,762],[11,223],[117,1419],[344,1898],[-1,788],[356,-15],[8,155],[-415,16],[154,3221],[280,522],[-254,11],[-190,8],[48,945],[55,1083],[47,1024],[190,-2],[126,267],[63,193],[-358,16],[10,225],[267,3302],[-76,469],[-1092,1308],[392,-4],[-279,517],[-151,880],[680,-1113],[1120,-334],[71,1541],[590,-26]],[[476695,895271],[91,3615],[6133,69],[1015,687],[-19,-4471],[9651,99],[4925,1],[-102,-7596],[4882,-10],[4954,-86]],[[361260,327203],[0,-50],[-8,-15],[-142,-1851],[4,-5716],[6,-8160],[-59,-986],[-1,-161],[0,-11],[-4,-472],[-89,-13581],[-6,-913],[-42,-6445],[-36,-5454],[-14,-2072],[0,-106],[-43,-3778],[16,-629],[-88,-2882],[0,-17],[-10,-1419],[-98,-14622]],[[308458,265881],[9581,-153],[35,7525],[37,15029],[-4695,219],[-83,7323],[204,15092],[-4815,39],[79,7546],[53,7573],[-9677,2],[17,3806],[-4787,53],[-13,3879],[-4896,-18],[9,3507],[1586,5],[-757,2281],[856,144],[89,242],[-1623,-75],[-1032,675],[-5757,326],[-2805,-9],[-16,7526],[4653,-23],[20,6443],[865,735],[-368,1297],[1605,-252],[402,575],[1003,452],[-11,805],[-1354,1848],[-114,462],[1034,1234],[-845,1519],[341,649],[1343,186],[896,-517],[916,495],[743,-19],[-209,-878],[1159,-600],[380,726],[859,-558],[739,437],[1325,36],[59,675],[-1141,556],[567,1783],[940,-950],[939,-460],[983,524],[272,-802],[1303,-499],[82,6904],[-12013,17],[18,7643],[-2682,25]],[[407756,520697],[53,-2],[40,820],[579,70],[-17,-288],[599,313],[-43,-959],[3272,-137],[2718,-104],[4505,-213],[2674,-114],[39,935],[1119,-26],[1338,-984],[816,-25],[1764,-72],[2141,-88],[941,-42],[1477,-67],[4805,-218],[27,553],[1295,-62],[38,871],[1094,292],[429,-165],[143,-1377],[507,-21],[61,5],[544,-15],[342,963],[3136,-161],[69,1450],[4661,-154],[-203,-560],[-166,-2119],[1289,-123],[582,-203],[106,-50],[-277,-3516]],[[450253,515104],[-4281,79],[-97,-1928],[-36,-591],[-32,-544],[-5,-64],[-17,-340],[-263,-3936],[-489,-67],[-231,-2974],[-176,-2018],[-169,-1933],[61,-756],[-3780,150],[-41,-257]],[[434970,496119],[-1150,-378],[-5659,1347],[-862,-323],[-2499,-2622]],[[461587,537205],[-292,-7534],[-3496,55],[-13,-3165],[-855,-56],[438,-440],[-183,-93],[-386,-1661],[-770,-943],[-71,-755],[1322,-2482],[14,-1743],[2245,336],[-191,-2343],[-2190,339],[-47,-713],[2122,-383],[39,-240],[-842,-673]],[[458431,514711],[-2812,143],[-1428,68],[-3471,163],[-467,19]],[[410403,572878],[8,199],[65,1248],[27,1853],[-1797,75],[43,849],[1771,693],[425,-738],[1446,-1321],[400,-264],[122,744],[-611,1317],[-29,740],[84,308],[275,283],[-874,90],[-1801,41],[-315,598],[-1023,1241],[376,-102],[662,-169],[1126,-74],[11,264],[175,3785],[-575,11]],[[401464,620874],[1427,496],[263,114],[5116,1109],[4240,640],[3240,240],[3810,-161],[333,-75]],[[420747,605274],[-550,144],[-4684,2199],[-2029,32],[1366,-324],[195,-210],[-386,146],[-2609,126],[-2397,70],[-1251,5],[-3054,-12],[-468,-5],[-1883,9],[-2433,-134],[-718,-32],[-637,-43],[-5040,-764]],[[412333,599629],[-676,23],[-83,3],[-2195,82],[-190,8],[65,1130],[281,-7],[30,499],[-276,2],[5,264],[287,-6],[-236,932],[62,956],[-1204,38],[-1210,36],[-58,-984],[-2393,133],[-1184,41],[-1230,43],[-2364,75],[-11,-221],[-738,249],[-750,-442],[-903,490],[-208,-57],[-695,-376],[-1019,503],[-469,8],[-798,-347],[9,866],[3,518]],[[212503,258011],[-113,11335],[-4649,61],[29,3103],[477,51],[579,291],[336,127],[456,107],[777,136],[277,2],[290,119],[527,294],[924,568],[-1,74],[1900,896],[746,308],[2682,1315],[862,543],[416,663],[486,459],[383,52],[1160,-789],[742,-931],[163,-221],[807,-1068],[657,-537],[2584,-97],[651,210],[1613,749],[1516,1029],[-160,0],[-574,1682],[161,2272],[-2696,-20],[-4826,-231],[-9455,87],[-95,3785],[-58,7548],[41,3784],[-3891,20],[156,733],[64,290],[45,189],[75,325],[690,3137],[-6220,-65],[-4787,-57],[-4758,-49],[-2062,-37],[-420,205],[-3504,-3043],[-377,-524],[-365,-900],[-1487,12],[-157,-14],[-292,-143],[-149,-186],[-155,-64],[-592,10],[2,421],[-9577,74],[-20,7568],[-24,4891],[-7347,2736],[-1649,11],[-617,36],[30,-7622],[-4757,32],[-4781,24],[-8,866],[1031,509],[60,2022],[619,1138],[-148,1316],[627,1714],[-11118,-45],[8,-3773],[-9568,86],[-15,7605],[-9534,-10],[2,3875],[-109,13086],[18,9484],[0,59],[-33,3645],[110,3976],[4868,-25],[14156,-100],[-10,3764],[4313,28],[-151,11178],[4275,-67],[-57,7571],[4467,-48],[492,298],[3993,-127],[639,-218],[134,15117],[3636,0],[66,-6116],[713,-1468],[5018,-35],[13677,-86],[659,-253],[226,-609],[-32,-6825],[1,-1366],[1290,-345],[2421,-254],[-404,-895],[1643,946],[3836,-703],[-882,-1294],[817,88],[1180,1208],[1405,613],[533,-656],[93,956],[668,-627],[239,724],[719,72],[407,-851],[-494,-383],[969,-638],[-20,9148],[-1273,511],[122,524],[-1085,55],[1277,626],[-543,424],[-294,1422],[-718,-1595],[-598,886],[-5,1777],[-1069,1229],[-1652,520],[-2427,-412],[-1756,871]],[[227135,575952],[-105,-30],[-2429,-1133],[-1405,-1151],[-2284,-2197],[-406,-1277],[-872,-3484],[-1224,-2780],[-632,-1031],[-779,-1816],[17,-1988],[502,-1919],[894,-1511],[-13,-2129],[-578,-976],[-2712,-3632],[-4502,-5001],[-2713,-3236]],[[198229,546184],[-72,4777],[-3522,-28],[16,1708],[-1138,-7],[-14456,34],[12,3792],[-4815,2],[18,3770],[-4825,17],[63,12856],[-5360,-5304],[-4239,32]],[[77529,695000],[-460,-1376],[389,-496],[14,-3926],[5003,111],[-350,1802],[8125,303],[-171,-1773],[2022,12],[-238,-1831],[161,-8022],[207,17],[13933,-9],[11577,99]],[[63738,608222],[-750,-37],[-130,782],[-842,436],[-5719,73],[0,-3680],[-2641,-158],[130,-2746],[-4154,364],[-1562,-243],[-3650,-7],[-231,-950],[67,-2475],[4879,49],[12,-1447],[-13984,64],[21,2209],[-4680,125],[-59,2670],[-516,1162],[-1347,-541],[-6439,-92],[-589,443],[44,929],[-393,342],[-325,1132],[-1300,789],[46,896],[-1186,441],[-247,2373],[-422,181],[209,779],[-278,-118],[-2341,96],[-506,816],[-15,6707],[4766,5],[4711,11],[-24,22582],[1399,-36],[3539,43],[6,4335],[-33,10860],[-37,30149]],[[690925,780021],[-6151,-66],[-1089,-2013],[-613,-356],[-5487,2334],[-2382,-56],[-44,3657],[-2378,15],[27,2025],[-4472,49],[-2756,33],[-14412,224],[-222,-5645],[-4776,59],[56,-3772],[-2484,59],[-86,1906],[-2269,43],[-334,-834],[-2240,-1018],[-1387,-171],[-1010,-569],[-813,-495],[-1105,41],[-550,-212],[-1083,-37],[-1369,-228],[-107,-149],[-407,-1757],[-911,-30]],[[624734,902128],[272,543],[-1030,722],[895,453],[-239,1639],[-551,744],[-2163,146],[-874,661],[568,1000],[7716,-16],[4172,-41],[20,2453],[2230,-698],[1466,477],[1470,-325],[1555,109],[2048,-1145],[278,1259],[571,565],[-1571,873],[558,321],[344,1734],[-156,931],[753,747],[-5473,76],[21,7538],[-8294,-2],[-11,1505],[20,6016],[-19,82],[612,-69],[7707,32],[-33,3720],[10846,-302],[808,334],[351,595],[-76,10716],[3081,-7],[44,176],[1059,683],[569,1908],[871,1049],[833,230],[711,1336],[-43,1951],[-39,148],[-7152,52],[-302,452],[-91,4078],[404,649],[1759,296],[-85,715],[-897,1177],[-1151,900],[75,610],[324,440],[2582,495],[1097,719],[546,1970],[598,744],[-202,686],[-1052,1127],[3085,1],[-140,7501],[-3469,30],[-108,520],[1034,1414],[628,555],[882,-66],[1601,1007],[241,794],[572,-158],[1121,481],[336,640],[1507,510],[1201,19],[1347,-1189],[866,-287],[1488,668],[340,1794],[1126,5],[74,-3054],[-1103,-2342],[-2,-1301],[11944,85],[-71,1062],[859,1359],[981,555],[1503,414],[1343,1484],[1598,-303],[-189,-1711],[1444,184],[-160,8229],[1097,-1329],[1507,-636],[1295,104],[1258,-571],[-844,-1343],[381,-1384],[-296,-477],[-750,-41],[-1159,-944],[71,-1068],[800,-545],[495,-2638],[-864,-402],[4722,142],[470,-422],[1775,-387],[736,-420],[848,-1868],[138,-1075],[759,-967],[1844,-674],[1070,-940],[24,-1173],[4787,3852],[228,-3344],[12320,85],[-521,-1609],[-461,-610],[44,-681],[604,-1127],[-793,-1211],[385,-1472],[668,-1147],[594,4],[1476,-1962],[1172,-704],[374,234],[1263,-131],[-920,-597],[9495,-17],[447,33],[-29,-656],[440,-96],[1846,13],[1068,114],[463,-103],[713,457],[-136,229],[8400,22],[-5,-3928],[2395,-60],[1046,-1452],[173,-1146],[856,-812],[-426,-1566],[288,-748],[829,-486],[-288,-390],[867,-593],[1356,90],[517,-434],[-120,-2235],[-542,-1314],[-222,-251],[-6687,-47],[12,-3656],[23,-11567],[3,-3484],[36,-7570],[32,-3890],[6,-1912],[17,-1778],[109,-11628]],[[571001,367679],[8224,-252],[-409,-11993],[-586,564],[-8885,250],[-277,-5832],[-6598,150],[-2723,-374],[-185,237],[-207,-5267],[-19138,529],[-4293,97],[1597,-527],[705,-1166],[-129,-1058],[-778,-180],[513,-562],[-756,-629],[686,-480],[-552,-1394],[719,-990],[1959,-540],[-1944,398],[-491,-1033],[-1296,-182],[120,-564],[-1575,-484],[-119,-1132],[-2069,-785],[298,-701],[-225,-1704],[-569,-1300],[226,-5],[-674,-2373],[-1387,-542],[-499,-12114],[3327,-108],[-407,-6219],[1530,-1257],[-1775,-2557],[-315,-4944]],[[131700,535843],[-2300,1820],[-3059,740],[-1099,27],[-3207,-827],[-683,-177],[-1913,-495],[-2467,-961],[-992,-1113],[217,-895],[-315,-973],[41,-1192],[1040,-1006],[1367,-592],[2830,-2232],[1141,-1340],[-56,-1170],[-958,-1171],[-2423,-1495],[-2132,-1632],[-1510,1],[-1264,643],[-3043,645],[-2254,-52],[-1904,1480],[-771,1448],[-772,2500],[-552,742],[-1195,641],[-2201,368],[-1580,-199],[-1100,257],[-786,-120],[-1638,-1034],[-950,-123],[-1887,379],[87,615],[-49,4043],[-160,8171],[-84,5602],[-2501,-412],[-2574,-763],[136,1383],[1139,1300],[1605,932],[716,2137],[413,2640],[-179,821],[535,627],[613,552],[-4,532]],[[179267,866099],[10516,-32],[545,759],[-589,1936],[106,1209],[-521,2290],[-44,1447],[-373,536],[-2001,1527],[1287,1684],[2420,1970],[2107,-1095],[1134,-189],[3355,-2012],[1984,-424],[2296,-2030],[7121,-160],[650,1701],[120,2021],[12379,-53],[825,8],[69,-6002],[-165,-5316],[-59,-22],[-107,-2411],[-246,-18870],[346,271],[9140,-16],[-17,-3736],[-899,9],[-39,-3312],[-1863,-9],[196,-6255],[655,-25],[64,-1335],[1240,-42],[-31,-366],[67,-2586],[-2578,28],[11,-4371],[1470,-96],[42,-1254],[-3219,22]],[[183285,812701],[72,5818],[-185,3264],[6581,-42],[-1084,675],[286,372],[-681,712],[-206,1204],[-1294,607],[-791,1180],[-400,143],[862,-6],[-210,405],[718,433],[542,973],[-403,735],[1554,-131],[721,653],[-402,943],[-744,100],[1341,399],[879,-650],[619,545],[610,-33],[52,669],[1161,648],[31,1819],[-820,-549],[-10528,99],[-1146,-121],[-2266,162],[-4539,663],[13,1963],[2079,12],[2511,1430],[211,439],[14,2829],[4798,221],[-19,7525],[-9578,183],[9,10025],[1610,125],[220,1269],[-975,1210],[-210,886],[-655,615],[123,1448],[296,375],[3,1170],[5202,-16]],[[385522,464771],[1152,-119],[316,6],[4068,-196],[-391,-1693],[1322,74],[867,-3671],[788,-132],[1858,510],[1080,284],[161,3229],[-146,1115],[855,-44],[2067,19],[2900,-128],[1368,-68]],[[423125,462947],[1085,3],[5022,-186]],[[341169,625135],[-389,-611],[2128,-704],[5964,-2602],[1379,-493],[1218,-436]],[[477900,523397],[-3316,3],[-1597,75],[-15,1064],[11,447],[-2551,521],[-721,21],[388,-1212],[110,-708]],[[470209,523608],[-3736,99],[-409,-18],[-131,-62],[-237,-4071],[51,-1661],[442,-664],[694,-1014]],[[466883,516217],[-885,-38],[393,-1861]],[[466391,514318],[-265,14],[-679,34],[-3185,158],[-3831,187]],[[360508,237211],[274,186],[9291,-208],[3612,-71],[191,5083],[632,523],[912,-22],[783,390],[225,5199],[19241,-340],[1722,-1084],[354,-821],[648,-476],[1111,-360],[664,493],[-137,448],[812,396],[-447,454],[931,533],[-42,266],[3566,-100],[9394,-223]],[[414245,247477],[-361,-14978],[9063,-210],[-242,-7490],[3369,-78],[235,-622],[1214,-28],[246,-867],[-3698,-27],[-411,410],[-999,-26],[-398,-13783],[9482,-238]],[[367080,704712],[-45,1823],[-11,632],[-90,7002],[71,3912],[2,79]],[[466391,514318],[152,22],[2117,-7649]],[[506956,494106],[-393,-3601],[-4956,149],[0,-12],[-68,-1376]],[[587845,733710],[-90,-906],[1065,-16],[306,-324],[2422,-423],[3488,-263],[-14,-4432],[209,-534],[611,63],[1831,-147],[2304,-690],[2342,-41],[18,-3116],[2473,-238],[735,474],[-74,2203],[3552,-203],[740,-446],[1710,-218],[833,-566],[1739,15],[1117,305],[1673,-545],[0,-9250],[1944,30],[417,-696],[0,-7769],[-193,-403],[323,-267]],[[232134,431877],[-31,7602],[-12,3716],[4437,19],[16,3778],[-4674,2],[-4683,5],[18,2420],[4,583]],[[171480,771906],[-1493,1934],[-4147,2928],[-2891,1029],[-2374,551],[-7521,1747],[-467,108],[-6546,2844],[-2537,1344],[-2114,1461],[-1694,1400],[-2550,3153],[-732,1304],[-639,2828],[-762,7266],[-365,1609],[-840,1288],[-2171,2065],[-1592,1127],[-9288,3846],[-2724,1641],[-5161,3908],[-2124,1909],[-3137,2819],[-1769,2067],[-146,170],[-1399,2403],[-2156,5938],[-41,113],[248,2696],[95,251],[1926,5062],[883,2323],[542,732],[1642,1314],[2135,990],[1048,291],[687,191],[3214,213],[6626,-2214],[2339,-333],[1470,49],[2477,466],[2583,1047],[1355,745],[1081,998],[2855,3683],[1091,2873],[416,2305],[-44,1064],[-757,2430],[-2635,3986],[-195,705],[-472,1703],[-439,1585],[118,1733],[805,2779],[1988,3908],[2564,3372],[2370,2279],[474,456],[819,1696],[5073,6515],[1575,1573],[1592,1118],[1651,1158],[1554,723],[3247,781],[3949,370],[4041,48],[808,110],[-172,-18844],[1030,-151],[-4,761],[601,699],[1090,234],[7481,23],[2572,-110],[1812,-548],[2,-1215],[-4571,18],[-273,-3216],[508,-84],[4299,2329],[-18,-5623],[-1646,-1285],[342,-651],[44,-1860],[1271,-858]],[[207789,462070],[-11,-3757],[0,-1053],[-9,-2723],[15,-3775],[2205,-70],[1182,8],[210,4],[-12,-322],[136,-360],[553,-943],[25,-43],[1260,-37],[1323,-512],[2985,546],[586,165],[909,322],[1076,501],[970,586],[572,420],[536,461]],[[184018,411135],[4597,38],[159,5733],[4861,-14],[-22,5637],[-1801,6],[-7,1874],[-99,0],[-1764,2],[-7,1562],[-3063,-1624],[1835,1008],[-1,1025],[-4761,-66],[50,5674],[1240,27],[3533,-15],[-1,1866],[-1,1545],[-1,344],[-9,4696],[-9431,-4757],[-1151,-121],[-912,-856],[-2824,-1782],[-23,1811],[2,281],[-8,782],[-75,3793],[81,7485],[-9649,8],[41,-7481],[-4763,10],[-5,22622],[-18739,132],[14,7568],[9647,-126],[18,7562],[7961,-27],[-742,692],[1444,431],[-460,2077],[533,684]],[[441914,272265],[-18247,375],[-135,-1449],[430,-469],[-102,-3643],[-1319,-1074],[-706,-1776],[182,-970],[1423,-2990],[896,-1081],[686,-270],[-415,-642],[351,-887],[571,-156],[1065,-1243],[65,-542],[-808,-302],[69,-588],[-3116,-1096],[-838,89],[-862,-298],[-1052,-1216],[1,-644],[-688,-902],[-1560,-520],[-930,-635],[-2568,57],[-62,-1916]],[[176229,113209],[2,-3722],[28238,-129],[135,-3774],[1154,-14],[31,-1772],[-1015,-750],[-205,-1229],[-1317,10],[-972,-725],[-1042,-102],[-1549,-1024],[-4313,-65],[-158,-16935],[9307,37],[-54,-7560],[23741,30],[10,-7587],[-415,-3691],[14616,131],[-92,-11354],[-13205,-112]],[[167071,35119],[-956,661],[-1946,248],[-1475,766],[-1474,-877],[-586,-811],[-717,434],[-1335,-39],[-980,-349],[-1278,-1363],[-2940,483],[-1230,-987],[-1191,287],[-2460,1],[-428,-867],[-1212,-681],[-1159,-264],[-881,1469],[-1080,940],[-672,197],[-483,1447],[409,664],[-437,1027],[-1132,-5],[-2104,-507],[102,4767],[-9478,56],[52,3712],[-9468,18]],[[548278,262660],[1536,-437],[1040,293],[2868,2402],[796,-277],[-135,-725],[-918,-961],[734,-353],[1604,1150],[1225,-101],[716,296],[2259,-580],[245,1020],[886,-942],[-737,-931],[-986,46],[-238,-473],[1359,-774],[-270,-338],[-1338,-154],[1715,-687],[451,880],[1127,84],[211,-1021],[-691,-1163],[512,-201],[2525,974],[902,-1782],[723,749],[947,95],[481,-844],[1143,191],[225,570],[-963,356],[299,589],[1626,387],[466,-583],[226,-1330],[1263,403],[600,-783],[1055,-524],[2901,797],[901,380],[1654,-190],[1188,761],[-1203,677],[180,309],[1534,-654],[391,-498],[-30,-809],[556,-368],[1188,-12],[226,785],[706,-107],[661,-928],[1496,149],[1301,-244],[30,761],[1593,-475],[181,439],[-1142,618],[-496,939],[721,12],[1534,-856],[406,-523],[556,190],[-270,1355],[1278,95],[601,-595],[1503,321],[256,487],[1008,-36],[391,-986],[579,-96],[960,725],[1593,-69],[-300,1732],[753,100],[1175,-1331],[738,-96],[892,264]],[[127055,175308],[79,15087],[-408,8838],[30,6470],[4751,-60],[9517,-71],[3,2332],[-268,632],[288,906],[-72,11232],[-9430,75],[-45,7633],[23857,-223],[19100,-77],[27,4790],[92,636],[1337,-974],[-3,-695],[1233,-140],[-24,-558],[884,109],[743,-782],[76,-624],[1210,1278],[2169,3200],[412,1255],[2315,-79],[8582,56]],[[466883,516217],[1468,87],[818,58],[1014,72],[1173,83],[-313,694],[-53,1466],[-781,4931]],[[572129,498917],[-140,-3436],[212,-361],[-274,-498],[-440,-8890],[7211,-7],[-7,-997],[-221,-2768],[-3501,5],[-3390,1319],[-205,-486],[-92,-1491],[7014,-2331],[-31,-578],[-100,-1793],[-16,-286],[-108,-1876],[-304,-5671],[-898,0]],[[576839,468772],[-7803,1],[-461,412],[-358,349],[-3,-2638],[-2519,4],[-2337,15],[64,2824],[-1864,-32],[32,793],[-2748,63],[126,1936],[-2431,32],[-63,-1047],[-2495,-61],[168,3057],[116,2388],[-1202,370],[-81,852],[-2250,1097],[-62,244],[-850,-9],[-13,2582],[2122,-44],[161,3826],[-6743,9],[-355,-3654],[-4768,-83],[-2203,-9],[106,4383],[-2526,64],[61,2997],[-2279,26],[-169,-3674],[-2998,12],[195,3817],[-1324,400],[-3358,1687],[-302,-5634],[-2421,67],[-45,-960],[-2407,82],[-44,-935],[-317,-5696],[-218,-3364],[-987,-126],[-794,-1013],[-421,-122],[-1149,941],[-6557,258],[-9286,299]],[[576839,468772],[-369,-1373],[-1141,-1508],[-593,-4245],[-600,-45],[-123,-765],[-937,-170]],[[953163,628527],[-339,-7687],[16879,-607],[-303,-5663],[2361,-78],[8412,-285],[-391,-9348],[10846,-391],[-407,-7507],[9778,-344],[-573,-11340],[13,0],[-215,-3779],[-7238,215],[-7326,275],[-49,-1925],[-4761,233],[-797,-13161],[-30989,1005],[-7588,219],[-341,-7541],[-308,-3811],[-441,-9356],[-1769,555],[-3827,787],[-1183,317],[-287,55],[-238,296],[-352,1188],[-901,849],[-1466,443],[79,3106],[-2090,1990],[-784,327],[-257,849],[288,850],[-981,1609],[-737,1903],[-597,396],[-64,2022],[-4089,234],[-14,1772],[-2461,238],[169,3167]],[[67813,747641],[7,7575],[19374,-25],[355,231],[899,-286],[4174,-3418],[825,-334],[3257,-8],[1790,-1036],[619,296],[975,-872],[321,-1594],[-182,-556],[1096,-185],[-17,2459],[1333,26],[443,340],[362,1278],[907,524],[1778,-336],[333,607],[1669,1393],[1288,-276],[609,253],[2595,-340],[2201,-1699],[1706,-323],[9568,-19],[-45,1197],[110,10128],[277,0],[4760,-7],[4910,-7],[15267,-32]]],"bbox":[-95.311197,37.949974,-93.375444,39.876182],"transform":{"scale":[0.0000019357549357549413,0.0000019262099262099287],"translate":[-95.311197,37.949974]}}
