{"type":"Topology","objects":{"foo":{"type":"GeometryCollection","geometries":[{"type":"MultiPolygon","arcs":[[[0,1,2,3,4]]],"properties":{"postal_code":"89123","realtor_list_price":457434.481,"realtor_list_price_yoy":-0.0015,"realtor_list_price_base":0.4224,"realtor_active_listings":235,"realtor_active_listings_yoy":-0.0699,"realtor_active_listings_base":0.3551,"realtor_new_listings":70.667,"realtor_new_listings_yoy":-0.045,"realtor_new_listings_base":-0.3345,"realtor_days_on_market":61.991,"realtor_days_on_market_yoy":0.0064,"realtor_days_on_market_base":0.6137,"zhvi":429452.099,"zhvi_yoy":-0.0325,"zhvi_base":0.5339,"zori":1780.207,"zori_yoy":0.0205,"zori_base":0.4665}},{"type":"MultiPolygon","arcs":[[[5,6]]],"properties":{"postal_code":"89085","realtor_list_price":539285.714,"realtor_list_price_yoy":0.0219,"realtor_list_price_base":0.6289,"realtor_active_listings":12.333,"realtor_active_listings_yoy":-0.119,"realtor_active_listings_base":0.2822,"realtor_new_listings":4.667,"realtor_new_listings_yoy":0.1667,"realtor_new_listings_base":-0.5041,"realtor_days_on_market":49,"realtor_days_on_market_yoy":0.0426,"realtor_days_on_market_base":0.6182,"zhvi":502800.908,"zhvi_yoy":-0.0126,"zhvi_base":0.5855,"zori":"NA","zori_yoy":"NA","zori_base":"NA"}},{"type":"MultiPolygon","arcs":[[[7,8,9,10,-7,11,12,13]]],"properties":{"postal_code":"89131","realtor_list_price":626006.019,"realtor_list_price_yoy":0.0076,"realtor_list_price_base":0.5869,"realtor_active_listings":215.667,"realtor_active_listings_yoy":-0.0457,"realtor_active_listings_base":0.1396,"realtor_new_listings":72,"realtor_new_listings_yoy":0.102,"realtor_new_listings_base":-0.3734,"realtor_days_on_market":51.963,"realtor_days_on_market_yoy":-0.0877,"realtor_days_on_market_base":0.3092,"zhvi":533843.232,"zhvi_yoy":-0.0214,"zhvi_base":0.6069,"zori":2094.25,"zori_yoy":0.0187,"zori_base":0.5325}},{"type":"MultiPolygon","arcs":[[[14,15,16,17,18]]],"properties":{"postal_code":"89040","realtor_list_price":469625,"realtor_list_price_yoy":0.2042,"realtor_list_price_base":1.1334,"realtor_active_listings":12.333,"realtor_active_listings_yoy":0.3214,"realtor_active_listings_base":0.0263,"realtor_new_listings":4,"realtor_new_listings_yoy":2,"realtor_new_listings_base":1.6611,"realtor_days_on_market":47.5,"realtor_days_on_market_yoy":-0.1739,"realtor_days_on_market_base":-0.3328,"zhvi":372441.999,"zhvi_yoy":0.0043,"zhvi_base":0.5036,"zori":"NA","zori_yoy":"NA","zori_base":"NA"}},{"type":"MultiPolygon","arcs":[[[19,20,21,22]]],"properties":{"postal_code":"89148","realtor_list_price":521756.303,"realtor_list_price_yoy":-0.0401,"realtor_list_price_base":0.4359,"realtor_active_listings":264,"realtor_active_listings_yoy":0.3266,"realtor_active_listings_base":0.1216,"realtor_new_listings":79.333,"realtor_new_listings_yoy":0.1226,"realtor_new_listings_base":-0.3618,"realtor_days_on_market":54.639,"realtor_days_on_market_yoy":0.0711,"realtor_days_on_market_base":0.3644,"zhvi":463434.319,"zhvi_yoy":-0.0442,"zhvi_base":0.5185,"zori":1922.452,"zori_yoy":0.0125,"zori_base":0.4667}},{"type":"MultiPolygon","arcs":[[[23,24,-9,25,26,27,28],[29]]],"properties":{"postal_code":"89124","realtor_list_price":940357.143,"realtor_list_price_yoy":-0.2026,"realtor_list_price_base":0.9584,"realtor_active_listings":35.667,"realtor_active_listings_yoy":0.1383,"realtor_active_listings_base":-0.1887,"realtor_new_listings":4.667,"realtor_new_listings_yoy":0.4,"realtor_new_listings_base":-0.3936,"realtor_days_on_market":113.714,"realtor_days_on_market_yoy":0.1304,"realtor_days_on_market_base":0.1028,"zhvi":517189.69,"zhvi_yoy":-0.0591,"zhvi_base":0.537,"zori":"NA","zori_yoy":"NA","zori_base":"NA"}},{"type":"MultiPolygon","arcs":[[[30,31]]],"properties":{"postal_code":"89004","realtor_list_price":"NA","realtor_list_price_yoy":"NA","realtor_list_price_base":"NA","realtor_active_listings":1,"realtor_active_listings_yoy":0,"realtor_active_listings_base":-0.4708,"realtor_new_listings":0,"realtor_new_listings_yoy":"NaN","realtor_new_listings_base":"NA","realtor_days_on_market":"NA","realtor_days_on_market_yoy":"NA","realtor_days_on_market_base":"NA","zhvi":674261.797,"zhvi_yoy":0.0254,"zhvi_base":0.7189,"zori":"NA","zori_yoy":"NA","zori_base":"NA"}},{"type":"MultiPolygon","arcs":[[[32,-24]]],"properties":{"postal_code":"89018","realtor_list_price":389900,"realtor_list_price_yoy":0.0261,"realtor_list_price_base":"NA","realtor_active_listings":8.667,"realtor_active_listings_yoy":-0.1333,"realtor_active_listings_base":5.717,"realtor_new_listings":1.333,"realtor_new_listings_yoy":0,"realtor_new_listings_base":"NA","realtor_days_on_market":92,"realtor_days_on_market_yoy":0.4603,"realtor_days_on_market_base":"NA","zhvi":390560.439,"zhvi_yoy":-0.0024,"zhvi_base":"NA","zori":"NA","zori_yoy":"NA","zori_base":"NA"}},{"type":"MultiPolygon","arcs":[[[33,34,35,36,37]]],"properties":{"postal_code":"89046","realtor_list_price":"NA","realtor_list_price_yoy":"NA","realtor_list_price_base":"NA","realtor_active_listings":2,"realtor_active_listings_yoy":0.5,"realtor_active_listings_base":"NA","realtor_new_listings":0,"realtor_new_listings_yoy":"NaN","realtor_new_listings_base":"NA","realtor_days_on_market":"NA","realtor_days_on_market_yoy":"NA","realtor_days_on_market_base":"NA","zhvi":281343.431,"zhvi_yoy":0.0571,"zhvi_base":"NA","zori":"NA","zori_yoy":"NA","zori_base":"NA"}},{"type":"MultiPolygon","arcs":[[[-26,-8,38,39]]],"properties":{"postal_code":"89143","realtor_list_price":527047.143,"realtor_list_price_yoy":-0.0471,"realtor_list_price_base":0.6966,"realtor_active_listings":77.333,"realtor_active_listings_yoy":0.341,"realtor_active_listings_base":0.9811,"realtor_new_listings":23.333,"realtor_new_listings_yoy":-0.0541,"realtor_new_listings_base":-0.2826,"realtor_days_on_market":52.771,"realtor_days_on_market_yoy":0.3122,"realtor_days_on_market_base":0.5362,"zhvi":466408.484,"zhvi_yoy":-0.0204,"zhvi_base":0.6095,"zori":2227.829,"zori_yoy":0.0494,"zori_base":"NA"}},{"type":"MultiPolygon","arcs":[[[40,41,42]]],"properties":{"postal_code":"89019","realtor_list_price":"NA","realtor_list_price_yoy":"NA","realtor_list_price_base":"NA","realtor_active_listings":2.333,"realtor_active_listings_yoy":0.1667,"realtor_active_listings_base":-0.4854,"realtor_new_listings":0,"realtor_new_listings_yoy":"NaN","realtor_new_listings_base":-1,"realtor_days_on_market":"NA","realtor_days_on_market_yoy":"NA","realtor_days_on_market_base":"NA","zhvi":315530.233,"zhvi_yoy":0.0604,"zhvi_base":0.5881,"zori":"NA","zori_yoy":"NA","zori_base":"NA"}},{"type":"MultiPolygon","arcs":[[[43,44]],[[45,46,47,48,49,50,51]]],"properties":{"postal_code":"89106","realtor_list_price":359670.152,"realtor_list_price_yoy":-0.0002,"realtor_list_price_base":1.0484,"realtor_active_listings":62.333,"realtor_active_listings_yoy":-0.0361,"realtor_active_listings_base":0.1653,"realtor_new_listings":22,"realtor_new_listings_yoy":-0.0294,"realtor_new_listings_base":-0.3444,"realtor_days_on_market":61.455,"realtor_days_on_market_yoy":0.1832,"realtor_days_on_market_base":0.4592,"zhvi":335972.771,"zhvi_yoy":-0.0313,"zhvi_base":0.7187,"zori":1596.532,"zori_yoy":-0.0118,"zori_base":"NA"}},{"type":"MultiPolygon","arcs":[[[52,53,54,55]]],"properties":{"postal_code":"89052","realtor_list_price":677012.554,"realtor_list_price_yoy":-0.0622,"realtor_list_price_base":0.3499,"realtor_active_listings":337,"realtor_active_listings_yoy":0.0894,"realtor_active_listings_base":0.1779,"realtor_new_listings":110.667,"realtor_new_listings_yoy":0.085,"realtor_new_listings_base":-0.1633,"realtor_days_on_market":52,"realtor_days_on_market_yoy":0.0714,"realtor_days_on_market_base":-0.0159,"zhvi":598414.804,"zhvi_yoy":-0.0132,"zhvi_base":0.554,"zori":1927.415,"zori_yoy":0.0057,"zori_base":0.4408}},{"type":"MultiPolygon","arcs":[[[56,57,58,59]]],"properties":{"postal_code":"89134","realtor_list_price":501575,"realtor_list_price_yoy":-0.0457,"realtor_list_price_base":0.342,"realtor_active_listings":247,"realtor_active_listings_yoy":-0.062,"realtor_active_listings_base":0.6075,"realtor_new_listings":79.333,"realtor_new_listings_yoy":0.0259,"realtor_new_listings_base":0.0732,"realtor_days_on_market":49.983,"realtor_days_on_market_yoy":-0.0741,"realtor_days_on_market_base":0.087,"zhvi":486437.615,"zhvi_yoy":-0.0353,"zhvi_base":0.5444,"zori":2295.895,"zori_yoy":0.0085,"zori_base":0.519}},{"type":"MultiPolygon","arcs":[[[60,61,62,63,64,65]]],"properties":{"postal_code":"89141","realtor_list_price":604253.75,"realtor_list_price_yoy":-0.0212,"realtor_list_price_base":0.3911,"realtor_active_listings":236.667,"realtor_active_listings_yoy":-0.099,"realtor_active_listings_base":0.3007,"realtor_new_listings":80,"realtor_new_listings_yoy":0.0256,"realtor_new_listings_base":-0.1744,"realtor_days_on_market":55.683,"realtor_days_on_market_yoy":0.0244,"realtor_days_on_market_base":0.2373,"zhvi":513426.77,"zhvi_yoy":-0.0397,"zhvi_base":0.535,"zori":2108.341,"zori_yoy":0.0202,"zori_base":0.5246}},{"type":"MultiPolygon","arcs":[[[66,67,68,69,-20,70]]],"properties":{"postal_code":"89147","realtor_list_price":417027.228,"realtor_list_price_yoy":-0.0219,"realtor_list_price_base":0.3905,"realtor_active_listings":198,"realtor_active_listings_yoy":0.1144,"realtor_active_listings_base":0.2692,"realtor_new_listings":67.333,"realtor_new_listings_yoy":0.086,"realtor_new_listings_base":-0.3443,"realtor_days_on_market":53.842,"realtor_days_on_market_yoy":-0.0581,"realtor_days_on_market_base":0.3538,"zhvi":407731.697,"zhvi_yoy":-0.043,"zhvi_base":0.5329,"zori":1769.561,"zori_yoy":0.0101,"zori_base":0.4732}},{"type":"MultiPolygon","arcs":[[[71,-15,72]]],"properties":{"postal_code":"89025","realtor_list_price":"NA","realtor_list_price_yoy":"NA","realtor_list_price_base":"NA","realtor_active_listings":3,"realtor_active_listings_yoy":0,"realtor_active_listings_base":-0.3658,"realtor_new_listings":0,"realtor_new_listings_yoy":-1,"realtor_new_listings_base":-1,"realtor_days_on_market":"NA","realtor_days_on_market_yoy":"NA","realtor_days_on_market_base":"NA","zhvi":"NA","zhvi_yoy":"NA","zhvi_base":"NA","zori":"NA","zori_yoy":"NA","zori_base":"NA"}},{"type":"MultiPolygon","arcs":[[[73,74,75,76,77,-13]]],"properties":{"postal_code":"89130","realtor_list_price":448206.41,"realtor_list_price_yoy":-0.0381,"realtor_list_price_base":0.4801,"realtor_active_listings":135.667,"realtor_active_listings_yoy":-0.0915,"realtor_active_listings_base":0.3196,"realtor_new_listings":52,"realtor_new_listings_yoy":0.1304,"realtor_new_listings_base":-0.3787,"realtor_days_on_market":55.359,"realtor_days_on_market_yoy":0.0097,"realtor_days_on_market_base":0.5872,"zhvi":438643.306,"zhvi_yoy":-0.021,"zhvi_base":0.6116,"zori":1904.486,"zori_yoy":0.0122,"zori_base":0.5349}},{"type":"MultiPolygon","arcs":[[[78,79,80,81,82]]],"properties":{"postal_code":"89015","realtor_list_price":420747.253,"realtor_list_price_yoy":-0.0415,"realtor_list_price_base":0.5039,"realtor_active_listings":181.667,"realtor_active_listings_yoy":0.0966,"realtor_active_listings_base":0.7068,"realtor_new_listings":60.667,"realtor_new_listings_yoy":-0.0521,"realtor_new_listings_base":-0.1855,"realtor_days_on_market":49.22,"realtor_days_on_market_yoy":0.064,"realtor_days_on_market_base":0.337,"zhvi":401942.473,"zhvi_yoy":-0.0175,"zhvi_base":0.6009,"zori":1844.767,"zori_yoy":0.0265,"zori_base":0.5878}},{"type":"MultiPolygon","arcs":[[[83,-44,84,85,86,-48]]],"properties":{"postal_code":"89101","realtor_list_price":361506.061,"realtor_list_price_yoy":-0.0755,"realtor_list_price_base":0.4317,"realtor_active_listings":101.667,"realtor_active_listings_yoy":-0.0841,"realtor_active_listings_base":0.2523,"realtor_new_listings":22,"realtor_new_listings_yoy":0.1786,"realtor_new_listings_base":-0.4069,"realtor_days_on_market":73.576,"realtor_days_on_market_yoy":-0.0157,"realtor_days_on_market_base":0.2172,"zhvi":313786.777,"zhvi_yoy":-0.0263,"zhvi_base":0.7542,"zori":1133.438,"zori_yoy":-0.0528,"zori_base":"NA"}},{"type":"MultiPolygon","arcs":[[[87,88,-46,89,-76]]],"properties":{"postal_code":"89032","realtor_list_price":430879.044,"realtor_list_price_yoy":0.0271,"realtor_list_price_base":0.7614,"realtor_active_listings":136.333,"realtor_active_listings_yoy":0.4351,"realtor_active_listings_base":0.4816,"realtor_new_listings":45.333,"realtor_new_listings_yoy":0.0794,"realtor_new_listings_base":-0.4377,"realtor_days_on_market":49.574,"realtor_days_on_market_yoy":0.012,"realtor_days_on_market_base":0.5283,"zhvi":388415.385,"zhvi_yoy":-0.018,"zhvi_base":0.6625,"zori":1758.387,"zori_yoy":-0.0052,"zori_base":0.532}},{"type":"MultiPolygon","arcs":[[[90,91,92,-79,93,94]]],"properties":{"postal_code":"89011","realtor_list_price":524450.45,"realtor_list_price_yoy":-0.0451,"realtor_list_price_base":0.3969,"realtor_active_listings":532,"realtor_active_listings_yoy":0.2174,"realtor_active_listings_base":1.6086,"realtor_new_listings":148,"realtor_new_listings_yoy":0.1503,"realtor_new_listings_base":0.5392,"realtor_days_on_market":63,"realtor_days_on_market_yoy":-0.02,"realtor_days_on_market_base":0.1295,"zhvi":467224.232,"zhvi_yoy":-0.0232,"zhvi_base":0.5375,"zori":1833.266,"zori_yoy":-0.0048,"zori_base":0.4656}},{"type":"MultiPolygon","arcs":[[[95,96,97,98,-58]]],"properties":{"postal_code":"89128","realtor_list_price":346037.5,"realtor_list_price_yoy":-0.0233,"realtor_list_price_base":0.2244,"realtor_active_listings":193,"realtor_active_listings_yoy":-0.078,"realtor_active_listings_base":0.3588,"realtor_new_listings":58.667,"realtor_new_listings_yoy":-0.033,"realtor_new_listings_base":-0.4425,"realtor_days_on_market":59.341,"realtor_days_on_market_yoy":0.0268,"realtor_days_on_market_base":0.6532,"zhvi":381582.109,"zhvi_yoy":-0.0312,"zhvi_base":0.6033,"zori":1711.019,"zori_yoy":0.0315,"zori_base":0.5308}},{"type":"MultiPolygon","arcs":[[[99,-94,-83,100,101,102]]],"properties":{"postal_code":"89014","realtor_list_price":442359.821,"realtor_list_price_yoy":-0.0334,"realtor_list_price_base":0.4209,"realtor_active_listings":136.333,"realtor_active_listings_yoy":0.2319,"realtor_active_listings_base":0.3046,"realtor_new_listings":37.333,"realtor_new_listings_yoy":-0.0345,"realtor_new_listings_base":-0.5338,"realtor_days_on_market":58.679,"realtor_days_on_market_yoy":-0.0086,"realtor_days_on_market_base":0.7079,"zhvi":400513.037,"zhvi_yoy":-0.0244,"zhvi_base":0.5723,"zori":1460.958,"zori_yoy":-0.0069,"zori_base":0.4121}},{"type":"MultiPolygon","arcs":[[[103,-16,-72]]],"properties":{"postal_code":"89021","realtor_list_price":611642.857,"realtor_list_price_yoy":-0.1554,"realtor_list_price_base":0.5316,"realtor_active_listings":26.667,"realtor_active_listings_yoy":1.5,"realtor_active_listings_base":0.0697,"realtor_new_listings":4.667,"realtor_new_listings_yoy":-0.125,"realtor_new_listings_base":0.1894,"realtor_days_on_market":77.714,"realtor_days_on_market_yoy":0.4945,"realtor_days_on_market_base":0.1383,"zhvi":510860.977,"zhvi_yoy":-0.0011,"zhvi_base":0.64,"zori":"NA","zori_yoy":"NA","zori_base":"NA"}},{"type":"MultiPolygon","arcs":[[[104,105,-96,-57,106,107]]],"properties":{"postal_code":"89129","realtor_list_price":471937.391,"realtor_list_price_yoy":-0.0244,"realtor_list_price_base":0.4462,"realtor_active_listings":262.667,"realtor_active_listings_yoy":0.1796,"realtor_active_listings_base":0.3705,"realtor_new_listings":76.667,"realtor_new_listings_yoy":-0.0574,"realtor_new_listings_base":-0.4101,"realtor_days_on_market":56.748,"realtor_days_on_market_yoy":0.2091,"realtor_days_on_market_base":0.4973,"zhvi":437999.316,"zhvi_yoy":-0.0204,"zhvi_base":0.5767,"zori":1842.532,"zori_yoy":0.0362,"zori_base":0.5237}},{"type":"MultiPolygon","arcs":[[[108,109,110,111,-86]]],"properties":{"postal_code":"89110","realtor_list_price":381198.946,"realtor_list_price_yoy":-0.0102,"realtor_list_price_base":0.6081,"realtor_active_listings":148,"realtor_active_listings_yoy":0.0546,"realtor_active_listings_base":0.2446,"realtor_new_listings":49.333,"realtor_new_listings_yoy":0.0137,"realtor_new_listings_base":-0.4032,"realtor_days_on_market":61.919,"realtor_days_on_market_yoy":0.1958,"realtor_days_on_market_base":0.6467,"zhvi":358486.089,"zhvi_yoy":-0.0102,"zhvi_base":0.7312,"zori":1332.085,"zori_yoy":-0.0192,"zori_base":0.6037}},{"type":"MultiPolygon","arcs":[[[-3,112,-102,113,-53,114]]],"properties":{"postal_code":"89074","realtor_list_price":505204.204,"realtor_list_price_yoy":-0.0184,"realtor_list_price_base":0.4254,"realtor_active_listings":217,"realtor_active_listings_yoy":0.1604,"realtor_active_listings_base":0.3594,"realtor_new_listings":75.333,"realtor_new_listings_yoy":0.0865,"realtor_new_listings_base":-0.3057,"realtor_days_on_market":48.372,"realtor_days_on_market_yoy":-0.005,"realtor_days_on_market_base":0.2017,"zhvi":459426.341,"zhvi_yoy":-0.0312,"zhvi_base":0.5405,"zori":1746.394,"zori_yoy":0.0045,"zori_base":0.4391}},{"type":"MultiPolygon","arcs":[[[-64,115,-55,116,117,118,119]]],"properties":{"postal_code":"89044","realtor_list_price":548437.805,"realtor_list_price_yoy":-0.0854,"realtor_list_price_base":0.3115,"realtor_active_listings":241,"realtor_active_listings_yoy":-0.0334,"realtor_active_listings_base":0.5429,"realtor_new_listings":82,"realtor_new_listings_yoy":0.2059,"realtor_new_listings_base":-0.0373,"realtor_days_on_market":46.049,"realtor_days_on_market_yoy":-0.0849,"realtor_days_on_market_base":0.1444,"zhvi":526116.552,"zhvi_yoy":-0.0337,"zhvi_base":0.497,"zori":2174.757,"zori_yoy":0.0374,"zori_base":0.4546}},{"type":"MultiPolygon","arcs":[[[120,121,122,123,124,125]]],"properties":{"postal_code":"89121","realtor_list_price":358213.776,"realtor_list_price_yoy":-0.049,"realtor_list_price_base":0.5293,"realtor_active_listings":235.667,"realtor_active_listings_yoy":-0.1272,"realtor_active_listings_base":0.4667,"realtor_new_listings":65.333,"realtor_new_listings_yoy":-0.2222,"realtor_new_listings_base":-0.4506,"realtor_days_on_market":58.694,"realtor_days_on_market_yoy":-0.035,"realtor_days_on_market_base":0.6606,"zhvi":353114.867,"zhvi_yoy":-0.0212,"zhvi_base":0.687,"zori":1306.427,"zori_yoy":-0.0305,"zori_base":0.5052}},{"type":"MultiPolygon","arcs":[[[126,-121,127,128]]],"properties":{"postal_code":"89169","realtor_list_price":226711.538,"realtor_list_price_yoy":-0.1304,"realtor_list_price_base":0.293,"realtor_active_listings":130,"realtor_active_listings_yoy":-0.0802,"realtor_active_listings_base":0.5782,"realtor_new_listings":26,"realtor_new_listings_yoy":-0.2041,"realtor_new_listings_base":-0.2755,"realtor_days_on_market":76.205,"realtor_days_on_market_yoy":-0.0085,"realtor_days_on_market_base":0.4442,"zhvi":274722.254,"zhvi_yoy":-0.0653,"zhvi_base":0.553,"zori":1247.89,"zori_yoy":-0.0041,"zori_base":0.5289}},{"type":"MultiPolygon","arcs":[[[129,-111,130,131,-123]]],"properties":{"postal_code":"89142","realtor_list_price":371905.512,"realtor_list_price_yoy":0.0082,"realtor_list_price_base":0.6937,"realtor_active_listings":86.667,"realtor_active_listings_yoy":0.04,"realtor_active_listings_base":0.3756,"realtor_new_listings":27.333,"realtor_new_listings_yoy":0.2424,"realtor_new_listings_base":-0.4589,"realtor_days_on_market":45.073,"realtor_days_on_market_yoy":-0.2046,"realtor_days_on_market_base":0.316,"zhvi":362835.133,"zhvi_yoy":-0.0179,"zhvi_base":0.6863,"zori":1505.877,"zori_yoy":-0.0121,"zori_base":0.5486}},{"type":"MultiPolygon","arcs":[[[132,133,134]]],"properties":{"postal_code":"89034","realtor_list_price":439166.656,"realtor_list_price_yoy":-0.1477,"realtor_list_price_base":0.2399,"realtor_active_listings":75.667,"realtor_active_listings_yoy":0.2971,"realtor_active_listings_base":2.602,"realtor_new_listings":21.333,"realtor_new_listings_yoy":0.1852,"realtor_new_listings_base":1.3456,"realtor_days_on_market":81.562,"realtor_days_on_market_yoy":0.6063,"realtor_days_on_market_base":0.2059,"zhvi":442630.386,"zhvi_yoy":-0.0375,"zhvi_base":0.3903,"zori":"NA","zori_yoy":"NA","zori_base":"NA"}},{"type":"MultiPolygon","arcs":[[[135,-28,136,137,138,-32,139,140,141,-41]]],"properties":{"postal_code":"89161","realtor_list_price":"NA","realtor_list_price_yoy":"NA","realtor_list_price_base":"NA","realtor_active_listings":2.667,"realtor_active_listings_yoy":-0.1111,"realtor_active_listings_base":-0.6039,"realtor_new_listings":0,"realtor_new_listings_yoy":"NaN","realtor_new_listings_base":-1,"realtor_days_on_market":"NA","realtor_days_on_market_yoy":"NA","realtor_days_on_market_base":"NA","zhvi":1036874.963,"zhvi_yoy":-0.0548,"zhvi_base":0.7414,"zori":"NA","zori_yoy":"NA","zori_base":"NA"}},{"type":"MultiPolygon","arcs":[[[-36,142,143]]],"properties":{"postal_code":"89029","realtor_list_price":187198.618,"realtor_list_price_yoy":-0.17,"realtor_list_price_base":0.3706,"realtor_active_listings":138.667,"realtor_active_listings_yoy":-0.0877,"realtor_active_listings_base":1.1703,"realtor_new_listings":22.667,"realtor_new_listings_yoy":0,"realtor_new_listings_base":-0.0597,"realtor_days_on_market":81.971,"realtor_days_on_market_yoy":-0.0989,"realtor_days_on_market_base":0.2854,"zhvi":252395.207,"zhvi_yoy":-0.0286,"zhvi_base":0.5979,"zori":1079.889,"zori_yoy":0.0043,"zori_base":"NA"}},{"type":"MultiPolygon","arcs":[[[-144,144,-37]]],"properties":{"postal_code":"89039","realtor_list_price":"NA","realtor_list_price_yoy":"NA","realtor_list_price_base":"NA","realtor_active_listings":0.667,"realtor_active_listings_yoy":-0.3333,"realtor_active_listings_base":"NA","realtor_new_listings":0,"realtor_new_listings_yoy":"NaN","realtor_new_listings_base":"NA","realtor_days_on_market":"NA","realtor_days_on_market_yoy":"NA","realtor_days_on_market_base":"NA","zhvi":"NA","zhvi_yoy":"NA","zhvi_base":"NA","zori":"NA","zori_yoy":"NA","zori_base":"NA"}},{"type":"MultiPolygon","arcs":[[[-40,145,146,147,-108,148,-137,-27]]],"properties":{"postal_code":"89166","realtor_list_price":552057.351,"realtor_list_price_yoy":0.0046,"realtor_list_price_base":0.6767,"realtor_active_listings":247.333,"realtor_active_listings_yoy":0.3869,"realtor_active_listings_base":1.1301,"realtor_new_listings":74,"realtor_new_listings_yoy":0.3875,"realtor_new_listings_base":-0.0314,"realtor_days_on_market":50.568,"realtor_days_on_market_yoy":-0.0702,"realtor_days_on_market_base":0.3958,"zhvi":489749.886,"zhvi_yoy":-0.0162,"zhvi_base":0.5375,"zori":1991.613,"zori_yoy":-0.0021,"zori_base":0.4742}},{"type":"MultiPolygon","arcs":[[[-142,149,-66,150,-42]]],"properties":{"postal_code":"89179","realtor_list_price":511410.833,"realtor_list_price_yoy":0.0329,"realtor_list_price_base":0.5815,"realtor_active_listings":55.667,"realtor_active_listings_yoy":0.4153,"realtor_active_listings_base":0.2344,"realtor_new_listings":20,"realtor_new_listings_yoy":0.3636,"realtor_new_listings_base":-0.4059,"realtor_days_on_market":44.933,"realtor_days_on_market_yoy":0.0472,"realtor_days_on_market_base":0.3079,"zhvi":464669.532,"zhvi_yoy":-0.0414,"zhvi_base":0.4866,"zori":2459.489,"zori_yoy":0.0604,"zori_base":"NA"}},{"type":"MultiPolygon","arcs":[[[-146,-39,-14,-78,151,-105,-148,152]]],"properties":{"postal_code":"89149","realtor_list_price":635230.652,"realtor_list_price_yoy":0.1181,"realtor_list_price_base":0.6017,"realtor_active_listings":261.333,"realtor_active_listings_yoy":0.1297,"realtor_active_listings_base":0.4416,"realtor_new_listings":76.667,"realtor_new_listings_yoy":0.0849,"realtor_new_listings_base":-0.3254,"realtor_days_on_market":53.339,"realtor_days_on_market_yoy":0.0267,"realtor_days_on_market_base":0.3097,"zhvi":489483.062,"zhvi_yoy":-0.0279,"zhvi_base":0.5565,"zori":1755.083,"zori_yoy":-0.0065,"zori_base":0.4817}},{"type":"MultiPolygon","arcs":[[[153,-91,154,-131,-110,155]]],"properties":{"postal_code":"89156","realtor_list_price":392378.125,"realtor_list_price_yoy":0.0747,"realtor_list_price_base":0.8213,"realtor_active_listings":89,"realtor_active_listings_yoy":0.192,"realtor_active_listings_base":0.3939,"realtor_new_listings":32,"realtor_new_listings_yoy":0.1429,"realtor_new_listings_base":-0.3528,"realtor_days_on_market":47.917,"realtor_days_on_market_yoy":-0.1119,"realtor_days_on_market_base":0.3369,"zhvi":358063.165,"zhvi_yoy":-0.0156,"zhvi_base":0.7329,"zori":1572.705,"zori_yoy":0.0185,"zori_base":"NA"}},{"type":"MultiPolygon","arcs":[[[156,-22,157,158,-61,-150,-141]]],"properties":{"postal_code":"89178","realtor_list_price":498212.121,"realtor_list_price_yoy":-0.0207,"realtor_list_price_base":0.5078,"realtor_active_listings":178,"realtor_active_listings_yoy":-0.1232,"realtor_active_listings_base":0.1691,"realtor_new_listings":66,"realtor_new_listings_yoy":0.0102,"realtor_new_listings_base":-0.3299,"realtor_days_on_market":45.636,"realtor_days_on_market_yoy":-0.0537,"realtor_days_on_market_base":0.2928,"zhvi":466938.116,"zhvi_yoy":-0.0347,"zhvi_base":0.5151,"zori":2193.33,"zori_yoy":0.0141,"zori_base":0.4625}},{"type":"MultiPolygon","arcs":[[[159,-4,-115,-56,-116,-63]]],"properties":{"postal_code":"89183","realtor_list_price":412202.036,"realtor_list_price_yoy":0.0265,"realtor_list_price_base":0.3686,"realtor_active_listings":166,"realtor_active_listings_yoy":0.1067,"realtor_active_listings_base":0.4869,"realtor_new_listings":56,"realtor_new_listings_yoy":0.0244,"realtor_new_listings_base":-0.277,"realtor_days_on_market":52.786,"realtor_days_on_market_yoy":-0.0075,"realtor_days_on_market_base":0.4319,"zhvi":405572.585,"zhvi_yoy":-0.0348,"zhvi_base":0.5327,"zori":1833.323,"zori_yoy":0.0112,"zori_base":0.4697}},{"type":"MultiPolygon","arcs":[[[160,161,162,163,-68,164]]],"properties":{"postal_code":"89146","realtor_list_price":407088.235,"realtor_list_price_yoy":-0.2274,"realtor_list_price_base":0.162,"realtor_active_listings":74.667,"realtor_active_listings_yoy":0.1256,"realtor_active_listings_base":0.2103,"realtor_new_listings":22.667,"realtor_new_listings_yoy":0.0625,"realtor_new_listings_base":-0.2439,"realtor_days_on_market":59.588,"realtor_days_on_market_yoy":0.029,"realtor_days_on_market_base":0.226,"zhvi":396509.695,"zhvi_yoy":-0.0277,"zhvi_base":0.6237,"zori":1524.823,"zori_yoy":-0.0032,"zori_base":"NA"}},{"type":"MultiPolygon","arcs":[[[165,166,-5,-160,-62,-159]]],"properties":{"postal_code":"89139","realtor_list_price":542019.706,"realtor_list_price_yoy":-0.0935,"realtor_list_price_base":0.6141,"realtor_active_listings":167.667,"realtor_active_listings_yoy":-0.0176,"realtor_active_listings_base":0.3316,"realtor_new_listings":56.667,"realtor_new_listings_yoy":-0.0761,"realtor_new_listings_base":-0.3277,"realtor_days_on_market":54.035,"realtor_days_on_market_yoy":0.0833,"realtor_days_on_market_base":0.4663,"zhvi":455866.737,"zhvi_yoy":-0.0399,"zhvi_base":0.5186,"zori":1946.321,"zori_yoy":0.0177,"zori_base":0.48}},{"type":"MultiPolygon","arcs":[[[167,-80,-93,168,-18,169,-34,170,-119]]],"properties":{"postal_code":"89005","realtor_list_price":484193.125,"realtor_list_price_yoy":-0.1136,"realtor_list_price_base":0.2024,"realtor_active_listings":95.667,"realtor_active_listings_yoy":0.2371,"realtor_active_listings_base":0.1961,"realtor_new_listings":26.667,"realtor_new_listings_yoy":0.4286,"realtor_new_listings_base":-0.0905,"realtor_days_on_market":64.225,"realtor_days_on_market_yoy":-0.0119,"realtor_days_on_market_base":0.1817,"zhvi":470745.354,"zhvi_yoy":-0.0168,"zhvi_base":0.514,"zori":1608.333,"zori_yoy":0.0313,"zori_base":"NA"}},{"type":"MultiPolygon","arcs":[[[-81,-168,-118,171]]],"properties":{"postal_code":"89002","realtor_list_price":492807.143,"realtor_list_price_yoy":0.0495,"realtor_list_price_base":0.4187,"realtor_active_listings":137,"realtor_active_listings_yoy":0.1676,"realtor_active_listings_base":0.338,"realtor_new_listings":46.667,"realtor_new_listings_yoy":-0.0667,"realtor_new_listings_base":-0.3687,"realtor_days_on_market":47.986,"realtor_days_on_market_yoy":0.0477,"realtor_days_on_market_base":0.3919,"zhvi":461631.977,"zhvi_yoy":-0.0148,"zhvi_base":0.5609,"zori":2077.91,"zori_yoy":0.0008,"zori_base":"NA"}},{"type":"MultiPolygon","arcs":[[[-6,-11,172,173,174,175,-74,-12]]],"properties":{"postal_code":"89084","realtor_list_price":470203.955,"realtor_list_price_yoy":0.002,"realtor_list_price_base":0.4684,"realtor_active_listings":235.667,"realtor_active_listings_yoy":0.0728,"realtor_active_listings_base":0.9301,"realtor_new_listings":88,"realtor_new_listings_yoy":-0.0959,"realtor_new_listings_base":0.1547,"realtor_days_on_market":48.5,"realtor_days_on_market_yoy":0.0259,"realtor_days_on_market_base":0.356,"zhvi":442165.831,"zhvi_yoy":-0.0194,"zhvi_base":0.5,"zori":1993.156,"zori_yoy":0.0003,"zori_base":0.4738}},{"type":"MultiPolygon","arcs":[[[176,177],[178]],[[179,180,-85,-45,-84,-47,-89]]],"properties":{"postal_code":"89030","realtor_list_price":333898.837,"realtor_list_price_yoy":-0.0535,"realtor_list_price_base":0.9466,"realtor_active_listings":69.667,"realtor_active_listings_yoy":0.0097,"realtor_active_listings_base":0.2141,"realtor_new_listings":28.667,"realtor_new_listings_yoy":0.5357,"realtor_new_listings_base":-0.3789,"realtor_days_on_market":60.698,"realtor_days_on_market_yoy":-0.3046,"realtor_days_on_market_base":0.523,"zhvi":304865.513,"zhvi_yoy":-0.0071,"zhvi_base":0.8408,"zori":1266.765,"zori_yoy":-0.0214,"zori_base":"NA"}},{"type":"MultiPolygon","arcs":[[[-176,181,-88,-75]]],"properties":{"postal_code":"89031","realtor_list_price":434513.511,"realtor_list_price_yoy":0.0074,"realtor_list_price_base":0.6288,"realtor_active_listings":224.333,"realtor_active_listings_yoy":-0.0587,"realtor_active_listings_base":0.48,"realtor_new_listings":92.667,"realtor_new_listings_yoy":0.0945,"realtor_new_listings_base":-0.3727,"realtor_days_on_market":47.647,"realtor_days_on_market_yoy":-0.0366,"realtor_days_on_market_base":0.6277,"zhvi":407556.541,"zhvi_yoy":-0.0148,"zhvi_base":0.6404,"zori":2053.473,"zori_yoy":0.0094,"zori_base":0.5687}},{"type":"MultiPolygon","arcs":[[[-101,-82,-172,-117,-54,-114]]],"properties":{"postal_code":"89012","realtor_list_price":673447.525,"realtor_list_price_yoy":-0.3086,"realtor_list_price_base":0.4871,"realtor_active_listings":244,"realtor_active_listings_yoy":0.2323,"realtor_active_listings_base":0.3868,"realtor_new_listings":67.333,"realtor_new_listings_yoy":0.0745,"realtor_new_listings_base":-0.1324,"realtor_days_on_market":59.257,"realtor_days_on_market_yoy":-0.0027,"realtor_days_on_market_base":0.3072,"zhvi":524385.428,"zhvi_yoy":-0.0171,"zhvi_base":0.535,"zori":1962.264,"zori_yoy":-0.0131,"zori_base":0.4353}},{"type":"MultiPolygon","arcs":[[[-179]],[[182,-178,183,184,185,-156,-109,-181]]],"properties":{"postal_code":"89115","realtor_list_price":291144.077,"realtor_list_price_yoy":-0.1543,"realtor_list_price_base":0.5885,"realtor_active_listings":107,"realtor_active_listings_yoy":0.0456,"realtor_active_listings_base":0.4545,"realtor_new_listings":34.667,"realtor_new_listings_yoy":0.0196,"realtor_new_listings_base":-0.444,"realtor_days_on_market":58.923,"realtor_days_on_market_yoy":-0.0594,"realtor_days_on_market_base":0.7627,"zhvi":324412.62,"zhvi_yoy":-0.0171,"zhvi_base":0.7614,"zori":1427.793,"zori_yoy":0.0248,"zori_base":0.6475}},{"type":"MultiPolygon","arcs":[[[-185,186,-174]]],"properties":{"postal_code":"89086","realtor_list_price":399927.913,"realtor_list_price_yoy":-0.0062,"realtor_list_price_base":0.4231,"realtor_active_listings":67.667,"realtor_active_listings_yoy":-0.125,"realtor_active_listings_base":5.9225,"realtor_new_listings":15.333,"realtor_new_listings_yoy":-0.1786,"realtor_new_listings_base":1.2327,"realtor_days_on_market":72.087,"realtor_days_on_market_yoy":0.1133,"realtor_days_on_market_base":0.9447,"zhvi":405329.568,"zhvi_yoy":-0.0124,"zhvi_base":0.6445,"zori":1626.573,"zori_yoy":0.008,"zori_base":"NA"}},{"type":"MultiPolygon","arcs":[[[187,-50,188,189,190,-163]]],"properties":{"postal_code":"89102","realtor_list_price":407044.792,"realtor_list_price_yoy":0.0169,"realtor_list_price_base":0.4694,"realtor_active_listings":114,"realtor_active_listings_yoy":-0.0229,"realtor_active_listings_base":0.2633,"realtor_new_listings":32,"realtor_new_listings_yoy":0.0909,"realtor_new_listings_base":-0.2538,"realtor_days_on_market":63.958,"realtor_days_on_market_yoy":0.0454,"realtor_days_on_market_base":0.2207,"zhvi":369498.296,"zhvi_yoy":-0.0338,"zhvi_base":0.5874,"zori":1343.813,"zori_yoy":-0.0088,"zori_base":"NA"}},{"type":"MultiPolygon","arcs":[[[191,-165,-67,192]]],"properties":{"postal_code":"89117","realtor_list_price":524956.667,"realtor_list_price_yoy":-0.0822,"realtor_list_price_base":0.1939,"realtor_active_listings":266.667,"realtor_active_listings_yoy":0.0349,"realtor_active_listings_base":0.0744,"realtor_new_listings":80,"realtor_new_listings_yoy":0.0169,"realtor_new_listings_base":-0.2949,"realtor_days_on_market":59.833,"realtor_days_on_market_yoy":0.0469,"realtor_days_on_market_base":0.2266,"zhvi":472326.183,"zhvi_yoy":-0.0339,"zhvi_base":0.5567,"zori":1594.674,"zori_yoy":-0.0077,"zori_base":0.4786}},{"type":"MultiPolygon","arcs":[[[193,194,-167,195]]],"properties":{"postal_code":"89118","realtor_list_price":357544.149,"realtor_list_price_yoy":0.0505,"realtor_list_price_base":0.4134,"realtor_active_listings":135,"realtor_active_listings_yoy":0.1408,"realtor_active_listings_base":0.8273,"realtor_new_listings":31.333,"realtor_new_listings_yoy":0.0217,"realtor_new_listings_base":-0.2106,"realtor_days_on_market":62.723,"realtor_days_on_market_yoy":0.0039,"realtor_days_on_market_base":0.4893,"zhvi":321413.716,"zhvi_yoy":-0.0555,"zhvi_base":0.4623,"zori":1650.278,"zori_yoy":0.0235,"zori_base":0.5092}},{"type":"MultiPolygon","arcs":[[[196,197,-128,-126,198,-1,-195]]],"properties":{"postal_code":"89119","realtor_list_price":210166.267,"realtor_list_price_yoy":-0.0441,"realtor_list_price_base":0.2649,"realtor_active_listings":157.333,"realtor_active_listings_yoy":0.0306,"realtor_active_listings_base":1.4346,"realtor_new_listings":40,"realtor_new_listings_yoy":0.0909,"realtor_new_listings_base":-0.1182,"realtor_days_on_market":69.933,"realtor_days_on_market_yoy":0.0669,"realtor_days_on_market_base":0.9003,"zhvi":262075.632,"zhvi_yoy":-0.0608,"zhvi_base":0.5775,"zori":1323.445,"zori_yoy":-0.0259,"zori_base":0.545}},{"type":"MultiPolygon","arcs":[[[-152,-77,-90,-52,199,-97,-106]]],"properties":{"postal_code":"89108","realtor_list_price":323012.5,"realtor_list_price_yoy":-0.1317,"realtor_list_price_base":0.4579,"realtor_active_listings":218,"realtor_active_listings_yoy":0.0431,"realtor_active_listings_base":0.4377,"realtor_new_listings":80,"realtor_new_listings_yoy":0.0714,"realtor_new_listings_base":-0.3572,"realtor_days_on_market":50.158,"realtor_days_on_market_yoy":-0.0344,"realtor_days_on_market_base":0.4855,"zhvi":355650.845,"zhvi_yoy":-0.0243,"zhvi_base":0.6932,"zori":1434.691,"zori_yoy":-0.0029,"zori_base":0.5296}},{"type":"MultiPolygon","arcs":[[[-190,200,-129,-198,201,202]]],"properties":{"postal_code":"89109","realtor_list_price":365182,"realtor_list_price_yoy":-0.185,"realtor_list_price_base":-0.1259,"realtor_active_listings":290,"realtor_active_listings_yoy":0.0584,"realtor_active_listings_base":0.4905,"realtor_new_listings":50,"realtor_new_listings_yoy":-0.0964,"realtor_new_listings_base":0.0887,"realtor_days_on_market":78.16,"realtor_days_on_market_yoy":0.1065,"realtor_days_on_market_base":0.0218,"zhvi":354199.06,"zhvi_yoy":-0.0551,"zhvi_base":0.2281,"zori":2102.329,"zori_yoy":0.0408,"zori_base":"NA"}},{"type":"MultiPolygon","arcs":[[[-125,203,-103,-113,-2,-199]]],"properties":{"postal_code":"89120","realtor_list_price":505412.706,"realtor_list_price_yoy":0.1057,"realtor_list_price_base":0.6309,"realtor_active_listings":121.333,"realtor_active_listings_yoy":-0.0808,"realtor_active_listings_base":0.4431,"realtor_new_listings":34,"realtor_new_listings_yoy":-0.0727,"realtor_new_listings_base":-0.286,"realtor_days_on_market":81.784,"realtor_days_on_market_yoy":0.3668,"realtor_days_on_market_base":0.6928,"zhvi":407488.041,"zhvi_yoy":-0.0111,"zhvi_base":0.7098,"zori":1409.138,"zori_yoy":0.0037,"zori_base":0.586}},{"type":"MultiPolygon","arcs":[[[-132,-155,-95,-100,-204,-124]]],"properties":{"postal_code":"89122","realtor_list_price":351658.558,"realtor_list_price_yoy":-0.0584,"realtor_list_price_base":0.5857,"realtor_active_listings":181,"realtor_active_listings_yoy":-0.0286,"realtor_active_listings_base":0.542,"realtor_new_listings":57.333,"realtor_new_listings_yoy":-0.0652,"realtor_new_listings_base":-0.4565,"realtor_days_on_market":55.279,"realtor_days_on_market_yoy":0.0093,"realtor_days_on_market_base":0.7713,"zhvi":350452.302,"zhvi_yoy":-0.0198,"zhvi_base":0.6595,"zori":1627.04,"zori_yoy":-0.0378,"zori_base":0.4919}},{"type":"MultiPolygon","arcs":[[[-153,-147]],[[-149,-107,-60,204,205,-138]]],"properties":{"postal_code":"89138","realtor_list_price":846339.6,"realtor_list_price_yoy":-0.0194,"realtor_list_price_base":0.5265,"realtor_active_listings":263,"realtor_active_listings_yoy":0.1369,"realtor_active_listings_base":1.2524,"realtor_new_listings":83.333,"realtor_new_listings_yoy":0.1682,"realtor_new_listings_base":0.5024,"realtor_days_on_market":49.264,"realtor_days_on_market_yoy":0.0848,"realtor_days_on_market_base":0.1385,"zhvi":763413.735,"zhvi_yoy":-0.0324,"zhvi_base":0.6338,"zori":2883.656,"zori_yoy":0.0069,"zori_base":"NA"}},{"type":"MultiPolygon","arcs":[[[-59,206,207,-205]]],"properties":{"postal_code":"89144","realtor_list_price":682333.286,"realtor_list_price_yoy":-0.0162,"realtor_list_price_base":0.4588,"realtor_active_listings":125,"realtor_active_listings_yoy":0.0745,"realtor_active_listings_base":0.4352,"realtor_new_listings":37.333,"realtor_new_listings_yoy":-0.0345,"realtor_new_listings_base":-0.2312,"realtor_days_on_market":49,"realtor_days_on_market_yoy":0.035,"realtor_days_on_market_base":0.1822,"zhvi":515855.846,"zhvi_yoy":-0.0312,"zhvi_base":0.5543,"zori":2122.91,"zori_yoy":0.0111,"zori_base":0.4625}},{"type":"MultiPolygon","arcs":[[[-134,208,209]]],"properties":{"postal_code":"89007","realtor_list_price":"NA","realtor_list_price_yoy":"NA","realtor_list_price_base":"NA","realtor_active_listings":1,"realtor_active_listings_yoy":0,"realtor_active_listings_base":-0.3515,"realtor_new_listings":0,"realtor_new_listings_yoy":"NaN","realtor_new_listings_base":"NA","realtor_days_on_market":"NA","realtor_days_on_market_yoy":"NA","realtor_days_on_market_base":"NA","zhvi":366896.401,"zhvi_yoy":-0.0302,"zhvi_base":0.5466,"zori":"NA","zori_yoy":"NA","zori_base":"NA"}},{"type":"MultiPolygon","arcs":[[[-70,-196,-166,-158,-21]]],"properties":{"postal_code":"89113","realtor_list_price":563191.905,"realtor_list_price_yoy":-0.0206,"realtor_list_price_base":0.4226,"realtor_active_listings":273,"realtor_active_listings_yoy":0.0341,"realtor_active_listings_base":0.7734,"realtor_new_listings":70,"realtor_new_listings_yoy":0.05,"realtor_new_listings_base":-0.1192,"realtor_days_on_market":61.533,"realtor_days_on_market_yoy":0.0653,"realtor_days_on_market_base":0.3397,"zhvi":469676.175,"zhvi_yoy":-0.0428,"zhvi_base":0.5228,"zori":1867.47,"zori_yoy":0.0025,"zori_base":0.4762}},{"type":"MultiPolygon","arcs":[[[-202,-197,210]]],"properties":{"postal_code":"89158","realtor_list_price":909453.467,"realtor_list_price_yoy":0.545,"realtor_list_price_base":0.1193,"realtor_active_listings":46,"realtor_active_listings_yoy":0.2432,"realtor_active_listings_base":-0.2906,"realtor_new_listings":10,"realtor_new_listings_yoy":0.3636,"realtor_new_listings_base":-0.0511,"realtor_days_on_market":76.733,"realtor_days_on_market_yoy":-0.0865,"realtor_days_on_market_base":-0.0651,"zhvi":578117.646,"zhvi_yoy":0.035,"zhvi_base":0.3667,"zori":5091.667,"zori_yoy":"NA","zori_base":"NA"}},{"type":"MultiPolygon","arcs":[[[-206,-208,211,-193,-71,-23,-157,-140,-31,-139]]],"properties":{"postal_code":"89135","realtor_list_price":910816.116,"realtor_list_price_yoy":-0.0619,"realtor_list_price_base":0.3633,"realtor_active_listings":286,"realtor_active_listings_yoy":0.0502,"realtor_active_listings_base":0.1632,"realtor_new_listings":80.667,"realtor_new_listings_yoy":0.0522,"realtor_new_listings_base":-0.1271,"realtor_days_on_market":56.083,"realtor_days_on_market_yoy":0.0038,"realtor_days_on_market_base":0.0165,"zhvi":712977.381,"zhvi_yoy":-0.0116,"zhvi_base":0.6424,"zori":2478.578,"zori_yoy":0.0201,"zori_base":0.4971}},{"type":"MultiPolygon","arcs":[[[-99,212,-161,-192,-212,-207]]],"properties":{"postal_code":"89145","realtor_list_price":421676.931,"realtor_list_price_yoy":-0.007,"realtor_list_price_base":0.3149,"realtor_active_listings":129.667,"realtor_active_listings_yoy":-0.0604,"realtor_active_listings_base":0.1934,"realtor_new_listings":38.667,"realtor_new_listings_yoy":-0.1831,"realtor_new_listings_base":-0.3642,"realtor_days_on_market":59.448,"realtor_days_on_market_yoy":0.1319,"realtor_days_on_market_base":0.3473,"zhvi":386633.41,"zhvi_yoy":-0.0247,"zhvi_base":0.6669,"zori":1907.305,"zori_yoy":-0.0023,"zori_base":0.5766}},{"type":"MultiPolygon","arcs":[[[-49,-87,-112,-130,-122,-127,-201,-189]]],"properties":{"postal_code":"89104","realtor_list_price":384123.113,"realtor_list_price_yoy":-0.0671,"realtor_list_price_base":0.6543,"realtor_active_listings":95,"realtor_active_listings_yoy":0.3571,"realtor_active_listings_base":0.2679,"realtor_new_listings":35.333,"realtor_new_listings_yoy":0.2927,"realtor_new_listings_base":-0.2877,"realtor_days_on_market":56.075,"realtor_days_on_market_yoy":0.0328,"realtor_days_on_market_base":0.5926,"zhvi":359351.754,"zhvi_yoy":-0.0185,"zhvi_base":0.7384,"zori":1324.432,"zori_yoy":0.0123,"zori_base":"NA"}},{"type":"MultiPolygon","arcs":[[[-164,-191,-203,-211,-194,-69]]],"properties":{"postal_code":"89103","realtor_list_price":293079.869,"realtor_list_price_yoy":-0.0741,"realtor_list_price_base":0.1432,"realtor_active_listings":301.667,"realtor_active_listings_yoy":0.1617,"realtor_active_listings_base":0.9839,"realtor_new_listings":66,"realtor_new_listings_yoy":0.2857,"realtor_new_listings_base":-0.1117,"realtor_days_on_market":81.939,"realtor_days_on_market_yoy":0.1566,"realtor_days_on_market_base":0.8155,"zhvi":253655.757,"zhvi_yoy":-0.0799,"zhvi_base":0.472,"zori":1417.529,"zori_yoy":0.0132,"zori_base":0.5026}},{"type":"MultiPolygon","arcs":[[[-200,-51,-188,-162,-213,-98]]],"properties":{"postal_code":"89107","realtor_list_price":367222.541,"realtor_list_price_yoy":-0.0065,"realtor_list_price_base":0.6428,"realtor_active_listings":114,"realtor_active_listings_yoy":-0.132,"realtor_active_listings_base":0.0947,"realtor_new_listings":40.667,"realtor_new_listings_yoy":-0.0896,"realtor_new_listings_base":-0.4067,"realtor_days_on_market":47.754,"realtor_days_on_market_yoy":0.0135,"realtor_days_on_market_base":0.2046,"zhvi":350639.549,"zhvi_yoy":-0.0186,"zhvi_base":0.7047,"zori":1340.867,"zori_yoy":-0.0233,"zori_base":"NA"}},{"type":"MultiPolygon","arcs":[[[-175,-187,-184,-177,-183,-180,-182]]],"properties":{"postal_code":"89081","realtor_list_price":435556.716,"realtor_list_price_yoy":-0.0053,"realtor_list_price_base":0.5713,"realtor_active_listings":131.667,"realtor_active_listings_yoy":-0.0366,"realtor_active_listings_base":0.2641,"realtor_new_listings":44.667,"realtor_new_listings_yoy":-0.2637,"realtor_new_listings_base":-0.425,"realtor_days_on_market":53.612,"realtor_days_on_market_yoy":0.2613,"realtor_days_on_market_base":0.5528,"zhvi":413208.017,"zhvi_yoy":-0.0118,"zhvi_base":0.6258,"zori":2101.142,"zori_yoy":0.0095,"zori_base":0.5554}},{"type":"MultiPolygon","arcs":[[[-133,213,-209]]],"properties":{"postal_code":"89027","realtor_list_price":376096.115,"realtor_list_price_yoy":0.0479,"realtor_list_price_base":0.3209,"realtor_active_listings":202.667,"realtor_active_listings_yoy":0.0723,"realtor_active_listings_base":0.8603,"realtor_new_listings":52,"realtor_new_listings_yoy":-0.025,"realtor_new_listings_base":0.0043,"realtor_days_on_market":79.423,"realtor_days_on_market_yoy":0.1395,"realtor_days_on_market_base":0.2898,"zhvi":346519.733,"zhvi_yoy":-0.0272,"zhvi_base":0.5307,"zori":1289.167,"zori_yoy":-0.001,"zori_base":"NA"}}]}},"arcs":[[[387176,569878],[4471,-68],[683,-16],[4185,23],[0,-1301],[346,606],[1744,1],[339,-542],[2110,232],[322,-464],[2,1483],[2417,46],[4681,127],[147,-3],[294,-2],[3320,99],[1227,37],[1221,25],[18,-547],[1179,52],[1277,30],[87,-1038],[1234,196],[-29,-910],[1230,-79],[-28,1541],[1272,-621]],[[420925,568785],[461,129],[766,-34],[0,-1073],[-1208,-10],[42,-1977]],[[420986,565820],[-28,-1953],[-11,-1007],[-1,-965],[1206,-7],[-14,-988],[-1212,-9],[-15,-987],[-30,-1966],[-17,-868],[-1,-125],[-24,-1976],[2407,1],[-5,-978],[-2418,0],[-20,-2046],[-2,-126],[-58,-1694],[1191,-1],[1215,-470],[-69,-2920],[-1188,-478],[-1243,12]],[[420649,546269],[43,1928],[-2053,3],[-24,-1090],[-941,-586],[-1170,0],[1,-258],[-704,-7],[-4867,-29],[42,989],[-1225,-5],[-31,-985],[-3642,-12],[-2559,-1],[54,1004],[-2335,8],[-2387,38],[3,491],[-2349,57],[-24,-1303],[-4127,109],[-12,-154],[-714,18],[-4440,-301]],[[387188,546183],[-58,2195],[34,6046],[12,3985],[-1,4183],[1,7286]],[[372784,708343],[9748,-279],[103,-3910],[-8221,241],[-1657,-87]],[[372757,704308],[-1,74],[18,1989],[10,1972]],[[330241,700271],[1522,-1649],[101,1],[2228,-13],[3,734],[-1594,7],[965,1291],[-316,140],[-1228,984],[1982,2064],[156,771],[50,1002],[3,988],[7,1999],[11,1996],[42,2479],[-12,1431],[-17,1903],[-42,4105]],[[334102,720504],[9633,-160],[3,90],[16657,-160],[12439,-121],[-1,-256]],[[372833,719897],[-19,-3503]],[[372814,716394],[-5,-2199],[-13,-3870],[-12,-1982]],[[372757,704308],[62,-1914],[58,-2006],[65,-2011],[130,-2036],[43,-4003],[74,-4063]],[[373189,688275],[-169,-6],[-4679,-18],[-5105,-92],[-4720,-35],[-2429,24],[-2494,30],[-2383,182],[-2017,135],[-456,37],[-1224,100],[-1771,169],[-2057,523],[-933,-478],[-2297,270],[-297,36]],[[340158,689152],[-3261,3569],[-3547,3869],[-363,-3],[-1917,88],[23,1689],[-2062,64],[207,700],[1003,1143]],[[668792,850802],[2235,1617],[1335,1197],[1434,1637],[5622,7280],[1138,1245],[33990,31105],[3978,-2131],[4566,-1671],[2879,-1393],[2220,-2320],[680,-598],[981,-443]],[[729850,886327],[59,-2934],[63,-5937],[-141,-1422],[373,-24299],[1235,31],[35121,-95],[2847,3],[6561,61],[1446,-21],[1851,30],[30,1000],[1241,28],[-30,-962],[-7,-268],[1605,-950],[946,-826],[114,-309],[3602,-5138],[397,-2303],[1143,54],[1025,452],[2891,2037],[4101,3746],[823,999],[4067,2413],[1879,1004],[1359,474],[1396,1164],[577,751],[253,12]],[[806677,855122],[1488,280],[3035,1345],[1962,983],[1812,559],[2295,-344],[1470,-36],[3180,1067],[1948,500],[4533,1529],[1430,637],[2460,313],[2071,-664],[780,-429],[1489,169],[696,-1486],[3399,-788],[2295,-1014],[-65,-1203],[878,-1416],[-162,-960],[-761,-1424],[147,-2413],[-201,-393],[-908,-975],[59,-1680],[644,-2407],[-573,-2273],[1190,-1209],[16,-1167],[-832,-1745],[222,-2434],[-897,-2555],[-254,-1746],[617,-2467],[-746,-2381],[-719,-732],[-1301,-2325],[-389,-2050],[601,-1219],[-935,-587],[-1724,-27],[-978,-927],[-91,-1711],[347,-1981],[-732,-1686],[-2725,-5598],[-1610,-410],[-1066,130],[55,-791],[-1297,-479],[-3384,-2473],[321,-623],[-670,-875],[225,-412],[792,-207],[986,1118],[531,-516],[640,416],[-194,-1151],[663,-818],[828,1127],[512,-940],[-928,-116],[848,-997],[-2183,-1252],[431,-631],[1927,-1619],[751,116],[652,-842],[703,-160],[-1167,-478],[1068,-202],[-717,-682],[269,-1160],[1630,206],[-282,-1350],[1631,152],[-644,-567],[718,-1062],[556,111],[273,-997],[909,-777],[37,-55],[365,-360],[250,-1483],[7028,-2336],[987,-1643],[372,-1130],[-405,-1017],[1292,-1038],[625,-300],[1094,-1574],[-633,-570],[-44,-985],[765,-189],[758,661],[483,-270],[-1314,-1417],[549,-843],[1221,181],[-460,-928],[250,-579],[791,113],[571,-2032],[673,-50],[501,-738],[-99,-1014],[625,-265],[739,-1017],[-217,-1050],[766,-2325],[1210,89],[765,-531],[-434,-231],[-1192,-1911],[92,-1091],[-482,-231],[162,-1012],[836,-581],[-1126,-385],[55,-1246],[-1078,-493],[677,-1189],[-1011,-831],[-1916,-323],[-1435,15],[-459,-831],[-1574,377],[691,-896],[-1404,-1418],[-2133,-1970],[-503,-1317],[-3358,-256],[1523,-981],[-191,-727],[-875,119],[155,-653],[-927,608],[397,-756],[-750,-1288],[-3199,254],[-662,656],[-1857,-143],[1802,-1222],[-690,-196],[570,-872],[-725,-504],[-1356,675],[-1181,196],[-261,-335],[828,-795],[-860,-291],[1022,-563],[1169,-23],[552,-685],[610,142],[1733,-1200],[-1159,-196],[-132,-475],[659,-1234],[-791,-169],[-746,744],[-757,-1459],[629,121],[824,-1201],[-383,-281],[913,-985],[-794,-309],[-1089,611],[-463,-647],[-464,1160],[-676,314],[52,-1062],[-717,-469],[1758,-1105],[427,-908],[-125,-1035],[-955,-338],[-684,595],[-1030,137],[-574,1355],[-1441,1278],[-1302,-279],[1162,-231],[-7,-1136],[-907,-511],[567,-1957],[-912,284],[-305,-528],[868,-329],[1735,-139],[8,-631],[-1110,-1],[-882,-463],[-551,344],[-545,-451],[912,-142],[-470,-428],[1889,-85],[-1576,-970],[904,-406],[633,243],[963,-551],[-632,-1599],[-1443,-366],[-1934,433],[-1176,-360],[1345,-162],[405,-1009],[-1978,362],[512,-973],[-566,-469],[1037,-160],[-1293,-404],[1544,-1070],[-577,-534],[-882,409],[162,-717],[-2065,-432],[838,-210],[-1072,-1478],[2153,678],[1578,-1684],[-801,-99],[-1103,546],[-1970,-760],[1125,-36],[379,-628],[-1204,-810],[1653,217],[-499,-700],[378,-330],[-583,-771],[353,-285],[160,-2340],[470,-207],[-363,-1792],[434,-738],[-925,-327],[225,-1601],[-1073,-149],[-65,-671],[1212,-70],[-271,-531],[489,-1074],[698,-231],[-448,-611],[765,-578],[-271,-499],[-1543,474],[591,-696],[-1039,-603],[1422,-592],[493,-727],[-988,477],[-1832,-1388],[-1202,-569],[1006,-267],[1118,299],[96,-454],[-1089,-341],[936,-872],[-797,160],[-416,-972],[-1227,241],[-1073,-670],[1419,450],[1358,-603],[-1249,-510],[1123,-338],[1682,400],[276,-1127],[739,-222],[-1010,-347],[368,-680],[-727,-813],[-874,26],[812,-954],[1686,333],[-764,-698],[1014,-521],[-1949,-66],[889,-637],[-1333,-236],[621,-711],[56,-1243],[-890,-3005],[-41,-3678],[-314,-1379],[-565,-569],[39,-1246],[1386,-36],[-110,-700],[-976,-168],[-261,-819],[521,-172],[-504,-1288],[333,-795],[-257,-685],[604,-221],[-286,-607],[-1181,315],[329,-575],[-735,-970],[620,-439],[-525,-840],[972,-1035],[-1139,-522],[-625,-1050],[778,-560],[-929,-178],[202,-471],[-650,-620],[-12,-848],[-576,-74],[-735,-923],[1226,-235],[138,-907],[-741,-1109],[-380,-1937],[-786,-474],[1813,-808],[-258,-391],[-2158,-198],[136,-554],[1074,-1090],[-88,-602],[-855,-38],[18,-552],[-1968,-1280],[326,-1537],[799,-1065],[-371,-204],[-1820,362],[-965,-222],[338,-647],[-533,-821],[1111,-490],[-620,-504],[377,-445],[1475,65],[377,-1119],[1813,830],[-345,-448],[1386,-1570],[1349,-140],[-1170,-284],[-756,-949],[1169,-762],[1493,-244],[-154,-330],[-1589,-231],[-330,-652],[1647,418],[1577,-81],[-1493,-634],[80,-1350],[-477,161],[-1960,-1186],[818,-268],[-969,-556],[513,-754],[1919,1233],[830,800],[1567,-956],[-960,-1455],[-2047,-426],[-481,-546],[1360,-618],[219,-828],[-466,-610],[638,-350],[708,480],[907,-998],[253,-15230],[-3344,-1103],[-9147,2404],[-5829,648],[-3309,-1013],[-4256,-4198],[-11165,-6350],[-1840,232],[-2672,2666],[-2391,3820],[-3871,898],[-2727,-435],[-8204,-4952],[-8133,-1679],[-3175,312],[-2032,1471],[-402,1801],[1102,1670],[2145,1568],[1556,787],[55,1364],[-440,697],[-3819,2807],[-3344,584],[-7888,-1644],[-1872,156],[-334,671],[-3415,1340],[-2165,58],[-2983,-634],[-3590,904],[-3140,-783],[-5369,96],[-3233,-1217],[-1363,-1159],[-9147,-2788],[-7669,-5389],[-2607,-1029],[-2788,1137],[-1750,2908],[-2504,2527],[-1090,214],[-3458,-3600],[-1766,-230],[-9749,-5941],[-2002,-3177],[-170,-271],[-1191,-779],[-4073,-181],[-1754,-1001],[-2528,-2288],[-1567,-393],[-1304,337],[-1622,911],[-1925,582],[-1096,-29],[-1555,-1076],[-3904,-1156],[-3266,-328],[-4073,-30],[-10217,-1792],[-5909,-3976],[-1329,-2149],[-1982,-1898],[-868,-2597],[1977,-3076],[4226,-4576],[1508,-2562]],[[625416,574597],[-310,-182],[-1776,393],[-6066,3785],[-23189,12933],[-11447,5757],[-7632,2997],[-6954,2439],[-2013,-97],[-2180,210],[-2647,1201],[-1369,1019],[-491,1616],[-2153,1735],[-2251,1025],[-1383,1003]],[[553555,610431],[584,61],[2764,-1303],[550,-557],[1345,48],[467,-1136],[1704,-1431],[599,-1163],[711,-254],[975,792],[-1419,1683],[-250,1234],[854,208],[1060,-1571],[1496,-948],[678,371],[345,-985],[-165,-769],[935,-825],[157,1256],[-223,804],[582,47],[475,2561],[660,-1305],[840,-425],[-86,590],[812,-378],[528,761],[632,-630],[-566,-500],[1336,-492],[691,919],[666,103],[-871,-1002],[194,-440],[856,-275],[279,1041],[1030,-485],[-420,611],[-45,1834],[-1588,1904],[-199,605],[-2459,2755],[-2582,2446],[1283,705],[-45,2763],[3352,392],[2582,1533],[3286,590],[1940,977],[3062,221],[3533,948],[4138,-307],[3068,277],[2404,-441],[2256,493],[1053,1061],[551,1449],[2097,1205],[1100,1353],[896,1684],[847,879],[2099,1302],[3610,1513],[4205,1202],[4168,2782],[2604,243],[3443,1253],[707,853],[2393,814],[1194,882],[3631,961],[2666,-319],[4054,592],[3249,627],[3939,533],[3401,123],[2687,-345],[1476,113],[-55,549],[1378,855],[-1401,2008],[-127,19521],[9802,703],[-74,3884],[781,2],[45,93751],[713,292],[159,-148],[195,-104],[84,-169],[92,-74],[240,-15],[459,48],[471,-7],[158,45],[171,132],[6935,0],[35,11840],[-1809,315],[-3661,1234],[-3503,-211],[-719,282],[36,24738],[6481,51],[-710,6431],[-1109,5772],[-417,3216],[-254,4869],[243,12256],[-263,13634]],[[314286,593193],[2370,-44],[-37,-2022],[1533,-12],[28,992],[909,11],[38,1008],[4872,-21],[1732,-3],[174,-1],[2982,-7],[4277,20]],[[333164,593114],[-16,-4021],[-2076,-171],[238,-1842],[2463,16],[22,-2010],[-81,-6010],[-2495,-19],[-28,-2003],[2496,21],[6,-1690],[61,-3350],[17,-974],[-2426,-21],[24,-1125],[365,7],[-293,-871],[2369,19],[17,-1550],[32,-2699],[58,-3699],[59,-3162],[-3,-799],[55,-3971],[-1598,13],[-307,3],[-36,-1362],[215,13],[1611,-40],[-54,-495],[-34,-1028],[-40,-271]],[[333785,550023],[-31,0],[-5023,35],[-2532,17],[-2518,49],[189,3977],[49,1159],[57,1269],[31,666],[106,1811],[126,1989],[-8,138],[-1169,48],[-206,-147],[-4545,-49],[47,-2406],[488,-1491],[-4847,-115]],[[313999,556973],[1,12001],[2,3918],[0,489],[0,2868],[1,651],[62,1973],[17,2102],[22,961],[66,3105],[-14,880],[9,290],[59,1884],[16,993],[46,4105]],[[128858,850913],[-4704,270],[-63,1070],[-2424,10],[1,-936],[-2430,132],[-7534,430],[-17,-946],[2675,102],[-3,-2338],[2209,38],[-143,-5138],[3411,-1132],[2690,985],[4302,-630],[6073,-282],[-2268,6188],[-873,2017]],[[129760,850753],[6525,-528],[4342,-1242],[1830,-843],[18756,-10803],[49,175],[12326,-7091],[7066,-102],[904,1037],[15123,21091],[108,507],[1353,1867],[1628,1496],[-1136,1328],[523,1316],[-492,1022],[999,453],[301,713],[58755,-104],[199,-29987],[-128,-15676],[70,-812],[-71,-256],[46,-655],[18664,-35],[6136,-100],[38274,-624],[51892,-845],[-66,-7506],[17643,31],[29234,50],[1809,-109],[8327,45],[-559,-2431],[-1424,-2138],[-1810,-1813],[-955,-241],[-3055,469],[-986,-460],[-150,-1845],[-790,-1826],[-1150,-838],[-482,-952],[348,-479],[-667,-1121],[274,-845],[-1082,-1947],[-690,-408],[-2121,-1893],[-2085,-736],[-2391,-570],[-1347,-2096],[-218,-955],[-1224,-1054],[-1048,-480],[-999,-2361],[-1501,-1835],[-1258,-2128],[-1467,-1737],[891,-706],[1411,-568],[287,-2344],[552,-482],[1458,-422],[1864,-2069],[43,-1259],[2099,-1942],[382,-614],[271,-1613],[747,-1068],[2594,-1413],[2581,-561],[1229,-1736],[663,-1365],[1405,-1130],[531,-2436],[998,-1338],[1901,-803],[654,-728],[2616,-1432],[2899,-1970],[1694,-1593],[73,-1157],[654,-659],[2377,-1516],[2171,-958],[-167,-2072],[441,-1438],[498,-2806],[481,-787],[996,-681],[1636,-2217],[101,-1976],[353,-2249],[-171,-2389],[196,-918],[-9357,7],[-10113,-591],[-29060,229],[-19034,77],[-924,-256]],[[334102,720504],[-2327,-53],[-606,2],[-625,1],[-1213,29],[-14826,177],[-2901,-18]],[[311604,720642],[-248,-2],[-8367,-12],[-6938,-11],[-10710,309],[-171,14947],[66,607],[-7,2608],[1,3321],[-16230,13393],[-9222,7616],[-1610,1582],[-1538,2083],[-10965,18898],[-1125,1780],[-2055,2276],[-2143,1660],[-8835,5152],[-1667,-1822],[-14690,-11520],[-5095,-3293],[-1750,-1361],[-6219,-5432],[-1510,-1058],[-5907,-3716],[-9398,-7171],[-1720,-919],[-6732,-2418],[-1047,-555],[-7243,-5249],[-1192,-637],[-8183,-3443],[-1694,-1068],[-4281,-3458],[-6727,-3383],[-822,-626],[-809,-1115],[-934,-1837],[-1840,-1675],[-644,-1335],[-1008,-1272],[-2731,-2731],[-2016,-1880],[-1955,-3134],[-1952,-1769],[1119,273],[2063,-24],[3501,1064],[1419,-999],[1083,-197],[1315,-1086],[1939,-477],[234,-781],[-593,-529],[-102,-867],[2297,-2589],[1738,-1545],[702,-1610],[1013,-1290],[-72,-644],[-979,-2564],[124,-795],[494,-398],[1309,-355],[1962,-1260],[817,-214],[1763,-553],[3503,291],[1738,-991],[-144,-583],[-2473,-861],[-2350,-215],[-464,-460],[2151,-159],[225,-1054],[1273,-1124],[745,-1506],[1368,-485],[682,-670],[2476,-1305],[1152,-1128],[2081,-822],[2779,-1626],[2158,-587],[1609,-771],[1392,-1612],[1076,-3100],[175,-1041],[-1203,-412],[5166,-645],[1304,101],[1574,541],[944,95],[1840,-335],[941,134],[1943,-501],[792,142],[2953,1001],[1044,131],[2031,-243],[3780,387],[3861,1093],[5319,1445],[1777,156],[1708,-113],[3784,-482],[1119,69],[1425,411],[1763,234],[4269,-216],[3848,-615],[2563,704],[1930,1180],[1393,87],[1093,-267],[2725,105],[3046,507],[-15,-1263],[233,-1127],[2821,1085],[1318,843],[4328,-618],[2702,374],[1576,836],[1362,244],[431,-1950],[158,-47968]],[[255685,640873],[350,-14572],[-14532,52],[368,-656],[-679,-217],[-1145,-1196],[-1274,764],[-1332,305],[-935,994],[-763,303],[-598,806],[-979,6],[-215,397],[1045,1445],[74,945],[-550,617],[-430,1316],[-1162,-227],[-383,-591],[-697,797],[-512,-537],[-1142,-6],[-364,-1035],[-802,891],[-508,-56],[-231,-1224],[241,-1233],[-1108,-571],[-61,-1163],[-2299,-479],[-1958,-1212],[-198,-410],[108,-2018],[-1006,-1007],[-1925,1237],[-3235,1143],[-1816,1479],[-275,-416],[-689,732],[-1587,901],[-1592,449],[-753,935],[-1202,-1212],[-1753,-1319],[-1178,304],[-2153,-1209],[-199,-1527],[-1748,-1316],[-703,-2480],[-89,-1405],[-1628,-1094],[250,-951],[-1423,-745],[-745,-2190],[-79,-953],[500,-810],[-578,-336],[-167,-1253],[-696,-581],[-2129,-401],[-2022,-465],[-1464,-820],[-719,-1967],[-1145,-1281],[-1389,-896],[-891,-197],[-1806,-1092],[-2069,1997],[-132,-286],[-1593,-3931],[-674,-803],[-5080,-1364],[-847,-78],[317,-401],[1489,-748],[895,-1961],[266,-1848],[997,-2070],[3631,-5147],[174,-490],[-392,-858],[355,-880],[-1083,-460],[-1915,-1625],[-435,-611],[1573,-2936],[289,-1551],[948,-2820],[89,-2248],[1110,-4205],[1043,-1956],[34,-2049],[746,-1609],[-82,-911],[224,-2409],[-321,-1677],[-820,-1244],[-579,-1503],[-1987,-2657],[-403,-1153],[323,-917],[-12331,-5354],[-1774,-559],[-1666,-243],[-3756,-172]],[[161544,542628],[-28994,-1331],[-2354,387],[-1862,721],[-101292,61599],[1,976],[43,13164],[-21,13146],[-27065,790],[109,39899],[24,9504],[85,30982],[120,44968],[25,9039],[-155,85750],[9378,-2814],[2487,-614],[1395,-211],[28601,-2998],[1646,-87],[2097,44],[1854,185],[7335,927],[-1217,5718],[-309,2058],[-388,1253],[-4742,5347],[36798,-168],[24371,-123],[-3,1356],[4284,21],[26,-900],[2330,4],[-2,1849],[944,186],[1661,-1319],[483,-701],[7445,14],[-166,-864],[-404,-4807],[30,-779],[1373,-428],[33,-1733],[1965,-192],[1614,543],[4,-1868],[-2273,-208]],[[93364,776895],[976,2252],[932,1348],[1307,1411],[2623,1400],[1530,539],[1061,176],[2197,-24],[1742,197],[2052,882],[1412,183],[3825,-39],[3693,239],[3665,578],[3468,1527],[4732,2360],[15956,8153],[1171,687],[3380,2591],[30148,15673],[1160,-1480],[2358,1294],[733,-900],[1760,-304],[914,462],[598,1238],[-655,1283],[-1635,-383],[-810,1115],[3846,1993],[594,503],[-3790,-473],[-5071,2478],[-4350,2549],[-1803,-19],[25,1068],[-11883,6953],[21,-5015],[-27683,-23],[-156,-1210],[-1414,-1139],[-429,-604],[-459,-1492],[-920,-949],[-843,-1442],[-966,-578],[-1687,-2120],[-2760,-1464],[-720,-159],[-2194,-1526],[-919,-1110],[-904,-307],[-720,-776],[-1978,-1157],[-1594,-1553],[-3939,-2707],[-288,-1027],[-1410,-1793],[-275,-866],[-1103,-1397],[-657,-1904],[-1056,-1607],[-1423,-3388],[-90,-717],[-1117,-2065],[-1272,-1051],[-1255,-2015],[-1638,-1534],[-1776,-2473],[-934,-1656],[-1438,-2140],[-500,-3165],[-566,-878],[-799,-2503]],[[249251,574637],[2478,-1958],[5395,-3186],[5151,-2266],[3127,-626],[3199,-1170],[888,-95],[1580,442],[1918,125],[4922,-573],[789,-267],[1011,-871],[666,-1206],[788,-706],[4144,-2079]],[[285307,560201],[-16,-2787],[-8532,-789],[-4241,123],[-1970,-212],[-1019,-500],[-871,-836],[-659,-1251],[-1206,-1261],[-894,-474],[-7390,-3252],[-90,4658],[-5158,-412],[-2016,38],[-430,697],[-172,1099],[-1853,2568],[-124,1086],[-721,2185],[-872,1247],[-1330,1110],[-445,741],[-278,2223],[1222,1619],[-579,1056],[-323,379],[-1225,20],[553,1109],[918,1643],[-13,96],[-22,1324],[1135,499],[611,84],[1954,606]],[[128858,850913],[902,-160]],[[590306,496028],[19382,118],[-181,15460],[-9691,126],[29,16069],[30,8801],[-3,2580],[-17970,44],[2005,2411],[1043,655],[683,222],[8243,1501],[1070,34],[2233,-450],[2017,57],[6251,1257],[1461,774],[1868,157],[3292,-1189],[1533,630],[1913,1997],[1467,-334],[866,-266],[510,17],[295,79],[395,248],[364,384],[1065,373],[1407,-301],[2184,399],[733,-442],[-750,-1007],[2048,1515],[1240,-365]],[[627338,547582],[-1904,-1314],[-314,-469],[-1,-1],[-907,-1352],[-251,-1854],[1834,-7789],[-2112,-3787],[1712,-5098],[5768,-7276],[190,-1384],[5052,-8063],[4176,-6929],[2717,-2053],[-536,-8505],[4464,-5692],[12066,-9217],[3235,-3612],[2607,-1745],[2154,-592],[855,-1417],[-535,-1002],[-3824,-2230],[-6672,-972],[-5114,-2496],[-1577,-2268],[-1823,-422],[-3174,-586],[-1588,-1927],[2295,-4448],[3185,-3785],[629,-809],[-503,-1914],[-4078,-7645],[-3357,-2377],[-1191,-2160],[7147,-8641],[-1353,-11395],[3086,-7075],[-867,-12043],[-4405,-11844],[20,-1874],[2162,-3890],[2894,-2502],[7262,-4256],[1097,-2443],[-853,-3164],[-552,-896],[-3783,-6141],[609,-7453],[47,-582],[6165,-4594],[4887,-7409],[1347,-3060],[1328,-873],[1338,-160],[928,-500],[1202,-1353],[2076,-3379],[-487,-7129],[-2448,-5006],[-222,-455],[-1081,-567],[-1610,-261],[-5828,-2852],[-421,-651],[471,-583],[1794,-1167],[1718,-1019],[2798,-4951],[60,-1388],[928,-6673],[-92,-2455],[570,-2544],[1685,-2479],[131,-2209],[-1829,-2611],[-1863,-2865],[-3931,-1426],[-3201,-3592],[-658,-5948],[-186,-1678],[546,-1921],[1024,-3599],[2116,-3479],[-681,-3928],[3885,-3688],[-513,-4594],[1655,-2604],[14,-295],[169,-3410],[5158,-6441],[683,-2728],[14070,-11436],[3182,-6901],[1726,-9038],[3515,-5407],[2955,-6300],[5731,-18479],[-1267,-14735],[5616,-18675],[2276,-16350],[1415,-6485],[189,-5646],[2776,-2021],[1470,-2866],[97,-572]],[[716703,106758],[-1510,-134],[-290,-795],[-50,-353],[-650,-4373],[-661,-1028],[-927,-329],[-2972,294],[-1063,-198],[-5071,-1556],[-1670,-353],[-704,-661],[-13102,2889],[-5754,1223],[-1481,496],[-2705,1847],[-1216,611],[-3793,477],[-2485,-95],[-1721,788],[-95,49],[-2693,1261],[-3576,1012],[-2503,-75],[-2185,94],[-1394,-974],[-201,-1089],[318,-1358],[-165,-1172],[-597,-820],[-152,-783],[776,-1608],[481,-2729],[-258,-1837],[425,-2384],[-29,-1276],[-711,-997],[-1345,-624],[-1051,-21],[-6209,751],[-5050,960],[-2091,179],[-4878,-56],[-2662,444],[-3843,470],[-2274,77],[-3064,-273],[-12437,-2414],[-3028,28],[-1768,427],[-9338,3132]],[[597281,93902],[-640,2288],[-2242,5380],[-1583,3255],[1981,-3],[-1655,5075],[469,433],[-907,482],[-2249,5972],[-694,2498],[-679,1149],[-936,2820],[-1828,3783],[-2180,5943],[-898,1663],[-549,1533],[-5838,13160],[-6154,13000],[-1014,1805],[-2815,6539],[-1226,2522],[-773,2325],[-498,777],[-1302,3128],[-1287,2361],[-3241,6490],[-727,2114],[-663,1085],[-31173,88],[-555,-47310],[-7206,-1804],[-3331,-1274],[-1621,-261],[41,-4308]],[[513308,136610],[-25466,20363],[-26311,20574],[-18082,14518],[-3972,3190],[-10429,7636],[-11311,9074],[-12449,9971],[-6926,5545],[-2685,2593],[-21362,16976],[-4614,3667],[-6679,5308],[11305,2104],[4927,930],[2827,796],[12157,3915],[7940,3578],[965,493],[4368,3083],[910,728],[2565,3097],[996,776],[2308,1053],[948,235],[483,84],[1068,82],[1102,-8],[22792,-385],[1093,-109],[967,-198],[75090,-23317],[438,1574],[228,1873],[176,3781],[537,4596],[719,4239],[509,4901],[-425,151],[875,7232],[658,428],[795,6404],[-412,5699],[-1702,23030],[-54903,399],[-549,-316],[-29051,483],[330,1732],[334,623],[441,230],[-274,538],[183,1198],[942,2176],[46,1566],[744,375],[-312,1619],[411,2496],[464,1966],[-289,480],[683,458],[-91,507],[8210,32692],[4407,7613],[8349,14425],[10912,-1],[9,-23511],[48216,-6],[-26,23512],[4816,0],[-3,4514],[7438,16766],[733,1525],[12930,15826],[2990,6090],[-2,-5576],[58316,-53],[214,8260],[-10973,0],[-20,47074],[-2030,10],[14,5779],[-3595,-1],[63,7690]],[[330241,700271],[-328,360],[-3620,3974]],[[326293,704605],[-860,954],[-2063,2250],[-4413,4809],[-3121,3416],[-1374,1524],[-1928,2082],[-930,1002]],[[133148,514926],[-1694,-2799],[-2792,-3621],[-542,-2332],[1601,408],[3366,2032],[2122,-96],[2815,98],[1643,-162],[591,-609],[903,495],[1404,-568],[357,565],[3517,25],[1411,-210],[2409,-962],[1752,-1676],[1698,-73],[1645,-928],[1726,-368],[1868,709],[3750,67],[2217,-1337],[1301,98],[924,-616],[2524,-370],[4513,1259],[2663,1268],[1603,1067],[1044,340],[2934,2055],[896,802],[834,1074],[788,1740],[1590,2115],[214,564],[793,10],[9858,798],[3297,-524],[15238,-494],[21571,720],[8306,-305]],[[245806,515185],[480,-849],[1766,-367],[390,-688],[-666,-1955],[669,-1852],[792,-1399],[-62,-1193],[1626,-1404],[1444,-854],[-340,-3203],[708,-1508],[-81,-769],[-1164,-1120],[-44,-1692],[-432,-1115],[158,-1933],[-779,-1366],[-200,-1006],[-1111,-1824],[-860,-3060],[-7,-1517],[-458,-1160],[55,-2004],[-13,-1584],[-540,-2217],[-376,-2331],[161,-692],[-168,-3619],[1333,-1933],[-92,-2936],[-796,-496],[-2061,-286],[-867,-3335],[2156,-3981],[2299,-3742],[580,-1451],[1137,-12],[3568,1],[197,-50],[225,-216],[50,-221],[254,-1990],[112,-196],[24794,-15605],[1884,-1036],[2929,-1823],[22679,-10902],[16450,22305],[783,985],[646,692],[4001,3551]],[[329015,448227],[507,-402],[1341,272],[854,-200],[452,-1045],[-973,-965],[375,-1412],[2590,-4527],[1490,-3500],[472,-791],[273,-1929],[-172,-1545],[-1612,-6751],[-777,-2151],[-1921,2319],[-4719,919],[-986,725],[-1008,289],[-2087,202],[-2922,539],[-2645,-2679],[-822,-1062],[-3650,-6226],[364,-315],[-600,-603],[-594,-1185],[-1065,-3579],[429,-3874],[804,-3568],[1937,-11316],[-409,-7569],[438,-269],[6634,-2944],[3441,-304],[2350,-1473],[22672,9754],[11496,6010],[6356,-5241],[4333,-3818],[-266,-36434],[87,-237],[-21,-362],[901,-1248],[339,-31536],[35,-410],[-45659,-183],[-37899,-62],[-4174,-11],[-10579,8301],[-1435,1126],[-10,8],[-1332,1119],[-5707,4462],[-835,544],[-3697,3439],[-31277,24273],[-16324,12669],[-13514,10636],[-3010,-839],[-292,-2996],[117,-1902],[915,-1479],[1246,-3807],[-2550,-278],[-888,-4087],[-243,-507],[-1490,-1867],[-2310,-2163],[-1443,-705],[-1322,-915],[-1717,-2918],[-61,-965],[-3654,365],[-5298,242],[-3878,57],[-15881,4358],[-2193,677],[-469,1141],[164,-1312],[-479,-1724],[-35,-841],[-577,-2203],[-474,-1218],[-22,-2704],[195,-1701],[-114,-2656],[351,-828],[-264,-876],[-797,-1245],[-391,-1916],[-1609,-1569],[-917,-2217],[-1026,-779],[-1647,-345],[-2298,-3215],[-30,-707],[-1046,-1330],[-345,-1577],[-1286,-1584],[-2384,-1113],[-1440,-515],[-1871,-1288],[-1879,-620],[-5570,-1619],[-10222,-2150],[-4256,-1459],[-5803,-2311],[-4799,-1756],[-1881,-2593],[-2184,-1626],[-5675,-4830],[-961,4326],[-5608,12761],[4293,10262],[1429,2797],[574,1545],[1429,3078],[1473,3694],[460,1561],[1965,4440],[607,5881],[1007,1858],[2247,7507],[-120,831],[466,908],[-628,448],[-319,1534],[194,653],[2572,5125],[3427,3992],[1370,2630],[2999,2549],[3303,1096],[10259,11358],[-877,1598],[-1261,875],[-52,827],[-624,88],[-2390,-418],[-527,69],[-1307,-522],[-3776,344],[-3934,-472],[-4469,-667],[-15484,-1665],[-1339,-1869],[-318,-770],[-674,-518],[-199,-686],[-1412,-2339],[156,-665],[-786,1237],[-2953,3173],[-1330,-1736],[-1318,-1205],[-2652,-1880],[171,-935],[-252,-743],[-783,-344],[-2525,-206],[143,-433],[222,-389],[2350,78],[26,-758],[-1155,-546],[-1035,-953],[-854,-369],[-1847,-364],[-1313,-47],[-5744,-6776],[-2307,-3396],[-4030,-1999],[-1221,1699],[-5543,4408],[-573,115],[-1763,1063],[-1763,1299],[1374,-223],[-903,1871],[401,3003],[574,2014],[308,632],[1695,1842],[942,1749],[2876,3558],[509,1308],[1961,1464],[1758,2108],[28,629],[1339,1217],[808,431],[1740,2800],[1261,1311],[4119,2257],[2030,621],[2274,1247],[1602,681],[1386,880],[2512,286],[2962,686],[5630,1097],[7964,248],[8381,1194],[2756,912],[2376,508],[2226,902],[1310,232],[-3823,7129],[87,1971],[244,1102],[10,3013],[-108,2],[-531,473],[-4880,3037],[-5551,2429],[-3229,2286],[3477,-248],[10842,160],[-327,2198],[-5956,3521],[-2014,1295],[-3292,1834],[-2660,1289],[-36,2186],[4391,-632],[6287,341],[903,332],[-29958,22961],[-4011,3150],[-41077,32268],[1405,-30],[2642,-83],[95736,348]],[[409959,639806],[1001,-19],[-967,-1466]],[[409993,638321],[-1363,20],[34,579],[-62,898],[1357,-12]],[[380693,644713],[3150,8],[1934,8],[1764,15],[605,7],[1,-14],[1523,22],[494,-1],[2850,11],[2417,-5],[9,838],[22,3083],[2445,14],[1243,-16],[98,1]],[[399248,648684],[1111,18],[1209,-268],[1212,39],[-30,-2749],[-12,-969],[2409,10],[2478,10],[-69,-2808],[-228,-1171],[250,-4],[952,12],[23,-2094],[-400,-1691]],[[408153,637019],[-1372,-2199],[-595,-913],[-57,-75],[-697,-1112],[-2442,-3784],[670,-282],[-2504,-3638],[314,-138]],[[401470,624878],[-348,4]],[[401122,624882],[-791,-1],[-1533,55],[-561,-33],[-125,-6],[-211,-1],[-2530,3],[-610,1443],[-1837,-532],[-1189,-638],[-301,196],[-1222,-232],[4,533]],[[390216,625669],[-2,834],[1123,-7],[-606,394],[21,1911],[683,-2],[33,2704],[-319,1230],[-512,973],[-82,106],[-820,965],[-1603,32],[-71,1639],[91,121],[-240,295]],[[387912,636864],[-3678,4011],[-1023,1065],[-79,84],[-565,-209],[-1776,1691],[-307,472],[0,724],[209,11]],[[423037,543006],[4512,3217],[2150,1406],[490,-419],[160,-438],[73,2167],[1951,729],[1658,-705],[1460,-149],[-6,770],[-655,1846]],[[434830,551430],[3488,164],[1117,-615],[292,-874],[-1853,-745],[675,-1084],[1500,332],[-78,-2514],[-2,-155],[-31,-2275],[-2420,-28],[-12,-1405],[2412,-29],[859,-12],[977,-356],[-9,-1470],[-232,-2097],[4483,-47],[826,-1559],[361,-1298],[2273,151],[-40,-5085]],[[449416,530429],[-977,5],[-961,5],[-7720,-8],[18,-1398],[1207,-285],[7,-727],[1807,-16],[12,-1480],[609,-992],[1203,-13],[1213,-1625],[-122,-357],[-1678,16],[13,-1480],[1202,-11],[5,-494],[1202,-10],[7,-774],[59,-5640],[-1196,-476],[-3598,-540],[-854,40],[-1893,-205],[-280,-476],[-491,298],[-1090,57],[-528,-84],[-1663,-550],[-7,-1479],[-1739,-1184],[-1067,-502],[-72,-46],[-723,-535],[-1679,-1593],[-948,-752],[-1077,-411],[-914,-113],[-1988,311],[-696,235],[-1187,712],[-184,152],[-594,735],[-1223,-358],[-388,-2],[32,2635],[-594,684],[18,1276],[-1177,462],[106,1471],[-43,1974],[-317,616],[-327,-42],[-314,-33],[-3326,-11],[-4944,-35],[-2240,3488],[-101,1934],[-824,71],[-2652,80],[-1307,29],[1,45],[-1266,-39],[-9,3653],[-41,293],[-314,-5],[-137,-3]],[[400667,526922],[344,236],[-163,208],[305,1354],[-8,189],[-1193,-3],[16,1925],[1222,32],[-17,1916],[-28,1014],[-15,490],[8,477],[-7,496],[2423,-25],[1309,473],[73,-2],[1363,817],[3720,115],[829,-21],[2016,329],[854,-688],[3030,2182],[-745,707],[-201,337],[-90,1022],[2428,-23],[11,925],[1215,0],[394,-839],[824,595],[2453,1846]],[[307286,657007],[513,-2],[1285,-3],[1842,-14],[948,-4],[2188,-13],[2541,34],[2491,30],[4998,70],[4958,11],[372,2],[4600,25]],[[334022,657143],[-20,-2459],[-58,-2119],[-8,-2104],[-180,-1474],[-1663,-2000],[-1452,-1578],[-558,-866],[-822,-1992],[-48,-678],[42,-942],[227,-5916]],[[329482,635015],[-3019,326],[-669,135],[-1243,441],[-660,362],[-4982,3689],[-2897,1863],[-2141,892],[-2825,698],[-1317,152],[-1963,106],[-2979,-589],[-1487,-370],[-1508,-326],[-2215,161]],[[299577,642555],[1015,7318],[46,165],[1064,1944],[1555,1352],[2745,2202],[891,997],[393,474]],[[354355,538400],[2106,3786]],[[356461,542186],[5727,10520],[580,109],[40,-6556],[4834,30],[4825,34],[-48,-1967],[7335,30],[2,1954],[2391,53],[1367,-73],[1767,-272],[494,-3],[-260,-7495],[1557,-33]],[[387072,538517],[-242,-7930],[-67,-1927],[-204,-7099],[-92,-3151]],[[386467,518410],[-126,-3630]],[[386341,514780],[-3900,7],[-535,39],[-5597,-31]],[[376309,514795],[-5895,4609],[-4400,2653],[-862,739],[-1577,4311],[-62,66],[-794,511],[-2327,335],[-1154,615],[-4414,5145],[-957,1265],[-237,1788],[725,1568]],[[314401,605245],[1112,-5],[-68,1969],[3763,-19],[4124,-16],[807,-2],[2463,-34],[2456,-33],[4857,-43],[4883,-100],[4858,-86],[8530,76]],[[352186,606952],[1180,14]],[[353366,606966],[4,-2027],[7,-2021],[0,-2038],[-7,-2069],[-22,-2051],[-14,-1815],[28,-1984]],[[353362,592961],[-4888,-29],[-2714,-63],[-395,-2],[-1767,-10],[-8833,223],[-998,27],[-603,7]],[[314286,593193],[79,3022],[36,1036],[68,4077],[-23,1894],[-3346,447],[-2975,1004],[803,1099],[2830,-684],[2643,157]],[[729561,898928],[281,-5726],[8,-6875]],[[668792,850802],[-12,286],[2745,2064],[2016,2169],[2297,2987],[-2943,4170],[-1705,2091],[-1250,1789],[712,11411],[-309,1411],[330,2190],[-30,4327],[-2540,-1520],[-43776,-34434],[-12416,5053],[-17,-3782],[-56015,520],[-1722,101259],[-722,0],[-223,46517],[-246,626],[239,-3],[37812,-7],[1641,72],[20874,1],[111,-5194],[1797,-7],[53549,-193],[451,-2065],[796,-1465],[-533,-4138],[37,-1156],[826,-1994],[1655,-5418],[2210,-6142],[1316,-3044],[795,-2217],[885,-1868],[306,-1074],[899,-1879],[-203,-2320],[894,-2286],[661,-2234],[1826,-4061],[2594,-7158],[899,-2919],[474,-2181],[11,-657],[-1299,-1697],[-319,-741],[268,-1702],[2184,-10491],[17527,-129],[408,-875],[871,94],[2279,-2163],[1077,-1322],[1134,-2577],[1977,-1175],[2242,-2141],[1408,-2488],[-16,-1936],[1089,-2677],[1399,-1391],[1959,-4265],[164,-1451],[4383,-18],[14,-483],[5019,408],[5,-181]],[[373189,688275],[-55,-763]],[[373134,687512],[-219,-3171],[-96,-1989],[-29,-1986],[-145,-4041],[-46,-1990],[-20,-2015],[-14,-3171]],[[372565,669149],[-7,-1134],[56,-2148],[467,7],[35,-1268],[-464,-13],[8,-228],[-37,-1980],[-31,-1978],[23,-1742],[1945,-27],[-3,-1209],[-603,-5],[16,-998],[-1333,-11],[-32,-1643],[-483,-556],[2831,-2828],[828,-253],[-523,-337],[1999,-2216],[1175,-1390]],[[378432,647192],[-486,518],[-52,-513],[-781,-231],[-1413,1610],[1457,6],[-1114,1210],[-266,-162],[-842,-191],[-164,291],[-339,352],[379,435],[359,226],[-1448,1581],[-340,374],[-971,-110],[-1188,3],[16,1808],[-2381,-38],[222,1935],[-242,-8],[-144,698],[-1102,550],[51,1448],[-1173,1282],[-1528,-39],[-971,-19],[72,1073],[987,569],[-1857,2015],[-912,1011],[-919,-511],[-2362,2692],[-645,58],[15,1430],[-572,633],[-2018,1241],[28,686],[-1417,1782]],[[354371,672887],[583,-49],[-1512,1714],[-1422,1610],[-837,364],[-383,853],[-3288,3742],[-4844,5295],[-2510,2736]],[[473041,563024],[1609,151],[2123,4208],[510,416],[1534,-2],[-2066,1137],[-15,622],[1579,-163],[3347,-1146],[4738,-2029],[1298,102],[376,57],[1166,230],[2663,493],[2990,1272],[1329,-43],[4388,-1877],[1762,2564],[681,1016],[1972,2971],[2342,3458],[879,1167],[473,439],[1311,988],[1440,689],[2958,787],[3299,439],[1451,532],[3780,1808],[3356,1279],[2414,892],[3109,901],[1321,662],[691,737],[2502,3502],[746,1457],[340,826]],[[537437,593566],[9613,-19],[-270,-10907],[5407,-105],[360,-37336],[-709,5],[5,-15769],[-5949,1],[-1,-77],[-13310,68],[-29,-3158],[-452,108],[-127,200],[-172,219],[-446,360],[-574,464],[-430,1016],[-1459,1530]],[[528894,530166],[-1052,931],[-2376,2099],[852,704],[255,644],[-24,3585],[13,3928],[2,3875],[-4812,19],[-2396,-1],[-2416,-14],[-3472,-152],[-1241,-849],[-2008,1786],[-1341,-781],[-1589,-28],[-1206,-2],[-1224,-6],[-2,-990],[-321,2],[-1081,11],[-834,150],[56,792],[-5080,-21],[-2408,-1],[-3617,-18],[-765,-203],[-377,-137],[-120,-48]],[[490310,545441],[-720,1014],[-6768,5698],[-2661,2176],[-2989,2768]],[[477172,557097],[177,21],[-2772,2568],[-585,776],[-951,2562]],[[408153,637019],[925,-99],[915,1401]],[[409959,639806],[-2,441],[1688,583],[790,6],[1833,6],[2985,-5],[2425,12],[2417,10],[2651,-49],[1907,-37],[259,-6],[-1,-243],[1644,209],[3189,-65]],[[431744,640668],[-2,-2146],[4,-1753],[17,-2027],[5,-1981],[13,-3581],[780,-393],[1670,-1340],[-2540,38],[156,-670],[43,-1947]],[[431890,624868],[-1671,5],[-2357,2],[-4,263],[-1721,8],[-5,1019],[-477,-947],[-1074,-114],[-2479,123],[-19,-354],[-233,-3],[-105,2],[-935,427],[-111,-140],[-779,110],[-2645,-96],[-3341,-7],[-73,-294],[-825,-3],[-1357,1],[13,349],[-613,262],[-258,-610],[-2072,-22],[-982,425],[-277,-429],[-799,1],[-742,30],[-806,-1],[-2598,3],[154,131],[-481,227],[416,626],[-357,153],[-400,-621],[-40,-514],[-367,-2]],[[372565,669149],[2429,-397],[79,-610],[2477,82],[-11,540],[3287,123],[22,505],[1555,20],[-22,-1012],[5067,13],[2429,-5],[2428,13],[153,3887],[2426,29],[3361,46],[2911,31],[-3258,-2313],[-636,-982],[10,-715],[4850,-13],[2498,27],[2504,20],[37,3011],[1196,-12],[-19,-753],[1202,11],[131,-2217],[2557,43]],[[412228,668521],[209,-3998],[2423,-20],[-16,-1945],[2402,3],[-82,-1953],[-4738,-18],[-3,-3921],[-4925,115],[-2430,-35],[-44,837],[-2414,77],[-2497,-39],[-55,918],[-2482,-85],[92,-1829],[182,-5947],[29,-954],[964,-13],[405,-1030]],[[380693,644713],[-2261,2479]],[[492898,586826],[1456,-75],[311,73],[2470,750],[1037,12],[128,-6],[810,60],[4785,1641],[4517,966],[3374,458],[2323,1032],[2503,2219],[2067,208],[-35,1437],[-974,4],[-164,5921],[169,3963],[15,3952],[9498,-38]],[[527188,609403],[5506,16],[-71,-1985],[1868,1],[1227,-496],[-82,-2104],[806,246]],[[536442,605081],[-160,-2790],[231,-801],[2909,-3078],[-1985,-4846]],[[473041,563024],[-393,898],[-551,1524],[-2044,4049],[-637,1060],[-3,230],[-1688,2766],[-2500,4133],[-147,-1],[-2217,3310],[-2046,1541],[-2837,1477]],[[457978,584011],[1382,367],[679,20],[1125,-10],[3532,-57],[1970,127],[615,380],[2034,-1825],[2276,-1984],[9,250],[2268,193],[-1591,19],[10,615],[285,7],[1316,-31],[22,657],[-3,501],[2382,-12],[2446,-6],[-11,-1259],[60,-318],[-51,-2331],[-41,-1041],[-75,-849],[6,-88],[2192,42],[187,67],[1960,-20],[0,3204],[-805,0],[47,3070],[2556,438],[1503,-459],[2124,-14],[491,-4],[43,1710],[28,1093],[3866,-22],[83,385]],[[334022,657143],[2488,-48],[3364,-78],[4087,-75],[4920,-23],[2377,-3]],[[351258,656916],[91,-1641],[824,-3434],[316,-2918],[138,-1],[9,-3995],[10,-2625],[-146,-394],[17,-974],[9,-3974]],[[352526,636960],[171,-1830],[261,-645]],[[352958,634485],[-135,-107],[-1423,666],[-2278,98],[-1191,5],[-673,12],[-2970,290],[-3193,-292],[-6778,-146],[-1885,-230],[-2950,234]],[[450311,585313],[2124,30],[1154,-712],[1582,-963],[691,-197],[1240,108],[876,432]],[[477172,557097],[-221,-36],[-1828,-138],[-6140,-690]],[[468983,556233],[34,1011],[20,747],[54,3697],[100,2297],[66,1427],[-2925,-38],[-522,-814],[30,806],[-1317,-9],[8,199],[-4740,-47],[-3931,-15],[-848,2],[-196,-2977],[-554,-692],[-1031,399],[-1915,1746],[-1177,790],[-2945,884],[-2801,712],[-4098,1043],[-4362,1068],[-2476,364],[-2812,110]],[[430645,568943],[-8,924],[-69,1960],[2406,-74],[-28,628],[811,684],[469,595],[257,-30],[870,3],[-61,1961],[1244,-44],[11,974],[967,926],[297,-16],[1161,-47],[9,284],[539,1195],[-140,1001],[661,1165],[543,286],[444,-5],[1831,-18],[2456,-29],[814,42],[4041,-95],[141,4100]],[[729561,898928],[6265,571],[7057,1377],[1097,376],[2130,1241],[1007,1008],[857,1325],[1489,2895],[1155,1622],[1892,1975],[1168,999],[271,-929],[1175,821],[1140,310],[1218,-162],[1756,-1724],[1039,-2353],[1482,-1415],[-3,1277],[893,1519],[825,-650],[253,-1275],[1289,-1878],[1630,-1977],[1628,-853],[602,488],[-806,2591],[1339,591],[1464,-1027],[1864,-2207],[1782,-112],[1410,2464],[758,397],[1449,-669],[1726,-21],[-2206,1664],[-400,1092],[1720,224],[1995,-381],[702,-2085],[2166,86],[596,-391],[-762,-2910],[-978,-826],[432,-1563],[127,-1452],[4749,-15],[12475,-41],[122,-1650],[539,-1327],[1645,-3052],[676,-732],[63,-1707],[772,-1263],[-202,-1361],[363,-1548],[-1535,-2446],[436,-3810],[435,-2599],[-16,-830],[404,-2514],[427,-3782],[680,-3536],[328,-1083],[-92,-2418],[776,-2089],[636,-5067],[-258,-989]],[[304536,672883],[3066,0],[6698,58],[107,1],[2352,37],[1233,23],[5928,83],[7419,53],[2481,32],[1580,-41],[334,-7],[654,-12],[297,-8],[21,805],[636,-17],[0,-798],[1545,-51],[54,-1],[1248,-37],[633,-17],[640,-26],[1879,982],[-21,1021],[636,-8],[38,-2049],[1871,-9],[596,5],[2484,15],[2374,22],[142,-3]],[[351461,672936],[-57,-3999],[-136,0],[-35,-2555],[131,-290],[-23,-1184],[23,-3983],[15,-4011],[-121,2]],[[307286,657007],[-738,6],[-2500,10]],[[304048,657023],[-19,921],[-87,6589],[109,2101],[485,6249]],[[431744,640668],[1169,32],[38,1997],[605,-404],[648,-469],[52,-1090],[1102,22],[1359,21],[1243,26],[3751,68],[2472,-4],[1849,6],[600,-16],[-20,628],[1149,374],[22,-954],[1175,46],[-2,281],[571,744],[587,23],[-2,-1000],[1134,43],[1302,2]],[[452548,641044],[3865,57],[2407,-11],[2369,-8],[54,1],[1437,-6],[3,485],[3465,-258],[14,-236],[2471,-52],[2474,-45],[2394,-24],[-22,-3998],[2412,-41],[-13,-3919],[25,-46],[4653,-83],[65,-7977]],[[480621,624883],[-1512,31],[-3363,107],[-1613,6],[-652,-8],[-2541,34],[-1023,23],[-2203,63],[-1937,50],[-2388,-14],[-2585,-20],[-1509,6],[-3224,-17],[-1444,-61],[44,2032],[-981,-111],[-34,-1955],[-1511,-61],[-946,6]],[[451199,624994],[-1698,-21],[-1209,-2],[-244,-2],[23,572],[-3396,293],[-3172,-57],[33,-838],[-2728,-25],[-3411,-40],[-105,7],[-1006,0],[-24,958],[-584,5],[16,-963],[-1804,-13]],[[420986,565820],[3539,39],[1279,8],[1,1977],[4847,51],[-7,1048]],[[468983,556233],[-2882,-514],[-6673,-846],[-4830,-591],[-3593,-450],[-3606,-467],[-4844,-615],[-454,-54],[-3093,-442],[-2834,-466],[-1294,-93],[-264,0],[214,-265]],[[423037,543006],[-2096,1865],[-306,859],[14,539]],[[386467,518410],[4902,2197],[1516,796],[1091,712],[323,235],[876,626],[15,9],[122,87],[1647,1191],[3708,2659]],[[449416,530429],[9639,-57],[44,5802],[10,1986],[4501,-10],[5179,-9],[8666,-35]],[[477455,538106],[8292,-19],[2178,-75],[136,-3917],[-26,-3912],[4750,3]],[[492785,530186],[221,-1723],[2112,-2121],[3737,-4923],[1971,-3058],[-739,-4750],[-909,-5722],[464,-922],[1331,-1495],[-18,-568],[1283,-956],[1872,-2319],[850,-434],[1937,-1462],[5057,-1036],[7,-3345]],[[511961,495352],[3,-4564],[-4813,-13],[-33,-3947],[-4832,-6],[-28,-3950],[-6597,-3],[-83,753],[-552,-1],[-1651,-558],[-2877,50],[-1352,427],[-1347,-46],[-526,-16],[10,-604],[-7910,-69],[-49363,574],[-1235,-61],[-124,14264],[723,1275],[-4267,104],[35,-3935],[-4697,91],[17,-993],[-3759,13],[-3294,11],[-40,997],[-11819,248],[-4571,-4147],[-220,-3943],[-3586,-66],[-1240,-988],[-97,-2143],[-322,345],[-555,1669],[676,1473],[488,2257],[69,1721],[531,2024],[-10,1487],[-184,384],[-1704,1549],[-748,448],[-1007,1960],[240,-7],[-20,490],[-524,9],[-910,1017],[-1083,1585],[6,-118],[-1185,24],[-1167,23],[-68,1515],[2194,3055],[1227,-79],[28,963],[1225,-65],[-13,-488],[2451,-145],[32,1508],[-1220,49],[-13,-494],[-1224,58],[14,488],[-1988,81],[-4306,-5096],[-1690,-2515],[-514,217],[3680,5297],[1471,2865],[684,2805],[131,2315],[-187,0]],[[420513,603032],[56,1319],[32,745],[172,4085],[18,521],[182,-10],[5,295],[401,-4],[-2,238],[-256,1],[-3,138],[112,47],[-55,171],[2,544],[-406,-1],[-10,1949],[852,0],[33,1980],[-950,4]],[[420696,615054],[-39,1988],[780,32],[1604,-14],[2414,-25],[17,-2000],[2412,15],[-10,2020],[914,48],[392,112],[543,-209],[863,9],[326,47],[92,-3],[4047,-4],[54,988],[344,-36],[132,-43],[67,-2071],[560,354],[3846,37],[444,-15],[1863,-382],[2434,11],[1783,8],[2902,13]],[[449480,615934],[-7,-553],[-28,-2343],[2640,35]],[[452085,613073],[8,-1987],[-24,-2000],[-2539,-29],[78,-1668],[72,-2022],[17,-264],[466,4],[2008,-338],[63,-1640],[-2448,6],[4,-93],[96,-1947],[53,-880],[182,-3051],[222,-3965]],[[450343,593199],[-1296,9],[-15,-275],[-869,-3],[-292,-92],[-151,152],[-203,-162],[-160,128],[-416,-2],[7,260],[-525,2],[-74,-694],[-1024,11],[-9,691],[-4697,13],[-1068,-11],[-4281,-63],[-3991,-58],[-399,-874],[-622,1],[8,-1482],[-1522,-38],[-4,539],[-156,375],[-149,-28],[-2746,-11],[-252,231],[-16,1244],[-2434,-12],[-2418,-6]],[[420569,593044],[-36,1979],[1218,12],[1,1994],[-1259,-14],[-30,1445],[1087,-326],[30,781],[-648,97],[-468,-15],[-30,2041],[1252,43],[55,1985],[-1228,-34]],[[412286,616185],[1489,16],[1867,-121],[0,990],[217,0],[1158,-7],[0,-99],[1207,-6],[54,-1841],[2418,-63]],[[420513,603032],[-4707,-29],[58,738],[30,306],[65,806],[-215,204],[-4468,-224],[-696,197],[-71,-1024],[-2350,6],[19,525],[-2370,-8],[-1084,-250],[4,249],[307,56],[3,517],[-1583,-6],[11,381],[89,333],[-388,-3],[-4,-328],[-20,-934],[302,-1],[-6,-510],[-1181,15],[-20,-2147],[1160,-235],[42,-673],[2264,-29],[-246,-563],[-1427,-483],[-464,-366],[-45,-2186],[484,-1974],[1424,-831],[527,-964],[-643,56],[-1445,-31],[-2853,-43],[-4112,-56],[-648,14]],[[396256,593537],[-9,390],[266,1560],[2699,-56],[-4,230],[-824,-110],[-162,930],[-2001,-17],[-18,941],[-13,516],[994,-54],[1117,9],[0,1160],[45,240],[457,281],[26,1241],[-2661,67],[-24,1550],[1666,-428],[812,105],[-38,1314],[-1021,181],[-1433,-148],[-9,1736],[-890,132],[-679,1101],[-1250,421],[1955,2965],[51,75],[757,-455],[838,-306],[931,-17],[824,53],[1648,-19],[820,-92],[3747,-80],[1064,189],[-6,-307],[293,-172],[2162,214],[1676,-4],[11,268],[772,1],[12,3909],[1289,1],[7,1616],[-1305,10],[-1,175],[6,247],[1131,11],[302,1074]],[[449480,615934],[14,1066],[924,34],[810,212],[-699,1608],[-964,-2],[-2,1097],[-74,1],[132,843],[87,282],[562,1086],[489,760],[160,352],[241,829],[39,892]],[[480621,624883],[9184,93],[347,2],[-1300,-3300],[-692,-415],[126,-1685],[-508,-1776],[-1309,-1124],[-1523,-486],[-2162,-690],[-121,-83],[-1351,-939],[-4128,-1505],[-4299,128],[-3701,44]],[[469184,613147],[-2461,3],[-2577,15],[1374,-2563],[1151,-1404],[-2392,-30],[-871,-8],[-675,1047],[-2867,1576],[-478,612],[-77,775],[-1652,-22],[-3225,-39],[-2349,-36]],[[971928,994550],[266,-679],[686,65],[-317,-1980],[664,-457],[-768,-153],[-49,-730],[1009,-330],[-457,-648],[805,-1081],[144,-1227],[-315,-475],[885,-200],[431,-1578],[633,-267],[289,-936],[-1144,-652],[-470,-1166],[-1439,97],[-1758,-55],[-580,2],[-678,71],[-245,16],[-367,20],[-3355,-239],[-2664,152],[-1061,-321],[-1070,9],[-2468,627],[-819,-63],[-3603,-2030],[-553,-1113],[38,-4367],[-483,-1055],[-623,-406],[-1216,-160],[90,-700],[876,-499],[2375,-39],[678,-266],[828,-1364],[1809,-1040],[945,2078],[1015,806],[3006,237],[882,296],[2376,1585],[869,-875],[1073,-584],[-1110,-539],[-4560,-3093],[-12326,-8533],[-3809,-2143],[-104,-818]],[[946189,957750],[-1091,-630],[-3884,-1521],[-1468,-702],[-4157,-2436],[-2270,-858],[-1470,-259],[-2170,-37],[-2819,333]],[[926860,951640],[-4134,503],[-158,478],[852,963],[30,774],[1058,3079],[250,45],[3064,1038],[487,634],[814,2566],[-420,1469],[-691,665],[-970,27],[-1016,790],[-253,2387],[-708,927],[-402,1052],[-96,1188],[114,3641],[852,2142],[997,1732],[1397,2020],[1245,2062],[1164,2344],[397,1422],[910,600],[694,860],[1512,-144],[214,602],[-184,1631],[294,2202],[781,3216],[1645,0],[35329,-5]],[[133148,514926],[2319,3296],[5248,4647],[3174,2472],[2239,1613],[4967,4052],[1813,2264],[4818,3971],[2425,1622],[1370,1375],[175,773],[-152,1617]],[[255685,640873],[4913,215],[-120,3092],[4628,14]],[[265106,644194],[163,-3108],[-431,-7804],[487,-4196],[277,-2277],[699,-444],[1631,-1498],[6605,-7],[203,-2796],[2750,18],[292,-3899]],[[277782,618183],[-2763,-826],[-4426,-1042],[-3655,-1530],[-2092,-1290],[-1475,-1136],[-1909,-1088],[-2542,-786],[-2065,-373],[-2743,-1243],[-1559,-675],[-1186,-939],[-1086,-2080],[-1255,-1124],[-2442,-741],[-1782,-850],[-2069,-1489],[-601,-780],[-879,-2911],[-2,-671],[601,-5180],[69,-5460],[847,-3734],[1555,-2782],[2667,-2478],[2261,-2338]],[[285307,560201],[1804,-901],[3163,-804],[429,-563],[2523,190],[1231,-61],[1267,-199],[7391,-1918],[5612,-1773],[3827,-2036],[1363,-393]],[[313917,551743],[-12,-2717],[9,-2529],[-1044,-1569],[-369,-1479],[-1004,-1057],[-1888,-385],[11,-1284],[-1578,-1868],[-855,-767],[-7017,-11238],[-3300,-4366],[-7391,-8695]],[[289479,513789],[-20143,521],[-1622,160],[-17857,-98],[-4051,813]],[[716703,106758],[4,-25],[203,-1201],[1256,-7443],[-84,-6090],[0,-1],[-73,-5339],[-2390,-9950],[243,-783],[486,-1559],[-3068,-5804],[-2081,-1110],[-1738,-927],[-6755,-1784],[-1569,-39],[-1799,-44],[-4855,-121],[-4534,-112],[-1248,-463],[-4666,-1730],[-1536,-1419],[-4999,-4622],[-1303,-2177],[1703,-2322],[423,-578],[3937,-1508],[7061,-2704],[4931,-2938],[150,-90],[2573,-2527],[274,-268],[1699,-1670],[934,-3182],[56,-189],[-385,-2355],[-1665,-2855],[-4700,-3263],[-829,-575],[-189,-132],[-57,-40],[-5286,-3670],[-1802,-2417],[-1070,-1436],[-2417,-4979],[-611,-4218],[695,-6042],[35,-304],[1725,-3753],[-10938,8850],[-33,27],[-11704,9470],[-4440,3592],[-18381,14872],[-38090,30911],[-21619,17274],[-11491,9140],[-226,180]],[[566460,94316],[-2121,8607],[12902,-2275],[8386,-2761],[11654,-3985]],[[566460,94316],[-13247,10537],[-7133,5674],[-20781,16495],[-11991,9588]],[[326293,704605],[-2005,45],[-2454,37],[-2447,0],[-4853,14],[-34,-1929],[-40,-1004],[0,-990],[-18,-1980],[34,-3973],[0,-26],[-3,-969],[-26,-991],[-2495,-41],[-1,2014],[-5023,-39],[-21,-4015],[3587,47],[117,3],[-1163,-571],[-500,-405],[-50,-47],[-285,-300],[-415,-600],[-386,-695],[-210,-767],[-46,-628],[6,-991],[9,-990],[-127,-3],[-396,-3],[0,-990],[-55,-990],[133,-983],[56,-283],[297,-718],[-221,-3],[-1171,27],[204,938],[-520,-13],[-32,4],[20,1021],[-1238,-11]],[[304521,682807],[-18,1977],[-43,9972],[-42,5821],[-65,3895],[9,1021],[-4936,-31],[102,-6915],[-1230,-16],[41,-1973],[1229,20],[-6,-1961],[-1229,-11],[-6,-1953],[-1229,-2],[-6,-1943],[-2458,13],[-19,-9864],[-2388,6],[-1,-1987],[-1200,7],[-6,-1985],[-1206,11],[-12,-1978],[-2423,24],[-24,-1960],[-2435,14],[-1,-979],[4887,-34],[6,985],[2413,-40],[-4,992],[2432,-41],[-1,992],[2472,4],[1,-486],[1438,313],[2527,178],[308,46],[234,10],[68,20],[181,92],[183,142],[471,467],[1971,-767]],[[304506,674903],[30,-2020]],[[304048,657023],[-7282,-183],[-2364,-61],[-10044,130],[-60,-4049],[-14656,-104],[25,-3909],[199,-3894],[-3176,16],[-7,-770],[-1577,-5]],[[289479,513789],[7902,-145],[18011,229],[23664,405],[350,583],[7498,7875],[1206,1989],[1919,2077],[796,2738],[1101,967],[-1397,-4],[-1014,27],[-6029,13],[-2396,0],[-47,920],[2428,-6],[-95,2880],[-38,1450],[-2790,1462],[-2288,-196],[-4757,-1013],[-173,2074],[483,-42],[9410,54],[4945,100],[4891,109],[1296,65]],[[376309,514795],[1056,-1204],[229,-900],[-223,-1051],[-1343,-1890],[-199,-1979],[-374,-631],[-657,-448],[-1153,-203],[-1056,-69],[-1126,-36],[-3582,1853],[1135,-1399],[3020,-2082],[589,-252],[7051,-2575],[685,-334],[-12676,-18004],[-2614,-3682],[-1095,-1263],[-4343,-3832],[-30618,-26587]],[[354371,672887],[-576,50],[-2334,-1]],[[304506,674903],[-15,984],[-16,1035],[-63,4898],[-2,647],[111,340]],[[453146,661082],[-19,-2099],[313,-712],[807,-412],[2232,-35],[483,-879],[771,89],[3153,2155],[522,180],[1671,-1184],[481,29],[8420,7756],[314,830],[865,837],[530,96],[-184,-5693],[-729,-534],[-1200,-98],[-321,-686],[2896,-169],[7,264],[1416,797],[877,219],[2430,-600],[2208,-2790],[-23,-1485],[770,4],[371,-1145],[-333,-1427],[-1094,-28],[-336,-2934],[2060,-454],[2308,1028],[2613,70],[1357,1035],[1528,385],[-199,-5341],[2193,450],[882,-485],[1237,-556],[988,65],[3478,754],[4138,1611],[3758,672],[2357,4],[4110,-239],[3626,-1571],[2477,-633],[1147,-268],[651,-1414],[2091,-1287],[2531,-1075],[1921,-1448],[671,-1108],[1467,-4411],[1808,-2991],[388,-1264],[-3467,-1],[-32,-8088],[-2369,-24],[1026,-15441]],[[492898,586826],[-2026,-55],[-3929,690],[-2438,1147],[-1125,-100],[-1048,452],[-186,664],[-3460,821],[-1275,282],[-662,1175],[-883,841],[-548,2424],[-1261,938],[-1725,1808],[-1019,305],[-648,734],[-1517,3123],[-98,708],[22,6325],[112,4039]],[[452548,641044],[25,1051],[-1257,-52],[38,2997],[1157,-2],[4,1255],[-1163,1],[-16,2728],[1914,0],[543,-32],[6,2012],[11,1967],[-1316,20],[44,3985],[-1270,-6],[4,3983],[1567,134],[307,-3]],[[313917,551743],[82,5230]],[[333785,550023],[4891,-43],[4872,-40],[127,1496],[2452,94],[-59,-919],[1222,-435],[5832,1003]],[[353122,551179],[6,-5057],[3690,-2076],[226,-519],[-583,-1341]],[[387072,538517],[119,3884],[-3,3782]],[[352968,625036],[117,-1]],[[353085,625035],[909,4],[-58,2388],[292,11],[1021,-1187],[1615,-388],[-239,-819],[1214,3],[134,346],[666,497],[2793,-354],[-12,-471],[2294,8],[47,2103],[545,0],[661,-1170],[1210,-489],[3669,-13],[1235,-10],[2423,-12],[3,-233]],[[373507,625249],[-2,-236],[-161,-892],[-972,-1269],[-110,-1822],[-1166,0],[5,-1964],[1165,12],[4,-1921],[-2321,-35],[14,-2015],[1733,33],[8,-979],[-573,-23],[8,-984],[853,27],[304,-784],[1,-416],[3,-754],[5,-1953],[-17,-2017]],[[372288,607257],[-4531,-222],[-4571,-220],[-4883,71],[-4937,80]],[[352186,606952],[-2,2019],[11,989],[1171,17],[21,1984],[-1176,-28],[9,994],[1185,26],[5,1983],[-1186,-28],[6,990],[1174,29],[-26,1031],[-32,965],[-1188,-29],[-153,3039],[-1249,-20],[-123,2030],[2446,20],[-111,2073]],[[353122,551179],[51,6231],[10,3907],[99,3955],[44,2009],[44,1927]],[[353370,569208],[4913,198],[4890,98],[3477,164],[4915,179],[874,34],[9517,67],[5220,-70]],[[492785,530186],[4764,26],[7021,28],[2676,4],[2404,5],[-1,-304],[10476,81],[3520,28],[1148,247],[3905,-128],[196,-7]],[[536442,605081],[748,1364],[-63,418],[-1600,1687],[-377,648],[-529,2343],[697,700],[1739,529],[2238,1070],[2866,736],[1667,642],[1355,1114],[1034,1261],[530,306],[818,-8705],[1060,60],[1662,1383],[1395,-476],[1873,270]],[[625416,574597],[2329,-3954],[299,-2742],[-2530,-2233],[-1144,-1998],[207,-3114],[1130,-1256],[2317,306],[1762,-327],[2643,-2338],[2127,-1009],[854,-1231],[-413,-965],[-3362,-3187],[-4297,-2967]],[[590306,496028],[21,8063],[-19475,-69],[-3642,18],[-361,-1014],[-7160,-6910],[-6438,-6144],[-1667,28],[-3202,936],[-2102,164],[-4024,1598],[-702,409],[-1573,-100],[-2259,217],[-790,-237],[-2022,184],[-2501,-711],[-1068,-14],[-1001,-564],[-494,-859],[-884,1115],[589,3807],[-788,-3555],[-394,-1846],[-3220,881],[-5899,-5762],[-4865,6956],[-2424,2733]],[[477455,538106],[124,421],[1075,-7],[6590,7460],[606,686],[2168,-162],[17,749],[417,-608],[639,-1703],[1219,499]],[[372814,716394],[10120,58],[40,-3938],[9688,-115],[-103,-3759],[678,-505],[9324,-93],[2,-1686],[1510,-113],[1276,-745],[6932,7],[19404,-700],[10051,39],[8,-377],[88,-8198],[-141,-54],[1,-445]],[[441692,695770],[-10147,-152],[-4552,-59],[-1439,-11],[-3919,-49],[-3446,52],[-3859,541],[-7311,1278],[-2128,57],[-2915,-284],[7,-165],[55,-2549],[1217,-42],[-8,-469],[1065,-57],[-18,-1218],[-562,48],[-254,287],[-314,-202],[268,-218],[423,-203],[2876,-2],[202,1084],[80,3737],[1785,-196],[3186,-591],[2347,-445],[14,-1718],[-2005,-985],[-451,21],[29,-1006],[2429,-2],[-1,-3957]],[[414346,688295],[-2379,-23],[-13,0],[-22,-966]],[[411932,687306],[-4960,52],[19,1029],[-2505,26],[-2388,12],[-1808,72],[-1082,-1],[-734,15],[-1210,-226],[-1245,-670],[-664,524],[-221,-172],[-804,-328],[-594,-161],[-333,4],[-204,166],[4,944],[-832,9],[-4738,-202],[-4787,-205],[-1554,32],[-3041,83],[-310,-7],[6,73],[-2168,-666],[-2645,-197]],[[433590,668866],[1391,11],[-8,427],[1692,23],[6,-421],[2634,23],[-254,1326],[-1148,1326],[-398,1033],[2378,23],[1094,-2076],[682,-267]],[[441659,670294],[-14,-1336],[-17,-963],[-4673,-77],[-324,-9],[24,680],[-2592,-44],[-18,-764],[-398,-3],[-57,1088]],[[438257,668035],[39,-60],[814,12],[-12,590],[-839,39],[-2,-581]],[[412228,668521],[2412,1],[2436,24],[4648,69],[-63,3819],[-3,41],[797,-10],[139,-555],[1456,-1295],[260,-1885],[78,6],[5207,5]],[[429595,668741],[-5187,-4216],[687,-74],[1602,96],[981,2],[-4,1085],[2237,1728],[1124,173],[534,-133],[-60,-884],[-893,2],[9,-1965],[910,1],[32,-3916],[5,-2017],[22,-2019],[13,-1567],[0,-377],[24,-2003],[24,-1902],[-4,-200],[21,-1746],[1,-770],[12,-3229],[26,-2197],[33,-1945]],[[411932,687306],[11,-3048],[35,-1997],[4796,12],[94,-2021],[-3677,-54],[13,-956],[11,-962],[-1188,-16],[-14,-1908],[32,-3919],[183,-3916]],[[429595,668741],[115,89],[2580,36],[1300,0]],[[441659,670294],[20,2345],[172,5565],[-126,377],[91,75],[-58,1854],[-9,7968],[-120,0]],[[441629,688478],[70,6695],[-7,597]],[[441692,695770],[2839,-311],[1586,-675],[915,-613],[3375,-3578],[1016,-1025],[-2,1558],[1760,890],[8496,4212],[1175,300],[1944,-217],[658,-299],[5286,-4221],[646,240],[581,217],[1246,-1],[2,461],[4895,2014],[1225,63],[1144,428],[23714,8860],[609,228],[3945,1467],[1893,717],[-1593,-2674],[4,-7835],[-4801,0],[-51,-7826],[-4831,-7],[2,-3942],[-2021,7],[-11242,16],[3,108],[-4208,22],[-2212,-1297],[777,-457],[774,-611],[290,-9646],[-5030,145],[-369,463],[-13549,126],[-985,-578],[-769,-439],[-274,152],[-864,938],[-630,1103],[-553,-529],[-1082,-1270],[-902,-294],[0,-216],[410,9],[83,-2118],[-1502,-816],[-257,-146],[1217,30],[435,-44],[-379,-6521],[-1453,-1239],[-1932,-17]],[[441629,688478],[-8901,-27],[-1161,-70],[-2489,-34],[-2497,20],[-4963,-60],[-2392,-2],[925,-1097],[189,-2923],[-1148,13],[9,4007],[-2438,4],[-2417,-14]],[[373507,625249],[295,-48],[4600,-65],[2356,296],[-6,-463],[1002,-11],[2387,-14],[-6,386],[1534,-9],[372,690],[2048,-133],[3,-959],[612,5],[604,747],[908,-2]],[[401122,624882],[-137,-1470],[730,-38],[-163,-2127],[-826,-531],[-4,-221],[-86,-952],[-1199,53],[-384,-951],[241,-489],[1376,-90],[-293,-448],[-1131,55],[-103,-980]],[[399143,616693],[-4127,180],[-2560,127],[-3417,-3877],[-1181,-1771],[-513,-1788],[-184,-111],[-46,-301],[-31,-1926]],[[387084,607226],[-5106,169],[10,-373],[-2432,-52],[-8,365],[-2428,-43],[-2059,-18],[-2773,-17]],[[314912,624907],[4286,15],[1680,8],[6311,18],[-7,427],[1099,14],[671,1310],[1523,2],[-6,-769],[2957,62],[-228,-564],[21,-432],[1310,5],[83,992],[476,948],[641,4],[-16,-990],[2502,-485],[-60,-460],[2845,10],[1888,7],[49,-3],[3930,4],[1121,-1],[1129,-4],[3851,11]],[[314401,605245],[-36,1968],[-49,1973],[-64,3936],[-53,2443],[-41,1488],[-50,367],[-47,1979],[-48,2034],[-46,3488],[945,-14]],[[353362,592961],[2448,22],[36,-2026],[2402,45],[-3,483],[10,1481],[1742,13],[9,-528],[-307,-960],[1867,-380],[1545,-37],[8,1936],[2308,128],[0,-460],[572,16],[267,-1332],[886,904],[39,978],[551,34],[-10,-1956],[2317,133],[2320,128],[1,992],[2202,-7],[-10,986],[4420,1],[1365,2],[1839,2],[-10,-1661],[169,140],[513,276],[1235,443],[788,-75],[422,-213],[1056,277],[-498,678],[1382,25]],[[387243,593449],[-33,-12983],[-10,-3083],[-11,-3838],[-13,-3667]],[[353370,569208],[263,2968],[-2836,-63],[-2663,156],[-69,293],[571,2059],[2807,58],[2258,-247],[-30,1065],[-5,1729],[-1239,-26],[-621,421],[-44,2518],[540,2927],[-1223,-6],[-10,1184],[1193,806],[-1826,2],[-41,2913],[1875,1],[-25,1003],[1187,21],[-70,3971]],[[387243,593449],[587,9]],[[387830,593458],[-352,-1832],[3858,19],[20,-2028],[947,-13],[521,1932],[1936,45],[-14,1969],[1510,-13]],[[420569,593044],[17,-1858],[631,13],[1,-1868],[-167,-3439],[-413,-8],[-8,-275],[1214,29],[18,-1974],[14,-1979],[-1209,-8],[31,-3961],[170,-6376],[41,-1563],[16,-992]],[[387912,636864],[-2217,33],[7,206],[-1310,34],[-11,-217],[-2148,11],[-1497,-27],[-7358,-114],[-2181,5],[-2662,3],[-2621,-63],[-7,280],[-1848,-41],[39,-285],[-319,-5],[-624,15],[-4428,117],[-2537,70],[28,1215],[-2423,71],[-9,-1215],[-1260,3]],[[399143,616693],[634,-10],[1387,-24],[-4,-84],[1625,43],[180,-987],[667,647],[1630,-96],[323,13],[71,-1299],[513,19],[544,9],[-95,1829],[4168,144],[1494,35],[6,-747]],[[387830,593458],[3493,67],[-29,4324],[-244,153],[-1520,28],[-2267,-576]],[[387263,597454],[-3,3391],[23,2898],[-772,159],[549,795],[24,2529]],[[450343,593199],[4,-1053],[-9,-931],[-3,-1982],[-14,-1618],[25,-1004],[-26,-386],[-9,-912]],[[299577,642555],[-65,-3152],[719,-2301],[1664,-3686],[335,-2504],[234,-5989]],[[302464,624923],[-3978,-4],[-4124,-10],[-3568,-120],[-1179,-663],[-1246,-1108],[-1136,-959],[-3303,-1887],[-6148,-1989]],[[329482,635015],[60,-1962],[-12,-3064],[-504,-842],[-558,301],[-1780,23],[-999,239],[-1671,1027],[-788,100],[-6379,48],[-2547,-1069],[-2610,-499],[-1158,212],[507,-1943],[-1130,-75],[104,-485],[18,-1147]],[[310035,625879],[-7,-979],[-7564,23]],[[946189,957750],[-39,-402],[223,-1307],[920,249],[796,457],[6312,4482],[9289,3317],[1535,224],[127,19],[9245,1376],[1066,14],[978,14],[990,13],[499,81],[8423,2057],[9935,2409],[2642,146]],[[999130,970899],[115,-14545],[360,-45258],[394,-15828],[-2165,-344],[-1895,-1910],[-1677,-363],[-1,-406],[-1328,-828],[-972,-1138],[-1997,1072],[129,-881],[-407,-831],[-1347,-1173],[-930,-355],[-1415,207],[-3606,-1853],[-1768,-787],[-1027,635],[-2393,-1360],[386,-964],[-1611,321],[-374,-505],[-3158,-1226],[-598,776],[-2349,-625],[-420,431],[-2378,-77],[-1682,-519],[-2640,-1271],[-577,768],[-1508,310],[-1357,1436],[-118,-1039],[-1678,834],[-558,-241],[162,974],[-545,163],[-506,1417],[603,1403],[-943,560],[-930,-5],[-705,914],[-1651,-353],[-764,-492],[-902,39],[-2092,-1240],[-1224,-132],[-1300,213],[-657,-257],[30,-1199],[-803,-1577],[-669,-684],[-1787,-1108],[-614,-74],[-729,-2808],[542,-794],[-1079,-836],[-1308,421],[-1168,-223],[-1045,-815],[-1772,-457],[-1147,-602],[-398,-1351],[553,-359],[1198,-1607],[-1040,-541],[-505,-1636],[-714,-395],[-3663,-853],[-822,-1546],[-2293,-636],[-14863,362],[1756,-1512],[195,-553],[-1080,-4286],[-2370,-2318],[-1428,-1726],[-1798,-1485],[-626,-863],[-1989,-2155],[-2991,-3009],[-1057,-700],[-1084,-1465],[-1558,-1514],[-792,-1238],[-1482,-1715],[-1397,-834],[-3374,-3252],[-2098,-1131],[-1231,-310],[-1218,-1047],[-726,-1132],[-2770,-1770],[-1453,-1760],[-156,-650],[-2035,-2117],[271,-2094],[-629,-1431],[-908,-1209],[-1413,30],[-838,-876],[-715,-1273],[-1167,-1293],[-2250,-1867],[-624,420],[-1564,444],[-860,626],[-797,1879],[-533,823],[-1609,871],[-1009,-956],[-593,-1377],[-526,316],[-2403,-1484],[-1343,-336],[-770,-971],[-2220,-1748],[-1595,-239],[-642,-516],[-256,11812],[2548,14],[-84,2113],[-2530,-37],[-371,12731],[-3620,-47],[-81,4623],[3863,43],[27,10544],[-965,-28],[426,1050],[-95,654],[513,1828],[-868,1639],[210,963],[-541,900],[-421,1368],[-619,823],[-269,1802],[-510,775],[149,828],[-586,528],[-756,1757],[-32,1815],[797,995],[-5,638],[1189,1315],[-97,1221],[455,990],[2144,1183],[366,656],[2705,2470],[684,1756],[1407,1634],[-23,1795],[699,1817],[-817,1947],[-280,2289],[1246,990],[955,1298],[863,602],[-964,-15],[-11736,161],[-21778,155],[-135,2036],[-255,911],[-280,7099],[-6586,52],[-1606,-495],[-4886,-378],[-2239,-307],[-3099,-247],[-2682,-649],[-2152,-335],[-5275,28],[-3735,336],[-3269,1168],[-977,517],[-614,1402],[-242,1360],[140,378],[-312,2441],[1982,3707],[-1057,4028],[-334,2739],[-629,1972],[1389,2004],[-516,1031],[1309,2849],[-158,1585],[226,680],[-478,971],[6876,4211],[2198,1100],[1536,583],[29579,8349],[2589,555],[15039,2683],[35245,6276],[520,68],[2120,16],[1746,-279],[1406,-439],[2876,-1333],[6062,-1940],[1618,-441],[289,-1759],[-116,-748],[-1128,-2265],[-24,-645],[327,-893],[712,-738],[2632,-2046],[2055,-3348],[94,-618],[-530,-2315],[320,-736],[1614,-1157],[585,-466],[743,-1157],[228,-308],[301,1],[495,0],[1641,370],[60,1589],[-1928,0],[-375,3915],[9685,7],[22,3916],[9779,24],[-4,5580],[-30,305]],[[387243,593449],[20,4005]],[[310035,625879],[2168,392],[2581,-190],[128,-1174]],[[352958,634485],[47,-45],[812,-875],[-34,-658],[47,-945],[-861,123],[-192,-3130],[308,-3920]],[[971928,994550],[5747,-27],[15105,-97],[4203,-5],[1960,-2],[0,-7],[109,-13669],[1,-140],[41,-5247],[16,-2000],[20,-2457]]],"bbox":[-115.895753,35.001857,-114.0486686,36.853473],"transform":{"scale":[0.000001847086247086247,0.0000018516178516178515],"translate":[-115.895753,35.001857]}}
