{"type":"Topology","objects":{"foo":{"type":"GeometryCollection","geometries":[{"type":"MultiPolygon","arcs":[[[0,1,2,3,4,5]]],"properties":{"postal_code":"03768","realtor_list_price":1322875,"realtor_list_price_yoy":0.3663,"realtor_list_price_base":"NA","realtor_active_listings":7.667,"realtor_active_listings_yoy":-0.3235,"realtor_active_listings_base":-0.6467,"realtor_new_listings":2.667,"realtor_new_listings_yoy":-0.2,"realtor_new_listings_base":-0.2283,"realtor_days_on_market":97,"realtor_days_on_market_yoy":0.5902,"realtor_days_on_market_base":"NA","zhvi":671055.302,"zhvi_yoy":0.0247,"zhvi_base":"NA","zori":"NA","zori_yoy":"NA","zori_base":"NA"}},{"type":"MultiPolygon","arcs":[[[6,7,8,9,10,11,12]]],"properties":{"postal_code":"03285","realtor_list_price":798146.667,"realtor_list_price_yoy":0.0342,"realtor_list_price_base":2.2097,"realtor_active_listings":41.667,"realtor_active_listings_yoy":0.2755,"realtor_active_listings_base":-0.0032,"realtor_new_listings":10,"realtor_new_listings_yoy":0.1538,"realtor_new_listings_base":-0.2563,"realtor_days_on_market":76.8,"realtor_days_on_market_yoy":0.09,"realtor_days_on_market_base":0.2077,"zhvi":434016.037,"zhvi_yoy":0.0465,"zhvi_base":1.2924,"zori":"NA","zori_yoy":"NA","zori_base":"NA"}},{"type":"MultiPolygon","arcs":[[[13,14]]],"properties":{"postal_code":"05083","realtor_list_price":"NA","realtor_list_price_yoy":"NA","realtor_list_price_base":"NA","realtor_active_listings":0.667,"realtor_active_listings_yoy":-0.5,"realtor_active_listings_base":-0.881,"realtor_new_listings":0,"realtor_new_listings_yoy":-1,"realtor_new_listings_base":-1,"realtor_days_on_market":"NA","realtor_days_on_market_yoy":"NA","realtor_days_on_market_base":"NA","zhvi":"NA","zhvi_yoy":"NA","zhvi_base":"NA","zori":"NA","zori_yoy":"NA","zori_base":"NA"}},{"type":"MultiPolygon","arcs":[[[15,16,17,18,19]]],"properties":{"postal_code":"03574","realtor_list_price":560000,"realtor_list_price_yoy":0.4124,"realtor_list_price_base":1.791,"realtor_active_listings":9.333,"realtor_active_listings_yoy":0.2174,"realtor_active_listings_base":-0.5916,"realtor_new_listings":4,"realtor_new_listings_yoy":-0.25,"realtor_new_listings_base":-0.2389,"realtor_days_on_market":61.5,"realtor_days_on_market_yoy":0.5,"realtor_days_on_market_base":-0.2193,"zhvi":357646.315,"zhvi_yoy":-0.001,"zhvi_base":1.2718,"zori":"NA","zori_yoy":"NA","zori_base":"NA"}},{"type":"MultiPolygon","arcs":[[[20,21,22,23]]],"properties":{"postal_code":"03605","realtor_list_price":"NA","realtor_list_price_yoy":"NA","realtor_list_price_base":"NA","realtor_active_listings":5,"realtor_active_listings_yoy":0.1538,"realtor_active_listings_base":-0.4238,"realtor_new_listings":0,"realtor_new_listings_yoy":-1,"realtor_new_listings_base":-1,"realtor_days_on_market":"NA","realtor_days_on_market_yoy":"NA","realtor_days_on_market_base":"NA","zhvi":325844.284,"zhvi_yoy":0.0349,"zhvi_base":"NA","zori":"NA","zori_yoy":"NA","zori_base":"NA"}},{"type":"MultiPolygon","arcs":[[[24,25,-4,26,27,28,29,30,31]]],"properties":{"postal_code":"03741","realtor_list_price":587916.667,"realtor_list_price_yoy":0.2689,"realtor_list_price_base":2.047,"realtor_active_listings":11.667,"realtor_active_listings_yoy":-0.0541,"realtor_active_listings_base":-0.7584,"realtor_new_listings":4,"realtor_new_listings_yoy":0.5,"realtor_new_listings_base":-0.5284,"realtor_days_on_market":60.167,"realtor_days_on_market_yoy":-0.1086,"realtor_days_on_market_base":-0.294,"zhvi":394529.954,"zhvi_yoy":0.0294,"zhvi_base":0.9192,"zori":"NA","zori_yoy":"NA","zori_base":"NA"}},{"type":"MultiPolygon","arcs":[[[32,33,-21,34]]],"properties":{"postal_code":"03752","realtor_list_price":"NA","realtor_list_price_yoy":"NA","realtor_list_price_base":"NA","realtor_active_listings":2,"realtor_active_listings_yoy":-0.6,"realtor_active_listings_base":-0.7725,"realtor_new_listings":0,"realtor_new_listings_yoy":"NaN","realtor_new_listings_base":-1,"realtor_days_on_market":"NA","realtor_days_on_market_yoy":"NA","realtor_days_on_market_base":"NA","zhvi":388906.46,"zhvi_yoy":0.0864,"zhvi_base":1.0758,"zori":"NA","zori_yoy":"NA","zori_base":"NA"}},{"type":"MultiPolygon","arcs":[[[-19,35,36]]],"properties":{"postal_code":"03586","realtor_list_price":723600,"realtor_list_price_yoy":"NA","realtor_list_price_base":"NA","realtor_active_listings":6.667,"realtor_active_listings_yoy":0.4286,"realtor_active_listings_base":-0.3618,"realtor_new_listings":3.333,"realtor_new_listings_yoy":"Inf","realtor_new_listings_base":2.3745,"realtor_days_on_market":60.6,"realtor_days_on_market_yoy":"NA","realtor_days_on_market_base":"NA","zhvi":610362.398,"zhvi_yoy":0.0359,"zhvi_base":1.0543,"zori":"NA","zori_yoy":"NA","zori_base":"NA"}},{"type":"MultiPolygon","arcs":[[[37,38,39,40,41,42]]],"properties":{"postal_code":"05055","realtor_list_price":987100,"realtor_list_price_yoy":-0.1923,"realtor_list_price_base":0.7188,"realtor_active_listings":6,"realtor_active_listings_yoy":-0.4375,"realtor_active_listings_base":-0.6748,"realtor_new_listings":3.333,"realtor_new_listings_yoy":0.6667,"realtor_new_listings_base":0.2946,"realtor_days_on_market":38.4,"realtor_days_on_market_yoy":-0.438,"realtor_days_on_market_base":-0.699,"zhvi":816791.461,"zhvi_yoy":0.0388,"zhvi_base":0.6064,"zori":"NA","zori_yoy":"NA","zori_base":"NA"}},{"type":"MultiPolygon","arcs":[[[43,44,45]]],"properties":{"postal_code":"05150","realtor_list_price":336900,"realtor_list_price_yoy":"NA","realtor_list_price_base":"NA","realtor_active_listings":1.667,"realtor_active_listings_yoy":0,"realtor_active_listings_base":-0.6425,"realtor_new_listings":0.667,"realtor_new_listings_yoy":"Inf","realtor_new_listings_base":"NA","realtor_days_on_market":12,"realtor_days_on_market_yoy":"NA","realtor_days_on_market_base":"NA","zhvi":251107.128,"zhvi_yoy":0.0451,"zhvi_base":0.5878,"zori":"NA","zori_yoy":"NA","zori_base":"NA"}},{"type":"MultiPolygon","arcs":[[[46,47,48,49,50,51,52]]],"properties":{"postal_code":"03779","realtor_list_price":480000,"realtor_list_price_yoy":"NA","realtor_list_price_base":"NA","realtor_active_listings":4,"realtor_active_listings_yoy":0.3333,"realtor_active_listings_base":-0.3243,"realtor_new_listings":0.667,"realtor_new_listings_yoy":"Inf","realtor_new_listings_base":-0.6479,"realtor_days_on_market":66,"realtor_days_on_market_yoy":"NA","realtor_days_on_market_base":"NA","zhvi":365581.551,"zhvi_yoy":0.012,"zhvi_base":"NA","zori":"NA","zori_yoy":"NA","zori_base":"NA"}},{"type":"MultiPolygon","arcs":[[[53,54,55,56]]],"properties":{"postal_code":"03602","realtor_list_price":555071.429,"realtor_list_price_yoy":-0.2116,"realtor_list_price_base":1.5575,"realtor_active_listings":14,"realtor_active_listings_yoy":1.1,"realtor_active_listings_base":-0.243,"realtor_new_listings":4.667,"realtor_new_listings_yoy":0.1667,"realtor_new_listings_base":0.9259,"realtor_days_on_market":51,"realtor_days_on_market_yoy":0.224,"realtor_days_on_market_base":-0.2705,"zhvi":364832.582,"zhvi_yoy":0.0249,"zhvi_base":1.0708,"zori":"NA","zori_yoy":"NA","zori_base":"NA"}},{"type":"MultiPolygon","arcs":[[[57,-36,-18,58,59,60]]],"properties":{"postal_code":"03580","realtor_list_price":745166.667,"realtor_list_price_yoy":-0.0096,"realtor_list_price_base":0.9307,"realtor_active_listings":7.333,"realtor_active_listings_yoy":0.2222,"realtor_active_listings_base":-0.5921,"realtor_new_listings":4,"realtor_new_listings_yoy":2,"realtor_new_listings_base":-0.044,"realtor_days_on_market":62.667,"realtor_days_on_market_yoy":0.2051,"realtor_days_on_market_base":-0.2644,"zhvi":643538.623,"zhvi_yoy":0.0284,"zhvi_base":1.1216,"zori":"NA","zori_yoy":"NA","zori_base":"NA"}},{"type":"MultiPolygon","arcs":[[[61,62,63,64,-46,65,66,67]]],"properties":{"postal_code":"05143","realtor_list_price":584857.143,"realtor_list_price_yoy":0.2102,"realtor_list_price_base":1.1932,"realtor_active_listings":20.333,"realtor_active_listings_yoy":-0.0896,"realtor_active_listings_base":-0.7473,"realtor_new_listings":4.667,"realtor_new_listings_yoy":-0.5333,"realtor_new_listings_base":-0.6138,"realtor_days_on_market":68.143,"realtor_days_on_market_yoy":0.5487,"realtor_days_on_market_base":-0.146,"zhvi":364183.655,"zhvi_yoy":0.0139,"zhvi_base":0.6374,"zori":"NA","zori_yoy":"NA","zori_base":"NA"}},{"type":"MultiPolygon","arcs":[[[68,69,70,71,72,73]]],"properties":{"postal_code":"05036","realtor_list_price":499162.333,"realtor_list_price_yoy":0.6694,"realtor_list_price_base":"NA","realtor_active_listings":5,"realtor_active_listings_yoy":1.1429,"realtor_active_listings_base":-0.6251,"realtor_new_listings":2,"realtor_new_listings_yoy":2,"realtor_new_listings_base":-0.4955,"realtor_days_on_market":50,"realtor_days_on_market_yoy":0.3889,"realtor_days_on_market_base":"NA","zhvi":391299.96,"zhvi_yoy":-0.0489,"zhvi_base":0.2432,"zori":"NA","zori_yoy":"NA","zori_base":"NA"}},{"type":"MultiPolygon","arcs":[[[74,75,76,77,78,79,80,81]]],"properties":{"postal_code":"05068","realtor_list_price":527625,"realtor_list_price_yoy":"NA","realtor_list_price_base":"NA","realtor_active_listings":4.333,"realtor_active_listings_yoy":-0.1875,"realtor_active_listings_base":-0.6359,"realtor_new_listings":1.333,"realtor_new_listings_yoy":"Inf","realtor_new_listings_base":-0.5142,"realtor_days_on_market":53,"realtor_days_on_market_yoy":"NA","realtor_days_on_market_base":"NA","zhvi":371292.706,"zhvi_yoy":0.0097,"zhvi_base":0.4917,"zori":"NA","zori_yoy":"NA","zori_base":"NA"}},{"type":"MultiPolygon","arcs":[[[82,83,-28,84]]],"properties":{"postal_code":"03241","realtor_list_price":718200,"realtor_list_price_yoy":0.0302,"realtor_list_price_base":"NA","realtor_active_listings":8.667,"realtor_active_listings_yoy":0.0833,"realtor_active_listings_base":-0.5527,"realtor_new_listings":2.667,"realtor_new_listings_yoy":0,"realtor_new_listings_base":0.0504,"realtor_days_on_market":68,"realtor_days_on_market_yoy":0.2252,"realtor_days_on_market_base":"NA","zhvi":565024.578,"zhvi_yoy":0.0326,"zhvi_base":0.9826,"zori":"NA","zori_yoy":"NA","zori_base":"NA"}},{"type":"MultiPolygon","arcs":[[[85,86,87,88,89,90]]],"properties":{"postal_code":"05675","realtor_list_price":1416875,"realtor_list_price_yoy":0.7733,"realtor_list_price_base":"NA","realtor_active_listings":4.667,"realtor_active_listings_yoy":-0.0667,"realtor_active_listings_base":-0.2295,"realtor_new_listings":1.333,"realtor_new_listings_yoy":0,"realtor_new_listings_base":-0.2727,"realtor_days_on_market":42,"realtor_days_on_market_yoy":-0.3226,"realtor_days_on_market_base":"NA","zhvi":303225.994,"zhvi_yoy":0.0222,"zhvi_base":"NA","zori":"NA","zori_yoy":"NA","zori_base":"NA"}},{"type":"MultiPolygon","arcs":[[[91,92,93,94,95]]],"properties":{"postal_code":"03753","realtor_list_price":578769.615,"realtor_list_price_yoy":-0.1067,"realtor_list_price_base":0.9765,"realtor_active_listings":26,"realtor_active_listings_yoy":0.3,"realtor_active_listings_base":-0.6511,"realtor_new_listings":8.667,"realtor_new_listings_yoy":-0.2353,"realtor_new_listings_base":-0.3866,"realtor_days_on_market":53.231,"realtor_days_on_market_yoy":0.3986,"realtor_days_on_market_base":-0.3556,"zhvi":505397.412,"zhvi_yoy":0.0239,"zhvi_base":0.991,"zori":"NA","zori_yoy":"NA","zori_base":"NA"}},{"type":"MultiPolygon","arcs":[[[96,97,98]]],"properties":{"postal_code":"05070","realtor_list_price":"NA","realtor_list_price_yoy":"NA","realtor_list_price_base":"NA","realtor_active_listings":1,"realtor_active_listings_yoy":0,"realtor_active_listings_base":-0.8813,"realtor_new_listings":0,"realtor_new_listings_yoy":"NaN","realtor_new_listings_base":-1,"realtor_days_on_market":"NA","realtor_days_on_market_yoy":"NA","realtor_days_on_market_base":"NA","zhvi":416853.642,"zhvi_yoy":-0.0116,"zhvi_base":"NA","zori":"NA","zori_yoy":"NA","zori_base":"NA"}},{"type":"MultiPolygon","arcs":[[[99,-80,100,101]]],"properties":{"postal_code":"05067","realtor_list_price":"NA","realtor_list_price_yoy":"NA","realtor_list_price_base":"NA","realtor_active_listings":"NA","realtor_active_listings_yoy":"NA","realtor_active_listings_base":"NA","realtor_new_listings":"NA","realtor_new_listings_yoy":"NA","realtor_new_listings_base":"NA","realtor_days_on_market":"NA","realtor_days_on_market_yoy":"NA","realtor_days_on_market_base":"NA","zhvi":746591.531,"zhvi_yoy":0.0229,"zhvi_base":"NA","zori":"NA","zori_yoy":"NA","zori_base":"NA"}},{"type":"MultiPolygon","arcs":[[[102,103,104,-33,105]]],"properties":{"postal_code":"03782","realtor_list_price":1059333.333,"realtor_list_price_yoy":0.2166,"realtor_list_price_base":1.6522,"realtor_active_listings":19.333,"realtor_active_listings_yoy":-0.1212,"realtor_active_listings_base":-0.5471,"realtor_new_listings":6,"realtor_new_listings_yoy":0.2857,"realtor_new_listings_base":-0.4372,"realtor_days_on_market":66.333,"realtor_days_on_market_yoy":0.1325,"realtor_days_on_market_base":-0.1191,"zhvi":704734.099,"zhvi_yoy":0.0174,"zhvi_base":0.9478,"zori":"NA","zori_yoy":"NA","zori_base":"NA"}},{"type":"MultiPolygon","arcs":[[[106,107,108,109,110]]],"properties":{"postal_code":"05071","realtor_list_price":"NA","realtor_list_price_yoy":"NA","realtor_list_price_base":"NA","realtor_active_listings":5,"realtor_active_listings_yoy":0.25,"realtor_active_listings_base":-0.1932,"realtor_new_listings":0,"realtor_new_listings_yoy":"NaN","realtor_new_listings_base":-1,"realtor_days_on_market":"NA","realtor_days_on_market_yoy":"NA","realtor_days_on_market_base":"NA","zhvi":915910.014,"zhvi_yoy":-0.045,"zhvi_base":"NA","zori":"NA","zori_yoy":"NA","zori_base":"NA"}},{"type":"MultiPolygon","arcs":[[[111,-74,112,113,114]]],"properties":{"postal_code":"05060","realtor_list_price":386535.714,"realtor_list_price_yoy":-0.1103,"realtor_list_price_base":0.8048,"realtor_active_listings":16.333,"realtor_active_listings_yoy":-0.1091,"realtor_active_listings_base":-0.6032,"realtor_new_listings":4.667,"realtor_new_listings_yoy":-0.2222,"realtor_new_listings_base":-0.2515,"realtor_days_on_market":73.429,"realtor_days_on_market_yoy":0.3487,"realtor_days_on_market_base":-0.1828,"zhvi":339618.258,"zhvi_yoy":0.0206,"zhvi_base":0.5439,"zori":"NA","zori_yoy":"NA","zori_base":"NA"}},{"type":"MultiPolygon","arcs":[[[115,-91,116,-70,117]]],"properties":{"postal_code":"05679","realtor_list_price":425141.667,"realtor_list_price_yoy":0.1952,"realtor_list_price_base":"NA","realtor_active_listings":7.333,"realtor_active_listings_yoy":0.6923,"realtor_active_listings_base":-0.444,"realtor_new_listings":4,"realtor_new_listings_yoy":0.2,"realtor_new_listings_base":0.0538,"realtor_days_on_market":55,"realtor_days_on_market_yoy":-0.1692,"realtor_days_on_market_base":"NA","zhvi":307093.414,"zhvi_yoy":-0.0392,"zhvi_base":0.5511,"zori":"NA","zori_yoy":"NA","zori_base":"NA"}},{"type":"MultiPolygon","arcs":[[[118,119,120,-1,121,122,123,124,-14]]],"properties":{"postal_code":"05045","realtor_list_price":"NA","realtor_list_price_yoy":"NA","realtor_list_price_base":"NA","realtor_active_listings":3.667,"realtor_active_listings_yoy":0.1,"realtor_active_listings_base":-0.6564,"realtor_new_listings":0,"realtor_new_listings_yoy":"NaN","realtor_new_listings_base":-1,"realtor_days_on_market":"NA","realtor_days_on_market_yoy":"NA","realtor_days_on_market_base":"NA","zhvi":394787.135,"zhvi_yoy":-0.024,"zhvi_base":0.4276,"zori":"NA","zori_yoy":"NA","zori_base":"NA"}},{"type":"MultiPolygon","arcs":[[[125,126,127,128,-76,129]]],"properties":{"postal_code":"05077","realtor_list_price":431250,"realtor_list_price_yoy":-0.2872,"realtor_list_price_base":"NA","realtor_active_listings":9.667,"realtor_active_listings_yoy":0.2083,"realtor_active_listings_base":-0.2798,"realtor_new_listings":1.333,"realtor_new_listings_yoy":-0.5,"realtor_new_listings_base":0.2226,"realtor_days_on_market":88,"realtor_days_on_market_yoy":0.6923,"realtor_days_on_market_base":"NA","zhvi":348553.095,"zhvi_yoy":-0.029,"zhvi_base":0.2526,"zori":"NA","zori_yoy":"NA","zori_base":"NA"}},{"type":"MultiPolygon","arcs":[[[-114,130,-82,131,132,133,134]]],"properties":{"postal_code":"05032","realtor_list_price":363225,"realtor_list_price_yoy":0.0386,"realtor_list_price_base":"NA","realtor_active_listings":8,"realtor_active_listings_yoy":-0.1724,"realtor_active_listings_base":-0.6267,"realtor_new_listings":1.333,"realtor_new_listings_yoy":-0.3333,"realtor_new_listings_base":-0.4213,"realtor_days_on_market":55,"realtor_days_on_market_yoy":0.3525,"realtor_days_on_market_base":"NA","zhvi":379640.452,"zhvi_yoy":0.0402,"zhvi_base":0.6018,"zori":"NA","zori_yoy":"NA","zori_base":"NA"}},{"type":"MultiPolygon","arcs":[[[-122,-6,135,-40,136]]],"properties":{"postal_code":"05043","realtor_list_price":"NA","realtor_list_price_yoy":"NA","realtor_list_price_base":"NA","realtor_active_listings":1.667,"realtor_active_listings_yoy":1.5,"realtor_active_listings_base":-0.1508,"realtor_new_listings":0,"realtor_new_listings_yoy":-1,"realtor_new_listings_base":-1,"realtor_days_on_market":"NA","realtor_days_on_market_yoy":"NA","realtor_days_on_market_base":"NA","zhvi":442141.306,"zhvi_yoy":-0.0906,"zhvi_base":"NA","zori":"NA","zori_yoy":"NA","zori_base":"NA"}},{"type":"MultiPolygon","arcs":[[[137,-52,138,-2,-121]]],"properties":{"postal_code":"03777","realtor_list_price":506500,"realtor_list_price_yoy":0.0885,"realtor_list_price_base":"NA","realtor_active_listings":6.333,"realtor_active_listings_yoy":-0.2963,"realtor_active_listings_base":-0.4143,"realtor_new_listings":1.333,"realtor_new_listings_yoy":-0.6667,"realtor_new_listings_base":-0.4164,"realtor_days_on_market":97,"realtor_days_on_market_yoy":0.9796,"realtor_days_on_market_base":"NA","zhvi":422042.693,"zhvi_yoy":0.0231,"zhvi_base":"NA","zori":"NA","zori_yoy":"NA","zori_base":"NA"}},{"type":"MultiPolygon","arcs":[[[-109,139,140,141,142,143,144,145,146,147]]],"properties":{"postal_code":"05089","realtor_list_price":682015,"realtor_list_price_yoy":0.763,"realtor_list_price_base":1.6061,"realtor_active_listings":11.333,"realtor_active_listings_yoy":0.0968,"realtor_active_listings_base":-0.6362,"realtor_new_listings":3.333,"realtor_new_listings_yoy":-0.2857,"realtor_new_listings_base":-0.376,"realtor_days_on_market":70.2,"realtor_days_on_market_yoy":0.2103,"realtor_days_on_market_base":-0.1469,"zhvi":328773.903,"zhvi_yoy":0.0089,"zhvi_base":0.5115,"zori":1362.5,"zori_yoy":"NA","zori_base":"NA"}},{"type":"MultiPolygon","arcs":[[[148,149,150,151]]],"properties":{"postal_code":"05059","realtor_list_price":677750,"realtor_list_price_yoy":-0.0049,"realtor_list_price_base":1.2859,"realtor_active_listings":32.333,"realtor_active_listings_yoy":0.2597,"realtor_active_listings_base":-0.6261,"realtor_new_listings":8,"realtor_new_listings_yoy":0,"realtor_new_listings_base":-0.3832,"realtor_days_on_market":76.75,"realtor_days_on_market_yoy":0.5557,"realtor_days_on_market_base":-0.1365,"zhvi":530302.633,"zhvi_yoy":0.056,"zhvi_base":0.8332,"zori":"NA","zori_yoy":"NA","zori_base":"NA"}},{"type":"MultiPolygon","arcs":[[[-111,152,153]],[[154,-107,155]]],"properties":{"postal_code":"05034","realtor_list_price":"NA","realtor_list_price_yoy":"NA","realtor_list_price_base":"NA","realtor_active_listings":2.667,"realtor_active_listings_yoy":-0.2,"realtor_active_listings_base":-0.6251,"realtor_new_listings":0,"realtor_new_listings_yoy":-1,"realtor_new_listings_base":-1,"realtor_days_on_market":"NA","realtor_days_on_market_yoy":"NA","realtor_days_on_market_base":"NA","zhvi":489216.89,"zhvi_yoy":0.0204,"zhvi_base":"NA","zori":"NA","zori_yoy":"NA","zori_base":"NA"}},{"type":"MultiPolygon","arcs":[[[156,157]]],"properties":{"postal_code":"03243","realtor_list_price":343987.5,"realtor_list_price_yoy":-0.4666,"realtor_list_price_base":"NA","realtor_active_listings":3,"realtor_active_listings_yoy":-0.1,"realtor_active_listings_base":-0.6864,"realtor_new_listings":1.333,"realtor_new_listings_yoy":-0.5,"realtor_new_listings_base":-0.4604,"realtor_days_on_market":31,"realtor_days_on_market_yoy":0,"realtor_days_on_market_base":"NA","zhvi":433873.021,"zhvi_yoy":0.1111,"zhvi_base":1.2093,"zori":"NA","zori_yoy":"NA","zori_base":"NA"}},{"type":"MultiPolygon","arcs":[[[-144,158,159,160,161]]],"properties":{"postal_code":"03743","realtor_list_price":372200,"realtor_list_price_yoy":0.0327,"realtor_list_price_base":1.5593,"realtor_active_listings":29.667,"realtor_active_listings_yoy":0.0595,"realtor_active_listings_base":-0.6452,"realtor_new_listings":12,"realtor_new_listings_yoy":-0.1,"realtor_new_listings_base":-0.3865,"realtor_days_on_market":51.778,"realtor_days_on_market_yoy":0.0545,"realtor_days_on_market_base":-0.2939,"zhvi":287307.719,"zhvi_yoy":0.0305,"zhvi_base":1.2793,"zori":1702.667,"zori_yoy":"NA","zori_base":"NA"}},{"type":"MultiPolygon","arcs":[[[-161,162,163,-54,164]]],"properties":{"postal_code":"03603","realtor_list_price":435250,"realtor_list_price_yoy":0.1312,"realtor_list_price_base":1.2106,"realtor_active_listings":12.333,"realtor_active_listings_yoy":0.0882,"realtor_active_listings_base":-0.5164,"realtor_new_listings":1.333,"realtor_new_listings_yoy":-0.6667,"realtor_new_listings_base":-0.6995,"realtor_days_on_market":115,"realtor_days_on_market_yoy":2.45,"realtor_days_on_market_base":0.6929,"zhvi":310387.651,"zhvi_yoy":0.0543,"zhvi_base":1.0772,"zori":"NA","zori_yoy":"NA","zori_base":"NA"}},{"type":"MultiPolygon","arcs":[[[165,-124,166]]],"properties":{"postal_code":"05058","realtor_list_price":"NA","realtor_list_price_yoy":"NA","realtor_list_price_base":"NA","realtor_active_listings":2.667,"realtor_active_listings_yoy":0.1429,"realtor_active_listings_base":"NA","realtor_new_listings":0,"realtor_new_listings_yoy":"NaN","realtor_new_listings_base":"NA","realtor_days_on_market":"NA","realtor_days_on_market_yoy":"NA","realtor_days_on_market_base":"NA","zhvi":379917.075,"zhvi_yoy":0.0221,"zhvi_base":"NA","zori":"NA","zori_yoy":"NA","zori_base":"NA"}},{"type":"MultiPolygon","arcs":[[[-30,167,168,169,170]]],"properties":{"postal_code":"03240","realtor_list_price":337816.667,"realtor_list_price_yoy":-0.5356,"realtor_list_price_base":1.125,"realtor_active_listings":8.667,"realtor_active_listings_yoy":1.8889,"realtor_active_listings_base":-0.6793,"realtor_new_listings":4,"realtor_new_listings_yoy":1,"realtor_new_listings_base":0.7176,"realtor_days_on_market":40.333,"realtor_days_on_market_yoy":-0.2924,"realtor_days_on_market_base":-0.6343,"zhvi":320829.486,"zhvi_yoy":-0.0062,"zhvi_base":"NA","zori":"NA","zori_yoy":"NA","zori_base":"NA"}},{"type":"MultiPolygon","arcs":[[[171,172]],[[-136,-5,-26,173,174,175,176,-41]]],"properties":{"postal_code":"03755","realtor_list_price":1038593.75,"realtor_list_price_yoy":-0.022,"realtor_list_price_base":0.5065,"realtor_active_listings":21,"realtor_active_listings_yoy":1.1724,"realtor_active_listings_base":-0.4021,"realtor_new_listings":5.333,"realtor_new_listings_yoy":-0.1111,"realtor_new_listings_base":-0.0491,"realtor_days_on_market":74.125,"realtor_days_on_market_yoy":0.4598,"realtor_days_on_market_base":-0.2026,"zhvi":981255.08,"zhvi_yoy":0.0742,"zhvi_base":0.9429,"zori":"NA","zori_yoy":"NA","zori_base":"NA"}},{"type":"MultiPolygon","arcs":[[[177,-95,178,-106,-35,-24,179,180,-163,-160,181]]],"properties":{"postal_code":"03773","realtor_list_price":484838.889,"realtor_list_price_yoy":-0.1224,"realtor_list_price_base":1.6244,"realtor_active_listings":22.333,"realtor_active_listings_yoy":0.3673,"realtor_active_listings_base":-0.5841,"realtor_new_listings":12,"realtor_new_listings_yoy":0.2857,"realtor_new_listings_base":0.1345,"realtor_days_on_market":45.333,"realtor_days_on_market_yoy":0.1952,"realtor_days_on_market_base":-0.3695,"zhvi":350835.587,"zhvi_yoy":0.0479,"zhvi_base":1.1611,"zori":"NA","zori_yoy":"NA","zori_base":"NA"}},{"type":"MultiPolygon","arcs":[[[-78,182,183,184]]],"properties":{"postal_code":"05084","realtor_list_price":"NA","realtor_list_price_yoy":"NA","realtor_list_price_base":"NA","realtor_active_listings":1,"realtor_active_listings_yoy":-0.4,"realtor_active_listings_base":-0.2132,"realtor_new_listings":0,"realtor_new_listings_yoy":"NaN","realtor_new_listings_base":"NA","realtor_days_on_market":"NA","realtor_days_on_market_yoy":"NA","realtor_days_on_market_base":"NA","zhvi":"NA","zhvi_yoy":"NA","zhvi_base":"NA","zori":"NA","zori_yoy":"NA","zori_base":"NA"}},{"type":"MultiPolygon","arcs":[[[185,186,-64,187]]],"properties":{"postal_code":"05142","realtor_list_price":579500,"realtor_list_price_yoy":0.0685,"realtor_list_price_base":1.0932,"realtor_active_listings":12.333,"realtor_active_listings_yoy":-0.2292,"realtor_active_listings_base":-0.2626,"realtor_new_listings":1.333,"realtor_new_listings_yoy":-0.6667,"realtor_new_listings_base":-0.4405,"realtor_days_on_market":132.5,"realtor_days_on_market_yoy":0.9019,"realtor_days_on_market_base":0.3361,"zhvi":357992.17,"zhvi_yoy":-0.0132,"zhvi_base":0.5777,"zori":"NA","zori_yoy":"NA","zori_base":"NA"}},{"type":"MultiPolygon","arcs":[[[188,-67,189]]],"properties":{"postal_code":"05148","realtor_list_price":585166.667,"realtor_list_price_yoy":-0.1809,"realtor_list_price_base":0.9192,"realtor_active_listings":16.667,"realtor_active_listings_yoy":0.25,"realtor_active_listings_base":-0.593,"realtor_new_listings":4,"realtor_new_listings_yoy":-0.25,"realtor_new_listings_base":-0.4876,"realtor_days_on_market":63,"realtor_days_on_market_yoy":0.1943,"realtor_days_on_market_base":-0.3028,"zhvi":445227.23,"zhvi_yoy":0.0258,"zhvi_base":0.641,"zori":"NA","zori_yoy":"NA","zori_base":"NA"}},{"type":"MultiPolygon","arcs":[[[190,191,-13,192,193,194,195]]],"properties":{"postal_code":"03223","realtor_list_price":490571.667,"realtor_list_price_yoy":0.0299,"realtor_list_price_base":1.3082,"realtor_active_listings":31,"realtor_active_listings_yoy":-0.0971,"realtor_active_listings_base":-0.486,"realtor_new_listings":10,"realtor_new_listings_yoy":-0.2105,"realtor_new_listings_base":-0.3017,"realtor_days_on_market":72.667,"realtor_days_on_market_yoy":0.1554,"realtor_days_on_market_base":0.0626,"zhvi":420563.902,"zhvi_yoy":0.0608,"zhvi_base":1.2838,"zori":"NA","zori_yoy":"NA","zori_base":"NA"}},{"type":"MultiPolygon","arcs":[[[196,197,198,-62,199]]],"properties":{"postal_code":"05149","realtor_list_price":660645.161,"realtor_list_price_yoy":0.2073,"realtor_list_price_base":0.8811,"realtor_active_listings":75.667,"realtor_active_listings_yoy":-0.1835,"realtor_active_listings_base":-0.6595,"realtor_new_listings":20.667,"realtor_new_listings_yoy":-0.1389,"realtor_new_listings_base":-0.1092,"realtor_days_on_market":74.677,"realtor_days_on_market_yoy":0.1638,"realtor_days_on_market_base":-0.4766,"zhvi":586954.638,"zhvi_yoy":0.0195,"zhvi_base":0.7499,"zori":"NA","zori_yoy":"NA","zori_base":"NA"}},{"type":"MultiPolygon","arcs":[[[-187,200,201,-146,202,-44,-65]]],"properties":{"postal_code":"05151","realtor_list_price":431000,"realtor_list_price_yoy":-0.3175,"realtor_list_price_base":"NA","realtor_active_listings":4.333,"realtor_active_listings_yoy":0.1818,"realtor_active_listings_base":-0.7624,"realtor_new_listings":0.667,"realtor_new_listings_yoy":-0.5,"realtor_new_listings_base":-0.6656,"realtor_days_on_market":173,"realtor_days_on_market_yoy":2.2037,"realtor_days_on_market_base":"NA","zhvi":323782.869,"zhvi_yoy":-0.0088,"zhvi_base":0.5295,"zori":"NA","zori_yoy":"NA","zori_base":"NA"}},{"type":"MultiPolygon","arcs":[[[203,204,205,-198,206,207]]],"properties":{"postal_code":"05056","realtor_list_price":665562.5,"realtor_list_price_yoy":0.098,"realtor_list_price_base":1.0381,"realtor_active_listings":17,"realtor_active_listings_yoy":0.2439,"realtor_active_listings_base":-0.6854,"realtor_new_listings":2.667,"realtor_new_listings_yoy":-0.3333,"realtor_new_listings_base":-0.5246,"realtor_days_on_market":69.5,"realtor_days_on_market_yoy":0.0024,"realtor_days_on_market_base":-0.3198,"zhvi":481480.665,"zhvi_yoy":0.0182,"zhvi_base":0.6729,"zori":"NA","zori_yoy":"NA","zori_base":"NA"}},{"type":"MultiPolygon","arcs":[[[208,-87,209]],[[210]]],"properties":{"postal_code":"05649","realtor_list_price":"NA","realtor_list_price_yoy":"NA","realtor_list_price_base":"NA","realtor_active_listings":1.667,"realtor_active_listings_yoy":-0.1667,"realtor_active_listings_base":-0.6541,"realtor_new_listings":0,"realtor_new_listings_yoy":"NaN","realtor_new_listings_base":-1,"realtor_days_on_market":"NA","realtor_days_on_market_yoy":"NA","realtor_days_on_market_base":"NA","zhvi":296180.905,"zhvi_yoy":0.0064,"zhvi_base":"NA","zori":"NA","zori_yoy":"NA","zori_base":"NA"}},{"type":"MultiPolygon","arcs":[[[211,212,213]]],"properties":{"postal_code":"05046","realtor_list_price":342750,"realtor_list_price_yoy":-0.3137,"realtor_list_price_base":"NA","realtor_active_listings":5,"realtor_active_listings_yoy":0.3636,"realtor_active_listings_base":-0.6472,"realtor_new_listings":1.333,"realtor_new_listings_yoy":1,"realtor_new_listings_base":-0.6351,"realtor_days_on_market":88,"realtor_days_on_market_yoy":0.2571,"realtor_days_on_market_base":"NA","zhvi":308321.96,"zhvi_yoy":0.0184,"zhvi_base":0.4377,"zori":"NA","zori_yoy":"NA","zori_base":"NA"}},{"type":"MultiPolygon","arcs":[[[214,-134,215,-156,-154,216,-204]]],"properties":{"postal_code":"05035","realtor_list_price":"NA","realtor_list_price_yoy":"NA","realtor_list_price_base":"NA","realtor_active_listings":4,"realtor_active_listings_yoy":-0.1429,"realtor_active_listings_base":-0.2488,"realtor_new_listings":0,"realtor_new_listings_yoy":-1,"realtor_new_listings_base":-1,"realtor_days_on_market":"NA","realtor_days_on_market_yoy":"NA","realtor_days_on_market_base":"NA","zhvi":415185.256,"zhvi_yoy":0.0434,"zhvi_base":"NA","zori":"NA","zori_yoy":"NA","zori_base":"NA"}},{"type":"MultiPolygon","arcs":[[[-147,-202,217]]],"properties":{"postal_code":"05037","realtor_list_price":"NA","realtor_list_price_yoy":"NA","realtor_list_price_base":"NA","realtor_active_listings":6,"realtor_active_listings_yoy":-0.28,"realtor_active_listings_base":-0.6453,"realtor_new_listings":0,"realtor_new_listings_yoy":-1,"realtor_new_listings_base":-1,"realtor_days_on_market":"NA","realtor_days_on_market_yoy":"NA","realtor_days_on_market_base":"NA","zhvi":419709.829,"zhvi_yoy":0.0406,"zhvi_base":0.8186,"zori":"NA","zori_yoy":"NA","zori_base":"NA"}},{"type":"MultiPolygon","arcs":[[[218,219,-99,220,-128]]],"properties":{"postal_code":"05072","realtor_list_price":"NA","realtor_list_price_yoy":"NA","realtor_list_price_base":"NA","realtor_active_listings":4.667,"realtor_active_listings_yoy":2.5,"realtor_active_listings_base":-0.4783,"realtor_new_listings":0,"realtor_new_listings_yoy":"NaN","realtor_new_listings_base":-1,"realtor_days_on_market":"NA","realtor_days_on_market_yoy":"NA","realtor_days_on_market_base":"NA","zhvi":417218.382,"zhvi_yoy":-0.0028,"zhvi_base":"NA","zori":"NA","zori_yoy":"NA","zori_base":"NA"}},{"type":"MultiPolygon","arcs":[[[221,222,-150,223,224,225,-141]]],"properties":{"postal_code":"05048","realtor_list_price":1496666.667,"realtor_list_price_yoy":1.7588,"realtor_list_price_base":2.7024,"realtor_active_listings":5,"realtor_active_listings_yoy":-0.3182,"realtor_active_listings_base":-0.8198,"realtor_new_listings":2,"realtor_new_listings_yoy":-0.25,"realtor_new_listings_base":-0.3395,"realtor_days_on_market":23,"realtor_days_on_market_yoy":-0.6618,"realtor_days_on_market_base":-0.7543,"zhvi":462497.355,"zhvi_yoy":0.0009,"zhvi_base":0.4987,"zori":"NA","zori_yoy":"NA","zori_base":"NA"}},{"type":"MultiPolygon","arcs":[[[226,227,228,-225]]],"properties":{"postal_code":"05052","realtor_list_price":"NA","realtor_list_price_yoy":"NA","realtor_list_price_base":"NA","realtor_active_listings":1,"realtor_active_listings_yoy":0.5,"realtor_active_listings_base":-0.653,"realtor_new_listings":0,"realtor_new_listings_yoy":"NaN","realtor_new_listings_base":"NA","realtor_days_on_market":"NA","realtor_days_on_market_yoy":"NA","realtor_days_on_market_base":"NA","zhvi":"NA","zhvi_yoy":"NA","zhvi_base":"NA","zori":"NA","zori_yoy":"NA","zori_base":"NA"}},{"type":"MultiPolygon","arcs":[[[-79,-185,229,230,-101]]],"properties":{"postal_code":"05053","realtor_list_price":604625,"realtor_list_price_yoy":"NA","realtor_list_price_base":"NA","realtor_active_listings":4,"realtor_active_listings_yoy":0.7143,"realtor_active_listings_base":-0.5528,"realtor_new_listings":0.667,"realtor_new_listings_yoy":"Inf","realtor_new_listings_base":0.2115,"realtor_days_on_market":95,"realtor_days_on_market_yoy":"NA","realtor_days_on_market_base":"NA","zhvi":644670.137,"zhvi_yoy":0.0465,"zhvi_base":"NA","zori":"NA","zori_yoy":"NA","zori_base":"NA"}},{"type":"MultiPolygon","arcs":[[[231,232,-196,233,-85,-27,-3]]],"properties":{"postal_code":"03266","realtor_list_price":488666.667,"realtor_list_price_yoy":-0.4121,"realtor_list_price_base":1.4867,"realtor_active_listings":10,"realtor_active_listings_yoy":0.5789,"realtor_active_listings_base":-0.5384,"realtor_new_listings":6,"realtor_new_listings_yoy":0.5,"realtor_new_listings_base":0.2486,"realtor_days_on_market":35.333,"realtor_days_on_market_yoy":-0.5247,"realtor_days_on_market_base":-0.3794,"zhvi":358393.516,"zhvi_yoy":0.068,"zhvi_base":1.2354,"zori":"NA","zori_yoy":"NA","zori_base":"NA"}},{"type":"MultiPolygon","arcs":[[[-20,234,235,236]]],"properties":{"postal_code":"03561","realtor_list_price":424700,"realtor_list_price_yoy":-0.1987,"realtor_list_price_base":0.9137,"realtor_active_listings":22,"realtor_active_listings_yoy":0.7838,"realtor_active_listings_base":-0.2757,"realtor_new_listings":7.333,"realtor_new_listings_yoy":0.1,"realtor_new_listings_base":0.1234,"realtor_days_on_market":59,"realtor_days_on_market_yoy":0.3288,"realtor_days_on_market_base":-0.2868,"zhvi":355394.608,"zhvi_yoy":-0.0016,"zhvi_base":1.0316,"zori":"NA","zori_yoy":"NA","zori_base":"NA"}},{"type":"MultiPolygon","arcs":[[[237,238,239,-104]]],"properties":{"postal_code":"03257","realtor_list_price":723083.333,"realtor_list_price_yoy":-0.2149,"realtor_list_price_base":0.4531,"realtor_active_listings":16.333,"realtor_active_listings_yoy":-0.02,"realtor_active_listings_base":-0.6822,"realtor_new_listings":8,"realtor_new_listings_yoy":-0.0769,"realtor_new_listings_base":-0.4365,"realtor_days_on_market":70.667,"realtor_days_on_market_yoy":1.2627,"realtor_days_on_market_base":0.0686,"zhvi":705730.075,"zhvi_yoy":0.0209,"zhvi_base":0.7735,"zori":"NA","zori_yoy":"NA","zori_base":"NA"}},{"type":"MultiPolygon","arcs":[[[240,241,242,243,-191,-233,244,-50]]],"properties":{"postal_code":"03279","realtor_list_price":"NA","realtor_list_price_yoy":"NA","realtor_list_price_base":"NA","realtor_active_listings":2.333,"realtor_active_listings_yoy":0.75,"realtor_active_listings_base":-0.7419,"realtor_new_listings":0,"realtor_new_listings_yoy":"NaN","realtor_new_listings_base":-1,"realtor_days_on_market":"NA","realtor_days_on_market_yoy":"NA","realtor_days_on_market_base":"NA","zhvi":270951.557,"zhvi_yoy":0.0317,"zhvi_base":"NA","zori":"NA","zori_yoy":"NA","zori_base":"NA"}},{"type":"MultiPolygon","arcs":[[[-118,-69,-112,245],[246]]],"properties":{"postal_code":"05663","realtor_list_price":356575,"realtor_list_price_yoy":-0.0653,"realtor_list_price_base":0.4962,"realtor_active_listings":12,"realtor_active_listings_yoy":-0.1818,"realtor_active_listings_base":-0.5429,"realtor_new_listings":5.333,"realtor_new_listings_yoy":-0.1111,"realtor_new_listings_base":-0.1926,"realtor_days_on_market":56.25,"realtor_days_on_market_yoy":0.2752,"realtor_days_on_market_base":-0.3547,"zhvi":327764.384,"zhvi_yoy":0.0053,"zhvi_base":0.593,"zori":"NA","zori_yoy":"NA","zori_base":"NA"}},{"type":"MultiPolygon","arcs":[[[-51,-245,-232,-139]]],"properties":{"postal_code":"03282","realtor_list_price":398500,"realtor_list_price_yoy":-0.1947,"realtor_list_price_base":"NA","realtor_active_listings":3.667,"realtor_active_listings_yoy":-0.4762,"realtor_active_listings_base":-0.283,"realtor_new_listings":0.667,"realtor_new_listings_yoy":-0.5,"realtor_new_listings_base":-0.7349,"realtor_days_on_market":41,"realtor_days_on_market_yoy":1.9286,"realtor_days_on_market_base":"NA","zhvi":367839.244,"zhvi_yoy":0.0169,"zhvi_base":1.0472,"zori":"NA","zori_yoy":"NA","zori_base":"NA"}},{"type":"MultiPolygon","arcs":[[[-207,-197,247]]],"properties":{"postal_code":"05758","realtor_list_price":590166.667,"realtor_list_price_yoy":0.1516,"realtor_list_price_base":1.424,"realtor_active_listings":13,"realtor_active_listings_yoy":0.95,"realtor_active_listings_base":-0.4977,"realtor_new_listings":2,"realtor_new_listings_yoy":0,"realtor_new_listings_base":-0.1457,"realtor_days_on_market":78,"realtor_days_on_market_yoy":1.1869,"realtor_days_on_market_base":-0.1612,"zhvi":398718.836,"zhvi_yoy":0.037,"zhvi_base":0.6283,"zori":"NA","zori_yoy":"NA","zori_base":"NA"}},{"type":"MultiPolygon","arcs":[[[-181,248,-55,-164]]],"properties":{"postal_code":"03601","realtor_list_price":479500,"realtor_list_price_yoy":"NA","realtor_list_price_base":"NA","realtor_active_listings":4,"realtor_active_listings_yoy":1.4,"realtor_active_listings_base":-0.5012,"realtor_new_listings":1.333,"realtor_new_listings_yoy":"Inf","realtor_new_listings_base":0.25,"realtor_days_on_market":144,"realtor_days_on_market_yoy":"NA","realtor_days_on_market_base":"NA","zhvi":352369.331,"zhvi_yoy":0.0047,"zhvi_base":0.9756,"zori":"NA","zori_yoy":"NA","zori_base":"NA"}},{"type":"MultiPolygon","arcs":[[[-249,-180,-23,249,-56]]],"properties":{"postal_code":"03607","realtor_list_price":"NA","realtor_list_price_yoy":"NA","realtor_list_price_base":"NA","realtor_active_listings":0.667,"realtor_active_listings_yoy":-0.6,"realtor_active_listings_base":-0.5893,"realtor_new_listings":0,"realtor_new_listings_yoy":-1,"realtor_new_listings_base":"NA","realtor_days_on_market":"NA","realtor_days_on_market_yoy":"NA","realtor_days_on_market_base":"NA","zhvi":318927.327,"zhvi_yoy":0.0001,"zhvi_base":1.0914,"zori":"NA","zori_yoy":"NA","zori_base":"NA"}},{"type":"MultiPolygon","arcs":[[[250,251,252,253,254,255,256],[257]]],"properties":{"postal_code":"03740","realtor_list_price":649900,"realtor_list_price_yoy":0.3236,"realtor_list_price_base":1.0057,"realtor_active_listings":6.333,"realtor_active_listings_yoy":0.9,"realtor_active_listings_base":-0.605,"realtor_new_listings":0.667,"realtor_new_listings_yoy":0,"realtor_new_listings_base":-0.7603,"realtor_days_on_market":104,"realtor_days_on_market_yoy":1.8889,"realtor_days_on_market_base":0.2116,"zhvi":323558.33,"zhvi_yoy":0.0347,"zhvi_base":0.9453,"zori":"NA","zori_yoy":"NA","zori_base":"NA"}},{"type":"MultiPolygon","arcs":[[[-174,-25,258]],[[-31,-171,259,-92,260,261]]],"properties":{"postal_code":"03748","realtor_list_price":644922.222,"realtor_list_price_yoy":0.0562,"realtor_list_price_base":1.3663,"realtor_active_listings":13.667,"realtor_active_listings_yoy":0.3226,"realtor_active_listings_base":-0.7106,"realtor_new_listings":6,"realtor_new_listings_yoy":0.125,"realtor_new_listings_base":-0.3131,"realtor_days_on_market":57.222,"realtor_days_on_market_yoy":0.5571,"realtor_days_on_market_base":-0.317,"zhvi":466950.997,"zhvi_yoy":0.0749,"zhvi_base":1.0277,"zori":"NA","zori_yoy":"NA","zori_base":"NA"}},{"type":"MultiPolygon","arcs":[[[262,263,-48,264]]],"properties":{"postal_code":"03765","realtor_list_price":499000,"realtor_list_price_yoy":0.2633,"realtor_list_price_base":"NA","realtor_active_listings":5.333,"realtor_active_listings_yoy":0.1429,"realtor_active_listings_base":-0.4153,"realtor_new_listings":1.333,"realtor_new_listings_yoy":1,"realtor_new_listings_base":6.3043,"realtor_days_on_market":77,"realtor_days_on_market_yoy":0.5098,"realtor_days_on_market_base":"NA","zhvi":321537.998,"zhvi_yoy":0.0345,"zhvi_base":1.1728,"zori":"NA","zori_yoy":"NA","zori_base":"NA"}},{"type":"MultiPolygon","arcs":[[[265,266]]],"properties":{"postal_code":"03770","realtor_list_price":"NA","realtor_list_price_yoy":"NA","realtor_list_price_base":"NA","realtor_active_listings":1,"realtor_active_listings_yoy":0.5,"realtor_active_listings_base":-0.3699,"realtor_new_listings":0,"realtor_new_listings_yoy":-1,"realtor_new_listings_base":"NA","realtor_days_on_market":"NA","realtor_days_on_market_yoy":"NA","realtor_days_on_market_base":"NA","zhvi":571320.128,"zhvi_yoy":0.0225,"zhvi_base":"NA","zori":"NA","zori_yoy":"NA","zori_base":"NA"}},{"type":"MultiPolygon","arcs":[[[-236,267,-251,268]]],"properties":{"postal_code":"03771","realtor_list_price":348075,"realtor_list_price_yoy":-0.4419,"realtor_list_price_base":"NA","realtor_active_listings":3.333,"realtor_active_listings_yoy":0.25,"realtor_active_listings_base":0.1209,"realtor_new_listings":0.667,"realtor_new_listings_yoy":-0.6667,"realtor_new_listings_base":-0.6415,"realtor_days_on_market":23,"realtor_days_on_market_yoy":-0.2333,"realtor_days_on_market_base":"NA","zhvi":390464.388,"zhvi_yoy":0.0443,"zhvi_base":"NA","zori":"NA","zori_yoy":"NA","zori_base":"NA"}},{"type":"MultiPolygon","arcs":[[[269,-254,270,271,-263,272,273]]],"properties":{"postal_code":"03774","realtor_list_price":"NA","realtor_list_price_yoy":"NA","realtor_list_price_base":"NA","realtor_active_listings":6.333,"realtor_active_listings_yoy":0.1875,"realtor_active_listings_base":-0.4654,"realtor_new_listings":0,"realtor_new_listings_yoy":-1,"realtor_new_listings_base":-1,"realtor_days_on_market":"NA","realtor_days_on_market_yoy":"NA","realtor_days_on_market_base":"NA","zhvi":353928.596,"zhvi_yoy":0.0883,"zhvi_base":1.2149,"zori":"NA","zori_yoy":"NA","zori_base":"NA"}},{"type":"MultiPolygon","arcs":[[[274,-241,-49,-264,-272]]],"properties":{"postal_code":"03780","realtor_list_price":"NA","realtor_list_price_yoy":"NA","realtor_list_price_base":"NA","realtor_active_listings":1.667,"realtor_active_listings_yoy":-0.5,"realtor_active_listings_base":"NA","realtor_new_listings":0,"realtor_new_listings_yoy":"NaN","realtor_new_listings_base":"NA","realtor_days_on_market":"NA","realtor_days_on_market_yoy":"NA","realtor_days_on_market_base":"NA","zhvi":327356.282,"zhvi_yoy":0.0889,"zhvi_base":1.1197,"zori":"NA","zori_yoy":"NA","zori_base":"NA"}},{"type":"MultiPolygon","arcs":[[[-226,-229,275,276,-261,-96,-178,277,-267,278,-142]]],"properties":{"postal_code":"03781","realtor_list_price":585000,"realtor_list_price_yoy":0.2,"realtor_list_price_base":"NA","realtor_active_listings":1.667,"realtor_active_listings_yoy":1.5,"realtor_active_listings_base":-0.8805,"realtor_new_listings":1.333,"realtor_new_listings_yoy":1,"realtor_new_listings_base":-0.5523,"realtor_days_on_market":20,"realtor_days_on_market_yoy":-0.4118,"realtor_days_on_market_base":"NA","zhvi":532497.972,"zhvi_yoy":0.024,"zhvi_base":"NA","zori":"NA","zori_yoy":"NA","zori_base":"NA"}},{"type":"MultiPolygon","arcs":[[[-253,279,-61,280,281,-243,282,-275,-271]],[[-258]],[[-255,-270,283]]],"properties":{"postal_code":"03785","realtor_list_price":327990,"realtor_list_price_yoy":-0.0785,"realtor_list_price_base":1.665,"realtor_active_listings":14.333,"realtor_active_listings_yoy":1.2632,"realtor_active_listings_base":0.0741,"realtor_new_listings":3.333,"realtor_new_listings_yoy":0,"realtor_new_listings_base":0.0822,"realtor_days_on_market":71.4,"realtor_days_on_market_yoy":1.0056,"realtor_days_on_market_base":-0.069,"zhvi":306329.321,"zhvi_yoy":0.0271,"zhvi_base":1.3879,"zori":"NA","zori_yoy":"NA","zori_base":"NA"}},{"type":"MultiPolygon","arcs":[[[284,285,-42,-177,286,-276,-228,287]]],"properties":{"postal_code":"03784","realtor_list_price":605861.111,"realtor_list_price_yoy":-0.1152,"realtor_list_price_base":0.9237,"realtor_active_listings":11,"realtor_active_listings_yoy":0.8333,"realtor_active_listings_base":-0.0681,"realtor_new_listings":6,"realtor_new_listings_yoy":2,"realtor_new_listings_base":0.1022,"realtor_days_on_market":54.222,"realtor_days_on_market_yoy":0.1296,"realtor_days_on_market_base":-0.0638,"zhvi":487478.515,"zhvi_yoy":0.0421,"zhvi_base":0.8916,"zori":"NA","zori_yoy":"NA","zori_base":"NA"}},{"type":"MultiPolygon","arcs":[[[-176,288,-172,289,-262,-277,-287]]],"properties":{"postal_code":"03766","realtor_list_price":474114.286,"realtor_list_price_yoy":-0.2371,"realtor_list_price_base":0.7327,"realtor_active_listings":17,"realtor_active_listings_yoy":1.04,"realtor_active_listings_base":-0.531,"realtor_new_listings":9.333,"realtor_new_listings_yoy":1.3333,"realtor_new_listings_base":-0.2608,"realtor_days_on_market":37.857,"realtor_days_on_market_yoy":-0.4307,"realtor_days_on_market_base":-0.4921,"zhvi":453619.785,"zhvi_yoy":0.0321,"zhvi_base":0.8408,"zori":2621.009,"zori_yoy":-0.0005,"zori_base":"NA"}},{"type":"MultiPolygon","arcs":[[[-234,-195,290,291,292,293,-83]]],"properties":{"postal_code":"03264","realtor_list_price":432330,"realtor_list_price_yoy":-0.1038,"realtor_list_price_base":0.8568,"realtor_active_listings":25.333,"realtor_active_listings_yoy":0.3571,"realtor_active_listings_base":-0.2251,"realtor_new_listings":6.667,"realtor_new_listings_yoy":0.4286,"realtor_new_listings_base":-0.2562,"realtor_days_on_market":79.4,"realtor_days_on_market_yoy":0.3361,"realtor_days_on_market_base":0.2251,"zhvi":384555.605,"zhvi_yoy":0.0079,"zhvi_base":0.9129,"zori":"NA","zori_yoy":"NA","zori_base":"NA"}},{"type":"MultiPolygon","arcs":[[[294,-9,295,-7,-192,-244,-282]]],"properties":{"postal_code":"03262","realtor_list_price":389700,"realtor_list_price_yoy":-0.0985,"realtor_list_price_base":1.5189,"realtor_active_listings":13.667,"realtor_active_listings_yoy":-0.4058,"realtor_active_listings_base":-0.5358,"realtor_new_listings":1.333,"realtor_new_listings_yoy":-0.7778,"realtor_new_listings_base":-0.8047,"realtor_days_on_market":89,"realtor_days_on_market_yoy":0.4485,"realtor_days_on_market_base":0.014,"zhvi":437779.823,"zhvi_yoy":0.0242,"zhvi_base":1.3549,"zori":"NA","zori_yoy":"NA","zori_base":"NA"}},{"type":"MultiPolygon","arcs":[[[-194,296,297,-291]]],"properties":{"postal_code":"03245","realtor_list_price":470100,"realtor_list_price_yoy":-0.2356,"realtor_list_price_base":"NA","realtor_active_listings":21,"realtor_active_listings_yoy":0.5366,"realtor_active_listings_base":0.0476,"realtor_new_listings":3.333,"realtor_new_listings_yoy":-0.4444,"realtor_new_listings_base":-0.3944,"realtor_days_on_market":66.2,"realtor_days_on_market_yoy":1.6959,"realtor_days_on_market_base":"NA","zhvi":671802.719,"zhvi_yoy":0.0455,"zhvi_base":1.1202,"zori":"NA","zori_yoy":"NA","zori_base":"NA"}},{"type":"MultiPolygon","arcs":[[[-129,-221,-98,-38,298,-183,-77]]],"properties":{"postal_code":"05065","realtor_list_price":999000,"realtor_list_price_yoy":0.7465,"realtor_list_price_base":"NA","realtor_active_listings":2.667,"realtor_active_listings_yoy":0.3333,"realtor_active_listings_base":-0.787,"realtor_new_listings":0.667,"realtor_new_listings_yoy":-0.5,"realtor_new_listings_base":-0.6411,"realtor_days_on_market":53,"realtor_days_on_market_yoy":4.8889,"realtor_days_on_market_base":"NA","zhvi":379710.643,"zhvi_yoy":0.0403,"zhvi_base":0.6368,"zori":"NA","zori_yoy":"NA","zori_base":"NA"}},{"type":"MultiPolygon","arcs":[[[-259,-32,-290,-173,-289,-175]]],"properties":{"postal_code":"03750","realtor_list_price":"NA","realtor_list_price_yoy":"NA","realtor_list_price_base":"NA","realtor_active_listings":5,"realtor_active_listings_yoy":2.75,"realtor_active_listings_base":0.2413,"realtor_new_listings":0,"realtor_new_listings_yoy":"NaN","realtor_new_listings_base":-1,"realtor_days_on_market":"NA","realtor_days_on_market_yoy":"NA","realtor_days_on_market_base":"NA","zhvi":1104067.628,"zhvi_yoy":0.068,"zhvi_base":0.9773,"zori":"NA","zori_yoy":"NA","zori_base":"NA"}},{"type":"MultiPolygon","arcs":[[[299,-167,-123,-137,-39,-97,-220]]],"properties":{"postal_code":"05075","realtor_list_price":"NA","realtor_list_price_yoy":"NA","realtor_list_price_base":"NA","realtor_active_listings":1.667,"realtor_active_listings_yoy":-0.5,"realtor_active_listings_base":-0.7862,"realtor_new_listings":0,"realtor_new_listings_yoy":-1,"realtor_new_listings_base":-1,"realtor_days_on_market":"NA","realtor_days_on_market_yoy":"NA","realtor_days_on_market_base":"NA","zhvi":413973.207,"zhvi_yoy":-0.0533,"zhvi_base":0.2815,"zori":"NA","zori_yoy":"NA","zori_base":"NA"}},{"type":"MultiPolygon","arcs":[[[300]]],"properties":{"postal_code":"03244","realtor_list_price":422730.556,"realtor_list_price_yoy":-0.0032,"realtor_list_price_base":0.9319,"realtor_active_listings":29.333,"realtor_active_listings_yoy":0,"realtor_active_listings_base":-0.5175,"realtor_new_listings":12,"realtor_new_listings_yoy":-0.1818,"realtor_new_listings_base":-0.4197,"realtor_days_on_market":66.778,"realtor_days_on_market_yoy":0.4662,"realtor_days_on_market_base":0.1353,"zhvi":392788.247,"zhvi_yoy":0.004,"zhvi_base":0.9492,"zori":"NA","zori_yoy":"NA","zori_base":"NA"}},{"type":"MultiPolygon","arcs":[[[-279,-266,-278,-182,-159,-143]]],"properties":{"postal_code":"03745","realtor_list_price":"NA","realtor_list_price_yoy":"NA","realtor_list_price_base":"NA","realtor_active_listings":3.333,"realtor_active_listings_yoy":0.25,"realtor_active_listings_base":-0.7676,"realtor_new_listings":0,"realtor_new_listings_yoy":"NaN","realtor_new_listings_base":-1,"realtor_days_on_market":"NA","realtor_days_on_market_yoy":"NA","realtor_days_on_market_base":"NA","zhvi":453988.977,"zhvi_yoy":0.111,"zhvi_base":1.0073,"zori":"NA","zori_yoy":"NA","zori_base":"NA"}},{"type":"MultiPolygon","arcs":[[[-206,301,-188,-63,-199]]],"properties":{"postal_code":"05153","realtor_list_price":599000,"realtor_list_price_yoy":0.011,"realtor_list_price_base":"NA","realtor_active_listings":6.667,"realtor_active_listings_yoy":0.1765,"realtor_active_listings_base":-0.5089,"realtor_new_listings":1.333,"realtor_new_listings_yoy":1,"realtor_new_listings_base":0.8783,"realtor_days_on_market":32,"realtor_days_on_market_yoy":-0.7241,"realtor_days_on_market_base":"NA","zhvi":353796.522,"zhvi_yoy":0.0011,"zhvi_base":0.563,"zori":"NA","zori_yoy":"NA","zori_base":"NA"}},{"type":"MultiPolygon","arcs":[[[-84,-294,302,-157,303,-168,-29]]],"properties":{"postal_code":"03222","realtor_list_price":624598.333,"realtor_list_price_yoy":-0.0493,"realtor_list_price_base":1.6757,"realtor_active_listings":15.667,"realtor_active_listings_yoy":-0.4719,"realtor_active_listings_base":-0.7509,"realtor_new_listings":10,"realtor_new_listings_yoy":0.0714,"realtor_new_listings_base":-0.3952,"realtor_days_on_market":39.467,"realtor_days_on_market_yoy":-0.2711,"realtor_days_on_market_base":-0.4555,"zhvi":439173.408,"zhvi_yoy":0.0248,"zhvi_base":1.1135,"zori":"NA","zori_yoy":"NA","zori_base":"NA"}},{"type":"MultiPolygon","arcs":[[[-235,-37,-58,-280,-252,-268]]],"properties":{"postal_code":"03585","realtor_list_price":333482.143,"realtor_list_price_yoy":-0.1169,"realtor_list_price_base":0.9094,"realtor_active_listings":12.333,"realtor_active_listings_yoy":-0.3509,"realtor_active_listings_base":-0.4828,"realtor_new_listings":4.667,"realtor_new_listings_yoy":0,"realtor_new_listings_base":-0.0851,"realtor_days_on_market":52.571,"realtor_days_on_market_yoy":0.1609,"realtor_days_on_market_base":-0.3627,"zhvi":319618.038,"zhvi_yoy":0.061,"zhvi_base":1.1122,"zori":"NA","zori_yoy":"NA","zori_base":"NA"}},{"type":"MultiPolygon","arcs":[[[-117,-90,304,305,-127,306,-71]]],"properties":{"postal_code":"05038","realtor_list_price":"NA","realtor_list_price_yoy":"NA","realtor_list_price_base":"NA","realtor_active_listings":1,"realtor_active_listings_yoy":-0.85,"realtor_active_listings_base":-0.926,"realtor_new_listings":0,"realtor_new_listings_yoy":-1,"realtor_new_listings_base":-1,"realtor_days_on_market":"NA","realtor_days_on_market_yoy":"NA","realtor_days_on_market_base":"NA","zhvi":297736.359,"zhvi_yoy":0.0021,"zhvi_base":0.4923,"zori":"NA","zori_yoy":"NA","zori_base":"NA"}},{"type":"MultiPolygon","arcs":[[[307,-102,-231,308,-152,309,-222,-140,-108,-155,-216,-133]]],"properties":{"postal_code":"05091","realtor_list_price":1015000,"realtor_list_price_yoy":0.0119,"realtor_list_price_base":0.6975,"realtor_active_listings":28,"realtor_active_listings_yoy":-0.0769,"realtor_active_listings_base":-0.6181,"realtor_new_listings":5.333,"realtor_new_listings_yoy":-0.3846,"realtor_new_listings_base":-0.5282,"realtor_days_on_market":90.75,"realtor_days_on_market_yoy":0.2964,"realtor_days_on_market_base":-0.0563,"zhvi":701508.938,"zhvi_yoy":0.0142,"zhvi_base":0.6432,"zori":"NA","zori_yoy":"NA","zori_base":"NA"}},{"type":"MultiPolygon","arcs":[[[-298,310,-292]]],"properties":{"postal_code":"03217","realtor_list_price":543234.375,"realtor_list_price_yoy":"NA","realtor_list_price_base":1.8964,"realtor_active_listings":11.667,"realtor_active_listings_yoy":1.5,"realtor_active_listings_base":-0.6563,"realtor_new_listings":5.333,"realtor_new_listings_yoy":"Inf","realtor_new_listings_base":-0.2169,"realtor_days_on_market":50,"realtor_days_on_market_yoy":"NA","realtor_days_on_market_base":-0.4288,"zhvi":363652.684,"zhvi_yoy":0.0174,"zhvi_base":1.064,"zori":"NA","zori_yoy":"NA","zori_base":"NA"}},{"type":"MultiPolygon","arcs":[[[-209,311,-213,312,313,314,-88]]],"properties":{"postal_code":"05086","realtor_list_price":400000,"realtor_list_price_yoy":"NA","realtor_list_price_base":"NA","realtor_active_listings":1.333,"realtor_active_listings_yoy":0,"realtor_active_listings_base":-0.8251,"realtor_new_listings":0.667,"realtor_new_listings_yoy":"Inf","realtor_new_listings_base":2.6,"realtor_days_on_market":6,"realtor_days_on_market_yoy":"NA","realtor_days_on_market_base":"NA","zhvi":254538.633,"zhvi_yoy":-0.0676,"zhvi_base":"NA","zori":"NA","zori_yoy":"NA","zori_base":"NA"}},{"type":"MultiPolygon","arcs":[[[-89,-315,315,316,317,-305]]],"properties":{"postal_code":"05039","realtor_list_price":650000,"realtor_list_price_yoy":0.5294,"realtor_list_price_base":"NA","realtor_active_listings":6,"realtor_active_listings_yoy":-0.3333,"realtor_active_listings_base":-0.3793,"realtor_new_listings":0.667,"realtor_new_listings_yoy":-0.5,"realtor_new_listings_base":-0.7872,"realtor_days_on_market":22,"realtor_days_on_market_yoy":-0.5,"realtor_days_on_market_base":"NA","zhvi":312182.969,"zhvi_yoy":-0.0306,"zhvi_base":0.2759,"zori":"NA","zori_yoy":"NA","zori_base":"NA"}},{"type":"MultiPolygon","arcs":[[[318,319,-53,-138,-120,320,-317]]],"properties":{"postal_code":"05033","realtor_list_price":364000,"realtor_list_price_yoy":-0.002,"realtor_list_price_base":"NA","realtor_active_listings":4,"realtor_active_listings_yoy":-0.3333,"realtor_active_listings_base":-0.7532,"realtor_new_listings":2,"realtor_new_listings_yoy":0.5,"realtor_new_listings_base":-0.3287,"realtor_days_on_market":66,"realtor_days_on_market_yoy":0.1,"realtor_days_on_market_base":"NA","zhvi":304222.039,"zhvi_yoy":-0.0141,"zhvi_base":0.4037,"zori":"NA","zori_yoy":"NA","zori_base":"NA"}},{"type":"MultiPolygon","arcs":[[[-314,321,322,-319,-316]]],"properties":{"postal_code":"05040","realtor_list_price":975000,"realtor_list_price_yoy":"NA","realtor_list_price_base":"NA","realtor_active_listings":1,"realtor_active_listings_yoy":0.5,"realtor_active_listings_base":-0.7234,"realtor_new_listings":1.333,"realtor_new_listings_yoy":"Inf","realtor_new_listings_base":"NA","realtor_days_on_market":5,"realtor_days_on_market_yoy":"NA","realtor_days_on_market_base":"NA","zhvi":303017.347,"zhvi_yoy":-0.006,"zhvi_base":"NA","zori":"NA","zori_yoy":"NA","zori_base":"NA"}},{"type":"MultiPolygon","arcs":[[[323,324,325,-273,-265,-47,-320,-323]]],"properties":{"postal_code":"05051","realtor_list_price":442900,"realtor_list_price_yoy":-0.0747,"realtor_list_price_base":"NA","realtor_active_listings":7.667,"realtor_active_listings_yoy":-0.2069,"realtor_active_listings_base":-0.5053,"realtor_new_listings":3.333,"realtor_new_listings_yoy":1.5,"realtor_new_listings_base":0.0615,"realtor_days_on_market":35.8,"realtor_days_on_market_yoy":-0.5162,"realtor_days_on_market_base":"NA","zhvi":319410.734,"zhvi_yoy":-0.0145,"zhvi_base":0.4566,"zori":"NA","zori_yoy":"NA","zori_base":"NA"}},{"type":"MultiPolygon","arcs":[[[-73,326,-130,-75,-131,-113]]],"properties":{"postal_code":"05061","realtor_list_price":"NA","realtor_list_price_yoy":"NA","realtor_list_price_base":"NA","realtor_active_listings":4,"realtor_active_listings_yoy":0,"realtor_active_listings_base":-0.3953,"realtor_new_listings":0,"realtor_new_listings_yoy":"NaN","realtor_new_listings_base":-1,"realtor_days_on_market":"NA","realtor_days_on_market_yoy":"NA","realtor_days_on_market_base":"NA","zhvi":377898.959,"zhvi_yoy":0.0449,"zhvi_base":0.5137,"zori":"NA","zori_yoy":"NA","zori_base":"NA"}},{"type":"MultiPolygon","arcs":[[[-212,327,-324,-322,-313]]],"properties":{"postal_code":"05076","realtor_list_price":380000,"realtor_list_price_yoy":"NA","realtor_list_price_base":"NA","realtor_active_listings":5.667,"realtor_active_listings_yoy":0.8889,"realtor_active_listings_base":-0.0898,"realtor_new_listings":0.667,"realtor_new_listings_yoy":"Inf","realtor_new_listings_base":0.2857,"realtor_days_on_market":157,"realtor_days_on_market_yoy":"NA","realtor_days_on_market_base":"NA","zhvi":273867.183,"zhvi_yoy":0.0292,"zhvi_base":"NA","zori":"NA","zori_yoy":"NA","zori_base":"NA"}},{"type":"MultiPolygon","arcs":[[[-230,-184,-299,-43,-286,328,-288,-227,-224,-149,-309],[329]]],"properties":{"postal_code":"05001","realtor_list_price":484468.75,"realtor_list_price_yoy":-0.1866,"realtor_list_price_base":0.791,"realtor_active_listings":21.667,"realtor_active_listings_yoy":0.7105,"realtor_active_listings_base":-0.341,"realtor_new_listings":8,"realtor_new_listings_yoy":-0.0769,"realtor_new_listings_base":-0.0641,"realtor_days_on_market":73.083,"realtor_days_on_market_yoy":0.5601,"realtor_days_on_market_base":0.1379,"zhvi":416368.363,"zhvi_yoy":0.043,"zhvi_base":0.8037,"zori":"NA","zori_yoy":"NA","zori_base":"NA"}},{"type":"MultiPolygon","arcs":[[[-81,-100,-308,-132]]],"properties":{"postal_code":"05031","realtor_list_price":1596875,"realtor_list_price_yoy":-0.2648,"realtor_list_price_base":1.0557,"realtor_active_listings":15,"realtor_active_listings_yoy":0.3235,"realtor_active_listings_base":-0.4869,"realtor_new_listings":2.667,"realtor_new_listings_yoy":1,"realtor_new_listings_base":-0.2905,"realtor_days_on_market":105.5,"realtor_days_on_market_yoy":0.4653,"realtor_days_on_market_base":-0.0178,"zhvi":"NA","zhvi_yoy":"NA","zhvi_base":"NA","zori":"NA","zori_yoy":"NA","zori_base":"NA"}},{"type":"MultiPolygon","arcs":[[[-68,-189,330]]],"properties":{"postal_code":"05161","realtor_list_price":612400,"realtor_list_price_yoy":-0.2152,"realtor_list_price_base":"NA","realtor_active_listings":5.333,"realtor_active_listings_yoy":-0.3043,"realtor_active_listings_base":-0.7601,"realtor_new_listings":3.333,"realtor_new_listings_yoy":0.25,"realtor_new_listings_base":0.0446,"realtor_days_on_market":59.4,"realtor_days_on_market_yoy":0.4488,"realtor_days_on_market_base":"NA","zhvi":546479.756,"zhvi_yoy":-0.0059,"zhvi_base":0.5733,"zori":"NA","zori_yoy":"NA","zori_base":"NA"}},{"type":"MultiPolygon","arcs":[[[-318,-321,-119,-15,-125,-166,-300,-219,-306]]],"properties":{"postal_code":"05079","realtor_list_price":"NA","realtor_list_price_yoy":"NA","realtor_list_price_base":"NA","realtor_active_listings":5,"realtor_active_listings_yoy":0.6667,"realtor_active_listings_base":-0.184,"realtor_new_listings":0,"realtor_new_listings_yoy":"NaN","realtor_new_listings_base":-1,"realtor_days_on_market":"NA","realtor_days_on_market_yoy":"NA","realtor_days_on_market_base":"NA","zhvi":336486.613,"zhvi_yoy":0.0314,"zhvi_base":"NA","zori":"NA","zori_yoy":"NA","zori_base":"NA"}},{"type":"MultiPolygon","arcs":[[[-260,-170,331,-239,332,-93]]],"properties":{"postal_code":"03284","realtor_list_price":"NA","realtor_list_price_yoy":"NA","realtor_list_price_base":"NA","realtor_active_listings":2,"realtor_active_listings_yoy":-0.3333,"realtor_active_listings_base":-0.8747,"realtor_new_listings":0,"realtor_new_listings_yoy":"NaN","realtor_new_listings_base":-1,"realtor_days_on_market":"NA","realtor_days_on_market_yoy":"NA","realtor_days_on_market_base":"NA","zhvi":483762.394,"zhvi_yoy":0.0415,"zhvi_base":"NA","zori":"NA","zori_yoy":"NA","zori_base":"NA"}},{"type":"MultiPolygon","arcs":[[[-59,-17,333,-11,334]]],"properties":{"postal_code":"03215","realtor_list_price":97053.571,"realtor_list_price_yoy":-0.556,"realtor_list_price_base":-0.5756,"realtor_active_listings":23.667,"realtor_active_listings_yoy":0.1833,"realtor_active_listings_base":-0.6869,"realtor_new_listings":4.667,"realtor_new_listings_yoy":-0.2222,"realtor_new_listings_base":-0.6495,"realtor_days_on_market":113.857,"realtor_days_on_market_yoy":0.7136,"realtor_days_on_market_base":0.1406,"zhvi":441767.324,"zhvi_yoy":0.0178,"zhvi_base":1.0895,"zori":"NA","zori_yoy":"NA","zori_base":"NA"}},{"type":"MultiPolygon","arcs":[[[-256,-284,-274,-326,335]]],"properties":{"postal_code":"05081","realtor_list_price":"NA","realtor_list_price_yoy":"NA","realtor_list_price_base":"NA","realtor_active_listings":2.333,"realtor_active_listings_yoy":-0.4167,"realtor_active_listings_base":-0.534,"realtor_new_listings":0,"realtor_new_listings_yoy":"NaN","realtor_new_listings_base":-1,"realtor_days_on_market":"NA","realtor_days_on_market_yoy":"NA","realtor_days_on_market_base":"NA","zhvi":262193.26,"zhvi_yoy":0.0269,"zhvi_base":"NA","zori":"NA","zori_yoy":"NA","zori_base":"NA"}},{"type":"MultiPolygon","arcs":[[[-60,-335,-10,-295,-281]]],"properties":{"postal_code":"03251","realtor_list_price":430173.611,"realtor_list_price_yoy":-0.1292,"realtor_list_price_base":0.8826,"realtor_active_listings":70,"realtor_active_listings_yoy":-0.0948,"realtor_active_listings_base":-0.0464,"realtor_new_listings":12,"realtor_new_listings_yoy":-0.4194,"realtor_new_listings_base":-0.2995,"realtor_days_on_market":91.222,"realtor_days_on_market_yoy":0.1633,"realtor_days_on_market_base":-0.0405,"zhvi":492499.384,"zhvi_yoy":0.0231,"zhvi_base":1.1906,"zori":"NA","zori_yoy":"NA","zori_base":"NA"}},{"type":"MultiPolygon","arcs":[[[-205,-217,-153,-110,-148,-218,-201,-186,-302]]],"properties":{"postal_code":"05062","realtor_list_price":"NA","realtor_list_price_yoy":"NA","realtor_list_price_base":"NA","realtor_active_listings":2.333,"realtor_active_listings_yoy":-0.5,"realtor_active_listings_base":-0.8783,"realtor_new_listings":0,"realtor_new_listings_yoy":-1,"realtor_new_listings_base":-1,"realtor_days_on_market":"NA","realtor_days_on_market_yoy":"NA","realtor_days_on_market_base":"NA","zhvi":450125.794,"zhvi_yoy":0.0338,"zhvi_base":"NA","zori":"NA","zori_yoy":"NA","zori_base":"NA"}}]}},"arcs":[[[460872,598950],[-103,545],[2005,5290],[1245,1551],[2218,478],[2996,283],[4361,1849],[-711,1862],[-262,685]],[[472621,611493],[91309,-25234]],[[563930,586259],[-11405,-41492],[-8567,-31812]],[[543958,512955],[-11219,3066]],[[532739,516021],[-54031,13976],[-14953,3897],[-1016,745],[-251,2392],[-297,811],[-3738,-2549],[-8745,2324]],[[449708,537617],[19,13],[227,6854],[-479,2932],[2064,2011],[2954,1638],[1681,1988],[1380,2599],[1396,3574],[3786,2832],[971,2533],[-461,2675],[-85,489],[-2105,3504],[-275,838],[-674,2060],[274,1434],[1464,2651],[1859,2743],[727,2427],[-424,8063],[-2894,6190],[-241,1285]],[[753219,653532],[23014,-7836],[11594,24762]],[[787827,670458],[2620,5585],[2819,6003]],[[793266,682046],[17972,39292]],[[811238,721338],[5976,-2473],[2433,6220]],[[819647,725085],[2271,-5732],[207,-748],[13017,-33611],[22478,-58859],[2680,328]],[[860300,626463],[2110,-10991],[442,-2205]],[[862852,613267],[-39294,-3617],[-10288,-947],[-16021,-1391],[-2853,-238],[675,-1277],[-58,-1283],[1046,67],[1301,-839],[-14466,-1583],[-743,184],[-773,1172],[-1369,994],[-343,2032],[-978,367],[-1652,2633],[-1186,768],[-1015,-152],[-1264,418],[-1746,1280],[-1225,2151],[-137,1288],[-1614,2349],[-1284,482],[-2551,110],[-847,-1356],[-3485,781],[-978,678],[-1810,288],[-929,-288],[-3746,35194]],[[411616,659423],[-402,-922],[330,-2574],[-1230,-1379],[-89,-1095],[-661,178],[-307,-1076],[1443,-1255],[-70,-1214],[1745,-1977],[531,-1804],[1353,-1253],[-65,-1676],[-905,-856],[-112,-1446],[2111,-4301],[80,-1435],[-1160,-433],[70,548],[-1489,1069]],[[412789,636522],[-1805,2915],[-3898,1333],[-2535,-161],[-1686,1039],[40,83],[8711,17692]],[[775510,945993],[6386,3249],[8048,5998],[1537,-396],[1735,-1315],[388,-1181],[477,-90],[-2999,-6333],[54859,-19848],[4648,-23670],[2521,-12846],[43848,6042],[1007,-5343],[1754,236],[21408,2952],[16901,-7836],[17588,-26936],[-6800,-922],[8548,-31622]],[[957364,826132],[-7081,1916],[-72691,19948]],[[877592,847996],[-99572,29813],[-28123,8414],[-5843,2238],[-3218,899],[-3081,1360]],[[737755,890720],[-24745,10976]],[[713010,901696],[21749,16297],[157,119],[5891,4393],[939,957],[13193,9300],[1874,1284],[18697,11947]],[[478837,180747],[3721,525],[2617,-23234],[16911,-112]],[[502086,157926],[-2709,-46590],[-18574,-2594],[-40417,-5220]],[[440386,103522],[-814,4466],[4547,821],[1901,1165],[119,3245],[-841,449],[-301,2196],[-1723,3078],[-281,2746],[-621,1480],[-1844,1930],[-1962,432],[-1925,-397],[-6892,36975]],[[429749,162108],[-1581,8290],[2630,770],[-261,883],[-554,1630],[48854,7066]],[[479414,457007],[1731,2294],[16346,18484]],[[497491,477785],[35248,38236]],[[543958,512955],[17299,-4735],[11310,-3085],[8372,-2860],[13322,-4404],[11825,-3271],[18661,-4343],[10896,-2622]],[[635643,487635],[19034,-4653]],[[654677,482982],[-1223,-2517],[558,-188],[-12510,-20210],[1331,-617],[-4275,-7569],[3600,-1550],[-3180,-4965],[3561,-1660],[-2954,-4733],[6602,-2887],[-3306,-4804],[7248,-3183],[-4861,-10896]],[[645268,417203],[-46609,11297],[-21143,4520],[-9214,-11682]],[[568302,421338],[-43866,16752],[-79,51],[-15875,6018],[-298,90],[-534,208],[-22956,8455],[-6297,2734]],[[478397,455646],[1017,1361]],[[499539,216235],[22911,8164],[8372,-1644]],[[530822,222755],[-7384,-11674],[15834,-49117],[1341,-4327],[-38527,289]],[[478837,180747],[-2771,14790],[2967,1355],[2986,941],[-2026,2183],[-2321,1441],[1605,3676],[5067,-1466],[5242,11957],[9908,-1488],[45,2099]],[[737755,890720],[-2758,-3350],[-600,-1555],[-13,-1742],[409,-1242],[3145,-5983],[-1821,-3949],[-9475,-20642],[649,-261],[-694,-3275],[303,-727],[1841,-370],[-1082,-1159],[-1600,-2389],[-4341,-2945],[-3886,-8824],[-19767,5426]],[[698065,837733],[-19473,5221],[34418,58742]],[[328972,525821],[8803,9990],[23724,26816],[2208,3616]],[[363707,566243],[6607,-2327],[1647,-396],[43440,-14448]],[[415401,549072],[1599,-430],[479,-259],[471,-160],[11012,-3822],[977,-155],[9176,-3050],[1720,-718],[7536,-2359],[1221,-582]],[[449592,537537],[-3501,-2415],[-3638,-865],[-1031,-566],[-1293,-1531],[-3369,-5287],[-3247,-5104],[-2397,-2466],[-6980,-2090],[-10812,-5822],[-1623,-874],[-2513,289],[-2171,-644],[-2241,-4277],[-2938,-2110],[-1710,-1677],[-1463,-1434],[-1375,-2262],[-3374,-4309],[-1718,-1696],[-2993,-1984],[-477,-1795],[-461,-1738],[-2632,-4443],[-130,-2054]],[[385505,480383],[-2,-22]],[[385503,480361],[-3825,1230],[-4859,1557],[-7941,2574],[-8479,2767],[-714,3366],[-1262,80],[-1435,776],[-1376,1905],[-5625,3143],[-1533,1964],[-1679,1466],[203,1021],[-991,3235],[-1596,627],[-3922,908],[-2647,828],[1394,1573],[2275,894],[43,663],[-3965,1107],[-1019,1013],[183,1124],[-1278,1525],[-4186,-181],[-2160,869],[-1984,-22],[-1626,500],[527,1517],[2040,3008],[3175,1924],[107,722],[1841,2976],[-1882,-923],[-2335,-276]],[[231600,227618],[6926,-401],[2136,-123],[17317,-1030],[1466,-195]],[[259445,225869],[-1809,-1619],[-573,-2394],[-827,-620],[75,-229],[-1062,-1421],[-693,-2319],[-2446,644],[-1647,-246],[2422,-1945],[563,-1448],[152,-272],[853,-1175],[-813,-771],[-847,3029],[-1047,1153],[-1615,981],[-1022,-614],[-492,1009],[-2637,540],[-1418,-2887],[-966,-773],[-559,-900],[-252,-179]],[[242785,213413],[-8021,113],[-266,4495],[-1341,-551],[-2167,174],[-52,2459],[661,7498],[1,17]],[[530489,725828],[42,17]],[[530531,725845],[38749,-17104],[1234,3356],[-1236,677]],[[569278,712774],[-4859,1938],[1996,5087],[15176,-6307],[23175,-10604]],[[604766,702888],[-30,-94],[2632,-59259]],[[607368,643535],[-6003,2063],[-1657,-2781]],[[599708,642817],[-24483,8501],[-57519,21885]],[[517706,673203],[85,1091],[-1454,1819],[469,1316],[3159,1017],[2660,633],[198,721],[-4413,1528],[-4587,978],[-1408,-239],[-1799,-1680],[-1791,-20],[-1143,808],[194,1414],[791,2654],[315,2905],[0,62],[45,3259],[287,3183],[-2901,3719],[-179,1839],[4234,3511],[3854,2077],[507,1510],[-1378,4999],[284,1427],[1800,1327],[3129,251],[1504,-1199],[1177,-1972],[98,-1088],[1300,-183],[750,567],[162,998],[-447,1064],[-3005,2861],[-433,2195],[391,1611],[1283,1545],[1906,9],[3080,-2015],[1644,233],[795,1497],[-123,2412],[931,1645],[812,336]],[[304259,92620],[16549,-1428],[-2659,10847],[517,178],[1716,1529],[638,914],[-1799,2782],[-1046,2480],[-496,844],[-912,847],[-929,-18],[-839,3449],[174,288],[-29,715],[85,192],[417,378],[217,109],[315,323],[641,504],[4086,365],[-302,2104],[41382,5093],[-2030,8927]],[[359955,134042],[2017,-40],[2511,564],[853,-307],[384,-1606],[573,-276],[1676,345],[3996,-170],[-2077,4412],[175,3010],[-971,3812],[1516,413],[2758,1541],[2063,324],[3017,-722],[2545,-1842],[860,-1725],[1470,-2172],[1113,-1042],[-4,-1653],[2873,-9977],[1420,-657],[259,-756]],[[388982,125518],[-860,-3460],[-420,-3464],[-942,-1680],[-681,873],[-1068,-1190],[-486,-1758],[653,-3323],[1456,-1688],[1057,-50],[830,-752],[-281,-2229],[-641,-650],[-1501,-765],[-1361,-1664],[-3076,-327],[-1088,-792],[-1969,-49],[-2328,697],[-2433,-151],[-1463,-825],[-2167,-625],[-1947,400],[-1414,-285],[1473,-6941],[39580,4423],[5068,752]],[[412973,99995],[3981,-24091],[8450,-48074],[-41862,-3987],[-32834,-2583],[-2270,14940],[-5692,36254],[-4491,287],[-3881,271],[-6464,444],[-23358,1558],[-293,17606]],[[679937,809153],[-365,1700],[566,698],[985,3348],[308,2857],[1404,1205],[522,1760],[-158,963],[3407,-218],[2215,-681],[2245,-1181],[6999,18129]],[[877592,847996],[-26914,-59491]],[[850678,788505],[-1215,-2700],[-93349,33845],[-19684,-42995]],[[736430,776655],[-8300,4141],[-14499,16773],[-4424,-3319],[-1594,-1769],[-1858,-1398],[-3682,-1995],[-765,-2293],[-2039,-1391],[-2205,-1905],[-417,-1191],[-59,-2258],[-1143,-2017],[-3655,-3075],[-75,-1499],[-770,-696],[-1764,1104],[-3155,1315],[-3862,561],[-2332,-369],[-1437,297],[-2454,957],[-1139,1054],[7470,19253],[-784,2156],[1146,1297],[-596,963],[311,2024],[-641,3109],[-1054,667],[-717,2002]],[[94314,233803],[2273,-814],[21061,-9749],[31,-3616],[-1086,-2678],[1927,-3111],[-331,-1975],[-582,-1181],[2435,-632],[-430,-3905],[-959,291],[-93,-2134],[872,-244],[-230,-4174],[6448,-2121],[463,8097],[-1762,197],[-759,1683],[2028,547],[3483,-2047],[1121,2697],[306,1487],[1471,2838],[796,639],[814,1952],[11082,-5091],[985,21431],[11642,-562]],[[157320,231628],[22953,-1259]],[[180273,230369],[11890,-673],[17415,14590],[23727,8967],[2573,356]],[[235878,253609],[-3704,-18142],[-574,-7849]],[[242785,213413],[-985,-471],[-987,-890],[-1432,441],[-1528,-408],[16,-895],[-1699,-191],[194,-781],[-340,-979],[725,-551],[-317,-1471],[410,-319],[-943,-1253],[-1558,-1486],[-817,-480],[-2706,-290],[-666,-13640],[-198,-707],[-150,-9245],[-574,-31797],[32395,-750],[1334,-29],[-975,-2234],[333,-641],[-1050,-3674],[-1090,-1836],[-171,-1945],[304,-1188],[-1787,-1437],[-324,-2345],[-1067,-1911],[-479,-2085],[-4859,-548],[-2339,246],[281,-3270],[1858,-553],[-469,-1466],[-1894,103],[-616,-1113],[-6713,471],[-3599,-1253],[123,-5783],[-277,-5670],[-2648,-26],[-1296,-1113],[-52,-3549],[12328,-328],[-1249,-1217],[-173,-6148],[-3504,-3325],[-1651,-91],[-707,-3902],[1686,-2629],[387,-3494],[-429,-961],[-259,-664],[583,-2304],[-767,-1852],[412,-955],[-2041,1295],[-2630,180],[-750,1140],[-1348,536],[-887,1562],[-2920,45],[-1665,1525],[-3408,-455],[-1447,-891],[-151,-12189],[789,12],[-10321,-41414],[-2473,109],[-18406,802],[5927,23610],[-17567,841],[1418,1239],[1246,523],[1801,2586],[2580,1749],[1343,534],[3946,3823],[2106,1079],[-572,676],[-658,5352],[924,324],[-147,3050],[-1245,3521],[-150,1983],[27170,3834],[1817,258],[648,-312],[1700,-296],[741,290],[-1914,6530],[-403,4153],[-103,1218],[-1459,3633],[303,3768],[-137,5453],[1319,2213],[297,2473],[222,19038],[-641,302],[-3249,4300],[-1038,263],[-837,-65],[-958,-1839],[-2257,-2089],[-843,1053],[1404,1514],[567,2225],[-293,1778],[-1287,355],[-915,1343],[1726,1723],[1326,3063],[3513,-15],[1609,1391],[-74370,-7833],[-47,-1032],[-5425,-58],[-534,-48],[1152,-2993],[-468,-15240],[-1241,-1211],[-1100,-305],[-2275,741],[-160,1090],[-4845,2631],[-4492,2734],[-1283,614],[-967,1594],[-2121,1218],[-3290,2294],[-1666,1860],[-82,2110],[-770,533],[-1024,-426],[-1903,534],[-3844,-235],[-1675,295]],[[109702,136100],[443,2132],[756,1020],[1680,302],[2211,1528],[-1112,1383],[812,1946],[-1360,1661],[-16373,4513]],[[96759,150585],[-636,439],[1074,22277],[-6454,1471],[588,16388],[275,1500],[2708,41143]],[[172031,759112],[2666,462],[251,1368],[2285,4900],[693,2346],[56,-20],[9833,-3109]],[[187815,765059],[578,-2095],[2626,-5643],[746,-2433],[1505,-8980],[1619,-872],[-223,2754],[-2187,4396],[-421,2204],[277,4116],[620,1678],[294,3158],[23129,-7309],[19857,-6321]],[[236235,749712],[17905,-70095],[-5,-7],[-1653,523]],[[252482,680133],[-23209,7217],[667,1563],[-1382,447],[545,1222],[-998,610],[2497,5088],[-2403,740],[820,2362],[-1712,4316],[261,1856],[1217,584],[2614,4005],[-1524,453],[-462,-858],[-1494,549],[-816,-878],[-1665,67],[-1203,-1160],[-920,978],[737,2208],[-895,358],[856,875],[-3661,1062],[-1986,2235],[-791,1359],[-1894,546],[922,-3174],[1446,-3505],[-1052,-777],[56,-1145],[2152,-2501],[636,-2138],[1240,-1659],[296,-2366],[1642,-722],[385,-1000],[-580,-574],[181,-1609],[733,-109],[309,-2894],[-4,-4816]],[[224043,688948],[-14313,4339],[-7694,2053],[-16253,5258],[-4110,1308]],[[181673,701906],[-8946,2799],[-3807,1154],[-464,1199],[214,4805],[-108,3074],[1072,2772],[357,1788],[747,441],[1400,3058],[2536,3270],[-514,638],[1762,2586],[1779,2005],[2415,4897],[134,2125],[-962,4387],[1107,2378],[1124,1094],[2063,265],[437,2242],[2947,2806],[1414,1637],[966,1660],[-1561,3431],[-2693,964],[-534,-423],[-1708,516],[-1988,1049],[-1001,74],[-1564,-492],[-986,-1318],[-2282,-1568],[-1381,-583],[-1617,2476]],[[216144,610962],[8159,-2868],[904,835],[432,2332],[2843,-318],[978,-798]],[[229460,610145],[1353,-1228],[2327,-3686],[202,-286],[23258,-8087],[30077,-10494]],[[286677,586364],[-2396,-3182],[346,-937],[458,-3458],[-244,-1474],[843,-1395],[-814,-1944],[203,-1205],[-1619,-2835],[2701,-1176],[-1362,-2104],[505,-1572],[1900,-716],[-1234,-3263],[-3162,-4203],[659,-816],[-1038,-2912],[-1476,532],[-1939,-3478],[1500,-938],[780,-1535],[2209,676],[1991,-988],[151,-1419],[1120,-473],[2039,654],[1874,-473],[1414,600],[752,-455],[362,-1618],[1754,-2181],[138,-944],[-2126,-1601],[-360,-676],[-237,-3059],[323,-1233],[-666,-1890],[-85,-2708],[-1890,-2387],[618,-1356],[859,-631],[928,-2052],[2221,-2642],[-10,-2314],[979,-1220],[2717,-1603],[1140,-1501],[1396,-1074],[476,-946],[625,-4506]],[[302000,507733],[-26982,8755]],[[275018,516488],[-8726,2812],[-1013,-2717],[-920,-1341],[-1890,-1737],[-186,-964],[-1215,-1007],[-284,-1214],[1426,-2925],[1070,-1544],[-736,-739],[-105,-2791],[-1004,354],[929,1596],[-88,1313],[-1616,1508],[-3005,676],[-3625,-265],[-906,786],[-1754,-4444],[-1785,597],[81,-1047],[-1683,-421],[-1635,56],[-881,-1645],[-780,51],[-1248,-2248],[-2345,900],[-734,-3684]],[[240360,496404],[-2975,944],[-2014,1598],[-1287,2973],[-6560,2361],[-3717,1174],[-3987,-43]],[[219820,505411],[-3313,85],[-3701,1670],[-313,2566],[-795,584],[-776,186],[-4076,-328],[-1699,-366],[-2430,151],[-3,633]],[[202714,510592],[42,2281],[-349,3322],[255,5722],[190,944],[-2098,44],[-1344,657],[-142,4295],[-659,1617],[-387,1947],[-1356,95],[-3465,-718],[-4031,749],[246,3640],[-882,4095],[754,691],[1500,378],[1093,1150],[2163,1344],[9650,-3067],[2015,4430],[-1907,608],[-1317,-263],[-1160,1008],[-596,2825],[-562,816],[-1065,57],[-1687,-2385],[-213,1651],[693,2501],[-4058,1154],[4780,6448],[-4090,818],[1481,2735],[-2200,127],[-518,403],[3623,4634],[4612,-1299],[973,260],[1170,1202],[243,1572],[2066,-361],[1472,1986],[2849,-525],[1929,3121],[1859,-83],[-2527,2961],[2592,252],[2666,-456],[852,-834],[576,270],[-738,1228],[-3367,1054],[-1155,-54],[-2103,-760],[-2768,2733],[-3384,2214],[-1155,1016],[-833,1057],[-4893,7800],[9496,12439],[-774,372],[579,2313],[-1848,1890],[780,2350],[-1025,412],[1634,410],[454,-4291],[1323,168],[976,-962],[2355,354],[1899,2406],[423,1375],[1823,27]],[[724424,537425],[-5067,-11508],[11386,-3465],[-7267,-14351],[14387,-5948],[14045,-26925]],[[751908,475228],[-15962,-7708],[-21645,-10258],[-4959,-4099],[-15053,6843],[-3159,1433],[470,644],[-16778,7659],[4892,6138],[1117,687],[-26154,6415]],[[635643,487635],[58,2315],[843,5482],[-1681,2954],[-1818,1609],[-749,2740],[-820,1276],[-1503,948],[-1546,1609],[-470,1063],[56,260],[3272,568],[2300,-715],[3909,211],[3903,-466],[4455,-3210],[1966,-1898],[3756,-3216],[3539,1586],[1262,1170],[1059,3002],[780,364],[1292,2491],[-101,764],[1091,785],[196,8927],[1007,2280],[2822,-867],[-332,2583],[2782,1104],[-1509,1225],[-1184,1741],[490,1045],[-51,1741],[1642,-1059],[2103,150],[1603,-4284],[1568,-1619],[603,-1132],[1077,-98],[624,1227],[2778,1349],[563,331],[3332,-475],[5390,-3091],[6227,3867],[3283,-271],[2236,242],[1126,-381],[2749,228],[597,1455],[-669,1479],[456,2209],[2508,1734],[601,-393],[1645,229],[1072,1381],[2965,1871],[1620,1733],[219,1189],[811,1406],[63,1260],[861,717],[10054,-2935]],[[283015,789193],[15768,4790],[1980,-3778],[2584,-1023],[2292,-308],[386,1216],[2420,3399],[-761,806],[763,2194],[11496,2313],[-1983,2571],[1281,250],[4285,-506]],[[323526,801117],[1540,-801],[672,-397]],[[325738,799919],[1586,-1564],[3522,-2347],[2823,-3192],[2809,-1833],[2918,-927],[3619,-3063],[1627,-1702],[1760,-2593],[138,-1285],[-1178,-2281],[-1136,-1156],[-31,-730],[1142,-2348],[-683,-3357],[804,-2273],[723,-716],[-241,-1491],[1749,-52],[1235,-790],[1422,836],[841,1720],[1793,563],[1954,-892],[1072,705],[1249,2950],[807,242],[-4323,-12543]],[[353739,759800],[-14782,-42923]],[[338957,716877],[-1514,-1521],[-839,-3020],[-651,-591],[-1834,-567],[-33040,13183],[991,2398],[526,2370],[3018,2591],[912,1412],[891,3432],[1378,3432],[307,3205],[-2464,-1214],[-325,-899],[-1645,-1476],[-1414,-757],[-3228,-222],[-2278,-3311],[-1453,-1313],[-995,-345],[-3532,-3965],[-841,-1293],[-14532,5791]],[[276395,734197],[-100,2244],[-854,840],[348,1620],[-308,785],[-4544,1761],[77,567],[-847,2334],[1488,2544],[-2850,13214],[8352,17128],[603,1411],[5255,10548]],[[471491,394111],[13847,-4899],[324,-120],[27349,-9904],[-8822,-11053],[7013,-2865],[11757,-4010],[-9323,-12206],[238,-1066],[-722,-197],[-539,-426],[25,-611],[432,-296],[-61,-500],[332,-1269],[784,-1200],[6757,-1020]],[[520882,342469],[1186,-241],[-7416,-14471],[1674,-4950],[222,-1438],[-1089,-2966],[77,-1879],[1191,-1546],[2202,-1600],[1666,-1925],[2159,-4538],[1978,-2051]],[[524732,304864],[-2332,-292],[-3572,1982],[-3329,2258],[-4815,1753],[-1214,1341],[-697,-1079]],[[508773,310827],[1050,7419],[-15992,5193],[-4626,-5859],[-3111,991],[-42703,13698]],[[443391,332269],[6984,8020],[8619,10924],[418,25903],[12079,16995]],[[358728,615446],[1471,-692],[1874,-3118],[3529,-423],[1806,-1148],[4030,-3453],[1107,-1395],[464,-2228],[1734,-3163],[1198,-1054],[125,-1901],[909,-650],[-120,-947],[2036,-2208],[931,-1781],[-6597,-9656],[-9518,-15386]],[[363707,566243],[-4333,837],[-36721,9803]],[[322653,576883],[1373,1596],[3100,1013],[1990,356],[2364,1268],[1745,276],[1347,-321],[4806,-74],[2953,723],[-1742,2496],[-1635,9934],[1958,-223],[1270,-1693],[986,2939],[120,1832],[-1281,3246],[1019,87],[1640,927],[438,1200],[-1405,929],[4439,7300],[1145,1453],[2293,-843],[411,3071],[2514,-885],[1490,2573],[2515,-961],[222,344]],[[211201,487880],[1170,3774],[2638,3077],[614,1891],[1050,268],[363,1708],[1135,1842],[2,2378],[564,1529],[1083,1064]],[[240360,496404],[217,-1999],[700,-985],[1883,-1445],[349,-780],[1517,-684],[-132,-1585],[884,-1063],[851,-2737],[1317,-1650],[690,2605],[2328,2100],[-210,-1148],[663,-333],[1003,1211],[1565,655],[2204,516]],[[256189,489082],[-62,-1734],[316,-1372],[1149,-1424],[2201,-1416],[159,-2832],[436,-1337],[-113,-1842],[339,-1175],[-934,-1689],[-901,-2853],[-1030,-1833],[-502,-2426],[-30,-2479],[285,-2787],[-1764,-3602],[-2392,415],[-1835,869],[-1310,102],[-2208,-1064],[-1435,-368],[-1635,-1603],[-1475,-231],[-375,-1354],[-1289,-1146],[-3707,4037],[-1444,737],[-658,1386],[-438,-749],[-2435,981],[-1444,1047],[-1090,1736],[-7319,4020],[-2151,1659],[-814,1458],[-3848,3246],[-1555,3075],[-1770,2284],[-407,3923],[-737,859],[-766,4280]],[[507182,301491],[17032,-1769],[424,-1495],[1141,-1119],[2024,-910],[1562,-1472],[1045,-535],[4964,-1361],[2418,-2247],[-1498,-1071],[714,343],[2541,-971],[4704,-3490]],[[544253,285394],[-61,-1609],[6729,-7431],[294,-988],[-936,-14064],[-306,-4214],[-636,-3998]],[[549337,253090],[-929,-2749],[-254,-267],[-17332,-27319]],[[499539,216235],[352,17161],[257,12681],[403,17270],[1175,6964],[2347,13040],[-947,18],[-1193,3505],[955,2841],[607,948],[2071,977],[1616,9851]],[[182932,402703],[259,483]],[[183191,403186],[3072,-1174],[4332,3675],[842,928],[758,2043],[3057,1067],[2168,1145],[2123,1630],[3638,510],[522,-274],[2003,-451],[608,-1535],[-250,-1496],[702,-3406],[1575,-1768],[-734,-2149],[3606,-1836],[1123,-957],[1202,-2612],[1273,-909],[3478,-568],[2481,482],[-601,1446],[406,1041],[-17,1866],[-477,1389],[134,3515],[407,2384],[1412,1546],[166,-1477],[1674,-455],[1569,-1069],[1116,-1569],[2119,-549],[4238,-3341],[2884,-1221],[1064,518],[-1745,-3643],[2253,-2951],[1379,-1005],[1063,-2972],[631,241],[333,-936],[3736,1576],[2258,-366],[313,288],[1140,1467],[1762,794],[1258,4201],[234,-4065],[986,-1014],[1151,-499],[148,-2067],[887,-436]],[[254651,388168],[-12501,-23701],[-1266,122],[-1200,323]],[[239684,364912],[-52393,13775]],[[187291,378687],[859,1887],[-1166,1732],[-142,1370],[-769,902],[-722,1908],[493,251],[-344,1290],[-1530,1602],[-847,249],[-340,1654],[1402,1307],[322,2578],[1827,2058],[-398,2015],[683,2359],[-922,-100],[-2765,954]],[[141948,755116],[-246,-2164],[2836,-540],[591,-453],[1858,518],[3382,-580],[6919,12373],[4719,-1816],[-1984,-5576],[547,-211],[724,1167],[3456,-1294],[678,1147],[-293,2387],[1696,-994],[1891,-263],[508,911],[2085,-354],[716,-262]],[[181673,701906],[-1007,-4605],[-407,-4161],[-100,-5378],[1116,-45],[919,1496],[-92,-2184],[-393,-669],[947,-3398],[-799,-1743],[239,-2870],[689,75],[2516,2038],[1125,-281],[2338,-4671],[524,-731],[608,-1388],[841,-3881],[-3290,-254],[-1014,212],[-408,-2079],[-2130,371],[-476,-1437],[755,-2167],[-1643,-233],[-224,-3325],[655,-3710],[867,-2458],[2965,-6755],[558,-1742],[641,-4094],[-340,-4556],[-2282,-12320],[-111,-3797]],[[185260,621166],[-9728,2962],[-457,52],[-10507,3292],[1014,-2679],[2203,-3214],[664,-2264],[662,-3596],[1334,-1731],[606,-1532],[-2725,-537],[-229,-470],[-2377,1097],[-2227,64],[-168,-2309],[-6693,2523],[-1573,-3446],[-3433,1068],[-1329,-2808],[-661,-550],[-2703,-490],[-1384,307],[-815,-1391],[-9496,2951],[-658,-1383],[-6744,2154],[-1652,-3349],[-3849,1305],[1819,3105],[-11713,3889]],[[112441,614186],[8878,14800],[3407,8046],[-39989,12341],[2754,4666],[-3991,1329],[3099,5224],[-5801,1427],[-6384,2129],[3256,5111],[-798,-222],[-3473,1171],[3360,5518],[-2582,1017],[11162,16991],[2739,4217],[907,45],[4014,-1313],[961,-45],[506,-880],[4420,-784],[1401,2200],[5562,764],[1233,-121],[1067,1637],[-75,845],[3670,1843],[781,-388],[2342,487],[1447,-271],[1718,334],[1813,830],[912,790],[-1795,1995],[-1719,1358],[-2785,4568],[-1335,-2174],[-1982,-1063],[-293,2350],[334,1881],[956,1047],[1606,347],[512,2244],[-7,3927],[746,1292],[-135,1117],[2459,-389],[6942,-2723],[19250,-6148],[5156,9261],[-8578,3179],[-1128,-393],[-3338,1223],[1020,1865],[-895,320],[959,1845],[-2916,1049],[1495,3060],[1700,751],[3965,-451],[754,651],[219,1404],[-1612,3853],[-1955,606],[1007,3140],[-48,1452],[597,527],[245,2486],[-310,1167],[1238,1463],[75,1193],[787,1912]],[[205248,820889],[1764,-486],[432,-119],[12273,-3383],[2767,5909],[24184,-7891],[449,-141],[6077,-1909],[3019,-951],[-2007,-2800],[3143,-1500],[2319,139],[1253,-1041],[934,391],[849,-799],[-2263,-4884],[1287,-639],[2222,-1923],[949,240],[568,1345],[212,-1755],[-238,-1798],[-2805,-5407],[756,-207],[1574,2993],[2196,-601],[1598,2903],[3154,-950],[3087,6152],[-473,1128],[3508,-1314],[-685,1929],[1536,-407],[-611,-1590],[3960,-1119],[-2262,-4882],[-685,208],[-561,-1070],[4561,-1064],[1110,22],[332,-996],[-1716,-3429]],[[276395,734197],[-9782,3837],[-154,719],[1102,2730],[-3371,2006],[-3065,1287],[-1949,-3890],[-22941,8826]],[[187815,765059],[-93,1640],[351,2329],[810,2609],[599,2933],[74,3794],[-304,2357],[145,2074],[429,1281],[2629,5348],[3068,7036],[554,2406],[226,2508],[884,3094],[1723,2792],[-474,393],[6812,13236]],[[411616,659423],[2970,5875],[1118,2255],[10068,20188]],[[425772,687741],[-562,-1357],[3238,-3346],[1760,-4626],[245,-2219],[1716,-4932],[748,-3177],[935,-2506],[2188,-3542],[3324,2431],[1458,537],[1171,3709],[-268,539],[540,2865],[-1679,2515],[-1422,5403],[-1314,3117],[-945,3706],[318,3250],[3956,180],[728,443],[1984,23],[2403,-682],[2509,1537],[1505,133],[1856,-660],[-578,-779],[-1332,-3571],[1879,-2287],[1052,983],[4576,-2155],[2455,-980],[-893,-1232],[-617,-2540],[2126,-3942],[64,-1938],[574,-1779],[1542,-2275],[774,-460],[2433,-1868],[759,1041],[2594,2],[1304,940],[2429,637],[516,1279],[2216,2392],[682,2366],[618,216],[1150,2772],[-447,1304],[98,1645],[526,953],[403,2475],[20443,-5875],[-591,-1676],[-1058,-7789],[-843,-3893],[7439,-1938],[267,1630],[855,1796],[243,1442],[1040,2308],[277,2476],[2228,-731],[2985,-219],[2494,2171],[2836,-812]],[[517682,673171],[-3405,-4696],[-1189,-1028],[-2935,-1324],[-3871,-118],[-1096,-1054],[-371,-1917],[1457,-6565],[-293,-1771],[-490,-6081],[-1457,-2921],[-2253,-1860],[-5270,-2704],[-444,-228],[-1686,-2506],[-6128,-3116],[-4027,-2609],[-2821,-3337],[-1833,-3172],[-405,-3239],[-1551,-1133],[-3582,-468],[-1540,37],[-599,15],[-1380,-1405],[-552,-3337],[1071,-2563],[1362,-1983],[227,-595]],[[460872,598950],[-2515,91],[-902,-476],[-5985,-11471],[-2196,-3344],[-3548,-9789],[-1394,-1991],[-1668,411],[-602,-392],[-3992,-976],[-1690,1047]],[[436380,572060],[-1862,442],[1105,3602],[67,1805],[3446,5083],[465,1244],[533,3286],[995,2104],[-332,2039],[-1835,2702],[-64,2269],[621,1510],[-1,2801],[-386,1856],[-1020,1654],[-2548,-1268],[-1803,-102],[-1802,2839],[385,2670],[1158,2940],[-3062,-1023],[-1006,-1730],[-1864,-1867],[-625,-3191],[-1645,-271],[-648,-1573],[-855,-97],[1127,4546],[864,293],[416,1361],[-3567,588],[106,974],[-3936,1428],[-2198,-745],[-85,-3807],[-2588,1175]],[[413936,607597],[152,6276],[1229,-414],[-210,1115],[986,2152],[451,2550],[-595,747],[-640,2440],[2246,3592],[1465,1550],[-5382,1676]],[[413638,629281],[-1062,1599],[-197,1700],[410,3942]],[[241128,658727],[2360,3830]],[[243488,662557],[4598,1420],[1000,1608],[2932,-1086],[2311,3714],[5683,-2128],[3964,-1300],[1664,2841],[2224,-738],[1357,-1439],[2035,-1203],[1284,-4191],[-942,4448],[-418,869],[948,1677],[3352,1510],[2060,-4325],[1792,-3147],[2619,-1273],[2514,2038],[1619,2119],[396,1676],[-800,2397],[2030,-475],[654,-458],[5691,-1906],[1238,875],[544,1038],[1714,-187],[374,-835],[3556,-736],[3804,-1521],[2227,158],[-473,-3630],[12520,-4650],[8986,-3193]],[[328545,652524],[-1761,-2651],[-3485,-4830],[-23962,-37929],[-1093,-2177]],[[298244,604937],[-11567,-18573]],[[229460,610145],[1296,4282],[-675,1389],[1901,3160],[-191,4190],[1543,4113],[5836,9840],[-1214,453],[2128,3366],[-1671,619],[4018,6537],[-887,355],[1006,1756],[-1453,-86],[-2516,945],[653,571],[954,2822],[385,2183],[766,1593],[-211,494]],[[185260,621166],[11011,-3429],[6670,-2293],[2320,-966],[7752,-2446],[591,-211],[2198,-782],[342,-77]],[[202714,510592],[-3715,91],[-3132,-334],[-3152,-817],[-1273,133],[-2729,1447],[-1695,140],[-530,-705],[-625,-2078],[-1442,-1735]],[[184421,506734],[-1077,-3971],[-1785,-4190],[-40,-1013],[-689,53],[-466,-2078],[-7138,1794],[1103,2977],[-6393,1890],[-1405,-775],[-699,-912],[1321,-4398],[-461,-930],[337,-944],[176,-2979],[-428,-1549],[282,-1384],[-978,-2746],[-3927,1760],[-2916,-1848],[-2156,-730],[-1959,-2718],[-2241,-1104],[-2533,-1558],[-539,-1047],[-1363,-779]],[[148447,477555],[-12333,3958]],[[136114,481513],[-13818,4436],[34661,69069],[-841,254],[-86,26],[-1058,-1360],[-4183,664],[-2344,-161],[-2140,-1631],[-933,389],[-1329,1610],[-127,885],[-1187,1308],[210,2188],[-52696,16328],[22198,38668]],[[449708,537617],[-116,-80]],[[415401,549072],[-2395,3382],[-380,1306],[272,1699],[-1489,2047],[-1238,2775],[1411,541],[543,897],[1504,-389],[-41,-1260],[412,-1637],[178,-293],[310,-71],[548,364],[497,-5],[-134,-506],[-6,-379],[257,-813],[-398,-962],[739,-455],[1402,-1849],[97,-1410],[902,-1235],[-33,-402],[657,287],[334,2133],[3074,181],[1041,666],[667,2141],[4591,-238],[244,1812],[2555,-124],[-36,-824],[3026,-59],[895,1268],[-573,540],[-3342,-180],[-1962,160],[498,881],[80,1866],[1622,-37],[-105,808],[1005,-26],[204,2083],[1431,-47],[232,3090],[1628,-71],[243,1711],[856,-43],[-449,1644],[-596,34],[201,1987]],[[517682,673171],[24,32]],[[599708,642817],[4396,-1584],[339,-5012],[-22937,-25342],[-743,-1616],[-16833,-23004]],[[254651,388168],[4545,8769]],[[259196,396937],[2661,-455],[-761,-1929],[527,-1492],[253,-2050],[798,-2549],[1512,-2887],[2448,-459],[1489,395],[2968,-2523],[1589,-398],[719,2139],[914,714],[1207,2022],[286,1365],[-721,2374],[2249,-1393],[3737,-1189],[-566,-2329],[628,-1112],[3023,-3156],[1724,-1350],[1647,-4360],[1465,-822],[1096,-2589],[2453,-1841],[1552,-302],[1561,-1855],[1229,-695],[-587,-86],[-4357,-1972],[-1706,-1729],[-1446,-1981],[-368,-3262],[4029,-466],[10621,-1288],[-1213,1360],[-763,1690],[-542,3370],[2227,1310],[631,1985],[2589,-33],[3215,3952],[-966,1375],[772,793],[2750,-625],[-221,-777],[2239,-367],[272,-2029],[4068,-1520],[481,944],[2296,-851],[-544,-1586],[887,-309],[426,825],[1321,-432],[643,745],[-209,-819],[-1420,-2203],[85,-1926],[529,-1050],[953,-1077],[4322,3315],[86,-1233],[671,-705],[-1293,-3711],[-1543,-3154],[1497,-21]],[[327315,354663],[-177,-525]],[[327138,354138],[-1389,-4105],[120,-1897],[1327,-2014],[4326,-3030],[3066,-2650],[2486,-4997],[341,-1282],[-42,-2263],[-22,-165],[-808,-5974],[-287,-1087],[-500,-1891],[-987,-1314],[-147,-128],[-3684,-3220],[-679,-594],[-624,-1031],[-82,-1664],[1321,-10084],[-403,-1398],[-1792,-3377],[-1069,-4459],[-165,-5508],[-335,-1478]],[[327110,288528],[-42,-181],[-2222,-9788],[-102,-3095],[-905,-5322]],[[323839,270142],[-2159,755],[-1382,1145],[-1793,-246],[-2791,-2256],[-1589,-1017],[-1739,89],[-2203,21],[-1652,431],[86,2344],[-7303,4434],[-2719,-1777],[-630,367],[-976,324]],[[296989,274756],[300,631],[1758,423],[549,739],[598,3692],[2882,403],[196,417],[722,10251],[-11417,1272],[-2935,488]],[[289642,293072],[877,12681],[264,2074],[101,3413],[1383,-3607],[-732,-1321],[94,-1010],[1377,-2684],[959,2274],[1563,247],[1664,-811],[2154,520],[2484,-137],[952,826],[2920,1377],[5145,491],[462,1234],[-2166,2001],[-3059,2389],[-2314,1240],[1377,1941],[2014,804],[-670,586],[-1720,407],[-4542,-717],[-5384,1723],[-1538,-673],[-2228,356],[-972,-714],[-817,37],[-1907,1398],[-942,227],[-709,-700],[-2105,-222],[-675,-1339],[-958,-291],[1116,1545],[3457,1104],[2234,-537],[1402,2796],[-541,761],[139,1058],[-691,2427],[406,904],[-427,1193],[-2950,-778],[-1583,1370],[-1063,-141],[-2308,-1063],[-1520,-2053],[-1106,-1028],[590,-729],[-391,-1059],[382,-940],[-280,-1478],[734,-214],[552,-1381],[-703,-1994],[-156,-9],[-967,4138],[-249,3274],[-787,2558],[-3615,573],[-4222,-145],[-1174,594],[-794,1182],[-2118,1595],[-1141,550],[-1140,1226],[-1772,980],[-92,-792],[-1246,-77],[-2868,1200],[-928,-1655],[-2226,-2789],[-1213,-2699],[0,-767],[-1168,-1558]],[[251567,324234],[-544,1048],[-1304,1174],[-1086,2406],[-171,1823],[874,749],[-60,1371],[522,279],[3,2068],[-834,2606],[-315,-979],[-807,60],[-7080,-583],[-1081,28656]],[[282371,451273],[2915,289],[1276,-277],[3742,343],[2499,-105],[3579,-669],[2185,3981],[946,311],[1641,-348],[2978,18],[819,-429],[1042,-990],[656,-1221],[764,-98],[14261,3582],[1317,1396],[1856,-524],[818,-1898],[1311,-586],[545,-1723],[-1574,-1942],[-599,-1821],[2512,727],[769,881],[1857,714],[-1144,-1507],[-831,-3699],[1623,-3475],[-208,-871],[-1010,-61],[209,919],[-595,1280],[-890,122],[-38,-1000],[-1067,-194],[-1539,800],[-1734,482],[-2054,-493],[-1046,-2121],[461,-1041],[-846,128],[-430,105],[-107,28],[-1108,-3289],[-2619,94],[-3824,2577],[877,-2139],[307,-972],[-232,-3040],[263,-1670],[717,-1268],[1464,-1527]],[[315085,429052],[-25469,5211]],[[289616,434263],[-7246,1395]],[[282370,435658],[-660,129],[1711,-51],[937,2221],[-12,2342],[946,4307],[-818,2879],[-886,1893],[-1217,1895]],[[187291,378687],[-12474,3280],[-2634,523]],[[172183,382490],[267,658],[10482,19555]],[[183667,421043],[1730,2836],[1934,821],[1735,264],[-694,1911],[1865,646],[1921,1809],[2294,464],[2818,-277],[-14079,-26331]],[[182932,402703],[-1995,232],[336,971],[-2314,218],[-1856,-821],[-2011,696],[324,1519],[-604,1014],[-414,2245],[-1794,2392],[-358,1384],[-747,588],[640,31],[911,-1664],[1228,-360],[301,73],[-27,5046],[556,2459],[845,2319],[2131,-1131],[2010,-39],[2527,373],[1046,795]],[[691946,387114],[11642,5286],[513,-1289],[489,-3287],[874,-1565],[2008,1302],[2567,-2033],[2225,-562],[-2030,-748],[2643,449],[11,-1106],[1172,-334],[1858,504],[1435,1636],[199,-853],[661,505],[2387,-666],[1213,-1128],[2266,317],[1074,904],[-149,940],[1804,2101],[-354,-1730],[1364,-484],[1130,-1440],[5452,5724],[1458,-428],[2093,-1233],[3805,1577],[2024,-816],[988,-927],[1105,577],[-185,1149],[1149,711],[3604,544],[1409,-1238],[2083,84],[1330,-1616],[-1311,-562],[1887,-966]],[[755839,386413],[-811,-750],[-146,-1117],[675,-1388],[1037,-916],[831,-1561],[1858,-1877],[1661,-671],[2565,-579],[1144,-993],[2230,-3661],[-20,-1915],[979,-1850],[1603,-1494],[2661,-961],[3433,-1916],[5243,-3204],[664,-822],[84,-2410],[-1130,-1955],[-1135,-3066],[-27327,-10791],[-25072,-9899],[-27686,-10883],[-4519,6887],[-3903,6225],[2759,694],[6035,2561],[-2922,5220],[1592,2583],[1505,3263],[1316,-1351],[2677,-552],[2923,648],[1637,86],[1702,-852],[2147,-1784],[2398,-728],[1488,-910],[1251,1867],[2803,1007],[2839,61],[-432,2695],[-1200,3133],[-1428,1648],[-805,1930],[-845,1082],[-1644,997],[-964,2344],[-3807,3419],[-4835,1350],[-817,-773],[348,-2942],[57,-5502],[-1643,97],[126,1203],[-1948,857],[-1773,-257],[-1112,1273],[2456,2114],[-4714,11108],[-5982,14679]],[[327110,288528],[3111,-378],[10022,-494],[32293,-1463],[35937,-1464]],[[408473,284729],[354,-35416],[77,-396],[143,-5142],[172,-6972],[536,-19191],[5653,-910],[20512,-5466],[539,-10339],[484,-4916],[-17701,-279],[651,3535],[-6935,-790],[-826,-3451],[236,-2237],[-474,-450],[73,-3061]],[[411967,189248],[-1464,-694],[-1401,226],[-2703,1717],[-1856,-122],[-3232,1453],[-863,-1247],[-2728,-83],[-1204,-1264],[-1284,-598],[-1224,-1201],[-352,-1036],[210,-2005],[1467,-4564],[-1303,-1206],[-379,-3510],[-1961,-272],[-1808,-1364],[-1897,-506],[-5513,833],[-2150,1570],[-775,-200],[-2615,450],[-1347,-823],[-4645,323],[1148,750],[1364,2379],[1042,782],[1324,2030],[28,908],[-853,2508],[1098,2140],[-2405,-64],[-3002,-1349],[-6203,-357],[878,3173],[268,4555],[-6678,5966],[549,3221],[1135,643],[2200,2571],[1106,122],[1421,984],[540,1256],[978,6],[872,2073],[-399,2437],[-2676,2899],[-2348,528],[627,-4188],[-9194,-427],[454,2087],[1531,7209],[-10151,567],[-24930,1466],[-130,106]],[[320534,222106],[239,383],[3426,5497],[1084,1314],[2491,2062],[2874,3327],[406,1097],[117,317],[-1324,683],[-5302,-131],[-2249,301],[-6043,3380],[-843,1115],[-261,1182],[-563,7741],[383,2679],[1427,2978],[1311,1072],[3754,3070],[924,1415],[305,1796],[1096,6447],[53,311]],[[411967,189248],[3577,-21],[-327,-854],[-1133,-521],[353,-2537],[-2801,-1161],[-1385,-1364],[-824,-2878],[641,-1498],[-222,-848],[-1524,-1747],[420,-1498],[2181,-734],[1173,-1022],[-296,-1170]],[[411800,171395],[-47634,-5982],[-11316,-1439],[3465,-13712],[3640,-16220]],[[304259,92620],[-7561,657],[-754,62],[-764,69],[-3743,320],[-4,52],[148,6377],[-441,1414],[722,627],[4183,3633],[961,1282],[-221,1814],[-3644,5058],[-542,2413],[7250,6224],[802,1249],[-561,4559],[-1262,4543],[40,2763],[1823,4525],[1396,2568],[239,440],[410,753],[436,1898],[65,282],[-3,10],[-338,1104],[-1563,2447],[-1463,4310],[156,6308],[1484,3311],[742,749],[4813,1988],[21,9],[3907,1613],[3932,5774],[4876,8385],[3959,14925],[3976,6988],[-219,1181],[-1163,1781],[-3149,2414],[-3951,5310],[-962,1981],[-100,931],[843,1980],[1499,2405]],[[407162,631302],[6476,-2021]],[[413936,607597],[-112,-2207],[863,-3791],[-2013,758],[-89,901],[-774,896],[602,796],[88,771],[-210,658],[-9,1445],[92,561],[603,1111],[-225,1422],[-454,913],[-54,-129],[65,-346],[40,-86],[238,-180],[80,-150],[-60,-221],[-79,-109],[45,-277],[171,-398],[138,-263],[-557,-1223],[-126,-606],[33,-1783],[196,-468],[-96,-597],[-130,-104],[-363,-201],[-129,-313],[11,-250],[707,-1173],[-566,-1371],[93,-409],[276,-364],[670,-231],[950,-55],[103,-132],[-444,-1944],[-798,-440],[-1387,1234],[-222,737],[-2006,-293],[-2192,1704],[-1235,2695],[-1112,1359],[-578,1942],[-618,846],[-4739,3998],[-1412,982],[-917,2],[-576,1344],[11444,16744]],[[645268,417203],[22740,-5565]],[[668008,411638],[-17635,-17066],[-8374,-10876],[-14865,-16671],[-1682,-2127],[-2768,-3621]],[[622684,361277],[-79956,10390]],[[542728,371667],[-4560,595],[-1507,6698],[3616,4751],[28025,37627]],[[464524,459427],[-10036,2744],[-676,277]],[[453812,462448],[-55,2050],[1249,3192],[-212,1881],[4164,-1189],[1771,-1581],[2112,-1226],[1683,-6148]],[[497491,477785],[-1092,710],[-1075,3544],[141,1242],[909,540],[-645,1311],[1010,1345],[-101,2132],[-1856,3428],[1152,1345],[-666,1513],[930,1210],[-504,1712],[990,1446],[-544,1260],[-3971,-2554]],[[492169,497969],[-8357,2397],[-3267,-1517],[-2485,284],[-1358,565],[-1308,-645],[-3802,599],[-612,-976],[-1545,1702],[1000,1605],[-305,1521],[891,2039],[7769,7793],[-2929,2759],[-5090,1520],[-2109,1943],[-3020,-1085],[-1245,-2084],[-541,878],[-1731,-1608],[-2405,288],[-1689,-1889],[-6104,192],[-4624,1285],[921,830],[-1633,59],[-132,-1656],[-3679,-3116],[-1963,-389],[-786,-1371],[-5540,1389],[461,-2582],[-241,-1359],[-1207,-2071],[-770,-3651],[-2040,-2539],[-2356,-2425],[-451,689],[-3797,616],[-3266,1728],[-3377,-4103],[-1248,-1963],[1471,-317],[4282,-1971],[1867,-558],[1428,-117],[250,23],[5396,2353],[381,-124],[966,-731],[592,-662],[1484,-2597],[3954,-8363],[-2243,-331],[-758,-482],[44,-160],[3303,630],[3357,1488],[1458,-1408],[1939,-21],[1500,-1207],[412,-1331],[2558,-861],[-1223,-1859],[325,-1576],[-957,-144],[-1062,-1931],[-1105,-3107],[-911,-777],[-568,-1391],[162,-1237]],[[444501,464852],[-6565,1757],[-23021,6123],[-6027,1576],[-8321,2169]],[[400567,476477],[-6375,1674],[-8687,2232]],[[435351,334858],[8040,-2589]],[[508773,310827],[-1591,-9336]],[[429749,162108],[-3474,175],[-3635,-988]],[[422640,161295],[-1727,2438],[-1919,1356],[-6927,526],[-2270,-293],[-73,3029],[2076,3044]],[[408473,284729],[-1525,23815],[1683,14956],[3853,-778],[635,1945],[11483,-3977],[8998,14723],[1751,-555]],[[302000,507733],[2039,-3927],[1134,-1192],[2207,-717],[512,-28]],[[307892,501869],[-56,-111],[2885,-475],[1756,-3038],[741,-3617],[-1976,-496],[-2407,1375],[-4103,440]],[[304732,495947],[-804,1122],[-1474,860],[-735,1046],[-2922,2885],[-1957,1588],[-2308,175],[-1133,460],[-1957,-441],[-2595,72],[-1131,-529],[-3074,3],[-2151,612],[-1599,1282],[-1125,-407],[-1663,402],[-427,591],[-2075,855],[-691,3183],[-650,1808],[-797,1009],[-235,2147],[1789,1818]],[[209382,302950],[29275,-3449],[532,-2243],[1719,-1730],[-1868,-15566],[575,258],[6272,-1331],[2235,331],[951,757],[1157,-2278],[2092,-2281]],[[252322,275418],[-13662,1394],[-1700,-13932],[-1082,-9271]],[[180273,230369],[-1425,1849],[-1894,1280],[-655,768],[-1378,2750],[82,2454],[-283,1063],[-1519,1948],[-15,773],[1222,4278],[-19,2310],[466,1433],[-548,2434],[12,771],[2557,745],[3540,-186],[-5,1151],[-117,370],[-964,12],[279,1432],[146,458],[204,-1149],[2944,518],[4137,-61],[852,-840],[1913,-306],[1587,2031],[-9650,3156],[-6141,2758],[-3346,409],[480,1713],[-1301,2720],[1651,311],[2380,-16],[3295,-1486],[2020,474],[948,-799],[1475,416],[316,5121],[1314,-159],[683,4677],[372,1261],[730,23],[-1167,614],[-1585,2153],[-1215,3452],[-99,2505],[675,6336],[-1724,2656],[324,1436],[243,3583],[772,1599],[1716,2309],[24824,-2927]],[[24446,195227],[5610,-199],[25625,-939],[180,-31451],[8310,-2531],[-559,2440],[18,2771],[2262,-1146],[1922,-457],[372,895],[-518,1086],[4217,-434],[262,-1888],[1714,-958],[-2243,-573],[-487,-487],[491,-2445],[-293,-900],[25430,-7426]],[[109702,136100],[-91,-718],[-1466,-1519],[-211,-1552],[-112,-1183],[745,-1963],[1815,-1788],[-3389,-1649],[-1790,-2542],[-227,-2206],[-1458,-3341],[-1851,-1428],[-4388,138],[-2856,-1913],[-1461,-2060],[-2304,-1796],[70,-619],[-610,-1243],[-1801,691],[-302,1750],[-2928,-213],[170,5076],[238,975],[-3520,1674],[604,5917],[855,601],[-730,845],[107,1677],[-3041,300],[-4641,-148],[-3875,-359],[-750,-762],[-10300,-714],[-434,3047],[15,5118],[-1501,-210],[-591,448],[-3250,670],[-1223,-3344],[68,-2002],[-136,-1713],[964,-3278],[642,-1060],[117,-2118],[3150,-3200],[-157,-60],[-5,-132],[-92,-327],[-196,-131],[-273,-62],[-56,186],[-187,299],[-234,-41],[-2848,2944],[-995,3204],[-838,1709],[-1827,2081],[-375,1613],[1093,369],[-950,702],[-484,1302],[-1832,551],[-1637,1781],[342,404],[-1202,551],[186,1149],[-1264,962],[-557,1722],[-985,816],[-856,2344],[-2709,3130],[51,435],[-2668,1301],[66,1319],[-3501,110],[-3002,4794],[-3191,169],[1273,18958],[-8,2113],[-1011,2728],[-2800,912],[-1969,1781],[-2076,671],[-958,883],[-784,-65],[-1948,886],[-1289,1581],[-1122,372],[-1739,-525],[-831,857],[-1681,585],[-1555,-52],[-1578,2347],[-1563,970],[-1863,3544],[78,783],[-2664,1292],[-697,690],[-57,1192],[24435,-1034],[11,178]],[[700393,643951],[8284,24559]],[[708677,668510],[44542,-14978]],[[862852,613267],[10779,-57509]],[[873631,555758],[-5561,-661],[-67329,-8094],[-4218,-517],[5,155],[-1010,-127],[-107,77],[-853,55],[-742,-39],[-267,-474],[-434,-55]],[[793115,546078],[-816,-90],[-1541,-194],[-2425,5],[-15717,51],[-13812,128],[-177,5009],[-3149,-344],[-117,877],[-1888,-172],[-411,3316],[-2895,-211],[-362,2776],[-3100,-77],[-1223,1883],[-3583,1377]],[[741899,560412],[17075,38677],[-17218,5836],[-2318,594],[-12843,4054],[-2898,1094],[3435,-703],[1648,1201],[-140,1409],[2810,1742],[-2920,2755],[-4498,2805],[-6246,2627],[-4298,1200],[-583,1419],[-1377,869],[118,2064],[-1055,1416],[-3724,2082],[-1259,1869],[-1401,1020],[-549,1321],[-603,-56],[-589,1927],[-1147,1718],[408,4041],[-1334,558]],[[98825,260006],[9093,19854],[4148,12840],[6006,18491],[-3080,718],[2016,5177],[-15816,4075]],[[101192,321161],[303,1716],[713,-485],[3054,-658],[4565,824],[967,1614],[297,1932],[1252,-123],[-1256,2228],[366,1600],[2073,1508],[113,1241],[1924,1062],[2884,431],[522,-1560],[-1949,-475],[658,-1867],[3837,913],[1110,-3180],[-240,-2314],[3070,-42],[4748,-936],[-346,2026],[-2681,6464],[1164,1503],[-343,828],[449,1163],[684,-40],[-461,-1559],[2245,-2922],[248,-884],[-528,-3475],[1087,-673],[-86,-1676],[1303,-345],[1642,153],[654,-540],[-1960,-849],[-491,-936],[109,-1904],[925,124],[777,946],[2693,1308],[361,1256],[-1685,2471],[1846,1874],[1594,987],[4615,739],[4566,-672],[2638,-878],[2793,332],[2112,1953],[160,1488],[1301,1104],[3198,936]],[[160786,334892],[-2834,-22745],[-156,-3125],[-137,-2544],[-222,-47460],[-117,-27390]],[[94314,233803],[-1778,12784],[6289,13419]],[[252322,275418],[2562,-259],[469,421],[-985,1102],[-1169,619],[-1152,1782],[-1793,417],[-245,846],[-1221,758],[163,1542],[-793,741],[212,1522],[-1026,1877],[722,1100],[-316,1924],[-1572,1085],[-498,-545],[-987,417],[-325,782],[-1129,342],[3010,889],[1993,1882],[242,770],[-198,2347]],[[248286,297779],[6078,-1158],[6177,-1009],[29101,-2540]],[[296989,274756],[-2143,243],[-653,282],[-398,1400],[-1491,-502],[1086,-498],[-1997,-1386],[-2621,-966],[-2286,78],[-32,-2383],[-3921,170],[812,-1275],[2794,-1092],[2869,-981],[124,-3087],[-522,-1648],[-159,-1739],[-1887,-1935],[-2105,-18],[-1644,-697],[-634,-7076],[1633,-151],[2130,479],[2576,-1581],[-1421,-1783],[-2199,-1843],[-2784,-2756],[-3590,-3538],[-5391,-3942],[-2473,-1144],[-718,-1549],[-2108,-2237],[-3056,302],[-1079,-348],[-1625,-3598],[-2631,-2088]],[[95354,403961],[1881,-434],[40265,-11202],[932,-1042],[505,-2256],[1428,-1993],[-1458,-453],[4060,-1],[1951,797],[456,735],[-371,2113],[10647,-3151],[-1122,-3323],[148,-1786],[989,-1615],[881,-529],[97,-1595],[1296,-692],[308,-1911],[1151,-387],[2202,-5087],[-1274,-2308],[-972,-833],[-2881,-1251],[2133,363],[561,-396],[119,-7339],[-363,-1165],[-1511,-2512],[-202,-1381],[-1078,1289],[1141,-2215],[5641,-1105]],[[162914,351296],[-2066,-15932]],[[160848,335364],[-62,-472]],[[101192,321161],[-2384,556],[-121,87],[-173,94],[-469,112],[-115,57],[-46,-129],[-11152,2898],[-56,-698],[-2292,394],[277,873]],[[84661,325405],[2821,8903],[-13322,2306],[1335,3690],[8977,57730],[1380,8874],[9502,-2947]],[[374871,810036],[-353,-3007],[994,-574],[2177,-630],[-471,-2403],[-3434,-12609],[-2346,907],[-2590,1799],[-2954,958],[-3283,2015],[-1271,4247],[-1705,377],[-2965,-525],[-13245,2512],[-2723,-1641],[-3697,520],[-1585,-181],[-9682,-1882]],[[323526,801117],[-26,1982],[1501,1245],[1103,1728],[-1435,568],[1039,1944],[-3098,1857],[374,1975],[1201,-187],[656,3411],[12416,-3033],[3767,-805],[9895,-2600],[16958,1798],[1927,-27],[2853,1851],[2214,-2788]],[[286113,820673],[2125,-588],[1454,605],[1691,-963],[1773,1324],[-766,513],[-784,1418],[-1221,780],[-558,973],[415,-141],[1435,-861],[1957,-2364],[1389,-1062],[2846,-1287],[1605,-1836],[1747,-1122],[-181,-1291],[-140,-504],[-435,-1629],[-7843,6513],[-318,246],[-425,361],[-231,-76],[-688,-1438],[-632,-803],[-692,-533],[40,-1043],[-139,-593],[-696,-575],[173,-414],[-1363,-1406],[-669,2569],[-1996,1553],[1127,3674]],[[472086,844033],[-3291,96],[-21923,-1589],[-877,-190],[-16894,-1226],[-6945,-342]],[[422156,840782],[-887,-43],[-30942,-2900],[-4594,-288]],[[385733,837551],[-40620,15220],[7050,10503],[13574,20221],[12739,19159],[-845,18782],[75036,-14295],[845,1343],[1000,838],[2020,2552],[874,2984],[1116,1164],[-2456,496],[-1120,745],[-3703,1552],[-1208,2962],[-32,2565],[905,1219],[2558,2599],[-1105,1380],[-93,1476],[2133,1168],[1706,95],[3754,1893],[2980,735],[1209,724],[1408,1479],[-1497,3281],[365,-6],[1178,-1391],[2766,-1649],[-1112,-4442],[-2332,-3675],[-225,-1089],[-1238,-3030],[-862,-3232],[-86,-1508],[380,-2316],[1563,-4254],[2043,-1427],[212,-987],[10078,9741],[389,-1957],[-901,-2414],[1441,288],[1725,-6878],[1294,-3903],[2035,-3432],[979,-456],[3298,-73],[1110,-858],[173,-674],[-987,-1379],[-40,-1648],[-1952,-2989],[500,-234],[-750,-1693],[87,-1942],[435,-1673],[-550,-770],[-1197,-151],[-3438,1389],[-1829,1231],[-1206,1550],[-1704,196],[-2839,-2559],[1671,-6445],[1062,-1273],[249,-2063],[703,-1144],[2065,-7533],[520,-2513],[2417,-3911],[755,-1626],[652,-2752],[-4090,-1788],[-3157,-4142],[-2136,-1339],[-1105,330],[2352,-10677],[-2636,812]],[[95354,403961],[5423,10039],[322,477],[30829,58868],[4186,8168]],[[148447,477555],[1576,-2472],[5279,-1744],[76,-647],[2365,68],[-364,-728],[7822,-1368],[1556,-2709],[2244,-1130],[-1518,-1335],[3615,-1306],[-681,-2419],[1190,-443],[-1475,-2796],[829,-874],[3535,-11148],[4128,-1611],[376,-4070],[-848,-6350],[2173,-1049],[-1052,-1816],[975,-407],[356,-1742],[-605,-1900],[128,-3291],[-839,-1652],[4379,-1573]],[[172183,382490],[-4321,1369],[-4948,-32563]],[[248286,297779],[-7042,1416],[80,19089],[3408,-1626],[2121,1221],[2099,3764],[2935,1153],[-320,1438]],[[328545,652524],[4102,-1709],[16592,-4273],[-977,1285],[-42,2101],[686,1263],[3921,10689],[2186,2788],[548,-782],[331,-2142],[1764,-1486],[1667,-923],[1901,-2855],[-1428,-1518],[-15,-1019],[1802,-3879],[142,-4003],[1253,-1771],[-1440,-188],[-667,-557],[33285,-8595]],[[394156,634950],[-1312,-1493],[-1754,592],[-1788,-2773],[-2185,505],[234,1476],[-1177,421],[-678,-1300],[-4283,1516],[-1880,-3969],[-8090,2896],[-699,-870],[-4008,1536],[-554,-739],[-1664,622],[-222,-1274],[651,-1481],[-3841,-6592],[-749,171],[-245,-1860],[1505,-174],[2405,-797],[565,-1705],[-443,-2664],[-2001,694],[-1083,-1726],[-1537,557],[-595,-1073]],[[322653,576883],[-1073,287],[-19480,4543],[-293,1039],[575,3286],[-1431,2038],[-1227,2231],[503,2200],[1709,2052],[127,1068],[-536,1991],[-1468,1230],[-1568,2232],[206,1002],[959,1465],[304,1269],[-1716,121]],[[259196,396937],[7900,14760],[774,1241],[1280,-1963],[983,-1737],[2821,-1233],[1581,-1985],[-361,-2475],[1514,-946],[5993,-5475],[974,-2710],[38,-2683],[2211,1722],[1044,1985],[970,501],[-579,1140],[-109,2737],[-809,2852],[-1179,757],[-163,777],[2066,420],[2174,-436],[-534,1254],[-2733,538],[1689,3346],[-3205,643],[847,1612],[48,1054],[957,1816],[-2655,-1028],[-827,654],[-1964,-547],[-1040,2293],[3390,6711],[-497,1819],[2832,4306],[-2605,633],[-731,-1298],[-1463,1277],[-962,3252],[2566,2297]],[[281432,434818],[469,-335],[5209,-1832],[1786,404],[720,1208]],[[315085,429052],[10477,-2170]],[[325562,426882],[-500,-527],[707,-1018],[914,-407],[2919,135],[1629,-1977],[1176,-810],[2347,516],[1291,-810],[4153,55],[1947,-854],[3027,-2867],[2042,-1296],[-773,-311],[-976,-1858],[485,-1868],[-391,-1530],[-847,-102],[-2036,-973],[-411,512],[-3623,361],[3404,-1028],[1571,-1105],[1358,-538],[1525,-608],[707,-206],[1609,-2199],[784,-33],[1689,1239],[1151,1435],[2242,1555],[102,-1306],[-2625,-1295],[-1889,-2028],[-2236,-1132],[-3295,-535],[376,-372],[-520,-996],[90,-2360],[-264,-286]],[[344421,399455],[-2525,-1208],[-4342,-4399],[182,-5115],[-1771,-1798],[-102,-1775],[1023,-4931],[516,-10217],[-1876,-4142],[-3710,-5040],[-1027,-732],[-2255,101],[-1110,-2562],[80,-2417],[-189,-557]],[[325562,426882],[263,-59],[28501,-5928],[713,-4276],[-706,-1857],[503,-300],[2817,38],[-66,-2250],[764,-1067],[-1756,-2094],[1962,670],[1322,1125],[2213,6010],[-944,2669],[9725,-1896]],[[370873,417667],[320,-2669],[-544,-1364],[-709,-439],[-37,-13]],[[369903,413182],[-1734,-597],[-8843,-6662],[-2402,-1810],[-8967,-2965],[-115,-55],[-3421,-1638]],[[304732,495947],[-5729,-10348],[-1952,-4039]],[[297051,481560],[-248,2909],[-1339,1855],[-415,1165],[-1070,749],[40,998],[-707,965],[-606,333],[-5897,-666],[-2173,-590],[39,1252],[-1142,442],[-1593,-725],[-1667,1499],[-585,-564],[-1849,1045],[-266,-1121],[-1263,-367],[-3393,620],[-2223,-119],[-1651,-437],[-3393,1094],[-1657,-337],[-2943,83],[-1529,-776],[-2338,-107],[-994,-1678]],[[563930,586259],[17567,-5623],[18586,-6714],[15337,-4634],[1418,799],[300,67],[804,-319],[562,-634],[695,-525],[659,-725],[20901,-6350],[17871,21077],[34104,38398]],[[692734,621076],[7659,22875]],[[741899,560412],[-4826,-7135],[-5372,-11792],[1427,-219],[-1299,-2865],[-1297,-2765],[-6108,1789]],[[713010,901696],[-11462,4110],[-32141,11634],[-42977,17029]],[[626430,934469],[-35369,14470]],[[591061,948939],[14,42],[4,14],[2242,916],[11529,-688],[3260,634],[8259,231],[3919,-1383],[2342,-54],[4028,1316],[2578,3237],[4906,3284],[5140,1356],[4540,-655],[7676,-3188],[9312,-3871],[2152,-854],[1642,243],[5108,2291],[5970,556],[4879,2221],[446,204],[4231,2577],[2857,1741],[4497,1361],[4748,679],[2876,1166],[929,733],[314,1294],[-391,1439],[-1262,3192],[-832,2705],[512,1044],[1704,1173],[383,760],[-121,757],[-1813,1501],[-334,633],[888,4709],[806,632],[2757,773],[3441,-384],[2015,685],[268,1219],[-2301,3227],[0,1097],[728,1084],[5403,4289],[2074,720],[7740,-336],[2060,966],[1665,1435],[3149,1709],[1410,628],[8284,-10482],[2054,-2001],[7890,-10260],[25874,-31263]],[[544253,285394],[743,3551],[1508,7208],[261,1222]],[[546765,297375],[20657,-2339],[589,553],[-1912,957],[-315,1329],[-1479,3024],[14737,5118],[1786,-556],[6606,9258]],[[587434,314719],[11932,-5898],[4050,-3537],[4685,-3554],[11042,-4249],[6886,-2194],[5162,-3328],[-1038,-1532],[-5682,1454],[-31,-538],[2339,-2033],[-2171,-3426],[-1305,-507],[-1315,-2442],[-1105,-313],[-1706,-1126],[-734,-923],[-2470,-1333],[-1457,-816],[-1215,-1914],[330,48],[1399,1093],[8749,2365],[-1066,-1496],[18104,-9046],[-29877,-6174],[2247,-3267],[808,-1747],[1030,-898],[969,-3043],[958,-4737],[-7157,2603],[-3216,1561],[-3574,2655],[808,1206],[-679,1729],[-953,1201],[-1280,655],[-2148,-446],[2230,-1070],[992,-1365],[-79,-1030],[-1930,1491],[-1219,714],[-2026,840],[-1145,-238],[-23596,-4775],[-13690,-1400],[-5537,-523],[-3416,-326]],[[604766,702888],[420,-72],[39118,-4664]],[[644304,698152],[2106,-1951],[2891,-4009],[1162,-4334],[229,-2942],[1707,-2505],[1596,-1330],[987,-1662],[716,-353],[-77,1151],[960,2482],[-222,2114],[-661,2032],[1632,1567],[1837,1305],[639,2465],[-169,1435],[523,1112],[-368,1606]],[[659792,696335],[34369,-3899]],[[694161,692436],[21675,-2666],[-875,-2626],[-6284,-18634]],[[692734,621076],[-4088,866],[-49,6],[-81083,17661],[-146,3926]],[[141948,755116],[-415,2225],[1026,2526],[522,2528],[-632,3095],[278,886],[-326,1419],[1193,1717],[1004,3001],[1068,607],[979,1259],[283,3449],[-32554,10040],[-23258,7273],[-3749,1315],[-8076,2597],[12281,14232],[-4544,2882],[13923,16718],[-3470,2652],[8918,12133],[-4874,3011],[5120,6858],[1667,1775],[29784,-17568],[4896,-2653],[8458,18797],[1848,4124],[2884,-887],[1536,-855],[1965,-1996],[2732,-1082],[1604,-929],[3531,-417],[2933,344],[1894,-306],[1291,-1585],[755,-88],[208,-1123],[-865,-1434],[390,-648],[782,1299],[1127,-809],[829,-1546],[317,1712],[1037,669],[227,1218],[1368,2079],[3577,-888],[1326,206],[1853,2330],[1687,787],[3423,506],[1675,1322],[260,1417],[1307,923],[978,-39],[2234,-2025],[2235,-1162],[2335,-377],[537,821],[3873,-1055],[959,-1830],[-690,-1260],[-1264,-1145],[-4026,-1901],[-507,-2980],[-1187,-2791],[-437,-5367],[-455,-2936],[564,-2043],[195,-4198],[-1051,-1941],[-267,-3597],[-613,-3500],[6884,-2018]],[[162609,824894],[952,1557],[-477,450],[-396,152],[-1266,-1797],[1187,-362]],[[98825,260006],[-10708,4433],[-6615,1872],[1270,3616],[-2966,753],[1357,3218],[-1434,471],[-874,1473],[2276,4741],[-1918,308],[-3535,1194],[-7958,2432],[931,2895],[-858,145],[1554,3786],[-2628,588],[-425,-1859],[-2850,340],[-2691,1319],[-1146,1709],[1017,827],[-1865,1484],[376,1173],[-3093,1611],[-48,-888],[-1078,16],[46,1391],[-2878,1696],[-101,1031],[-3983,-716],[-2054,-65],[-2675,766],[-2006,149],[-5449,-73],[-697,280],[2240,336],[191,1009],[1877,1429],[214,3219],[761,2835],[-3112,469],[-14678,4433],[361,6085],[82,1132],[2401,-455],[652,968],[1862,-39],[1024,316],[3889,314],[2288,-611],[4575,68],[730,317],[1530,-178],[2115,183],[1119,585],[1343,-47],[3816,634],[-7917,2171],[17298,859],[12185,275],[12696,-3024]],[[422640,161295],[-345,-1914],[-30,-2372],[-798,-1539],[-2792,-381],[-2025,-997],[-2185,1293],[899,-4919],[2558,-2787],[1883,-1084],[609,-3401],[1273,-785],[1529,-2538],[-105,-1287],[2100,-2784],[-2262,81],[-3853,-322],[-2484,548],[-1685,-192],[-185,-700],[-1878,-586],[-3237,-22],[-862,446],[882,-1689],[-1629,-177],[-1581,-1305],[-1214,-2799],[-1894,-369],[-2033,830],[-2428,-62],[-1514,286],[-1124,731],[-2245,644],[-509,655],[-785,-3296],[686,-1778],[1565,-1628],[1482,-2660],[-859,-1357],[-3197,859],[-3386,3580]],[[440386,103522],[-27413,-3527]],[[547281,862876],[1293,-196],[4607,-3804],[1047,906],[361,-895],[1272,1161],[-460,1832],[2835,1773],[2183,2082],[3844,2800],[-4460,4947],[1291,845],[1066,-984],[5213,3622],[1536,-489],[2709,3010]],[[571618,879486],[3311,-1503],[6568,-2981],[40741,-16601],[1578,-7628],[12762,-61672]],[[636578,789101],[552,-2718],[-14234,5717],[-24572,9144],[-2911,1084]],[[595413,802328],[-509,189],[-15408,5841]],[[579496,808358],[-3878,1555],[-1711,652],[-17639,6857],[-469,139]],[[555799,817561],[473,534],[-799,438],[-1419,-322],[-721,245],[-41,117],[-278,784],[1036,1937],[18,644],[-1764,35],[-934,-252],[-657,290],[-882,2357],[-1637,859],[-960,1226],[-2868,8401],[-2463,4009],[-2191,2485]],[[539712,841348],[-904,1025],[894,4582],[125,642],[651,1097],[2240,1448],[692,1214],[590,2878],[-942,3092],[802,1084],[1868,749],[1553,3717]],[[568688,816987],[4407,-3231],[2325,-1214],[2992,2940],[-1125,3042],[143,1946],[-857,2202],[372,1809],[-1039,639],[-1938,-1139],[-598,880],[-1397,-2459],[-2063,-1955],[-2066,-3118],[844,-342]],[[479414,457007],[-2020,1789],[-3129,14441],[824,8452],[7009,6388],[1637,2923],[8434,6969]],[[542728,371667],[-182,-859],[765,-582],[-242,-1464],[-1853,-2961],[-1187,-383],[-3222,-3477],[81,-632],[-2960,797],[-2382,-754],[-281,-2048],[-1140,-1467],[-3186,-1215],[-1828,-2021],[-1550,-383],[-80,-1148],[-1107,-516],[746,-1830],[-282,-1231],[625,-265],[-1751,-2031],[1269,-897],[302,-2147],[-462,-1198],[-1939,-486]],[[471491,394111],[-23796,8169]],[[447695,402280],[10902,19954],[5183,9550],[938,1416],[5829,10813],[1324,2374],[634,1140],[553,998],[5339,7121]],[[548035,752520],[2154,-1604],[-216,-1895],[-1007,-3459],[-1576,-3375],[-800,-3733],[1752,-139],[1478,-787],[896,528],[2794,-168],[887,-502],[1259,749],[1136,-1442],[1192,-463],[746,-963],[-1124,-1770],[123,-878],[-824,-347],[-600,-1506],[-3100,-688],[1837,-336],[482,-683],[3014,-1156]],[[558538,727903],[1414,-955],[531,-1797],[1515,-795],[858,174],[-98,-963],[769,-2920],[-391,-797],[-94,-2491],[238,-2610],[719,-1460],[2948,-2252],[2331,1737]],[[530531,725845],[516,213],[1848,1116],[353,1067],[-2182,3482],[-762,2044],[714,2038],[2660,1788],[5477,2411],[2006,144],[410,922],[-460,844],[-3394,1277],[-821,941],[976,2319],[9,23],[1409,225],[3895,-481],[1311,478],[1271,1771],[1171,2881],[1097,1172]],[[417109,355321],[-3471,3240],[-4490,-5780],[-4802,-3939],[-6124,429]],[[398222,349271],[-1578,1028],[-2512,2694],[-134,1743],[1089,2680],[-1557,2665],[-1755,1196],[-161,1631],[2678,58],[1216,444],[2371,1556],[3748,701],[1608,713],[2228,551],[3384,1364],[3362,703],[-1130,1101],[-1892,166],[-2877,1199],[1654,1279],[-38,1281],[1453,1247],[549,3259],[912,613],[3,-919],[1289,-1813],[2424,-1636],[1189,-768],[2532,3474],[4551,3719],[2485,581],[2903,1882],[1217,-522],[-1260,-4975],[-620,-1500],[1053,-2006],[1658,-1916],[1802,-1385],[-1238,-740],[-2515,-699],[-3182,-2715],[-4331,3871],[-1186,881],[-1480,-1156],[2550,-973],[838,-897],[-13,-1585],[1471,-1336],[-233,-1004],[557,-3028],[-762,-1086],[-2362,-735],[-1339,-1564],[-1732,-3272]],[[626430,934469],[-10035,-13963],[-10785,4217],[-28515,-36590],[-2464,-405],[-831,-1485],[-4265,-5807],[2083,-950]],[[547281,862876],[286,682],[-897,2786],[204,2429],[1945,5048],[1704,4017],[-366,1980],[-1059,2063],[-2485,2096],[-3327,6499],[-384,751],[-894,4726],[404,811],[705,295],[304,738],[317,1438],[-54,867],[-949,566],[-2887,-1352],[-1661,175],[-831,2226],[676,1522],[1245,2802],[4201,6555],[933,816],[2609,2286],[125,29],[4396,1049],[1151,2170],[1086,405],[2119,308],[3004,3285],[1342,1467],[262,3062],[266,6534],[-1221,1235],[635,2254],[2407,1421],[2101,-250],[4411,-1338],[3453,627],[5675,2015],[500,178],[7156,3305],[2827,828],[1168,1056],[1178,3601]],[[547548,790890],[1927,437],[4840,-984],[1052,567],[626,-586],[852,1761],[2573,3435],[975,3240],[995,266],[1749,2497],[694,59],[7775,-811],[1118,1966],[2387,-927],[800,2103],[2267,2189],[-1326,567],[880,494],[1764,1195]],[[595413,802328],[2563,-16887],[1412,-2076],[401,-1488],[-683,-892],[240,-847],[1127,302],[2600,-1239],[1046,367],[1555,-774],[1295,2508],[7989,-3],[-56,2991],[992,721],[1942,28],[1049,519],[2527,319],[1883,-626],[2475,-1504],[1171,-2833],[2912,-2687],[3566,-1067],[423,-708],[-97,-255],[-9721,-24529]],[[624024,751668],[-1170,-319],[-1346,-1628],[-3125,-1786],[410,2699],[-1546,2687],[-2889,725],[-2341,1306],[-929,951],[-3464,1204],[-1344,817],[-4933,1373],[1280,-21409],[-12840,5067],[-6094,2742],[-3249,-1512],[-3212,1281],[-662,-523],[54,4149],[-1627,1458],[-3820,-557],[-2033,-821],[-1879,-1480],[-3419,-3363],[-6296,-4891],[7185,-2946],[-868,-2170],[1360,-542],[-310,-1310],[-1170,-2086],[-1799,-1200],[-3410,-1681]],[[548035,752520],[1820,1945],[441,978],[-560,1456],[-1357,1043],[-1069,1133],[262,998],[867,393],[3059,710],[2123,753],[1086,-283],[694,-927],[1438,-772],[2475,417],[1293,897],[203,141],[118,772],[-1018,1389],[-3179,1110],[-1994,1106],[-1966,1049],[-489,1350],[1066,766],[2288,-138],[2495,182],[1494,857],[853,1010],[929,3665],[8,2298],[-1378,1501],[-2836,1144],[-1653,0],[-1418,-1455],[-206,-1589],[-351,-1405],[-1139,-610],[-2196,366],[-1707,1414],[-893,1631],[-466,1795]],[[547172,779610],[-1297,4996],[919,2460],[754,3824]],[[624024,751668],[-4689,-11829],[1701,194],[3661,-810],[1769,189],[1716,-1139],[2091,-784],[1446,-4966],[-1428,-2771],[-1531,-5032],[1242,-5105],[-1121,-3729],[-132,-1852],[726,-2187],[1875,-2545],[-882,-1585],[-1038,-800],[272,-959],[1603,-972],[2649,-369],[-19,-1348],[1085,-620],[-468,-1114],[1722,-384],[2691,-1268],[2769,-380],[2570,-1351]],[[369903,413182],[16332,-2493],[970,-146]],[[387205,410543],[11053,-1684],[9357,-1302],[12762,-1423],[16691,-2352],[10627,-1502]],[[435351,334858],[1145,1965],[-1135,361],[832,3105],[-20,1027],[-3042,839],[391,794],[-1564,705],[2924,5049],[-5786,2549],[-1384,111],[-1026,3211],[-9068,260],[-509,487]],[[398222,349271],[-71084,4867]],[[636578,789101],[1181,-552],[2084,-245],[1864,-834],[1287,-1847],[1430,-722],[2448,-1922],[3610,-1009],[996,530],[3065,49],[5894,-1451],[776,373],[3027,-336],[681,2169],[-2056,2625],[-68,521],[2775,-610],[-486,2250],[1284,793],[2933,-143],[489,380],[-1636,4471],[-1299,3081],[571,1623],[164,2578],[-323,3262],[3623,3521],[-1117,939],[326,652],[1839,1218],[2199,-768],[1384,514],[1321,-545],[3093,-513]],[[736430,776655],[-9297,-20418]],[[727133,756237],[-12197,5049],[-1975,-6865],[-11092,-37888],[-42,-323],[-3506,-11751],[-4160,-12023]],[[659792,696335],[-15488,1817]],[[547548,790890],[121,612],[3790,2927],[2495,818],[1222,239],[1148,-535],[1229,468],[606,2321],[1644,1922],[-245,905],[-2337,766],[-2348,1978],[-499,1099],[-241,3874],[-365,5840],[225,917],[806,1340],[93,155],[907,1025]],[[383079,458207],[2147,3275],[929,2164],[586,3311],[203,2928],[-807,2230],[-1070,1397],[20,319]],[[385087,473831],[416,6530]],[[400567,476477],[1027,-2376],[-8725,-8916],[-2981,-3723],[4936,-3903],[4605,-15155],[435,-2481],[-804,-499],[-696,-343],[-1526,-1849],[-3222,-1541],[-1501,-1416],[-422,-1988],[2605,-2780],[2200,-4476],[-9293,-14488]],[[370873,417667],[-44,360],[-826,1131],[-2037,1398],[-1311,3061],[220,3444],[1308,4237],[2176,1398],[1109,2580],[-81,465],[-1352,1215],[-121,1314],[29,56],[4,9],[71,137],[238,464],[1110,882],[3127,1548],[2051,725],[2609,923],[746,1198],[141,2728],[-567,1538],[-200,542],[666,4908],[726,1665],[1312,931],[1102,1683]],[[444501,464852],[9311,-2404]],[[464524,459427],[13873,-3781]],[[793115,546078],[-3032,-3993],[-2328,-1372],[-1085,-2549],[-59,-2888],[-721,-996],[-659,-592],[-2664,-1506],[-260,-883],[396,-1816],[611,-3177],[-195,-1599],[1000,-1450],[2903,-1116],[1124,-2060]],[[788146,520081],[-421,-3122],[177,-1482],[2151,-2244],[2612,-955],[1232,-1089],[519,-2182],[1222,-934],[1467,-361],[1272,-1094],[-19,-1705],[958,-1238],[-352,-3127],[215,-827],[919,-1106],[1272,-1860],[1379,-2899],[41,-1413],[-31,-703],[-1614,-3938],[1350,-2499],[3638,-3515],[1262,-2900],[-176,-2288],[-597,-2032]],[[806622,474568],[-1427,-1856],[-412,-1271],[1536,-5070],[39,-1100],[-1154,-3660],[-1076,-1794],[-1360,-1166],[-489,-1006],[421,-2310],[186,-3277],[782,-3248],[1419,-2966],[-460,-1483],[-1418,-1322],[929,-3299],[-1546,-2104],[-1359,-1317]],[[801233,436319],[-880,-154],[1139,2994],[-3082,-1973],[2775,4528],[1001,115],[127,2467],[-1108,1565],[-262,1753],[1071,1985],[-151,2058],[-1294,500],[-844,1057],[-1175,80],[-4124,1370],[-1235,729],[-92,1995],[-1882,3156],[-2660,2437],[-1664,958],[-3484,4824],[-911,2809],[-2145,-1667],[-1819,-313],[-2810,-1614],[1100,-1678],[-3782,-1567],[-782,-505],[-1594,-1869],[-777,-2237],[-1336,-2276],[-1373,-1601],[-1716,-976],[-708,-140],[-2578,369],[-182,1528],[984,3044],[673,3461],[367,3032],[2312,2957],[576,2523],[1364,1250],[-53,2737],[-362,1301],[307,2196],[1120,-72],[2016,458],[746,789],[-70,2577],[491,655],[-2002,291],[-1116,-579],[-17441,-8418]],[[727133,756237],[14257,-5933],[355,-183],[29051,-12033],[10869,-4501],[989,-383],[3170,-1327],[2422,-994],[59,-38],[2087,-858],[20846,-8649]],[[793266,682046],[-2145,2466],[2918,5123],[-1852,7048],[110,543],[-1335,-689],[-1348,-446],[1141,2284],[170,3223],[-1354,1264],[614,-1066],[-160,-273],[-3385,1191],[-688,-2321],[353,-3817],[-756,-238],[-443,1575],[-1033,496],[-1577,-25],[1298,-1691],[191,-1413],[914,-1899],[-27,-1499],[-991,-1808],[768,-2672],[486,-388],[-1391,-1766],[-797,-2666],[-653,-3171],[1827,-3094],[2016,-2034],[729,1421],[770,-741],[-34,-1600],[487,-1563],[-262,-1342]],[[873631,555758],[3707,316],[3647,-23047],[432,-2794],[6532,-45852],[-38418,-4399]],[[849531,479982],[-313,9553],[-15613,12084],[-486,377],[-1659,1264],[-229,192],[-1270,1099],[-9967,8370],[-9499,8643],[-3951,-243],[-4283,-265],[-1014,-75],[-1697,-115],[-3807,-269],[-7597,-516]],[[328972,525821],[-18405,-20871],[-2675,-3081]],[[394156,634950],[4555,-1175],[8451,-2473]],[[545585,83515],[4182,-581],[2875,686],[2961,70],[4123,-2467],[1434,-508],[5010,12127],[-8568,16267],[17801,3939],[6119,1608],[24201,5418],[31124,6963],[19883,-36197],[4656,-8461],[12070,-22288],[29372,6651],[4856,-17526],[6320,-27271],[4045,-16314],[311,-1244],[-60011,-4214],[-3281,-173],[-1085,5687],[-7679,-216],[-214,1821],[-1360,956],[-6857,5392],[1389,1461],[20,1194],[-1213,2549],[1633,1433],[128,2455],[-910,1472],[-909,-145],[-421,1600],[685,1171],[127,1478],[831,188],[-2563,1011],[98,950],[-948,222],[-1,4027],[1145,688],[333,795],[-1683,-418],[372,840],[-626,1527],[1408,316],[-98,1711],[-1114,-217],[743,1017],[773,-239],[-411,972],[561,2055],[-698,1343],[-851,611],[939,783],[770,-45],[237,890],[-851,571],[891,1028],[-362,600],[2283,603],[239,1610],[-1016,686],[-8972,-1786],[-689,7005],[-332,548],[-2843,-2580],[-1605,1466],[-1359,34],[-2380,782],[-1939,-583],[-1259,388],[5491,-4961],[-2705,-2499],[537,-1406],[-2817,-560],[14,2150],[699,1497],[-620,682],[-2519,1181],[-980,1664],[260,632],[-741,1414],[-1619,1065],[-720,-899],[1200,-3077],[94,-2586],[-794,236],[-341,1091],[-2924,1238],[12,-2540],[-4715,-6477],[-12480,-2527],[-10248,-2121],[-27193,-4760],[-979,-178],[6036,34034],[-2606,44],[2171,5289],[-3594,1592],[-3436,768],[-2851,1903],[-1239,1835],[-1703,1207],[-530,877]],[[160848,335364],[911,-288],[1116,-1225],[-172,-2734],[1311,-1555],[3403,-1094],[732,969],[2634,667],[1041,-128],[2369,-1668],[2324,-778],[4658,-851],[5023,-2116],[3009,-2031],[3085,-201],[2303,329],[2178,4853],[2080,-1962],[-7,-616],[1485,-638],[501,368],[-1454,469],[1467,2262],[3047,-2045],[-245,-1305],[613,-1244],[1045,1022],[436,2499],[2055,-246],[-191,-857],[1179,-492],[34,-1765],[-3268,-1196],[-1660,395],[2125,-2435],[578,-1372],[486,-2751],[-139,-1801],[1798,-2438],[-745,-1995],[292,-2011],[1097,-4409]],[[801233,436319],[-117,-1206],[1418,-1288],[1596,-4034],[693,-1369],[-1007,-926],[-2270,-1329],[-1370,-311],[-2141,-1172],[-2122,-1755],[-284,-778],[146,-916],[1429,-2333],[136,-1488],[-1124,-1127],[-2886,316],[-851,-227],[-6964,-4682],[-3149,-1883],[-1223,-439],[-4000,-194],[-2162,-283],[-3609,233],[-792,544],[-1037,2838],[-968,1283],[-1614,44],[-1964,-393],[-2105,-1284],[-2288,-2588],[-3111,423],[-1272,-190],[-733,-466],[-1604,-1667],[-583,-1382],[26,-1616],[1286,-1225],[1110,-564],[2015,-278],[2768,-2076],[1144,-1555],[1565,-1383],[225,-634],[-1154,-2371],[-656,-722],[-1897,-866],[-2123,-1361],[-186,-1239],[568,-1832],[-987,-1411],[-1166,-744]],[[691946,387114],[-14069,34087],[-9869,-9563]],[[338957,716877],[-2346,-6815]],[[336611,710062],[-841,-4765],[-5661,-45194],[-1564,-7579]],[[243488,662557],[10502,16826],[-1349,488],[-159,262]],[[184421,506734],[2619,-965],[1468,-306],[2058,-987],[3691,-324],[3668,-1153],[618,-2444],[777,-1957],[1563,-297],[1862,-857],[3044,-1900],[342,-1131],[3215,-3251],[1045,-660],[762,-1425],[48,-1197]],[[297051,481560],[-3492,-5801],[-12897,-23470],[1709,-1016]],[[282370,435658],[-938,-840]],[[849531,479982],[-25670,-3021],[-4142,-580],[-7033,-969],[-2142,-301],[-309,-42],[-3613,-501]],[[374871,810036],[1298,736],[-1114,3764],[270,1195],[3817,3742],[2488,1993],[4103,16085]],[[422156,840782],[-2246,-9368],[-1717,-5575],[-4392,1483],[-776,-3785],[-4163,748],[-3286,848],[1078,3805],[-790,1014],[-3682,1036],[-550,-2344],[-1466,165],[-966,-1748],[-5537,1217],[-465,-1766],[2957,-1074],[-456,-2857],[-1570,522],[-644,-3172],[-2321,-148],[-382,-1454],[2336,-3050],[-529,-2154],[3319,-1562],[1632,-2018],[2016,-1079],[295,-2320],[-1683,-852],[2586,-1031],[-885,-3286],[2995,-945],[346,1213],[9027,-1717],[-278,-1080],[4177,-942],[-649,-1841],[2613,-503],[-811,2612],[2167,-1582],[2646,-1402],[2467,-315],[1412,161],[-481,-955],[2322,-363],[-765,-2084],[-4646,915],[-689,-2337],[-2594,188],[-1526,-6237],[-299,-1941],[2888,-884],[-175,-1797],[2895,-653],[-373,-1928],[1482,-1000],[-55,-1416],[-1292,152],[-363,-914],[1181,34],[3688,-1181],[1134,-12],[4064,970],[2534,-1063],[1098,-951],[1187,-301],[286,-1660],[821,-1251],[-624,-2516],[-580,-4493],[758,-3414]],[[437857,757544],[684,-1174],[-408,-962],[-1785,528],[-20934,5023],[-2783,497]],[[412631,761456],[-4956,1190],[-930,-1359],[-1172,-325],[-1321,-1675],[-1349,-2509],[-739,488],[-685,1462],[-2112,453],[-1337,899],[-1562,257],[-996,1362],[542,999],[-117,2624],[-7886,1814],[-812,-324],[-3292,-2475],[-1659,-3048],[-771,-256],[1378,3336],[1863,1772],[927,1528],[-10118,2385],[-1103,-1498],[-3104,-2657],[-3188,-312],[-848,-1681],[-3734,-2992],[-933,298],[-2552,-2389],[-2040,-558],[-4286,1535]],[[412631,761456],[-502,-2026],[1720,-621],[-571,753],[648,518],[1807,-1026],[-652,-760],[285,-1379],[1637,101],[892,-859],[-1373,-1776],[6761,-1887],[-932,-1974],[861,-1359],[957,-70],[-1053,-2144],[2032,-592],[-787,-2136],[944,2097],[964,516],[714,-674],[3697,-1283],[-2058,-4007],[728,-1287],[3563,-1081],[1061,-3929],[1320,61],[3314,-1353],[2921,-207],[3034,-868],[4695,615],[918,-101]],[[450176,732718],[-7320,-12896],[-1489,259],[-2038,-85],[-3221,-1612],[-1787,-1588],[-1227,-193],[-1543,-1396],[-1528,-2659],[-1709,-447],[-2321,-1672],[-3434,699],[-1465,781],[-1373,-340],[-2978,575],[-1797,881],[-947,813],[1666,-1733],[741,-272],[5327,-696],[693,-1313],[2801,-775],[-184,-2107],[1870,-3251],[292,-878],[-584,-3525],[725,400],[-191,1375],[544,2042],[-609,1171],[-222,1500],[405,477],[-350,1645],[2114,-1026],[1791,-2967],[860,-523],[-162,-906],[865,-955],[329,-1156],[-658,-1434],[-544,221],[-5077,-9873]],[[426441,689279],[-14552,3456],[-2543,969],[-37189,7995],[-9086,2356],[-26460,6007]],[[450176,732718],[892,1890],[1950,-2254],[1541,-1317],[2297,-3640],[1879,-735],[1269,74],[302,1861],[-1877,596],[426,3817],[-574,1654],[986,-345],[916,1686],[1656,-577],[441,503],[111,2863],[1332,-527],[1798,2818],[917,1870],[3243,-1120],[4346,1858],[1339,-349],[1010,-1479],[1277,-168],[1813,434]],[[479466,742131],[677,50],[832,-208],[1747,-836],[4558,-1539],[1436,-459],[1424,-282],[1915,797],[2180,100],[1247,612],[843,941],[2046,4329],[1815,822],[2425,1672],[625,-988],[304,-5102],[394,-1814],[91,-3888],[-464,-1950],[7117,-2365],[464,74],[12279,-3842],[2491,5290],[1635,2814],[1447,1218],[433,-1719],[-2675,-3353],[483,-1479],[-2185,-3434],[5439,-1764]],[[425772,687741],[669,1538]],[[437857,757544],[759,-293],[257,-1158],[779,46],[-523,2154],[1159,99],[-527,1446],[2601,9593],[3250,383],[314,1178],[3145,-276],[-564,-2217],[3707,-710],[941,3459],[1175,5333],[2839,9284]],[[457169,785865],[2520,-119],[3565,198],[2654,-1118],[-278,-4391],[-1367,-2754],[-1097,-1111],[-3385,-5324],[2168,-646],[3722,-2105],[1090,-1125],[1552,-432],[2132,174],[2634,-623],[1236,77],[1657,-2571],[1819,-639],[806,-2632],[807,-879],[-1376,-93],[-2909,-863],[-1716,-1523],[-1947,-561],[-2195,-1830],[-512,-1459],[-2964,-6175],[401,-953],[13280,-4257]],[[457169,785865],[3980,15437]],[[461149,801302],[1172,-55],[5126,2889],[2782,-318],[-72,-984],[1061,-153],[2317,374],[598,-576],[1289,-78],[3002,1800],[878,863],[1278,17],[1070,-842],[955,-2264],[1970,-3345],[1056,-3615],[485,-762],[4027,1205],[572,-1477],[1070,-748],[593,-997],[205,-1444],[1396,-1466],[686,-1975],[1490,-1120]],[[496155,786231],[2885,-935],[2091,-2317],[611,-1345],[1289,-850],[1112,31],[952,-1509],[2343,-922],[381,-594],[2616,-1792],[5428,31564],[1013,41],[-664,-3645],[2480,-4879],[-860,-3374],[3296,-933],[1657,-139],[1436,558],[2330,-53],[3952,386],[2237,-3728],[51,-1314],[-618,-1987],[-298,-3875],[50,-2237],[-782,-2197],[528,-958],[-2010,-1482],[259,-2377],[468,-1672],[2498,-2944],[1339,-2196],[1168,-1183],[4979,677],[-1768,10323],[7404,1237],[1164,-1]],[[224043,688948],[573,-1218],[1152,-4406],[-245,-4257],[-986,-424],[1575,-1720],[1823,-2735],[171,-3022],[502,-2862],[-1696,-2633],[-3018,-281],[-521,1159],[-1362,1027],[-300,1298],[-2103,864],[-627,-843],[2100,-2261],[2207,-5389],[2671,-503],[1312,-2658],[3352,-914],[3433,3442],[969,716],[426,1102],[704,-1041],[1603,-655],[1685,-40],[975,-509],[710,-1458]],[[472086,844033],[-10937,-42731]],[[385087,473831],[-262,311],[-1837,-2510],[-2403,286],[1090,-634],[1339,-1922],[-7,-1319],[-632,31],[-593,353],[102,-940],[1112,3],[58,-2205],[-468,-929],[430,-144],[98,-62],[-516,-1041],[-130,-400],[-803,132],[-170,-214],[267,-459],[-372,-1445],[1224,-2366],[465,-150]],[[360083,447359],[-143,-1012],[297,191],[235,62],[252,-1],[423,-84],[920,-253],[-186,1586],[-885,177],[-180,1100],[-1142,1542],[409,-3308]],[[24446,195227],[2261,33663],[-590,1181],[7257,464],[1239,15891],[-352,3844],[597,-12],[19488,-481],[17,2195],[-2537,1139],[-15,1487],[42503,-20795]],[[622684,361277],[-35250,-46558]],[[546765,297375],[-9898,1032],[-1894,543],[-5157,2532],[-5084,3382]],[[957364,826132],[16687,-8926],[6807,-26447],[19,-10774],[-3296,-4510],[9791,-21365],[12627,217],[-2113,-3649],[-16959,-24820],[-4617,-5171],[2607,-15335],[11269,-62317],[-8057,-972],[-215,17],[-121614,-15617]],[[819647,725085],[2018,5166],[2347,306],[166,-1000],[1136,73],[1496,-750],[3531,389],[2093,421],[2181,-1310],[2230,-2877],[4147,-189],[2354,-712],[1490,-1382],[1956,-844],[3375,172],[880,-1749],[3198,-767],[254,-1044],[871,89],[3120,-910],[1272,-145],[597,-2144],[1430,-210],[3254,-1911],[2602,-756],[1105,-1838],[3384,-2199],[2006,-1516],[1417,-2605],[3169,456],[1908,2582],[1428,300],[3316,-278],[2816,655],[949,1261],[372,2410],[743,428],[1233,1544],[1991,1798],[1217,512],[3306,262],[1526,-534],[2298,-1521],[1907,183],[-381,3826],[-861,1283],[206,500],[2601,1050],[935,865],[-375,779],[-2872,2680],[-558,1869],[1585,1310],[304,842],[-2556,1314],[-905,37],[-835,-1808],[-2112,-633],[-3368,-18],[-3254,832],[-1809,1124],[-2058,2029],[-537,1415],[-675,-268],[1164,-1959],[1759,-2412],[1420,-1247],[368,-1171],[-1209,-1286],[-1869,1678],[-770,180],[-1247,1473],[-863,8],[-4654,2334],[-2804,360],[-1927,1007],[-1478,281],[-4850,1796],[-3247,2138],[-3197,1695],[-3371,2029],[-4483,1705],[-1489,214],[-2645,-174],[-2062,959],[-635,2230],[-1935,3368],[-2309,1755],[1316,484],[1555,1538],[506,960],[-79,1905],[366,1766],[1315,2544],[-14,914],[1906,2300],[-1064,1349],[13,1734],[-692,1675],[926,1093],[1443,3180],[2897,2751],[-507,1307],[1366,1304],[-30,480],[-1864,785],[53,1319],[-1528,911],[390,1285],[-458,306],[-201,1774],[619,1169],[-1035,1281],[-399,1501]],[[496155,786231],[46,3419],[-1206,260],[389,3132],[939,3254],[1569,3205],[683,2003],[-3201,970],[1080,3910],[1991,-576],[1091,3959],[-1783,556],[1388,4133],[79,1856],[1843,6218],[2491,-855],[1403,828],[1684,1687],[775,1685],[2451,2322],[365,1660],[2462,-935],[4713,-1398],[60,374],[-1637,2211],[-1227,446],[786,-222],[1627,2186],[403,3544],[-1179,3288],[790,1806],[-421,2427],[-325,791],[3806,488],[543,-2000],[1733,-1258],[1629,-1659],[1509,-6151],[990,-1367],[2379,-885],[1069,2892],[2232,4931],[1119,2889],[1846,4159],[-359,-3583],[1661,495],[1232,-1264],[2039,-714]]],"bbox":[-72.906768,43.032586,-71.346656,44.4063077],"transform":{"scale":[0.0000015601135601135638,0.000001373723073723071],"translate":[-72.906768,43.032586]}}
