{"type":"Topology","objects":{"foo":{"type":"GeometryCollection","geometries":[{"type":"MultiPolygon","arcs":[[[0,1,2,3,4,5]]],"properties":{"postal_code":"33405","realtor_list_price":2604303.571,"realtor_list_price_yoy":0.5471,"realtor_list_price_base":3.8217,"realtor_active_listings":116.333,"realtor_active_listings_yoy":-0.2759,"realtor_active_listings_base":-0.2891,"realtor_new_listings":28,"realtor_new_listings_yoy":-0.0455,"realtor_new_listings_base":-0.2508,"realtor_days_on_market":83.024,"realtor_days_on_market_yoy":-0.1073,"realtor_days_on_market_base":-0.0029,"zhvi":636629.095,"zhvi_yoy":0.0852,"zhvi_base":1.1353,"zori":2825.095,"zori_yoy":0.1248,"zori_base":"NA"}},{"type":"MultiPolygon","arcs":[[[6,7,8,9]]],"properties":{"postal_code":"33444","realtor_list_price":775529.636,"realtor_list_price_yoy":-0.0415,"realtor_list_price_base":0.7203,"realtor_active_listings":141,"realtor_active_listings_yoy":-0.2253,"realtor_active_listings_base":-0.1738,"realtor_new_listings":36.667,"realtor_new_listings_yoy":0,"realtor_new_listings_base":-0.1152,"realtor_days_on_market":80.945,"realtor_days_on_market_yoy":-0.1315,"realtor_days_on_market_base":0.1253,"zhvi":529493.4,"zhvi_yoy":0.055,"zhvi_base":0.8716,"zori":2928.243,"zori_yoy":0.0394,"zori_base":0.9219}},{"type":"MultiPolygon","arcs":[[[10,11,-10,12,13]]],"properties":{"postal_code":"33445","realtor_list_price":285486.5,"realtor_list_price_yoy":-0.0145,"realtor_list_price_base":0.2603,"realtor_active_listings":253.667,"realtor_active_listings_yoy":-0.0318,"realtor_active_listings_base":0.0246,"realtor_new_listings":66.667,"realtor_new_listings_yoy":0.0417,"realtor_new_listings_base":-0.1913,"realtor_days_on_market":80.3,"realtor_days_on_market_yoy":0.0716,"realtor_days_on_market_base":0.1879,"zhvi":304000.38,"zhvi_yoy":-0.0039,"zhvi_base":0.5827,"zori":2806.598,"zori_yoy":0.0191,"zori_base":0.7088}},{"type":"MultiPolygon","arcs":[[[14,15,16,17,18,19]]],"properties":{"postal_code":"33069","realtor_list_price":256269.099,"realtor_list_price_yoy":-0.0227,"realtor_list_price_base":0.3777,"realtor_active_listings":322,"realtor_active_listings_yoy":-0.0947,"realtor_active_listings_base":0.1421,"realtor_new_listings":60.667,"realtor_new_listings_yoy":-0.0521,"realtor_new_listings_base":-0.1113,"realtor_days_on_market":84.791,"realtor_days_on_market_yoy":-0.1238,"realtor_days_on_market_base":0.0599,"zhvi":231727.939,"zhvi_yoy":-0.0616,"zhvi_base":0.4325,"zori":2165.484,"zori_yoy":0.0061,"zori_base":"NA"}},{"type":"MultiPolygon","arcs":[[[20,21,22,23]]],"properties":{"postal_code":"33158","realtor_list_price":1877557.692,"realtor_list_price_yoy":0.0506,"realtor_list_price_base":1.0988,"realtor_active_listings":30.667,"realtor_active_listings_yoy":-0.3987,"realtor_active_listings_base":-0.5764,"realtor_new_listings":8.667,"realtor_new_listings_yoy":-0.2353,"realtor_new_listings_base":-0.1388,"realtor_days_on_market":73.769,"realtor_days_on_market_yoy":-0.1393,"realtor_days_on_market_base":-0.1771,"zhvi":1376921.976,"zhvi_yoy":0.0432,"zhvi_base":1.0076,"zori":"NA","zori_yoy":"NA","zori_base":"NA"}},{"type":"MultiPolygon","arcs":[[[24,25,26,27,28,29]]],"properties":{"postal_code":"33323","realtor_list_price":534085.714,"realtor_list_price_yoy":-0.0031,"realtor_list_price_base":0.5424,"realtor_active_listings":133.333,"realtor_active_listings_yoy":-0.2767,"realtor_active_listings_base":-0.0999,"realtor_new_listings":28,"realtor_new_listings_yoy":-0.0667,"realtor_new_listings_base":-0.3121,"realtor_days_on_market":83.095,"realtor_days_on_market_yoy":-0.0788,"realtor_days_on_market_base":0.1426,"zhvi":518649.16,"zhvi_yoy":-0.0168,"zhvi_base":0.5463,"zori":2728.067,"zori_yoy":0.0083,"zori_base":"NA"}},{"type":"MultiPolygon","arcs":[[[30,31,32,33,34,35,36]]],"properties":{"postal_code":"33472","realtor_list_price":401380,"realtor_list_price_yoy":0.0142,"realtor_list_price_base":0.3294,"realtor_active_listings":114.667,"realtor_active_listings_yoy":-0.2634,"realtor_active_listings_base":-0.2823,"realtor_new_listings":33.333,"realtor_new_listings_yoy":-0.1525,"realtor_new_listings_base":-0.3462,"realtor_days_on_market":78,"realtor_days_on_market_yoy":-0.0223,"realtor_days_on_market_base":0.1039,"zhvi":458674.316,"zhvi_yoy":-0.0107,"zhvi_base":0.4677,"zori":3538.333,"zori_yoy":"NA","zori_base":"NA"}},{"type":"MultiPolygon","arcs":[[[37,38,39,40,41]]],"properties":{"postal_code":"33056","realtor_list_price":556200,"realtor_list_price_yoy":0.0376,"realtor_list_price_base":1.16,"realtor_active_listings":73.667,"realtor_active_listings_yoy":-0.2405,"realtor_active_listings_base":0.4075,"realtor_new_listings":33.333,"realtor_new_listings_yoy":0.0638,"realtor_new_listings_base":-0.0397,"realtor_days_on_market":42.2,"realtor_days_on_market_yoy":-0.3703,"realtor_days_on_market_base":-0.1419,"zhvi":481461.035,"zhvi_yoy":0.0049,"zhvi_base":1.0243,"zori":2659.5,"zori_yoy":0.0769,"zori_base":"NA"}},{"type":"MultiPolygon","arcs":[[[42,43,44,45,46,47]]],"properties":{"postal_code":"33138","realtor_list_price":833872.642,"realtor_list_price_yoy":-0.1368,"realtor_list_price_base":0.4745,"realtor_active_listings":229,"realtor_active_listings_yoy":-0.0241,"realtor_active_listings_base":-0.2482,"realtor_new_listings":35.333,"realtor_new_listings_yoy":-0.209,"realtor_new_listings_base":-0.3764,"realtor_days_on_market":91.245,"realtor_days_on_market_yoy":0.0452,"realtor_days_on_market_base":0.0315,"zhvi":807740.065,"zhvi_yoy":0.0566,"zhvi_base":0.9013,"zori":2375.548,"zori_yoy":0.0151,"zori_base":0.7386}},{"type":"MultiPolygon","arcs":[[[48,49,50,51,52]]],"properties":{"postal_code":"33442","realtor_list_price":139423.333,"realtor_list_price_yoy":-0.0804,"realtor_list_price_base":0.1486,"realtor_active_listings":387.333,"realtor_active_listings_yoy":-0.2279,"realtor_active_listings_base":0.3404,"realtor_new_listings":80,"realtor_new_listings_yoy":-0.0909,"realtor_new_listings_base":-0.2396,"realtor_days_on_market":93.467,"realtor_days_on_market_yoy":-0.1049,"realtor_days_on_market_base":0.3864,"zhvi":182090.688,"zhvi_yoy":-0.0794,"zhvi_base":0.4083,"zori":2551.069,"zori_yoy":0.0015,"zori_base":"NA"}},{"type":"MultiPolygon","arcs":[[[53,-48,54,55,56,57]]],"properties":{"postal_code":"33150","realtor_list_price":534016.741,"realtor_list_price_yoy":-0.0022,"realtor_list_price_base":0.7869,"realtor_active_listings":87.667,"realtor_active_listings_yoy":-0.0868,"realtor_active_listings_base":0.5634,"realtor_new_listings":18,"realtor_new_listings_yoy":-0.1562,"realtor_new_listings_base":-0.0338,"realtor_days_on_market":89.519,"realtor_days_on_market_yoy":0.3021,"realtor_days_on_market_base":0.4362,"zhvi":451314.328,"zhvi_yoy":0.0012,"zhvi_base":1.1592,"zori":2432.606,"zori_yoy":0.0071,"zori_base":"NA"}},{"type":"MultiPolygon","arcs":[[[58,59,60,61,62,63]]],"properties":{"postal_code":"33184","realtor_list_price":694409.375,"realtor_list_price_yoy":0.0603,"realtor_list_price_base":0.4932,"realtor_active_listings":47.333,"realtor_active_listings_yoy":-0.0139,"realtor_active_listings_base":0.2027,"realtor_new_listings":10.667,"realtor_new_listings_yoy":-0.1579,"realtor_new_listings_base":-0.113,"realtor_days_on_market":65.625,"realtor_days_on_market_yoy":-0.1395,"realtor_days_on_market_base":-0.0953,"zhvi":565977.347,"zhvi_yoy":0.0093,"zhvi_base":0.8054,"zori":2699.444,"zori_yoy":"NA","zori_base":"NA"}},{"type":"MultiPolygon","arcs":[[[-35,64,65,66]]],"properties":{"postal_code":"33473","realtor_list_price":1141700,"realtor_list_price_yoy":0.1422,"realtor_list_price_base":0.876,"realtor_active_listings":45.667,"realtor_active_listings_yoy":-0.2171,"realtor_active_listings_base":-0.5761,"realtor_new_listings":18,"realtor_new_listings_yoy":-0.2286,"realtor_new_listings_base":-0.2986,"realtor_days_on_market":48.556,"realtor_days_on_market_yoy":-0.2168,"realtor_days_on_market_base":-0.3542,"zhvi":978830.953,"zhvi_yoy":0.0439,"zhvi_base":0.566,"zori":"NA","zori_yoy":"NA","zori_base":"NA"}},{"type":"MultiPolygon","arcs":[[[67,68,69,70,71]]],"properties":{"postal_code":"33413","realtor_list_price":510338.793,"realtor_list_price_yoy":-0.0074,"realtor_list_price_base":0.5902,"realtor_active_listings":75.667,"realtor_active_listings_yoy":-0.1864,"realtor_active_listings_base":0.1708,"realtor_new_listings":19.333,"realtor_new_listings_yoy":-0.1471,"realtor_new_listings_base":-0.3617,"realtor_days_on_market":64.103,"realtor_days_on_market_yoy":-0.194,"realtor_days_on_market_base":0.4497,"zhvi":484691.463,"zhvi_yoy":-0.0034,"zhvi_base":0.7238,"zori":2159.15,"zori_yoy":0.0366,"zori_base":"NA"}},{"type":"MultiPolygon","arcs":[[[-52,72,73,74,-17,75]]],"properties":{"postal_code":"33064","realtor_list_price":359308.943,"realtor_list_price_yoy":-0.0504,"realtor_list_price_base":0.3515,"realtor_active_listings":380.333,"realtor_active_listings_yoy":-0.1376,"realtor_active_listings_base":0.1064,"realtor_new_listings":82,"realtor_new_listings_yoy":-0.0821,"realtor_new_listings_base":-0.2628,"realtor_days_on_market":90.146,"realtor_days_on_market_yoy":0.0536,"realtor_days_on_market_base":0.2759,"zhvi":363121.398,"zhvi_yoy":-0.0086,"zhvi_base":0.7094,"zori":2155.434,"zori_yoy":0.026,"zori_base":0.7348}},{"type":"MultiPolygon","arcs":[[[76,77,78,79,80,-26]]],"properties":{"postal_code":"33351","realtor_list_price":290350.877,"realtor_list_price_yoy":-0.0904,"realtor_list_price_base":0.591,"realtor_active_listings":129.667,"realtor_active_listings_yoy":-0.2282,"realtor_active_listings_base":0.0984,"realtor_new_listings":38,"realtor_new_listings_yoy":0,"realtor_new_listings_base":-0.3406,"realtor_days_on_market":69.456,"realtor_days_on_market_yoy":0.0172,"realtor_days_on_market_base":0.3132,"zhvi":366137.203,"zhvi_yoy":-0.0416,"zhvi_base":0.5835,"zori":2333.674,"zori_yoy":-0.0093,"zori_base":"NA"}},{"type":"MultiPolygon","arcs":[[[81,82,83,84,85]]],"properties":{"postal_code":"33076","realtor_list_price":1073357.143,"realtor_list_price_yoy":0.163,"realtor_list_price_base":0.6589,"realtor_active_listings":172.333,"realtor_active_listings_yoy":-0.2341,"realtor_active_listings_base":-0.4538,"realtor_new_listings":65.333,"realtor_new_listings_yoy":0.0103,"realtor_new_listings_base":-0.2461,"realtor_days_on_market":59.224,"realtor_days_on_market_yoy":-0.0627,"realtor_days_on_market_base":-0.0688,"zhvi":883797.217,"zhvi_yoy":-0.0002,"zhvi_base":0.6132,"zori":3813.062,"zori_yoy":0.0337,"zori_base":"NA"}},{"type":"MultiPolygon","arcs":[[[86]],[[87]],[[88,89,90,91,92,93,94]]],"properties":{"postal_code":"33034","realtor_list_price":397675.479,"realtor_list_price_yoy":-0.0319,"realtor_list_price_base":1.4135,"realtor_active_listings":247.333,"realtor_active_listings_yoy":0.0912,"realtor_active_listings_base":4.1558,"realtor_new_listings":64,"realtor_new_listings_yoy":0.1566,"realtor_new_listings_base":3.2348,"realtor_days_on_market":64.417,"realtor_days_on_market_yoy":-0.0956,"realtor_days_on_market_base":-0.0545,"zhvi":378923.653,"zhvi_yoy":-0.0396,"zhvi_base":1.0617,"zori":2458.105,"zori_yoy":-0.0167,"zori_base":"NA"}},{"type":"MultiPolygon","arcs":[[[95,96,97,98,99,100]]],"properties":{"postal_code":"33128","realtor_list_price":494203.125,"realtor_list_price_yoy":0.9729,"realtor_list_price_base":"NA","realtor_active_listings":59.667,"realtor_active_listings_yoy":2.1964,"realtor_active_listings_base":5.22,"realtor_new_listings":10.667,"realtor_new_listings_yoy":7,"realtor_new_listings_base":4.7845,"realtor_days_on_market":112.562,"realtor_days_on_market_yoy":-0.0461,"realtor_days_on_market_base":"NA","zhvi":433368.445,"zhvi_yoy":-0.0214,"zhvi_base":0.5523,"zori":2798.851,"zori_yoy":-0.0163,"zori_base":"NA"}},{"type":"MultiPolygon","arcs":[[[101,102,103,104]]],"properties":{"postal_code":"33146","realtor_list_price":2462450,"realtor_list_price_yoy":0.4853,"realtor_list_price_base":1.3519,"realtor_active_listings":68.667,"realtor_active_listings_yoy":-0.2695,"realtor_active_listings_base":-0.5243,"realtor_new_listings":13.333,"realtor_new_listings_yoy":-0.2,"realtor_new_listings_base":-0.4053,"realtor_days_on_market":98.9,"realtor_days_on_market_yoy":0.096,"realtor_days_on_market_base":0.1159,"zhvi":1933212.561,"zhvi_yoy":0.0873,"zhvi_base":1.2263,"zori":3634.637,"zori_yoy":0.0386,"zori_base":0.7286}},{"type":"MultiPolygon","arcs":[[[105,106,-12,107]]],"properties":{"postal_code":"33426","realtor_list_price":302720.357,"realtor_list_price_yoy":-0.0714,"realtor_list_price_base":0.4097,"realtor_active_listings":170,"realtor_active_listings_yoy":-0.0449,"realtor_active_listings_base":0.4401,"realtor_new_listings":46.667,"realtor_new_listings_yoy":0.0938,"realtor_new_listings_base":-0.166,"realtor_days_on_market":71.614,"realtor_days_on_market_yoy":-0.1034,"realtor_days_on_market_base":0.3123,"zhvi":336944.857,"zhvi_yoy":0.0048,"zhvi_base":0.5982,"zori":2345.978,"zori_yoy":0.0311,"zori_base":0.6196}},{"type":"MultiPolygon","arcs":[[[108,109,110,111,112]]],"properties":{"postal_code":"33013","realtor_list_price":675170,"realtor_list_price_yoy":-0.048,"realtor_list_price_base":0.9132,"realtor_active_listings":59,"realtor_active_listings_yoy":-0.2625,"realtor_active_listings_base":0.4788,"realtor_new_listings":16.667,"realtor_new_listings_yoy":-0.0385,"realtor_new_listings_base":0.1794,"realtor_days_on_market":77.92,"realtor_days_on_market_yoy":0.0347,"realtor_days_on_market_base":0.3253,"zhvi":566422.152,"zhvi_yoy":0.0212,"zhvi_base":0.8094,"zori":2524.444,"zori_yoy":-0.0026,"zori_base":"NA"}},{"type":"MultiPolygon","arcs":[[[113,114,115,116,117]]],"properties":{"postal_code":"33028","realtor_list_price":755356.061,"realtor_list_price_yoy":0.0773,"realtor_list_price_base":0.7521,"realtor_active_listings":48.333,"realtor_active_listings_yoy":-0.3439,"realtor_active_listings_base":-0.3991,"realtor_new_listings":22,"realtor_new_listings_yoy":-0.0294,"realtor_new_listings_base":-0.3716,"realtor_days_on_market":52.727,"realtor_days_on_market_yoy":-0.1844,"realtor_days_on_market_base":0.0979,"zhvi":672021.58,"zhvi_yoy":-0.0119,"zhvi_base":0.6049,"zori":3538.687,"zori_yoy":0.0207,"zori_base":"NA"}},{"type":"MultiPolygon","arcs":[[[118,-118,119,120,121]]],"properties":{"postal_code":"33029","realtor_list_price":792706.977,"realtor_list_price_yoy":-0.0159,"realtor_list_price_base":0.6212,"realtor_active_listings":149.667,"realtor_active_listings_yoy":-0.2403,"realtor_active_listings_base":-0.0881,"realtor_new_listings":57.333,"realtor_new_listings_yoy":0.1316,"realtor_new_listings_base":-0.172,"realtor_days_on_market":55.86,"realtor_days_on_market_yoy":-0.0996,"realtor_days_on_market_base":0.1078,"zhvi":710785.471,"zhvi_yoy":-0.0059,"zhvi_base":0.651,"zori":4086.151,"zori_yoy":0.0111,"zori_base":"NA"}},{"type":"MultiPolygon","arcs":[[[122,123,124,125,126]]],"properties":{"postal_code":"33172","realtor_list_price":312295.918,"realtor_list_price_yoy":-0.0423,"realtor_list_price_base":0.3348,"realtor_active_listings":113.667,"realtor_active_listings_yoy":-0.1389,"realtor_active_listings_base":-0.2005,"realtor_new_listings":32.667,"realtor_new_listings_yoy":0.225,"realtor_new_listings_base":-0.1569,"realtor_days_on_market":71.041,"realtor_days_on_market_yoy":-0.0741,"realtor_days_on_market_base":-0.1587,"zhvi":296042.602,"zhvi_yoy":-0.0399,"zhvi_base":0.5806,"zori":2384.895,"zori_yoy":0,"zori_base":"NA"}},{"type":"MultiPolygon","arcs":[[[127,128,129,130,131,132,133,134]]],"properties":{"postal_code":"33179","realtor_list_price":235723.182,"realtor_list_price_yoy":-0.0645,"realtor_list_price_base":0.308,"realtor_active_listings":428,"realtor_active_listings_yoy":-0.1199,"realtor_active_listings_base":0.2625,"realtor_new_listings":73.333,"realtor_new_listings_yoy":-0.0265,"realtor_new_listings_base":0.0145,"realtor_days_on_market":89.327,"realtor_days_on_market_yoy":-0.0502,"realtor_days_on_market_base":0.0791,"zhvi":272669.386,"zhvi_yoy":-0.0533,"zhvi_base":0.571,"zori":2298.153,"zori_yoy":0.0073,"zori_base":0.6099}},{"type":"MultiPolygon","arcs":[[[-66,135,136,137,138,139]]],"properties":{"postal_code":"33446","realtor_list_price":205353.165,"realtor_list_price_yoy":-0.1534,"realtor_list_price_base":-0.3943,"realtor_active_listings":404,"realtor_active_listings_yoy":-0.2841,"realtor_active_listings_base":-0.2317,"realtor_new_listings":105.333,"realtor_new_listings_yoy":0.0395,"realtor_new_listings_base":-0.1656,"realtor_days_on_market":75.266,"realtor_days_on_market_yoy":-0.1613,"realtor_days_on_market_base":-0.1037,"zhvi":338698.015,"zhvi_yoy":-0.0038,"zhvi_base":0.4594,"zori":2697.554,"zori_yoy":0.0458,"zori_base":"NA"}},{"type":"MultiPolygon","arcs":[[[140,141,142,143,144,-125]]],"properties":{"postal_code":"33126","realtor_list_price":302764.923,"realtor_list_price_yoy":-0.02,"realtor_list_price_base":0.4414,"realtor_active_listings":129,"realtor_active_listings_yoy":-0.0077,"realtor_active_listings_base":0.1495,"realtor_new_listings":26,"realtor_new_listings_yoy":0,"realtor_new_listings_base":-0.3179,"realtor_days_on_market":76.487,"realtor_days_on_market_yoy":-0.1552,"realtor_days_on_market_base":0.0854,"zhvi":298325.005,"zhvi_yoy":-0.0395,"zhvi_base":0.5074,"zori":2364.924,"zori_yoy":0.0004,"zori_base":0.5277}},{"type":"MultiPolygon","arcs":[[[145,146,147,148,149]]],"properties":{"postal_code":"33408","realtor_list_price":761131.377,"realtor_list_price_yoy":0.1466,"realtor_list_price_base":0.5592,"realtor_active_listings":279.333,"realtor_active_listings_yoy":-0.0801,"realtor_active_listings_base":0.0393,"realtor_new_listings":46,"realtor_new_listings_yoy":-0.25,"realtor_new_listings_base":-0.1582,"realtor_days_on_market":99.42,"realtor_days_on_market_yoy":0.0434,"realtor_days_on_market_base":0.1864,"zhvi":616232.978,"zhvi_yoy":0.0238,"zhvi_base":0.6387,"zori":3080.639,"zori_yoy":0.0576,"zori_base":"NA"}},{"type":"MultiPolygon","arcs":[[[150,151,152]]],"properties":{"postal_code":"33493","realtor_list_price":"NA","realtor_list_price_yoy":"NA","realtor_list_price_base":"NA","realtor_active_listings":5.667,"realtor_active_listings_yoy":1.125,"realtor_active_listings_base":1.4766,"realtor_new_listings":0,"realtor_new_listings_yoy":"NaN","realtor_new_listings_base":"NA","realtor_days_on_market":"NA","realtor_days_on_market_yoy":"NA","realtor_days_on_market_base":"NA","zhvi":227150.163,"zhvi_yoy":-0.0003,"zhvi_base":0.8275,"zori":"NA","zori_yoy":"NA","zori_base":"NA"}},{"type":"MultiPolygon","arcs":[[[153,154,155,-110,156,157]]],"properties":{"postal_code":"33167","realtor_list_price":533000,"realtor_list_price_yoy":-0.0268,"realtor_list_price_base":1.2794,"realtor_active_listings":102.333,"realtor_active_listings_yoy":0.0925,"realtor_active_listings_base":3.0589,"realtor_new_listings":23.333,"realtor_new_listings_yoy":0.4583,"realtor_new_listings_base":0.8429,"realtor_days_on_market":77.714,"realtor_days_on_market_yoy":-0.1349,"realtor_days_on_market_base":0.4284,"zhvi":467517.634,"zhvi_yoy":0.01,"zhvi_base":1.152,"zori":2763.889,"zori_yoy":"NA","zori_base":"NA"}},{"type":"MultiPolygon","arcs":[[[158,159,160,161,162,-83,163]]],"properties":{"postal_code":"33428","realtor_list_price":351117.33,"realtor_list_price_yoy":-0.1223,"realtor_list_price_base":0.0967,"realtor_active_listings":186.333,"realtor_active_listings_yoy":-0.2806,"realtor_active_listings_base":-0.0646,"realtor_new_listings":58.667,"realtor_new_listings_yoy":0.0115,"realtor_new_listings_base":-0.2664,"realtor_days_on_market":67.261,"realtor_days_on_market_yoy":-0.1077,"realtor_days_on_market_base":0.1628,"zhvi":493826.234,"zhvi_yoy":0.0135,"zhvi_base":0.7072,"zori":2736.253,"zori_yoy":0.0055,"zori_base":0.6319}},{"type":"MultiPolygon","arcs":[[[164,165,166,167,168,169,170,171,172]]],"properties":{"postal_code":"33312","realtor_list_price":671492.661,"realtor_list_price_yoy":0.0362,"realtor_list_price_base":0.6683,"realtor_active_listings":236,"realtor_active_listings_yoy":-0.2151,"realtor_active_listings_base":-0.0003,"realtor_new_listings":72.667,"realtor_new_listings_yoy":0.0481,"realtor_new_listings_base":0.0437,"realtor_days_on_market":66.67,"realtor_days_on_market_yoy":-0.125,"realtor_days_on_market_base":-0.0062,"zhvi":483309.541,"zhvi_yoy":-0.0219,"zhvi_base":0.6456,"zori":2584.947,"zori_yoy":0.019,"zori_base":0.7384}},{"type":"MultiPolygon","arcs":[[[173,174,175,176,177,-103]]],"properties":{"postal_code":"33133","realtor_list_price":1963951.58,"realtor_list_price_yoy":0.0717,"realtor_list_price_base":0.9916,"realtor_active_listings":292.667,"realtor_active_listings_yoy":-0.1771,"realtor_active_listings_base":-0.4104,"realtor_new_listings":58.667,"realtor_new_listings_yoy":0.0353,"realtor_new_listings_base":-0.2474,"realtor_days_on_market":88.977,"realtor_days_on_market_yoy":-0.0963,"realtor_days_on_market_base":-0.0644,"zhvi":1365683.7,"zhvi_yoy":0.1014,"zhvi_base":0.9914,"zori":3621.493,"zori_yoy":0.024,"zori_base":0.8656}},{"type":"MultiPolygon","arcs":[[[-81,178,179,-27]]],"properties":{"postal_code":"33322","realtor_list_price":138215.32,"realtor_list_price_yoy":-0.0514,"realtor_list_price_base":0.2974,"realtor_active_listings":414.667,"realtor_active_listings_yoy":-0.2061,"realtor_active_listings_base":0.4483,"realtor_new_listings":98,"realtor_new_listings_yoy":0.0576,"realtor_new_listings_base":-0.1653,"realtor_days_on_market":92.041,"realtor_days_on_market_yoy":-0.0539,"realtor_days_on_market_base":0.57,"zhvi":264152.963,"zhvi_yoy":-0.0496,"zhvi_base":0.5342,"zori":2435.105,"zori_yoy":-0.0099,"zori_base":"NA"}},{"type":"MultiPolygon","arcs":[[[180,181,182,183,184,185,186]]],"properties":{"postal_code":"33431","realtor_list_price":776380.208,"realtor_list_price_yoy":0.1057,"realtor_list_price_base":0.1635,"realtor_active_listings":114,"realtor_active_listings_yoy":-0.277,"realtor_active_listings_base":-0.3397,"realtor_new_listings":32,"realtor_new_listings_yoy":0.0435,"realtor_new_listings_base":-0.1431,"realtor_days_on_market":77.333,"realtor_days_on_market_yoy":-0.1578,"realtor_days_on_market_base":-0.0372,"zhvi":642113.607,"zhvi_yoy":0.0408,"zhvi_base":0.6678,"zori":3267.945,"zori_yoy":0.0889,"zori_base":0.8618}},{"type":"MultiPolygon","arcs":[[[187,188,189,-43,190]]],"properties":{"postal_code":"33161","realtor_list_price":534300,"realtor_list_price_yoy":-0.0647,"realtor_list_price_base":0.8836,"realtor_active_listings":205.333,"realtor_active_listings_yoy":-0.1124,"realtor_active_listings_base":0.2951,"realtor_new_listings":46.667,"realtor_new_listings_yoy":-0.0667,"realtor_new_listings_base":0.2047,"realtor_days_on_market":88.171,"realtor_days_on_market_yoy":-0.0312,"realtor_days_on_market_base":0.1257,"zhvi":497131.259,"zhvi_yoy":0.0312,"zhvi_base":1.1386,"zori":2266.625,"zori_yoy":0.0313,"zori_base":"NA"}},{"type":"MultiPolygon","arcs":[[[-13,-9,191,192,-182,193]]],"properties":{"postal_code":"33487","realtor_list_price":814444.737,"realtor_list_price_yoy":-0.059,"realtor_list_price_base":0.4343,"realtor_active_listings":251.667,"realtor_active_listings_yoy":-0.2019,"realtor_active_listings_base":-0.2877,"realtor_new_listings":63.333,"realtor_new_listings_yoy":0.2338,"realtor_new_listings_base":-0.1702,"realtor_days_on_market":88.021,"realtor_days_on_market_yoy":-0.1261,"realtor_days_on_market_base":0.02,"zhvi":681732.473,"zhvi_yoy":0.0437,"zhvi_base":0.68,"zori":3478.779,"zori_yoy":0.0473,"zori_base":"NA"}},{"type":"MultiPolygon","arcs":[[[194,195,196,197,198]]],"properties":{"postal_code":"33412","realtor_list_price":1114712.705,"realtor_list_price_yoy":0.0528,"realtor_list_price_base":1.4757,"realtor_active_listings":168.333,"realtor_active_listings_yoy":-0.2552,"realtor_active_listings_base":-0.1536,"realtor_new_listings":40.667,"realtor_new_listings_yoy":-0.0317,"realtor_new_listings_base":0.0121,"realtor_days_on_market":80.902,"realtor_days_on_market_yoy":-0.1721,"realtor_days_on_market_base":-0.2016,"zhvi":835049.284,"zhvi_yoy":0.0205,"zhvi_base":0.847,"zori":4728.651,"zori_yoy":0.0975,"zori_base":"NA"}},{"type":"MultiPolygon","arcs":[[[199,200,201,202,-46]]],"properties":{"postal_code":"33141","realtor_list_price":540853.618,"realtor_list_price_yoy":-0.0075,"realtor_list_price_base":0.2044,"realtor_active_listings":553,"realtor_active_listings_yoy":-0.1799,"realtor_active_listings_base":-0.3507,"realtor_new_listings":101.333,"realtor_new_listings_yoy":0.1343,"realtor_new_listings_base":-0.1075,"realtor_days_on_market":93.342,"realtor_days_on_market_yoy":-0.1555,"realtor_days_on_market_base":-0.1312,"zhvi":422963.38,"zhvi_yoy":0.0023,"zhvi_base":0.3115,"zori":2417.966,"zori_yoy":0.0177,"zori_base":0.6116}},{"type":"MultiPolygon","arcs":[[[203,-104,-178,204,205,206,207,208],[209]]],"properties":{"postal_code":"33143","realtor_list_price":1222833.333,"realtor_list_price_yoy":-0.3057,"realtor_list_price_base":0.0935,"realtor_active_listings":163.667,"realtor_active_listings_yoy":-0.1607,"realtor_active_listings_base":-0.3806,"realtor_new_listings":42,"realtor_new_listings_yoy":-0.0597,"realtor_new_listings_base":-0.1578,"realtor_days_on_market":79.27,"realtor_days_on_market_yoy":0.0267,"realtor_days_on_market_base":-0.117,"zhvi":954408.157,"zhvi_yoy":0.0459,"zhvi_base":1.0237,"zori":2735.656,"zori_yoy":0.0437,"zori_base":0.661}},{"type":"MultiPolygon","arcs":[[[-75,210,211,212,-18]]],"properties":{"postal_code":"33060","realtor_list_price":455619.03,"realtor_list_price_yoy":0.0306,"realtor_list_price_base":0.4883,"realtor_active_listings":204.333,"realtor_active_listings_yoy":-0.175,"realtor_active_listings_base":0.3324,"realtor_new_listings":44,"realtor_new_listings_yoy":-0.2326,"realtor_new_listings_base":-0.1198,"realtor_days_on_market":73.364,"realtor_days_on_market_yoy":-0.0036,"realtor_days_on_market_base":0.1186,"zhvi":429677.986,"zhvi_yoy":-0.0127,"zhvi_base":0.7305,"zori":2292.569,"zori_yoy":0.0499,"zori_base":"NA"}},{"type":"MultiPolygon","arcs":[[[213,-19,214,215,216]]],"properties":{"postal_code":"33309","realtor_list_price":268959.184,"realtor_list_price_yoy":-0.0674,"realtor_list_price_base":0.2602,"realtor_active_listings":225.667,"realtor_active_listings_yoy":-0.2461,"realtor_active_listings_base":0.4901,"realtor_new_listings":65.333,"realtor_new_listings_yoy":0.0316,"realtor_new_listings_base":-0.0681,"realtor_days_on_market":66.592,"realtor_days_on_market_yoy":-0.1816,"realtor_days_on_market_base":0.33,"zhvi":374700.764,"zhvi_yoy":-0.0175,"zhvi_base":0.781,"zori":2207.07,"zori_yoy":0.0051,"zori_base":0.6354}},{"type":"MultiPolygon","arcs":[[[217,218,219,-114,-119,220]]],"properties":{"postal_code":"33331","realtor_list_price":1082899.2,"realtor_list_price_yoy":-0.1319,"realtor_list_price_base":0.692,"realtor_active_listings":103,"realtor_active_listings_yoy":-0.2097,"realtor_active_listings_base":-0.3199,"realtor_new_listings":30,"realtor_new_listings_yoy":0.3235,"realtor_new_listings_base":-0.2308,"realtor_days_on_market":71.556,"realtor_days_on_market_yoy":-0.114,"realtor_days_on_market_base":0.0128,"zhvi":848482.451,"zhvi_yoy":-0.0002,"zhvi_base":0.7366,"zori":3538.929,"zori_yoy":0.005,"zori_base":"NA"}},{"type":"MultiPolygon","arcs":[[[221,222,223,224,225]]],"properties":{"postal_code":"33149","realtor_list_price":2512305.556,"realtor_list_price_yoy":0.1681,"realtor_list_price_base":0.5388,"realtor_active_listings":142.667,"realtor_active_listings_yoy":-0.1354,"realtor_active_listings_base":-0.6455,"realtor_new_listings":24,"realtor_new_listings_yoy":0.125,"realtor_new_listings_base":-0.4198,"realtor_days_on_market":95.472,"realtor_days_on_market_yoy":-0.1211,"realtor_days_on_market_base":-0.213,"zhvi":1702519.059,"zhvi_yoy":0.0646,"zhvi_base":0.4144,"zori":7161.928,"zori_yoy":0.0528,"zori_base":"NA"}},{"type":"MultiPolygon","arcs":[[[226,227,228,-57,229,230,-142,231]]],"properties":{"postal_code":"33142","realtor_list_price":520967.568,"realtor_list_price_yoy":0.0627,"realtor_list_price_base":1.2638,"realtor_active_listings":80,"realtor_active_listings_yoy":-0.1864,"realtor_active_listings_base":0.2622,"realtor_new_listings":24.667,"realtor_new_listings_yoy":0.0278,"realtor_new_listings_base":0.0404,"realtor_days_on_market":73.514,"realtor_days_on_market_yoy":0.0552,"realtor_days_on_market_base":-0.1735,"zhvi":426496.425,"zhvi_yoy":0.0003,"zhvi_base":1.2628,"zori":2302.636,"zori_yoy":0.0062,"zori_base":"NA"}},{"type":"MultiPolygon","arcs":[[[232,233,234,-116,235]]],"properties":{"postal_code":"33026","realtor_list_price":334531.419,"realtor_list_price_yoy":-0.1072,"realtor_list_price_base":0.2534,"realtor_active_listings":171,"realtor_active_listings_yoy":-0.1562,"realtor_active_listings_base":0.6942,"realtor_new_listings":49.333,"realtor_new_listings_yoy":0.1212,"realtor_new_listings_base":-0.1729,"realtor_days_on_market":69.527,"realtor_days_on_market_yoy":-0.1464,"realtor_days_on_market_base":0.525,"zhvi":442918.788,"zhvi_yoy":-0.0338,"zhvi_base":0.5507,"zori":2866.234,"zori_yoy":0.0272,"zori_base":"NA"}},{"type":"MultiPolygon","arcs":[[[236,237,-209,238,239]]],"properties":{"postal_code":"33173","realtor_list_price":432363.273,"realtor_list_price_yoy":-0.2329,"realtor_list_price_base":0.0483,"realtor_active_listings":95.667,"realtor_active_listings_yoy":-0.0946,"realtor_active_listings_base":-0.0089,"realtor_new_listings":29.333,"realtor_new_listings_yoy":-0.1538,"realtor_new_listings_base":-0.3303,"realtor_days_on_market":73.273,"realtor_days_on_market_yoy":0.1774,"realtor_days_on_market_base":0.3335,"zhvi":566906.722,"zhvi_yoy":0.0029,"zhvi_base":0.7766,"zori":2559.845,"zori_yoy":-0.0035,"zori_base":"NA"}},{"type":"MultiPolygon","arcs":[[[-172,240,241,242,243,244]]],"properties":{"postal_code":"33021","realtor_list_price":314894.644,"realtor_list_price_yoy":-0.1847,"realtor_list_price_base":0.1293,"realtor_active_listings":351.667,"realtor_active_listings_yoy":-0.1693,"realtor_active_listings_base":0.2899,"realtor_new_listings":78.667,"realtor_new_listings_yoy":-0.1061,"realtor_new_listings_base":-0.1288,"realtor_days_on_market":89.339,"realtor_days_on_market_yoy":0.11,"realtor_days_on_market_base":0.3272,"zhvi":459004.205,"zhvi_yoy":-0.0151,"zhvi_base":0.6617,"zori":2303.83,"zori_yoy":0.0094,"zori_base":0.6636}},{"type":"MultiPolygon","arcs":[[[-163,245,246,247,-84]]],"properties":{"postal_code":"33067","realtor_list_price":764712.5,"realtor_list_price_yoy":-0.0385,"realtor_list_price_base":0.1953,"realtor_active_listings":117.333,"realtor_active_listings_yoy":-0.1659,"realtor_active_listings_base":-0.2704,"realtor_new_listings":37.333,"realtor_new_listings_yoy":0,"realtor_new_listings_base":-0.2723,"realtor_days_on_market":66.071,"realtor_days_on_market_yoy":-0.0008,"realtor_days_on_market_base":0.1108,"zhvi":754146.182,"zhvi_yoy":0.003,"zhvi_base":0.6706,"zori":2366.191,"zori_yoy":0.0199,"zori_base":"NA"}},{"type":"MultiPolygon","arcs":[[[248,249,250,251,252,253],[254]]],"properties":{"postal_code":"33170","realtor_list_price":599711.31,"realtor_list_price_yoy":-0.0866,"realtor_list_price_base":0.6654,"realtor_active_listings":105.333,"realtor_active_listings_yoy":-0.0946,"realtor_active_listings_base":0.51,"realtor_new_listings":28,"realtor_new_listings_yoy":0.5,"realtor_new_listings_base":0.275,"realtor_days_on_market":69.69,"realtor_days_on_market_yoy":0.0811,"realtor_days_on_market_base":-0.0732,"zhvi":569631.466,"zhvi_yoy":-0.0094,"zhvi_base":0.9942,"zori":2504.511,"zori_yoy":-0.0091,"zori_base":"NA"}},{"type":"MultiPolygon","arcs":[[[-252,255,256,257,258]]],"properties":{"postal_code":"33032","realtor_list_price":455380.492,"realtor_list_price_yoy":-0.0617,"realtor_list_price_base":0.6972,"realtor_active_listings":363.333,"realtor_active_listings_yoy":0.0254,"realtor_active_listings_base":0.8624,"realtor_new_listings":88,"realtor_new_listings_yoy":0.0076,"realtor_new_listings_base":0.0874,"realtor_days_on_market":71.417,"realtor_days_on_market_yoy":0.0208,"realtor_days_on_market_base":0.196,"zhvi":451891.943,"zhvi_yoy":-0.0345,"zhvi_base":0.7764,"zori":2663.806,"zori_yoy":0.0098,"zori_base":"NA"}},{"type":"MultiPolygon","arcs":[[[259,260,261,262,263,264,-69]]],"properties":{"postal_code":"33415","realtor_list_price":218339.175,"realtor_list_price_yoy":-0.0159,"realtor_list_price_base":0.4455,"realtor_active_listings":230.667,"realtor_active_listings_yoy":-0.081,"realtor_active_listings_base":0.4409,"realtor_new_listings":64.667,"realtor_new_listings_yoy":0.1023,"realtor_new_listings_base":-0.1018,"realtor_days_on_market":73.361,"realtor_days_on_market_yoy":-0.0245,"realtor_days_on_market_base":0.3211,"zhvi":281434.341,"zhvi_yoy":-0.008,"zhvi_base":0.7301,"zori":2125.338,"zori_yoy":0.0152,"zori_base":"NA"}},{"type":"MultiPolygon","arcs":[[[265,266,-130]]],"properties":{"postal_code":"33180","realtor_list_price":496316.549,"realtor_list_price_yoy":-0.0222,"realtor_list_price_base":0.1554,"realtor_active_listings":862,"realtor_active_listings_yoy":-0.1465,"realtor_active_listings_base":-0.2325,"realtor_new_listings":115.333,"realtor_new_listings_yoy":-0.1307,"realtor_new_listings_base":-0.1523,"realtor_days_on_market":107.665,"realtor_days_on_market_yoy":-0.0062,"realtor_days_on_market_base":-0.0362,"zhvi":456650.549,"zhvi_yoy":-0.0441,"zhvi_base":0.2542,"zori":3175.097,"zori_yoy":0.016,"zori_base":0.5632}},{"type":"MultiPolygon","arcs":[[[-33,267,268,-108,-11,269,270],[271]]],"properties":{"postal_code":"33436","realtor_list_price":397711.111,"realtor_list_price_yoy":0.0192,"realtor_list_price_base":0.5006,"realtor_active_listings":235,"realtor_active_listings_yoy":-0.3115,"realtor_active_listings_base":-0.2555,"realtor_new_listings":72,"realtor_new_listings_yoy":-0.0609,"realtor_new_listings_base":-0.2717,"realtor_days_on_market":73.259,"realtor_days_on_market_yoy":-0.0408,"realtor_days_on_market_base":-0.001,"zhvi":410836.687,"zhvi_yoy":0.0055,"zhvi_base":0.6167,"zori":2155.013,"zori_yoy":0.0216,"zori_base":"NA"}},{"type":"MultiPolygon","arcs":[[[272,273,-227,274,275,276]]],"properties":{"postal_code":"33166","realtor_list_price":572245.098,"realtor_list_price_yoy":-0.0052,"realtor_list_price_base":0.4064,"realtor_active_listings":144.333,"realtor_active_listings_yoy":-0.3287,"realtor_active_listings_base":-0.1209,"realtor_new_listings":34,"realtor_new_listings_yoy":0.0851,"realtor_new_listings_base":0.2721,"realtor_days_on_market":70.51,"realtor_days_on_market_yoy":-0.2458,"realtor_days_on_market_base":-0.1594,"zhvi":604072.475,"zhvi_yoy":0.0022,"zhvi_base":0.6696,"zori":2849.65,"zori_yoy":0.0063,"zori_base":"NA"}},{"type":"MultiPolygon","arcs":[[[277,278,279,280,281]]],"properties":{"postal_code":"33316","realtor_list_price":956319.853,"realtor_list_price_yoy":0.009,"realtor_list_price_base":0.2156,"realtor_active_listings":290.333,"realtor_active_listings_yoy":-0.008,"realtor_active_listings_base":0.0949,"realtor_new_listings":45.333,"realtor_new_listings_yoy":0.1333,"realtor_new_listings_base":0.1257,"realtor_days_on_market":110.691,"realtor_days_on_market_yoy":0.0932,"realtor_days_on_market_base":0.0522,"zhvi":728715.261,"zhvi_yoy":0.0063,"zhvi_base":0.4081,"zori":2875.792,"zori_yoy":0.0679,"zori_base":0.676}},{"type":"MultiPolygon","arcs":[[[282,-71,283,284,285]]],"properties":{"postal_code":"33414","realtor_list_price":801956.204,"realtor_list_price_yoy":0.1046,"realtor_list_price_base":0.506,"realtor_active_listings":364,"realtor_active_listings_yoy":-0.1664,"realtor_active_listings_base":-0.3644,"realtor_new_listings":91.333,"realtor_new_listings_yoy":0.0224,"realtor_new_listings_base":-0.2695,"realtor_days_on_market":82.569,"realtor_days_on_market_yoy":-0.0854,"realtor_days_on_market_base":-0.0313,"zhvi":624058.466,"zhvi_yoy":0.0156,"zhvi_base":0.6846,"zori":3413.094,"zori_yoy":0.0335,"zori_base":0.7765}},{"type":"MultiPolygon","arcs":[[[286,287,288,-165,289,290,291,292]]],"properties":{"postal_code":"33317","realtor_list_price":520900.758,"realtor_list_price_yoy":0.0006,"realtor_list_price_base":0.3575,"realtor_active_listings":148.333,"realtor_active_listings_yoy":-0.0748,"realtor_active_listings_base":0.1845,"realtor_new_listings":44,"realtor_new_listings_yoy":0.0154,"realtor_new_listings_base":-0.3173,"realtor_days_on_market":66.545,"realtor_days_on_market_yoy":-0.0308,"realtor_days_on_market_base":0.4027,"zhvi":543428.715,"zhvi_yoy":-0.0049,"zhvi_base":0.6956,"zori":2520.124,"zori_yoy":0.0194,"zori_base":"NA"}},{"type":"MultiPolygon","arcs":[[[293,-258,294,295,-93,296],[297]]],"properties":{"postal_code":"33033","realtor_list_price":447188.672,"realtor_list_price_yoy":-0.0357,"realtor_list_price_base":0.7373,"realtor_active_listings":391.667,"realtor_active_listings_yoy":-0.1473,"realtor_active_listings_base":0.609,"realtor_new_listings":91.333,"realtor_new_listings_yoy":-0.0072,"realtor_new_listings_base":-0.0763,"realtor_days_on_market":74.796,"realtor_days_on_market_yoy":-0.0025,"realtor_days_on_market_base":0.266,"zhvi":431765.15,"zhvi_yoy":-0.0337,"zhvi_base":0.8969,"zori":2580.763,"zori_yoy":0.0112,"zori_base":0.7397}},{"type":"MultiPolygon","arcs":[[[-28,-180,-287,298,-292,299,300,301]]],"properties":{"postal_code":"33324","realtor_list_price":306702.564,"realtor_list_price_yoy":-0.148,"realtor_list_price_base":0.0795,"realtor_active_listings":269.333,"realtor_active_listings_yoy":-0.1246,"realtor_active_listings_base":0.1587,"realtor_new_listings":78,"realtor_new_listings_yoy":-0.0085,"realtor_new_listings_base":-0.1432,"realtor_days_on_market":68.017,"realtor_days_on_market_yoy":-0.013,"realtor_days_on_market_base":0.1819,"zhvi":352274.69,"zhvi_yoy":-0.0437,"zhvi_base":0.4974,"zori":2455.948,"zori_yoy":0.0086,"zori_base":0.5372}},{"type":"MultiPolygon","arcs":[[[302]],[[303,304,305,306,307,308,309,-90]]],"properties":{"postal_code":"33196","realtor_list_price":633428.571,"realtor_list_price_yoy":0.0462,"realtor_list_price_base":0.7065,"realtor_active_listings":160,"realtor_active_listings_yoy":-0.1367,"realtor_active_listings_base":-0.17,"realtor_new_listings":46.667,"realtor_new_listings_yoy":0.0606,"realtor_new_listings_base":-0.3085,"realtor_days_on_market":58.829,"realtor_days_on_market_yoy":-0.2183,"realtor_days_on_market_base":-0.0199,"zhvi":566912.943,"zhvi_yoy":0.0002,"zhvi_base":0.752,"zori":2613.949,"zori_yoy":0.0082,"zori_base":0.5545}},{"type":"MultiPolygon","arcs":[[[-55,-47,-203,310,311,312,313]]],"properties":{"postal_code":"33137","realtor_list_price":786902.542,"realtor_list_price_yoy":-0.033,"realtor_list_price_base":0.3532,"realtor_active_listings":568,"realtor_active_listings_yoy":-0.097,"realtor_active_listings_base":-0.2561,"realtor_new_listings":78.667,"realtor_new_listings_yoy":-0.1387,"realtor_new_listings_base":0.0082,"realtor_days_on_market":101.898,"realtor_days_on_market_yoy":0.0265,"realtor_days_on_market_base":-0.1202,"zhvi":675990.875,"zhvi_yoy":0.0121,"zhvi_base":0.4342,"zori":3571.977,"zori_yoy":0.0338,"zori_base":0.7362}},{"type":"MultiPolygon","arcs":[[[-150,314,315]]],"properties":{"postal_code":"33403","realtor_list_price":1252870.968,"realtor_list_price_yoy":2.0463,"realtor_list_price_base":4.4737,"realtor_active_listings":81.333,"realtor_active_listings_yoy":0.4699,"realtor_active_listings_base":0.8536,"realtor_new_listings":20.667,"realtor_new_listings_yoy":0.24,"realtor_new_listings_base":0.1593,"realtor_days_on_market":91.484,"realtor_days_on_market_yoy":0.241,"realtor_days_on_market_base":0.6727,"zhvi":387484.955,"zhvi_yoy":0.0284,"zhvi_base":0.7577,"zori":2145.417,"zori_yoy":0.0649,"zori_base":"NA"}},{"type":"MultiPolygon","arcs":[[[316,317,318,-44,-190]]],"properties":{"postal_code":"33181","realtor_list_price":328037.5,"realtor_list_price_yoy":-0.0602,"realtor_list_price_base":0.1086,"realtor_active_listings":288.667,"realtor_active_listings_yoy":0.0152,"realtor_active_listings_base":-0.0062,"realtor_new_listings":40,"realtor_new_listings_yoy":0.0345,"realtor_new_listings_base":-0.0402,"realtor_days_on_market":97.183,"realtor_days_on_market_yoy":-0.0832,"realtor_days_on_market_base":-0.0231,"zhvi":315199.485,"zhvi_yoy":-0.0461,"zhvi_base":0.3936,"zori":2339.762,"zori_yoy":0.0219,"zori_base":"NA"}},{"type":"MultiPolygon","arcs":[[[319,320,-2,321,322,-261,323]]],"properties":{"postal_code":"33409","realtor_list_price":236747.549,"realtor_list_price_yoy":-0.0329,"realtor_list_price_base":0.6078,"realtor_active_listings":132,"realtor_active_listings_yoy":-0.0812,"realtor_active_listings_base":-0.1076,"realtor_new_listings":34,"realtor_new_listings_yoy":0.0851,"realtor_new_listings_base":-0.2711,"realtor_days_on_market":79.373,"realtor_days_on_market_yoy":-0.0632,"realtor_days_on_market_base":0.2352,"zhvi":303726.275,"zhvi_yoy":-0.017,"zhvi_base":0.6495,"zori":2071.381,"zori_yoy":0.0027,"zori_base":"NA"}},{"type":"MultiPolygon","arcs":[[[324,325,-121,326,327,328,-277,329]]],"properties":{"postal_code":"33018","realtor_list_price":541911.765,"realtor_list_price_yoy":-0.0396,"realtor_list_price_base":0.4037,"realtor_active_listings":134,"realtor_active_listings_yoy":-0.1879,"realtor_active_listings_base":-0.0943,"realtor_new_listings":45.333,"realtor_new_listings_yoy":-0.0286,"realtor_new_listings_base":-0.0299,"realtor_days_on_market":61,"realtor_days_on_market_yoy":-0.1891,"realtor_days_on_market_base":-0.1209,"zhvi":528171.399,"zhvi_yoy":-0.0089,"zhvi_base":0.6626,"zori":3093.716,"zori_yoy":0.0218,"zori_base":"NA"}},{"type":"MultiPolygon","arcs":[[[-198,330,-286,331,332,333,334]]],"properties":{"postal_code":"33470","realtor_list_price":786996.154,"realtor_list_price_yoy":0.0226,"realtor_list_price_base":0.6317,"realtor_active_listings":314.333,"realtor_active_listings_yoy":-0.0836,"realtor_active_listings_base":0.5763,"realtor_new_listings":86.667,"realtor_new_listings_yoy":0.1927,"realtor_new_listings_base":0.4225,"realtor_days_on_market":69.746,"realtor_days_on_market_yoy":-0.1173,"realtor_days_on_market_base":0.0745,"zhvi":669400.399,"zhvi_yoy":0.0088,"zhvi_base":0.7865,"zori":3830.062,"zori_yoy":0.0036,"zori_base":"NA"}},{"type":"MultiPolygon","arcs":[[[-202,335,336,-311]]],"properties":{"postal_code":"33140","realtor_list_price":772450.98,"realtor_list_price_yoy":-0.0729,"realtor_list_price_base":0.1457,"realtor_active_listings":492.333,"realtor_active_listings_yoy":-0.1684,"realtor_active_listings_base":-0.4148,"realtor_new_listings":68,"realtor_new_listings_yoy":-0.0973,"realtor_new_listings_base":-0.2544,"realtor_days_on_market":106.863,"realtor_days_on_market_yoy":-0.0948,"realtor_days_on_market_base":-0.1138,"zhvi":684957.35,"zhvi_yoy":0.0237,"zhvi_base":0.2912,"zori":3675.243,"zori_yoy":0.0419,"zori_base":0.7787}},{"type":"MultiPolygon","arcs":[[[337,338,339,-305,340]]],"properties":{"postal_code":"33193","realtor_list_price":358807.971,"realtor_list_price_yoy":-0.082,"realtor_list_price_base":0.2171,"realtor_active_listings":136.667,"realtor_active_listings_yoy":-0.0807,"realtor_active_listings_base":0.0692,"realtor_new_listings":46,"realtor_new_listings_yoy":0.1695,"realtor_new_listings_base":-0.1385,"realtor_days_on_market":71.304,"realtor_days_on_market_yoy":-0.046,"realtor_days_on_market_base":0.2192,"zhvi":442117.321,"zhvi_yoy":-0.009,"zhvi_base":0.7176,"zori":2374.074,"zori_yoy":0.0113,"zori_base":0.5833}},{"type":"MultiPolygon","arcs":[[[-51,341,342,343,344,-73]]],"properties":{"postal_code":"33441","realtor_list_price":414463.699,"realtor_list_price_yoy":-0.0001,"realtor_list_price_base":0.2763,"realtor_active_listings":198.333,"realtor_active_listings_yoy":-0.259,"realtor_active_listings_base":0.1564,"realtor_new_listings":48.667,"realtor_new_listings_yoy":0.0282,"realtor_new_listings_base":-0.0919,"realtor_days_on_market":92.356,"realtor_days_on_market_yoy":-0.0698,"realtor_days_on_market_base":0.2303,"zhvi":394909.501,"zhvi_yoy":-0.0012,"zhvi_base":0.6168,"zori":2566.004,"zori_yoy":0.0323,"zori_base":"NA"}},{"type":"MultiPolygon","arcs":[[[-145,345,346,347]]],"properties":{"postal_code":"33144","realtor_list_price":730299.6,"realtor_list_price_yoy":0.0678,"realtor_list_price_base":0.885,"realtor_active_listings":37.667,"realtor_active_listings_yoy":-0.1812,"realtor_active_listings_base":0.0141,"realtor_new_listings":13.333,"realtor_new_listings_yoy":1.2222,"realtor_new_listings_base":-0.1587,"realtor_days_on_market":67.4,"realtor_days_on_market_yoy":-0.2427,"realtor_days_on_market_base":0.2264,"zhvi":619779.499,"zhvi_yoy":0.0148,"zhvi_base":0.8147,"zori":2274.757,"zori_yoy":0.0174,"zori_base":"NA"}},{"type":"MultiPolygon","arcs":[[[-100,348,349,350,351]]],"properties":{"postal_code":"33130","realtor_list_price":615415.179,"realtor_list_price_yoy":-0.0775,"realtor_list_price_base":0.3364,"realtor_active_listings":534,"realtor_active_listings_yoy":0.0539,"realtor_active_listings_base":-0.2849,"realtor_new_listings":74.667,"realtor_new_listings_yoy":0.0275,"realtor_new_listings_base":-0.0372,"realtor_days_on_market":100.982,"realtor_days_on_market_yoy":0.0063,"realtor_days_on_market_base":-0.0967,"zhvi":511237.912,"zhvi_yoy":-0.0122,"zhvi_base":0.4841,"zori":3312.273,"zori_yoy":0.0026,"zori_base":0.5811}},{"type":"MultiPolygon","arcs":[[[352,353,-175,354]]],"properties":{"postal_code":"33145","realtor_list_price":875743.137,"realtor_list_price_yoy":0.1142,"realtor_list_price_base":0.9948,"realtor_active_listings":122.667,"realtor_active_listings_yoy":-0.1238,"realtor_active_listings_base":-0.1566,"realtor_new_listings":34,"realtor_new_listings_yoy":0.186,"realtor_new_listings_base":-0.0894,"realtor_days_on_market":68.549,"realtor_days_on_market_yoy":-0.1391,"realtor_days_on_market_base":-0.1171,"zhvi":735448.939,"zhvi_yoy":0.0583,"zhvi_base":0.9232,"zori":2961.936,"zori_yoy":0.0128,"zori_base":0.6924}},{"type":"MultiPolygon","arcs":[[[-323,355,-6,356,357,-262]]],"properties":{"postal_code":"33406","realtor_list_price":361573.622,"realtor_list_price_yoy":-0.0838,"realtor_list_price_base":0.2629,"realtor_active_listings":62.333,"realtor_active_listings_yoy":-0.3682,"realtor_active_listings_base":0.0961,"realtor_new_listings":24.667,"realtor_new_listings_yoy":-0.2449,"realtor_new_listings_base":-0.0915,"realtor_days_on_market":60.432,"realtor_days_on_market_yoy":-0.0398,"realtor_days_on_market_base":0.1844,"zhvi":429128.499,"zhvi_yoy":0.0161,"zhvi_base":0.7564,"zori":2255.922,"zori_yoy":0.0137,"zori_base":"NA"}},{"type":"MultiPolygon","arcs":[[[358,359,-146,-316,360,361]]],"properties":{"postal_code":"33410","realtor_list_price":652200.484,"realtor_list_price_yoy":-0.0872,"realtor_list_price_base":0.271,"realtor_active_listings":183.333,"realtor_active_listings_yoy":-0.1959,"realtor_active_listings_base":-0.3682,"realtor_new_listings":62,"realtor_new_listings_yoy":0.0109,"realtor_new_listings_base":-0.2298,"realtor_days_on_market":68.355,"realtor_days_on_market_yoy":-0.0997,"realtor_days_on_market_base":-0.1011,"zhvi":589714.234,"zhvi_yoy":0.0281,"zhvi_base":0.7366,"zori":2643.628,"zori_yoy":0.0371,"zori_base":0.7956}},{"type":"MultiPolygon","arcs":[[[-56,-314,362,-230]]],"properties":{"postal_code":"33127","realtor_list_price":890347.297,"realtor_list_price_yoy":0.0293,"realtor_list_price_base":1.2925,"realtor_active_listings":141.667,"realtor_active_listings_yoy":0.0316,"realtor_active_listings_base":0.7807,"realtor_new_listings":24.667,"realtor_new_listings_yoy":0.1935,"realtor_new_listings_base":0.1411,"realtor_days_on_market":76.919,"realtor_days_on_market_yoy":-0.1246,"realtor_days_on_market_base":0.0566,"zhvi":529035.263,"zhvi_yoy":0.0192,"zhvi_base":1.2867,"zori":2955.595,"zori_yoy":0.0216,"zori_base":"NA"}},{"type":"MultiPolygon","arcs":[[[363,364,365,366,-320,367,-196]]],"properties":{"postal_code":"33407","realtor_list_price":425970.149,"realtor_list_price_yoy":0.0407,"realtor_list_price_base":0.9634,"realtor_active_listings":170.667,"realtor_active_listings_yoy":-0.1322,"realtor_active_listings_base":-0.1086,"realtor_new_listings":44.667,"realtor_new_listings_yoy":0.0635,"realtor_new_listings_base":-0.1865,"realtor_days_on_market":74.567,"realtor_days_on_market_yoy":-0.1158,"realtor_days_on_market_base":0.0302,"zhvi":356104.476,"zhvi_yoy":0.0274,"zhvi_base":0.8236,"zori":2301.125,"zori_yoy":0.0267,"zori_base":0.913}},{"type":"MultiPolygon","arcs":[[[368,-222,369,-350]]],"properties":{"postal_code":"33131","realtor_list_price":785664.671,"realtor_list_price_yoy":-0.0114,"realtor_list_price_base":0.6046,"realtor_active_listings":842.667,"realtor_active_listings_yoy":-0.1086,"realtor_active_listings_base":-0.3811,"realtor_new_listings":111.333,"realtor_new_listings_yoy":0.0637,"realtor_new_listings_base":-0.0922,"realtor_days_on_market":105.587,"realtor_days_on_market_yoy":-0.056,"realtor_days_on_market_base":-0.1661,"zhvi":584613.255,"zhvi_yoy":-0.0175,"zhvi_base":0.3909,"zori":3831.362,"zori_yoy":0.0072,"zori_base":0.6266}},{"type":"MultiPolygon","arcs":[[[-144,370,371,-355,-174,-102,372,-346]]],"properties":{"postal_code":"33134","realtor_list_price":1070677.419,"realtor_list_price_yoy":-0.0953,"realtor_list_price_base":0.8032,"realtor_active_listings":175.667,"realtor_active_listings_yoy":-0.1991,"realtor_active_listings_base":-0.4771,"realtor_new_listings":41.333,"realtor_new_listings_yoy":0.0164,"realtor_new_listings_base":-0.3557,"realtor_days_on_market":80.113,"realtor_days_on_market_yoy":0.0143,"realtor_days_on_market_base":-0.0745,"zhvi":883277.529,"zhvi_yoy":0.027,"zhvi_base":0.7977,"zori":2986.56,"zori_yoy":0.0349,"zori_base":0.6447}},{"type":"MultiPolygon","arcs":[[[-361,-315,-149,373,374,-365,375]]],"properties":{"postal_code":"33404","realtor_list_price":623744.048,"realtor_list_price_yoy":-0.0512,"realtor_list_price_base":0.412,"realtor_active_listings":307.667,"realtor_active_listings_yoy":-0.017,"realtor_active_listings_base":-0.1447,"realtor_new_listings":56,"realtor_new_listings_yoy":-0.0118,"realtor_new_listings_base":-0.3404,"realtor_days_on_market":106.214,"realtor_days_on_market_yoy":0.0735,"realtor_days_on_market_base":0.173,"zhvi":434572.968,"zhvi_yoy":0.0105,"zhvi_base":0.6571,"zori":2587.321,"zori_yoy":0.0218,"zori_base":0.7504}},{"type":"MultiPolygon","arcs":[[[-231,376,-101,377,-371,-143]]],"properties":{"postal_code":"33125","realtor_list_price":481400.769,"realtor_list_price_yoy":0.1738,"realtor_list_price_base":0.56,"realtor_active_listings":117.333,"realtor_active_listings_yoy":-0.0168,"realtor_active_listings_base":0.0861,"realtor_new_listings":17.333,"realtor_new_listings_yoy":-0.1613,"realtor_new_listings_base":-0.3014,"realtor_days_on_market":86.615,"realtor_days_on_market_yoy":-0.068,"realtor_days_on_market_base":0.1442,"zhvi":462144.109,"zhvi_yoy":0.0021,"zhvi_base":0.8246,"zori":2379.844,"zori_yoy":0.0011,"zori_base":0.6044}},{"type":"MultiPolygon","arcs":[[[-207,378,-21,379]]],"properties":{"postal_code":"33156","realtor_list_price":2772426.829,"realtor_list_price_yoy":0.1058,"realtor_list_price_base":1.1907,"realtor_active_listings":258.333,"realtor_active_listings_yoy":-0.1183,"realtor_active_listings_base":-0.4078,"realtor_new_listings":54.667,"realtor_new_listings_yoy":0.0649,"realtor_new_listings_base":-0.1681,"realtor_days_on_market":93.244,"realtor_days_on_market_yoy":-0.0232,"realtor_days_on_market_base":-0.0517,"zhvi":1521088.5,"zhvi_yoy":0.051,"zhvi_base":1.1487,"zori":2758.902,"zori_yoy":0.0338,"zori_base":0.6834}},{"type":"MultiPolygon","arcs":[[[380,-23,381,382,383]]],"properties":{"postal_code":"33157","realtor_list_price":736968.519,"realtor_list_price_yoy":-0.0746,"realtor_list_price_base":0.4444,"realtor_active_listings":232.667,"realtor_active_listings_yoy":-0.1661,"realtor_active_listings_base":-0.0874,"realtor_new_listings":72,"realtor_new_listings_yoy":0.0189,"realtor_new_listings_base":-0.0602,"realtor_days_on_market":70.593,"realtor_days_on_market_yoy":0.0077,"realtor_days_on_market_base":0.015,"zhvi":628905.605,"zhvi_yoy":0.007,"zhvi_base":0.9691,"zori":2612.778,"zori_yoy":-0.0052,"zori_base":0.6474}},{"type":"MultiPolygon","arcs":[[[-131,-267,384,385,386,-318,387]]],"properties":{"postal_code":"33160","realtor_list_price":599665.902,"realtor_list_price_yoy":-0.0344,"realtor_list_price_base":-0.1723,"realtor_active_listings":1683,"realtor_active_listings_yoy":-0.125,"realtor_active_listings_base":-0.2842,"realtor_new_listings":210.667,"realtor_new_listings_yoy":0.0395,"realtor_new_listings_base":-0.0921,"realtor_days_on_market":110.88,"realtor_days_on_market_yoy":-0.0602,"realtor_days_on_market_base":-0.0846,"zhvi":516711.187,"zhvi_yoy":-0.0046,"zhvi_base":0.2577,"zori":3062.82,"zori_yoy":0.0079,"zori_base":0.5907}},{"type":"MultiPolygon","arcs":[[[-138,388,-194,-181,389,390]]],"properties":{"postal_code":"33496","realtor_list_price":882635.473,"realtor_list_price_yoy":-0.0461,"realtor_list_price_base":0.4689,"realtor_active_listings":177.667,"realtor_active_listings_yoy":-0.2545,"realtor_active_listings_base":-0.5961,"realtor_new_listings":49.333,"realtor_new_listings_yoy":-0.2525,"realtor_new_listings_base":-0.4091,"realtor_days_on_market":73.216,"realtor_days_on_market_yoy":0.1001,"realtor_days_on_market_base":-0.2465,"zhvi":1053347.365,"zhvi_yoy":0.1323,"zhvi_base":1.3164,"zori":3361.559,"zori_yoy":0.0194,"zori_base":"NA"}},{"type":"MultiPolygon","arcs":[[[-139,-391,391,-159,392]]],"properties":{"postal_code":"33498","realtor_list_price":819010.526,"realtor_list_price_yoy":-0.0475,"realtor_list_price_base":0.7582,"realtor_active_listings":57.333,"realtor_active_listings_yoy":-0.3092,"realtor_active_listings_base":-0.5937,"realtor_new_listings":25.333,"realtor_new_listings_yoy":0.0556,"realtor_new_listings_base":-0.312,"realtor_days_on_market":49,"realtor_days_on_market_yoy":-0.1908,"realtor_days_on_market_base":-0.3004,"zhvi":803069.556,"zhvi_yoy":0.0548,"zhvi_base":0.8486,"zori":4703.75,"zori_yoy":"NA","zori_base":"NA"}},{"type":"MultiPolygon","arcs":[[[393,-347,-373,-105,-204,-238,394]]],"properties":{"postal_code":"33155","realtor_list_price":795360,"realtor_list_price_yoy":-0.0696,"realtor_list_price_base":0.6933,"realtor_active_listings":116.667,"realtor_active_listings_yoy":-0.1184,"realtor_active_listings_base":-0.2338,"realtor_new_listings":33.333,"realtor_new_listings_yoy":-0.1379,"realtor_new_listings_base":-0.4169,"realtor_days_on_market":61.88,"realtor_days_on_market_yoy":-0.0736,"realtor_days_on_market_base":-0.0379,"zhvi":713346.749,"zhvi_yoy":0.0257,"zhvi_base":0.8688,"zori":2715.596,"zori_yoy":0.0353,"zori_base":"NA"}},{"type":"MultiPolygon","arcs":[[[-156,-58,-229,395,-111]]],"properties":{"postal_code":"33147","realtor_list_price":493443.182,"realtor_list_price_yoy":0.0179,"realtor_list_price_base":1.323,"realtor_active_listings":89.667,"realtor_active_listings_yoy":-0.1898,"realtor_active_listings_base":0.2378,"realtor_new_listings":29.333,"realtor_new_listings_yoy":-0.2,"realtor_new_listings_base":-0.153,"realtor_days_on_market":61.455,"realtor_days_on_market_yoy":-0.0073,"realtor_days_on_market_base":0.0478,"zhvi":443974.409,"zhvi_yoy":0.0187,"zhvi_base":1.1579,"zori":2073.622,"zori_yoy":0.0049,"zori_base":"NA"}},{"type":"MultiPolygon","arcs":[[[-5,396,397,398,399,400,-357]]],"properties":{"postal_code":"33460","realtor_list_price":469570.455,"realtor_list_price_yoy":-0.0199,"realtor_list_price_base":0.8018,"realtor_active_listings":131.667,"realtor_active_listings_yoy":-0.3225,"realtor_active_listings_base":-0.1591,"realtor_new_listings":36.667,"realtor_new_listings_yoy":-0.0179,"realtor_new_listings_base":-0.3512,"realtor_days_on_market":69.8,"realtor_days_on_market_yoy":-0.2701,"realtor_days_on_market_base":0.0418,"zhvi":387522.163,"zhvi_yoy":-0.0002,"zhvi_base":0.8935,"zori":1949.947,"zori_yoy":-0.0045,"zori_base":0.8077}},{"type":"MultiPolygon","arcs":[[[-263,-358,-401,401,402]]],"properties":{"postal_code":"33461","realtor_list_price":123297.647,"realtor_list_price_yoy":-0.1038,"realtor_list_price_base":0.0812,"realtor_active_listings":222.667,"realtor_active_listings_yoy":-0.0735,"realtor_active_listings_base":0.5036,"realtor_new_listings":56.667,"realtor_new_listings_yoy":0.25,"realtor_new_listings_base":-0.092,"realtor_days_on_market":91.165,"realtor_days_on_market_yoy":-0.0062,"realtor_days_on_market_base":0.5167,"zhvi":308696.618,"zhvi_yoy":0.0088,"zhvi_base":0.7669,"zori":1999.264,"zori_yoy":0.0118,"zori_base":"NA"}},{"type":"MultiPolygon","arcs":[[[-319,-387,403,-200,-45]]],"properties":{"postal_code":"33154","realtor_list_price":1744239.873,"realtor_list_price_yoy":0.1639,"realtor_list_price_base":0.9215,"realtor_active_listings":390.333,"realtor_active_listings_yoy":-0.1924,"realtor_active_listings_base":-0.3975,"realtor_new_listings":52.667,"realtor_new_listings_yoy":-0.1319,"realtor_new_listings_base":-0.1925,"realtor_days_on_market":115.038,"realtor_days_on_market_yoy":0.016,"realtor_days_on_market_base":-0.019,"zhvi":1242742.633,"zhvi_yoy":0.065,"zhvi_base":0.698,"zori":4834.762,"zori_yoy":0.0498,"zori_base":"NA"}},{"type":"MultiPolygon","arcs":[[[-285,404,-37,405,-332]]],"properties":{"postal_code":"33449","realtor_list_price":965604.421,"realtor_list_price_yoy":0.1906,"realtor_list_price_base":0.9613,"realtor_active_listings":80.667,"realtor_active_listings_yoy":-0.1597,"realtor_active_listings_base":-0.4401,"realtor_new_listings":25.333,"realtor_new_listings_yoy":0.52,"realtor_new_listings_base":-0.0143,"realtor_days_on_market":69.789,"realtor_days_on_market_yoy":-0.3057,"realtor_days_on_market_base":-0.2349,"zhvi":741047.121,"zhvi_yoy":-0.0098,"zhvi_base":0.6068,"zori":5121.25,"zori_yoy":"NA","zori_base":"NA"}},{"type":"MultiPolygon","arcs":[[[406,-239,-208,-380,-24,-381,407,408]]],"properties":{"postal_code":"33176","realtor_list_price":547768.657,"realtor_list_price_yoy":-0.0702,"realtor_list_price_base":-0.0993,"realtor_active_listings":159.667,"realtor_active_listings_yoy":-0.1582,"realtor_active_listings_base":-0.1597,"realtor_new_listings":44.667,"realtor_new_listings_yoy":-0.1728,"realtor_new_listings_base":-0.2562,"realtor_days_on_market":75.746,"realtor_days_on_market_yoy":0.0136,"realtor_days_on_market_base":0.1308,"zhvi":625867.558,"zhvi_yoy":0.0223,"zhvi_base":0.8603,"zori":2303.964,"zori_yoy":-0.0008,"zori_base":"NA"}},{"type":"MultiPolygon","arcs":[[[-284,-70,-265,409,-31,-405]]],"properties":{"postal_code":"33467","realtor_list_price":287717.321,"realtor_list_price_yoy":-0.2704,"realtor_list_price_base":-0.1045,"realtor_active_listings":396.667,"realtor_active_listings_yoy":-0.2161,"realtor_active_listings_base":0.1301,"realtor_new_listings":112,"realtor_new_listings_yoy":0.0566,"realtor_new_listings_base":-0.1473,"realtor_days_on_market":72.036,"realtor_days_on_market_yoy":-0.0897,"realtor_days_on_market_base":0.1833,"zhvi":488784.028,"zhvi_yoy":0.0058,"zhvi_base":0.5933,"zori":2672.013,"zori_yoy":0.0101,"zori_base":"NA"}},{"type":"MultiPolygon","arcs":[[[-126,-348,-394,410,411,-61,412]]],"properties":{"postal_code":"33174","realtor_list_price":365115,"realtor_list_price_yoy":-0.1744,"realtor_list_price_base":0.1096,"realtor_active_listings":59,"realtor_active_listings_yoy":-0.1729,"realtor_active_listings_base":0.4484,"realtor_new_listings":20,"realtor_new_listings_yoy":-0.0323,"realtor_new_listings_base":0.1669,"realtor_days_on_market":57.6,"realtor_days_on_market_yoy":-0.1264,"realtor_days_on_market_base":-0.0465,"zhvi":443191.167,"zhvi_yoy":-0.0042,"zhvi_base":0.725,"zori":2653.7,"zori_yoy":0.0053,"zori_base":"NA"}},{"type":"MultiPolygon","arcs":[[[-410,-264,-403,413,-268,-32]]],"properties":{"postal_code":"33463","realtor_list_price":319968.182,"realtor_list_price_yoy":-0.0729,"realtor_list_price_base":0.1343,"realtor_active_listings":243.333,"realtor_active_listings_yoy":-0.2388,"realtor_active_listings_base":0.2122,"realtor_new_listings":73.333,"realtor_new_listings_yoy":-0.127,"realtor_new_listings_base":-0.2396,"realtor_days_on_market":61.418,"realtor_days_on_market_yoy":-0.1484,"realtor_days_on_market_base":0.2766,"zhvi":387837.911,"zhvi_yoy":-0.0034,"zhvi_base":0.6881,"zori":2560.486,"zori_yoy":0.0399,"zori_base":"NA"}},{"type":"MultiPolygon","arcs":[[[-402,-400,414,415,416,-106,-269,-414]]],"properties":{"postal_code":"33462","realtor_list_price":383990.25,"realtor_list_price_yoy":-0.0105,"realtor_list_price_base":0.2158,"realtor_active_listings":187.333,"realtor_active_listings_yoy":-0.176,"realtor_active_listings_base":-0.2278,"realtor_new_listings":53.333,"realtor_new_listings_yoy":0.0811,"realtor_new_listings_base":-0.1607,"realtor_days_on_market":84.15,"realtor_days_on_market_yoy":-0.1027,"realtor_days_on_market_base":-0.0468,"zhvi":392120.983,"zhvi_yoy":-0.0034,"zhvi_base":0.6365,"zori":2412.306,"zori_yoy":0.0488,"zori_base":"NA"}},{"type":"MultiPolygon","arcs":[[[-310,417,-254,418,419,-91]]],"properties":{"postal_code":"33187","realtor_list_price":897800,"realtor_list_price_yoy":0.0965,"realtor_list_price_base":1.0128,"realtor_active_listings":78.667,"realtor_active_listings_yoy":-0.1161,"realtor_active_listings_base":0.0044,"realtor_new_listings":16.667,"realtor_new_listings_yoy":-0.2187,"realtor_new_listings_base":-0.3311,"realtor_days_on_market":67.36,"realtor_days_on_market_yoy":-0.1378,"realtor_days_on_market_base":-0.1043,"zhvi":717715.219,"zhvi_yoy":0.0133,"zhvi_base":0.9262,"zori":"NA","zori_yoy":"NA","zori_base":"NA"}},{"type":"MultiPolygon","arcs":[[[-399,420,-415]],[[421,-397,-4,422,-366,-375]]],"properties":{"postal_code":"33480","realtor_list_price":1437951.389,"realtor_list_price_yoy":-0.1007,"realtor_list_price_base":0.4658,"realtor_active_listings":293,"realtor_active_listings_yoy":-0.1621,"realtor_active_listings_base":-0.4134,"realtor_new_listings":48,"realtor_new_listings_yoy":-0.1325,"realtor_new_listings_base":-0.2266,"realtor_days_on_market":120.333,"realtor_days_on_market_yoy":-0.0639,"realtor_days_on_market_base":-0.0826,"zhvi":1536325.478,"zhvi_yoy":0.0222,"zhvi_base":0.9674,"zori":6133.333,"zori_yoy":0.1127,"zori_base":"NA"}},{"type":"MultiPolygon","arcs":[[[423]],[[424]],[[425,426,-192,-8]]],"properties":{"postal_code":"33483","realtor_list_price":1344877.119,"realtor_list_price_yoy":0.1919,"realtor_list_price_base":0.6362,"realtor_active_listings":184.333,"realtor_active_listings_yoy":-0.2111,"realtor_active_listings_base":-0.3696,"realtor_new_listings":39.333,"realtor_new_listings_yoy":0,"realtor_new_listings_base":-0.1184,"realtor_days_on_market":92.458,"realtor_days_on_market_yoy":-0.1359,"realtor_days_on_market_base":-0.0906,"zhvi":1021647.995,"zhvi_yoy":0.0591,"zhvi_base":0.7059,"zori":3382.306,"zori_yoy":0.0994,"zori_base":"NA"}},{"type":"MultiPolygon","arcs":[[[-185,427,-342,-50,428]]],"properties":{"postal_code":"33486","realtor_list_price":772636.792,"realtor_list_price_yoy":-0.0739,"realtor_list_price_base":0.496,"realtor_active_listings":104.667,"realtor_active_listings_yoy":-0.1559,"realtor_active_listings_base":-0.323,"realtor_new_listings":35.333,"realtor_new_listings_yoy":0.1042,"realtor_new_listings_base":-0.2291,"realtor_days_on_market":66.094,"realtor_days_on_market_yoy":0.0234,"realtor_days_on_market_base":-0.0117,"zhvi":758117.732,"zhvi_yoy":0.0642,"zhvi_base":0.7807,"zori":2894.79,"zori_yoy":0.0457,"zori_base":"NA"}},{"type":"MultiPolygon","arcs":[[[429,-330,-276,430,-123,431,-59,432]]],"properties":{"postal_code":"33178","realtor_list_price":563964.286,"realtor_list_price_yoy":-0.0317,"realtor_list_price_base":0.3511,"realtor_active_listings":324.333,"realtor_active_listings_yoy":-0.1234,"realtor_active_listings_base":-0.6171,"realtor_new_listings":74.667,"realtor_new_listings_yoy":0.0182,"realtor_new_listings_base":-0.354,"realtor_days_on_market":70.955,"realtor_days_on_market_yoy":-0.1566,"realtor_days_on_market_base":-0.3112,"zhvi":553693.666,"zhvi_yoy":-0.0107,"zhvi_base":0.5783,"zori":2985.534,"zori_yoy":0.0118,"zori_base":0.5557}},{"type":"MultiPolygon","arcs":[[[433,434,-278,435,-167]]],"properties":{"postal_code":"33301","realtor_list_price":1365760.87,"realtor_list_price_yoy":0.2061,"realtor_list_price_base":0.4764,"realtor_active_listings":335,"realtor_active_listings_yoy":-0.0746,"realtor_active_listings_base":-0.2241,"realtor_new_listings":61.333,"realtor_new_listings_yoy":0.122,"realtor_new_listings_base":-0.1203,"realtor_days_on_market":94.283,"realtor_days_on_market_yoy":-0.0891,"realtor_days_on_market_base":-0.0889,"zhvi":863143.73,"zhvi_yoy":0.012,"zhvi_base":0.4889,"zori":3183.243,"zori_yoy":0.034,"zori_base":0.5249}},{"type":"MultiPolygon","arcs":[[[-242,436,437,438,-385,-266,-129,439]]],"properties":{"postal_code":"33009","realtor_list_price":319295.455,"realtor_list_price_yoy":-0.0418,"realtor_list_price_base":0.0656,"realtor_active_listings":1061,"realtor_active_listings_yoy":-0.0869,"realtor_active_listings_base":0.0644,"realtor_new_listings":146.667,"realtor_new_listings_yoy":0.0628,"realtor_new_listings_base":0.0782,"realtor_days_on_market":107.164,"realtor_days_on_market_yoy":-0.0259,"realtor_days_on_market_base":0.0233,"zhvi":276674.584,"zhvi_yoy":-0.0381,"zhvi_base":0.3262,"zori":2419.065,"zori_yoy":0.0206,"zori_base":0.6429}},{"type":"MultiPolygon","arcs":[[[440,-112,-396,-228,-274,441]]],"properties":{"postal_code":"33010","realtor_list_price":608776.316,"realtor_list_price_yoy":-0.0244,"realtor_list_price_base":1.0048,"realtor_active_listings":41.333,"realtor_active_listings_yoy":-0.0815,"realtor_active_listings_base":0.2713,"realtor_new_listings":12.667,"realtor_new_listings_yoy":-0.1739,"realtor_new_listings_base":0.0774,"realtor_days_on_market":60.368,"realtor_days_on_market_yoy":-0.0324,"realtor_days_on_market_base":-0.0532,"zhvi":532047.678,"zhvi_yoy":0.0172,"zhvi_base":0.8522,"zori":2062.5,"zori_yoy":0.0205,"zori_base":"NA"}},{"type":"MultiPolygon","arcs":[[[-63,442,443,-338,444]]],"properties":{"postal_code":"33185","realtor_list_price":727684.375,"realtor_list_price_yoy":-0.0752,"realtor_list_price_base":0.6612,"realtor_active_listings":68.333,"realtor_active_listings_yoy":-0.1239,"realtor_active_listings_base":-0.2604,"realtor_new_listings":21.333,"realtor_new_listings_yoy":-0.2195,"realtor_new_listings_base":-0.4465,"realtor_days_on_market":62.75,"realtor_days_on_market_yoy":0.0283,"realtor_days_on_market_base":0.0083,"zhvi":672448.098,"zhvi_yoy":0.0055,"zhvi_base":0.8054,"zori":3465.079,"zori_yoy":0.0856,"zori_base":"NA"}},{"type":"MultiPolygon","arcs":[[[445,-308]],[[-340,446,-409,447,-306],[-303]]],"properties":{"postal_code":"33186","realtor_list_price":533279.474,"realtor_list_price_yoy":-0.0425,"realtor_list_price_base":0.6369,"realtor_active_listings":174.333,"realtor_active_listings_yoy":-0.1803,"realtor_active_listings_base":-0.0667,"realtor_new_listings":63.333,"realtor_new_listings_yoy":-0.1038,"realtor_new_listings_base":-0.2598,"realtor_days_on_market":60.779,"realtor_days_on_market_yoy":0.023,"realtor_days_on_market_base":0.2107,"zhvi":521704.962,"zhvi_yoy":-0.0082,"zhvi_base":0.7235,"zori":2538.759,"zori_yoy":-0.0012,"zori_base":0.5798}},{"type":"MultiPolygon","arcs":[[[448,449,450,451]]],"properties":{"postal_code":"33476","realtor_list_price":218750,"realtor_list_price_yoy":-0.3739,"realtor_list_price_base":0.7574,"realtor_active_listings":4.667,"realtor_active_listings_yoy":-0.3333,"realtor_active_listings_base":-0.0871,"realtor_new_listings":1.333,"realtor_new_listings_yoy":-0.6,"realtor_new_listings_base":-0.0209,"realtor_days_on_market":22,"realtor_days_on_market_yoy":-0.551,"realtor_days_on_market_base":-0.7866,"zhvi":207520.161,"zhvi_yoy":0.0229,"zhvi_base":0.818,"zori":"NA","zori_yoy":"NA","zori_base":"NA"}},{"type":"MultiPolygon","arcs":[[[-147,-360,452]]],"properties":{"postal_code":"33477","realtor_list_price":761784.483,"realtor_list_price_yoy":0.0717,"realtor_list_price_base":0.3795,"realtor_active_listings":184.333,"realtor_active_listings_yoy":-0.2043,"realtor_active_listings_base":-0.1764,"realtor_new_listings":38.667,"realtor_new_listings_yoy":0.0741,"realtor_new_listings_base":-0.2534,"realtor_days_on_market":106.103,"realtor_days_on_market_yoy":0.0754,"realtor_days_on_market_base":0.3375,"zhvi":678534.051,"zhvi_yoy":0.0059,"zhvi_base":0.6356,"zori":5198.656,"zori_yoy":0.0478,"zori_base":"NA"}},{"type":"MultiPolygon","arcs":[[[-117,453,454,-327,-120]]],"properties":{"postal_code":"33027","realtor_list_price":271579.945,"realtor_list_price_yoy":-0.1592,"realtor_list_price_base":-0.1478,"realtor_active_listings":414.667,"realtor_active_listings_yoy":-0.1433,"realtor_active_listings_base":0.265,"realtor_new_listings":121.333,"realtor_new_listings_yoy":0.052,"realtor_new_listings_base":-0.1472,"realtor_days_on_market":74.747,"realtor_days_on_market_yoy":-0.0169,"realtor_days_on_market_base":0.433,"zhvi":470631.217,"zhvi_yoy":-0.0276,"zhvi_base":0.5391,"zori":2871.344,"zori_yoy":0.0095,"zori_base":0.5779}},{"type":"MultiPolygon","arcs":[[[-390,-187,455,-160,-392]]],"properties":{"postal_code":"33434","realtor_list_price":153355.769,"realtor_list_price_yoy":-0.1526,"realtor_list_price_base":0.182,"realtor_active_listings":242.333,"realtor_active_listings_yoy":-0.273,"realtor_active_listings_base":-0.3675,"realtor_new_listings":69.333,"realtor_new_listings_yoy":-0.0714,"realtor_new_listings_base":-0.1543,"realtor_days_on_market":79.567,"realtor_days_on_market_yoy":0.0168,"realtor_days_on_market_base":-0.0111,"zhvi":254998.709,"zhvi_yoy":0.0567,"zhvi_base":0.7371,"zori":2584.026,"zori_yoy":0.0453,"zori_base":"NA"}},{"type":"MultiPolygon","arcs":[[[-107,-417,456,-426,-7],[-425],[-424]]],"properties":{"postal_code":"33435","realtor_list_price":275055.042,"realtor_list_price_yoy":-0.0065,"realtor_list_price_base":0.1811,"realtor_active_listings":362.333,"realtor_active_listings_yoy":-0.0621,"realtor_active_listings_base":0.0663,"realtor_new_listings":79.333,"realtor_new_listings_yoy":0.1333,"realtor_new_listings_base":-0.0048,"realtor_days_on_market":92.193,"realtor_days_on_market_yoy":-0.0991,"realtor_days_on_market_base":0.1125,"zhvi":308334.792,"zhvi_yoy":0.017,"zhvi_base":0.6699,"zori":2453.943,"zori_yoy":0.0132,"zori_base":0.8337}},{"type":"MultiPolygon","arcs":[[[457,-297,-92,-420],[-87]]],"properties":{"postal_code":"33030","realtor_list_price":754965,"realtor_list_price_yoy":0.0904,"realtor_list_price_base":1.1298,"realtor_active_listings":156.333,"realtor_active_listings_yoy":-0.0085,"realtor_active_listings_base":0.7461,"realtor_new_listings":40,"realtor_new_listings_yoy":0.1111,"realtor_new_listings_base":0.2159,"realtor_days_on_market":72.667,"realtor_days_on_market_yoy":-0.0734,"realtor_days_on_market_base":0.0211,"zhvi":520048.101,"zhvi_yoy":-0.0042,"zhvi_base":1.0575,"zori":2475,"zori_yoy":0.0211,"zori_base":"NA"}},{"type":"MultiPolygon","arcs":[[[-253,-259,-294,-458,-419]]],"properties":{"postal_code":"33031","realtor_list_price":1218257.353,"realtor_list_price_yoy":0.0215,"realtor_list_price_base":1.1198,"realtor_active_listings":60,"realtor_active_listings_yoy":0,"realtor_active_listings_base":0.0552,"realtor_new_listings":11.333,"realtor_new_listings_yoy":-0.1053,"realtor_new_listings_base":0.1716,"realtor_days_on_market":71.353,"realtor_days_on_market_yoy":-0.2345,"realtor_days_on_market_base":-0.2891,"zhvi":908127.859,"zhvi_yoy":0.021,"zhvi_base":1.1797,"zori":"NA","zori_yoy":"NA","zori_base":"NA"}},{"type":"MultiPolygon","arcs":[[[-80,458,459,-288,-179]]],"properties":{"postal_code":"33313","realtor_list_price":137779.478,"realtor_list_price_yoy":-0.0458,"realtor_list_price_base":0.7625,"realtor_active_listings":482.667,"realtor_active_listings_yoy":-0.0771,"realtor_active_listings_base":0.8562,"realtor_new_listings":89.333,"realtor_new_listings_yoy":-0.036,"realtor_new_listings_base":-0.0242,"realtor_days_on_market":104.507,"realtor_days_on_market_yoy":-0.0126,"realtor_days_on_market_base":0.3696,"zhvi":159878.352,"zhvi_yoy":-0.0619,"zhvi_base":0.6198,"zori":1941.574,"zori_yoy":-0.0104,"zori_base":0.6404}},{"type":"MultiPolygon","arcs":[[[460,-243,-440,-128,461,-39,462]]],"properties":{"postal_code":"33023","realtor_list_price":500351.376,"realtor_list_price_yoy":-0.0078,"realtor_list_price_base":0.9046,"realtor_active_listings":160.667,"realtor_active_listings_yoy":-0.198,"realtor_active_listings_base":0.3016,"realtor_new_listings":72.667,"realtor_new_listings_yoy":0.0381,"realtor_new_listings_base":-0.1173,"realtor_days_on_market":55.33,"realtor_days_on_market_yoy":-0.1008,"realtor_days_on_market_base":0.2001,"zhvi":459203.048,"zhvi_yoy":-0.0141,"zhvi_base":0.8689,"zori":2462.698,"zori_yoy":0.0177,"zori_base":0.7462}},{"type":"MultiPolygon","arcs":[[[-290,-173,-245,463,464]]],"properties":{"postal_code":"33314","realtor_list_price":386653.882,"realtor_list_price_yoy":-0.1613,"realtor_list_price_base":0.2762,"realtor_active_listings":88.333,"realtor_active_listings_yoy":-0.1479,"realtor_active_listings_base":0.3831,"realtor_new_listings":22.667,"realtor_new_listings_yoy":-0.3061,"realtor_new_listings_base":-0.1205,"realtor_days_on_market":76.441,"realtor_days_on_market_yoy":0.0569,"realtor_days_on_market_base":0.4261,"zhvi":397431.912,"zhvi_yoy":-0.0222,"zhvi_base":0.6624,"zori":2373.682,"zori_yoy":0.0001,"zori_base":0.6614}},{"type":"MultiPolygon","arcs":[[[465,-170]],[[-436,-282,466,-168]]],"properties":{"postal_code":"33315","realtor_list_price":591614.286,"realtor_list_price_yoy":-0.1356,"realtor_list_price_base":0.6234,"realtor_active_listings":148.667,"realtor_active_listings_yoy":-0.1116,"realtor_active_listings_base":0.3289,"realtor_new_listings":37.333,"realtor_new_listings_yoy":0.1429,"realtor_new_listings_base":0.1631,"realtor_days_on_market":82,"realtor_days_on_market_yoy":0.0836,"realtor_days_on_market_base":0.1216,"zhvi":545510.477,"zhvi_yoy":-0.014,"zhvi_base":0.6649,"zori":2629.145,"zori_yoy":0.0132,"zori_base":"NA"}},{"type":"MultiPolygon","arcs":[[[-456,-186,-429,-49,467,-161]]],"properties":{"postal_code":"33433","realtor_list_price":423932.839,"realtor_list_price_yoy":-0.0731,"realtor_list_price_base":0.2414,"realtor_active_listings":281.667,"realtor_active_listings_yoy":-0.2248,"realtor_active_listings_base":-0.1533,"realtor_new_listings":78.667,"realtor_new_listings_yoy":-0.1061,"realtor_new_listings_base":-0.2486,"realtor_days_on_market":69.881,"realtor_days_on_market_yoy":-0.1555,"realtor_days_on_market_base":0.0919,"zhvi":463008.24,"zhvi_yoy":0.0081,"zhvi_base":0.5403,"zori":2541.697,"zori_yoy":0.0318,"zori_base":0.7282}},{"type":"MultiPolygon","arcs":[[[-451,468,-334,469,-151,470]]],"properties":{"postal_code":"33430","realtor_list_price":337625,"realtor_list_price_yoy":0.0446,"realtor_list_price_base":1.7173,"realtor_active_listings":16,"realtor_active_listings_yoy":0.6,"realtor_active_listings_base":0.8924,"realtor_new_listings":5.333,"realtor_new_listings_yoy":0.1429,"realtor_new_listings_base":0.5215,"realtor_days_on_market":60,"realtor_days_on_market_yoy":-0.0604,"realtor_days_on_market_base":0.0882,"zhvi":293480.488,"zhvi_yoy":0.0634,"zhvi_base":0.9016,"zori":"NA","zori_yoy":"NA","zori_base":"NA"}},{"type":"MultiPolygon","arcs":[[[471,-368,-324,-260,-68]]],"properties":{"postal_code":"33417","realtor_list_price":126131.931,"realtor_list_price_yoy":-0.0857,"realtor_list_price_base":0.797,"realtor_active_listings":347.333,"realtor_active_listings_yoy":-0.1853,"realtor_active_listings_base":0.2086,"realtor_new_listings":67.333,"realtor_new_listings_yoy":-0.1721,"realtor_new_listings_base":-0.2834,"realtor_days_on_market":82.347,"realtor_days_on_market_yoy":-0.2417,"realtor_days_on_market_base":0.0675,"zhvi":135164.657,"zhvi_yoy":-0.1134,"zhvi_base":0.4812,"zori":1829.445,"zori_yoy":0.0013,"zori_base":"NA"}},{"type":"MultiPolygon","arcs":[[[-455,472,473,474,475,-328]]],"properties":{"postal_code":"33015","realtor_list_price":310420.652,"realtor_list_price_yoy":-0.2208,"realtor_list_price_base":0.1064,"realtor_active_listings":183.667,"realtor_active_listings_yoy":-0.0316,"realtor_active_listings_base":0.2129,"realtor_new_listings":46,"realtor_new_listings_yoy":0.1129,"realtor_new_listings_base":-0.3156,"realtor_days_on_market":71.217,"realtor_days_on_market_yoy":-0.0434,"realtor_days_on_market_base":0.3148,"zhvi":395077.354,"zhvi_yoy":-0.0166,"zhvi_base":0.676,"zori":2253.299,"zori_yoy":-0.0132,"zori_base":0.5736}},{"type":"MultiPolygon","arcs":[[[476,-216,477,478,479,-434,-166,-289,-460]]],"properties":{"postal_code":"33311","realtor_list_price":397783.065,"realtor_list_price_yoy":0.0122,"realtor_list_price_base":0.9747,"realtor_active_listings":361.667,"realtor_active_listings_yoy":-0.1602,"realtor_active_listings_base":0.4784,"realtor_new_listings":82.667,"realtor_new_listings_yoy":-0.1268,"realtor_new_listings_base":-0.0441,"realtor_days_on_market":87.008,"realtor_days_on_market_yoy":0.0181,"realtor_days_on_market_base":0.2928,"zhvi":365912.639,"zhvi_yoy":-0.0189,"zhvi_base":0.9254,"zori":2415.317,"zori_yoy":0.0283,"zori_base":0.7413}},{"type":"MultiPolygon","arcs":[[[480,-362,-376,-364,-195]]],"properties":{"postal_code":"33418","realtor_list_price":736970.226,"realtor_list_price_yoy":-0.0299,"realtor_list_price_base":0.3718,"realtor_active_listings":306.333,"realtor_active_listings_yoy":-0.2139,"realtor_active_listings_base":-0.3018,"realtor_new_listings":82.667,"realtor_new_listings_yoy":-0.1206,"realtor_new_listings_base":-0.2508,"realtor_days_on_market":79.073,"realtor_days_on_market_yoy":-0.0807,"realtor_days_on_market_base":-0.0143,"zhvi":730714.803,"zhvi_yoy":0.0382,"zhvi_base":0.7998,"zori":2955.215,"zori_yoy":0.0384,"zori_base":"NA"}},{"type":"MultiPolygon","arcs":[[[-428,-184,481,-343]]],"properties":{"postal_code":"33432","realtor_list_price":1279874.545,"realtor_list_price_yoy":-0.2966,"realtor_list_price_base":0.1613,"realtor_active_listings":324.333,"realtor_active_listings_yoy":-0.1925,"realtor_active_listings_base":-0.1651,"realtor_new_listings":73.333,"realtor_new_listings_yoy":0.3415,"realtor_new_listings_base":0.1289,"realtor_days_on_market":90.909,"realtor_days_on_market_yoy":-0.1557,"realtor_days_on_market_base":-0.1461,"zhvi":1069241.935,"zhvi_yoy":0.0641,"zhvi_base":0.7636,"zori":3121.015,"zori_yoy":0.0295,"zori_base":0.6627}},{"type":"MultiPolygon","arcs":[[[482,-279,-435,-480,483]]],"properties":{"postal_code":"33304","realtor_list_price":780790.07,"realtor_list_price_yoy":0.0305,"realtor_list_price_base":0.2206,"realtor_active_listings":463.667,"realtor_active_listings_yoy":0.0311,"realtor_active_listings_base":0.0364,"realtor_new_listings":76.667,"realtor_new_listings_yoy":0.4198,"realtor_new_listings_base":0.0709,"realtor_days_on_market":93.817,"realtor_days_on_market_yoy":-0.2356,"realtor_days_on_market_base":-0.0706,"zhvi":595863.122,"zhvi_yoy":-0.0099,"zhvi_base":0.4694,"zori":2517.94,"zori_yoy":0.0182,"zori_base":0.6496}},{"type":"MultiPolygon","arcs":[[[-300,-291,-465,484,-233,485]]],"properties":{"postal_code":"33328","realtor_list_price":544807.473,"realtor_list_price_yoy":-0.0995,"realtor_list_price_base":0.1467,"realtor_active_listings":119.667,"realtor_active_listings_yoy":-0.282,"realtor_active_listings_base":-0.0106,"realtor_new_listings":49.333,"realtor_new_listings_yoy":0.2333,"realtor_new_listings_base":0.0856,"realtor_days_on_market":51.581,"realtor_days_on_market_yoy":-0.2524,"realtor_days_on_market_base":-0.0624,"zhvi":626047.219,"zhvi_yoy":-0.0066,"zhvi_base":0.64,"zori":2719.806,"zori_yoy":0.024,"zori_base":"NA"}},{"type":"MultiPolygon","arcs":[[[486,-41,487,-158,488]]],"properties":{"postal_code":"33054","realtor_list_price":485569.737,"realtor_list_price_yoy":0.0189,"realtor_list_price_base":1.203,"realtor_active_listings":65.333,"realtor_active_listings_yoy":-0.0297,"realtor_active_listings_base":0.2761,"realtor_new_listings":25.333,"realtor_new_listings_yoy":0.1176,"realtor_new_listings_base":-0.0273,"realtor_days_on_market":54,"realtor_days_on_market_yoy":-0.1236,"realtor_days_on_market_base":0.0555,"zhvi":430512.087,"zhvi_yoy":0.0158,"zhvi_base":1.0989,"zori":2324.306,"zori_yoy":-0.0093,"zori_base":"NA"}},{"type":"MultiPolygon","arcs":[[[489,-301,-486,-236,-115,-220]]],"properties":{"postal_code":"33330","realtor_list_price":2385625,"realtor_list_price_yoy":0.1769,"realtor_list_price_base":0.9125,"realtor_active_listings":58.667,"realtor_active_listings_yoy":-0.36,"realtor_active_listings_base":-0.5327,"realtor_new_listings":16,"realtor_new_listings_yoy":-0.1429,"realtor_new_listings_base":-0.2848,"realtor_days_on_market":86.417,"realtor_days_on_market_yoy":0.1931,"realtor_days_on_market_base":-0.0261,"zhvi":1113257.445,"zhvi_yoy":0.0284,"zhvi_base":0.9503,"zori":"NA","zori_yoy":"NA","zori_base":"NA"}},{"type":"MultiPolygon","arcs":[[[490,491,-221,-122,-326,492]]],"properties":{"postal_code":"33332","realtor_list_price":1441319.444,"realtor_list_price_yoy":0.0904,"realtor_list_price_base":0.9974,"realtor_active_listings":52.667,"realtor_active_listings_yoy":-0.2293,"realtor_active_listings_base":-0.4747,"realtor_new_listings":12,"realtor_new_listings_yoy":-0.28,"realtor_new_listings_base":-0.4143,"realtor_days_on_market":66,"realtor_days_on_market_yoy":0.1403,"realtor_days_on_market_base":-0.0967,"zhvi":1022858.495,"zhvi_yoy":0.0023,"zhvi_base":0.7697,"zori":4085.556,"zori_yoy":"NA","zori_base":"NA"}},{"type":"MultiPolygon","arcs":[[[-42,-487,493,-474,494]]],"properties":{"postal_code":"33055","realtor_list_price":567365.625,"realtor_list_price_yoy":0.0359,"realtor_list_price_base":1.0811,"realtor_active_listings":57.667,"realtor_active_listings_yoy":-0.1173,"realtor_active_listings_base":0.2069,"realtor_new_listings":26.667,"realtor_new_listings_yoy":0.1111,"realtor_new_listings_base":-0.039,"realtor_days_on_market":50.875,"realtor_days_on_market_yoy":-0.1556,"realtor_days_on_market_base":0.0854,"zhvi":503085.149,"zhvi_yoy":0.0036,"zhvi_base":0.9304,"zori":3036.667,"zori_yoy":0.0365,"zori_base":"NA"}},{"type":"MultiPolygon","arcs":[[[-74,-345,495,496,-211]]],"properties":{"postal_code":"33062","realtor_list_price":557038.071,"realtor_list_price_yoy":0.0005,"realtor_list_price_base":0.385,"realtor_active_listings":611,"realtor_active_listings_yoy":-0.1171,"realtor_active_listings_base":0.0102,"realtor_new_listings":112,"realtor_new_listings_yoy":0.0307,"realtor_new_listings_base":0.037,"realtor_days_on_market":98.643,"realtor_days_on_market_yoy":-0.0532,"realtor_days_on_market_base":0.0021,"zhvi":473144.204,"zhvi_yoy":-0.0023,"zhvi_base":0.4774,"zori":3048.74,"zori_yoy":0.0513,"zori_base":0.705}},{"type":"MultiPolygon","arcs":[[[-86,497,498,499,-77,-25,500,-491,501,502]]],"properties":{"postal_code":"33327","realtor_list_price":985887.2,"realtor_list_price_yoy":-0.0169,"realtor_list_price_base":0.5325,"realtor_active_listings":88.667,"realtor_active_listings_yoy":-0.0952,"realtor_active_listings_base":-0.4459,"realtor_new_listings":26.667,"realtor_new_listings_yoy":0,"realtor_new_listings_base":-0.412,"realtor_days_on_market":67.35,"realtor_days_on_market_yoy":0.2102,"realtor_days_on_market_base":0.0196,"zhvi":841049.624,"zhvi_yoy":-0.0045,"zhvi_base":0.6577,"zori":4261.351,"zori_yoy":0.018,"zori_base":"NA"}},{"type":"MultiPolygon","arcs":[[[503]],[[-30,504,-218,-492,-501]]],"properties":{"postal_code":"33326","realtor_list_price":549910.714,"realtor_list_price_yoy":0.0048,"realtor_list_price_base":0.4072,"realtor_active_listings":212.333,"realtor_active_listings_yoy":-0.023,"realtor_active_listings_base":0.051,"realtor_new_listings":56,"realtor_new_listings_yoy":0,"realtor_new_listings_base":-0.1378,"realtor_days_on_market":66.643,"realtor_days_on_market_yoy":0.1005,"realtor_days_on_market_base":0.1092,"zhvi":549950.135,"zhvi_yoy":-0.0284,"zhvi_base":0.5823,"zori":2928.933,"zori_yoy":0.0117,"zori_base":"NA"}},{"type":"MultiPolygon","arcs":[[[505,506,-217,-477,-459,-79]]],"properties":{"postal_code":"33319","realtor_list_price":149238.095,"realtor_list_price_yoy":-0.071,"realtor_list_price_base":0.4992,"realtor_active_listings":624.333,"realtor_active_listings_yoy":-0.1814,"realtor_active_listings_base":0.319,"realtor_new_listings":98,"realtor_new_listings_yoy":-0.1552,"realtor_new_listings_base":-0.2838,"realtor_days_on_market":111.721,"realtor_days_on_market_yoy":-0.0206,"realtor_days_on_market_base":0.4345,"zhvi":194305.495,"zhvi_yoy":-0.0703,"zhvi_base":0.5194,"zori":1911.121,"zori_yoy":-0.0131,"zori_base":"NA"}},{"type":"MultiPolygon","arcs":[[[-29,-302,-490,-219,-505],[-504]]],"properties":{"postal_code":"33325","realtor_list_price":666454.787,"realtor_list_price_yoy":-0.0686,"realtor_list_price_base":0.467,"realtor_active_listings":114.333,"realtor_active_listings_yoy":-0.1552,"realtor_active_listings_base":-0.1183,"realtor_new_listings":31.333,"realtor_new_listings_yoy":-0.0784,"realtor_new_listings_base":-0.2682,"realtor_days_on_market":63.426,"realtor_days_on_market_yoy":0.0033,"realtor_days_on_market_base":-0.0022,"zhvi":608345.518,"zhvi_yoy":-0.0194,"zhvi_base":0.5824,"zori":2864.398,"zori_yoy":0.0291,"zori_base":"NA"}},{"type":"MultiPolygon","arcs":[[[507,-15,508,509]]],"properties":{"postal_code":"33066","realtor_list_price":208975.127,"realtor_list_price_yoy":-0.0493,"realtor_list_price_base":0.3736,"realtor_active_listings":239.667,"realtor_active_listings_yoy":-0.2055,"realtor_active_listings_base":0.4373,"realtor_new_listings":52.667,"realtor_new_listings_yoy":0.1127,"realtor_new_listings_base":-0.1875,"realtor_days_on_market":87.835,"realtor_days_on_market_yoy":-0.1241,"realtor_days_on_market_base":0.4815,"zhvi":198671.282,"zhvi_yoy":-0.0853,"zhvi_base":0.4011,"zori":2706.528,"zori_yoy":0.0052,"zori_base":"NA"}},{"type":"MultiPolygon","arcs":[[[510,511,-509,-20,-214,-507,512]]],"properties":{"postal_code":"33068","realtor_list_price":334171.717,"realtor_list_price_yoy":0.0249,"realtor_list_price_base":0.8735,"realtor_active_listings":235.667,"realtor_active_listings_yoy":0.0777,"realtor_active_listings_base":0.6646,"realtor_new_listings":66,"realtor_new_listings_yoy":0.4143,"realtor_new_listings_base":-0.2056,"realtor_days_on_market":86.384,"realtor_days_on_market_yoy":0.0952,"realtor_days_on_market_base":0.6822,"zhvi":361726.578,"zhvi_yoy":-0.0192,"zhvi_base":0.6459,"zori":2248.664,"zori_yoy":0.0085,"zori_base":0.7482}},{"type":"MultiPolygon","arcs":[[[513,514,-240,-407,-447,-339,-444]]],"properties":{"postal_code":"33183","realtor_list_price":381638.889,"realtor_list_price_yoy":-0.0012,"realtor_list_price_base":0.4507,"realtor_active_listings":101.333,"realtor_active_listings_yoy":-0.1717,"realtor_active_listings_base":0.0144,"realtor_new_listings":30,"realtor_new_listings_yoy":0.0227,"realtor_new_listings_base":-0.3156,"realtor_days_on_market":70.667,"realtor_days_on_market_yoy":0.0161,"realtor_days_on_market_base":0.2336,"zhvi":399168.114,"zhvi_yoy":-0.0198,"zhvi_base":0.6835,"zori":2459.889,"zori_yoy":-0.0109,"zori_base":"NA"}},{"type":"MultiPolygon","arcs":[[[-162,-468,-53,-76,-16,-508,515,-246]]],"properties":{"postal_code":"33073","realtor_list_price":491941.667,"realtor_list_price_yoy":-0.0669,"realtor_list_price_base":0.3346,"realtor_active_listings":89,"realtor_active_listings_yoy":-0.163,"realtor_active_listings_base":-0.1546,"realtor_new_listings":30,"realtor_new_listings_yoy":0.0465,"realtor_new_listings_base":-0.3302,"realtor_days_on_market":60.733,"realtor_days_on_market_yoy":-0.0901,"realtor_days_on_market_base":0.264,"zhvi":521273.838,"zhvi_yoy":-0.0141,"zhvi_base":0.5089,"zori":2537.044,"zori_yoy":0.0396,"zori_base":0.6029}},{"type":"MultiPolygon","arcs":[[[516,517,-224,518]]],"properties":{"postal_code":"33109","realtor_list_price":10891666.667,"realtor_list_price_yoy":-0.055,"realtor_list_price_base":1.781,"realtor_active_listings":42.333,"realtor_active_listings_yoy":-0.0797,"realtor_active_listings_base":-0.5464,"realtor_new_listings":4,"realtor_new_listings_yoy":0.5,"realtor_new_listings_base":-0.486,"realtor_days_on_market":149,"realtor_days_on_market_yoy":0.1119,"realtor_days_on_market_base":0.0104,"zhvi":6862744.274,"zhvi_yoy":0.078,"zhvi_base":0.8424,"zori":"NA","zori_yoy":"NA","zori_base":"NA"}},{"type":"MultiPolygon","arcs":[[[519,520,-438,521]]],"properties":{"postal_code":"33019","realtor_list_price":586876.188,"realtor_list_price_yoy":-0.0209,"realtor_list_price_base":0.2426,"realtor_active_listings":630,"realtor_active_listings_yoy":-0.2184,"realtor_active_listings_base":-0.1996,"realtor_new_listings":85.333,"realtor_new_listings_yoy":-0.1172,"realtor_new_listings_base":-0.1527,"realtor_days_on_market":101.031,"realtor_days_on_market_yoy":-0.1095,"realtor_days_on_market_base":-0.0465,"zhvi":500400.994,"zhvi_yoy":-0.0199,"zhvi_base":0.3147,"zori":3297.159,"zori_yoy":0.0668,"zori_base":"NA"}},{"type":"MultiPolygon","arcs":[[[-275,-232,-141,-124,-431]]],"properties":{"postal_code":"33122","realtor_list_price":1890000,"realtor_list_price_yoy":"NA","realtor_list_price_base":"NA","realtor_active_listings":2.333,"realtor_active_listings_yoy":-0.5,"realtor_active_listings_base":-0.865,"realtor_new_listings":1.333,"realtor_new_listings_yoy":"Inf","realtor_new_listings_base":0.4899,"realtor_days_on_market":56,"realtor_days_on_market_yoy":"NA","realtor_days_on_market_base":"NA","zhvi":1503923.069,"zhvi_yoy":-0.0212,"zhvi_base":"NA","zori":2705.258,"zori_yoy":-0.0252,"zori_base":"NA"}},{"type":"MultiPolygon","arcs":[[[-296,522,-94]]],"properties":{"postal_code":"33035","realtor_list_price":336077.465,"realtor_list_price_yoy":-0.0498,"realtor_list_price_base":1.1094,"realtor_active_listings":250,"realtor_active_listings_yoy":-0.0157,"realtor_active_listings_base":1.3492,"realtor_new_listings":47.333,"realtor_new_listings_yoy":0.1639,"realtor_new_listings_base":0.3259,"realtor_days_on_market":84.423,"realtor_days_on_market_yoy":-0.0269,"realtor_days_on_market_base":0.3214,"zhvi":325253.466,"zhvi_yoy":-0.065,"zhvi_base":0.8449,"zori":2288.17,"zori_yoy":-0.0133,"zori_base":"NA"}},{"type":"MultiPolygon","arcs":[[[-363,523,-98,524,-96,-377]]],"properties":{"postal_code":"33136","realtor_list_price":555305.556,"realtor_list_price_yoy":0.4269,"realtor_list_price_base":1.2075,"realtor_active_listings":40.333,"realtor_active_listings_yoy":-0.2484,"realtor_active_listings_base":0.5455,"realtor_new_listings":6,"realtor_new_listings_yoy":-0.1,"realtor_new_listings_base":0.9241,"realtor_days_on_market":109.333,"realtor_days_on_market_yoy":0.1111,"realtor_days_on_market_base":0.0913,"zhvi":318604.166,"zhvi_yoy":-0.0605,"zhvi_base":0.5637,"zori":2588.972,"zori_yoy":0.0008,"zori_base":"NA"}},{"type":"MultiPolygon","arcs":[[[-309,-446,-307,-448,-408,-384,525,-249,-418]]],"properties":{"postal_code":"33177","realtor_list_price":658944.643,"realtor_list_price_yoy":0.0164,"realtor_list_price_base":0.9872,"realtor_active_listings":136,"realtor_active_listings_yoy":-0.2184,"realtor_active_listings_base":0.2011,"realtor_new_listings":46.667,"realtor_new_listings_yoy":-0.1358,"realtor_new_listings_base":-0.2078,"realtor_days_on_market":61.943,"realtor_days_on_market_yoy":0.0427,"realtor_days_on_market_base":0.1976,"zhvi":571878.858,"zhvi_yoy":-0.0016,"zhvi_base":0.9249,"zori":2818.554,"zori_yoy":0.0006,"zori_base":0.769}},{"type":"MultiPolygon","arcs":[[[-127,-413,-60,-432]]],"properties":{"postal_code":"33182","realtor_list_price":785050,"realtor_list_price_yoy":-0.0452,"realtor_list_price_base":0.6519,"realtor_active_listings":25.333,"realtor_active_listings_yoy":-0.3613,"realtor_active_listings_base":-0.2559,"realtor_new_listings":10,"realtor_new_listings_yoy":-0.3182,"realtor_new_listings_base":-0.0123,"realtor_days_on_market":69.2,"realtor_days_on_market_yoy":0.1421,"realtor_days_on_market_base":0.0939,"zhvi":664917.734,"zhvi_yoy":0.0281,"zhvi_base":0.8956,"zori":2980,"zori_yoy":"NA","zori_base":"NA"}},{"type":"MultiPolygon","arcs":[[[526,-270,-14,-389,-137]]],"properties":{"postal_code":"33484","realtor_list_price":193959.184,"realtor_list_price_yoy":-0.0737,"realtor_list_price_base":0.3771,"realtor_active_listings":381,"realtor_active_listings_yoy":-0.2068,"realtor_active_listings_base":0.2697,"realtor_new_listings":98,"realtor_new_listings_yoy":-0.0265,"realtor_new_listings_base":-0.1198,"realtor_days_on_market":75.694,"realtor_days_on_market_yoy":-0.1122,"realtor_days_on_market_base":0.14,"zhvi":200469.404,"zhvi_yoy":-0.0639,"zhvi_base":0.3236,"zori":2692.507,"zori_yoy":0.0349,"zori_base":"NA"}},{"type":"MultiPolygon","arcs":[[[-494,-489,-157,-109,527,528,-475]]],"properties":{"postal_code":"33014","realtor_list_price":433902.564,"realtor_list_price_yoy":0.0168,"realtor_list_price_base":0.3085,"realtor_active_listings":73.667,"realtor_active_listings_yoy":-0.1401,"realtor_active_listings_base":0.1439,"realtor_new_listings":26,"realtor_new_listings_yoy":0,"realtor_new_listings_base":-0.0571,"realtor_days_on_market":61.974,"realtor_days_on_market_yoy":0.0121,"realtor_days_on_market_base":0.1364,"zhvi":439493.322,"zhvi_yoy":0,"zhvi_base":0.7231,"zori":2362.098,"zori_yoy":0.0043,"zori_base":"NA"}},{"type":"MultiPolygon","arcs":[[[529,-449]]],"properties":{"postal_code":"33438","realtor_list_price":"NA","realtor_list_price_yoy":"NA","realtor_list_price_base":"NA","realtor_active_listings":1.333,"realtor_active_listings_yoy":0.3333,"realtor_active_listings_base":-0.2585,"realtor_new_listings":0,"realtor_new_listings_yoy":"NaN","realtor_new_listings_base":-1,"realtor_days_on_market":"NA","realtor_days_on_market_yoy":"NA","realtor_days_on_market_base":"NA","zhvi":"NA","zhvi_yoy":"NA","zhvi_base":"NA","zori":"NA","zori_yoy":"NA","zori_base":"NA"}},{"type":"MultiPolygon","arcs":[[[530,531,-511,532,-499]]],"properties":{"postal_code":"33071","realtor_list_price":384278.704,"realtor_list_price_yoy":-0.2852,"realtor_list_price_base":-0.0396,"realtor_active_listings":184,"realtor_active_listings_yoy":-0.1402,"realtor_active_listings_base":0.0444,"realtor_new_listings":54,"realtor_new_listings_yoy":0.0125,"realtor_new_listings_base":-0.1969,"realtor_days_on_market":69.173,"realtor_days_on_market_yoy":-0.1219,"realtor_days_on_market_base":0.3539,"zhvi":590057.519,"zhvi_yoy":-0.0046,"zhvi_base":0.6186,"zori":2320.133,"zori_yoy":0.0046,"zori_base":0.5874}},{"type":"MultiPolygon","arcs":[[[-213,533,534,535,-478,-215]]],"properties":{"postal_code":"33334","realtor_list_price":563348.69,"realtor_list_price_yoy":0.0597,"realtor_list_price_base":0.5491,"realtor_active_listings":215,"realtor_active_listings_yoy":-0.1927,"realtor_active_listings_base":0.2209,"realtor_new_listings":58,"realtor_new_listings_yoy":-0.0745,"realtor_new_listings_base":-0.0781,"realtor_days_on_market":72.264,"realtor_days_on_market_yoy":-0.124,"realtor_days_on_market_base":0.238,"zhvi":433898.597,"zhvi_yoy":-0.022,"zhvi_base":0.6346,"zori":2224.029,"zori_yoy":-0.002,"zori_base":0.6225}},{"type":"MultiPolygon","arcs":[[[-85,-248,536,-531,-498]]],"properties":{"postal_code":"33065","realtor_list_price":229281.5,"realtor_list_price_yoy":-0.1176,"realtor_list_price_base":-0.0232,"realtor_active_listings":248.667,"realtor_active_listings_yoy":-0.1503,"realtor_active_listings_base":0.3398,"realtor_new_listings":66.667,"realtor_new_listings_yoy":-0.0196,"realtor_new_listings_base":-0.155,"realtor_days_on_market":77.2,"realtor_days_on_market_yoy":-0.0245,"realtor_days_on_market_base":0.4848,"zhvi":331785.651,"zhvi_yoy":-0.0614,"zhvi_base":0.4726,"zori":2266.637,"zori_yoy":0.006,"zori_base":0.6273}},{"type":"MultiPolygon","arcs":[[[-197,-472,-72,-283,-331]]],"properties":{"postal_code":"33411","realtor_list_price":427076.124,"realtor_list_price_yoy":0.0004,"realtor_list_price_base":0.3112,"realtor_active_listings":396.333,"realtor_active_listings_yoy":-0.1621,"realtor_active_listings_base":-0.0998,"realtor_new_listings":118.667,"realtor_new_listings_yoy":-0.0532,"realtor_new_listings_base":-0.2734,"realtor_days_on_market":66.022,"realtor_days_on_market_yoy":-0.1635,"realtor_days_on_market_base":0.101,"zhvi":466790.659,"zhvi_yoy":0.0061,"zhvi_base":0.6845,"zori":2208.569,"zori_yoy":0.0182,"zori_base":0.6346}},{"type":"MultiPolygon","arcs":[[[-62,-412,537,-514,-443]]],"properties":{"postal_code":"33175","realtor_list_price":832797.56,"realtor_list_price_yoy":0.1499,"realtor_list_price_base":0.7105,"realtor_active_listings":125,"realtor_active_listings_yoy":-0.0602,"realtor_active_listings_base":0.0268,"realtor_new_listings":33.333,"realtor_new_listings_yoy":-0.1525,"realtor_new_listings_base":-0.2951,"realtor_days_on_market":71.68,"realtor_days_on_market_yoy":0.1402,"realtor_days_on_market_base":0.2291,"zhvi":625403.71,"zhvi_yoy":0.0189,"zhvi_base":0.8748,"zori":3070.667,"zori_yoy":0.0491,"zori_base":"NA"}},{"type":"MultiPolygon","arcs":[[[-536,538,539,540,-484,-479]]],"properties":{"postal_code":"33305","realtor_list_price":1131928.509,"realtor_list_price_yoy":-0.0601,"realtor_list_price_base":0.5786,"realtor_active_listings":194.667,"realtor_active_listings_yoy":-0.0889,"realtor_active_listings_base":0.0271,"realtor_new_listings":36.667,"realtor_new_listings_yoy":-0.0984,"realtor_new_listings_base":-0.0572,"realtor_days_on_market":88.618,"realtor_days_on_market_yoy":-0.0858,"realtor_days_on_market_base":0.0552,"zhvi":680782.329,"zhvi_yoy":0.011,"zhvi_base":0.5797,"zori":2324.948,"zori_yoy":0.0186,"zori_base":"NA"}},{"type":"MultiPolygon","arcs":[[[-462,-135,541,-133,542,-188,543,-154,-488,-40]]],"properties":{"postal_code":"33169","realtor_list_price":279470.588,"realtor_list_price_yoy":-0.3267,"realtor_list_price_base":0.4391,"realtor_active_listings":166.333,"realtor_active_listings_yoy":-0.1152,"realtor_active_listings_base":0.4864,"realtor_new_listings":34,"realtor_new_listings_yoy":-0.1207,"realtor_new_listings_base":-0.135,"realtor_days_on_market":83.686,"realtor_days_on_market_yoy":-0.0269,"realtor_days_on_market_base":0.2885,"zhvi":470591.952,"zhvi_yoy":0.0001,"zhvi_base":0.9777,"zori":2069.017,"zori_yoy":-0.0015,"zori_base":"NA"}},{"type":"MultiPolygon","arcs":[[[-544,-191,-54,-155]]],"properties":{"postal_code":"33168","realtor_list_price":581833.333,"realtor_list_price_yoy":0.0056,"realtor_list_price_base":1.0951,"realtor_active_listings":68.667,"realtor_active_listings_yoy":-0.0594,"realtor_active_listings_base":0.4497,"realtor_new_listings":24,"realtor_new_listings_yoy":-0.0769,"realtor_new_listings_base":0.2209,"realtor_days_on_market":72.333,"realtor_days_on_market_yoy":0.1076,"realtor_days_on_market_base":0.1964,"zhvi":464527.67,"zhvi_yoy":0.0148,"zhvi_base":1.0386,"zori":2712.5,"zori_yoy":0.0014,"zori_base":"NA"}},{"type":"MultiPolygon","arcs":[[[-528,-113,-441,544]]],"properties":{"postal_code":"33012","realtor_list_price":276153.571,"realtor_list_price_yoy":-0.0925,"realtor_list_price_base":0.0895,"realtor_active_listings":140.667,"realtor_active_listings_yoy":0.0343,"realtor_active_listings_base":0.6017,"realtor_new_listings":37.333,"realtor_new_listings_yoy":-0.0968,"realtor_new_listings_base":-0.1379,"realtor_days_on_market":71.929,"realtor_days_on_market_yoy":0.0793,"realtor_days_on_market_base":0.4037,"zhvi":384711.32,"zhvi_yoy":-0.0084,"zhvi_base":0.7277,"zori":2200.866,"zori_yoy":0.0037,"zori_base":"NA"}},{"type":"MultiPolygon","arcs":[[[-533,-513,-506,-78,-500]]],"properties":{"postal_code":"33321","realtor_list_price":215141.935,"realtor_list_price_yoy":-0.1429,"realtor_list_price_base":0.1671,"realtor_active_listings":419.667,"realtor_active_listings_yoy":-0.1924,"realtor_active_listings_base":0.4177,"realtor_new_listings":103.333,"realtor_new_listings_yoy":0.0065,"realtor_new_listings_base":-0.2903,"realtor_days_on_market":81.4,"realtor_days_on_market_yoy":-0.0148,"realtor_days_on_market_base":0.5971,"zhvi":293086.897,"zhvi_yoy":-0.0498,"zhvi_base":0.5272,"zori":2185.92,"zori_yoy":0.0149,"zori_base":"NA"}},{"type":"MultiPolygon","arcs":[[[-255]],[[-526,-383,545,546,-250]]],"properties":{"postal_code":"33189","realtor_list_price":608363.953,"realtor_list_price_yoy":0.0208,"realtor_list_price_base":0.8161,"realtor_active_listings":85.333,"realtor_active_listings_yoy":-0.0519,"realtor_active_listings_base":0.1592,"realtor_new_listings":28.667,"realtor_new_listings_yoy":0,"realtor_new_listings_base":-0.2449,"realtor_days_on_market":59.837,"realtor_days_on_market_yoy":0.0549,"realtor_days_on_market_base":0.1463,"zhvi":550267.472,"zhvi_yoy":0.0077,"zhvi_base":0.9632,"zori":2802.971,"zori_yoy":0.0538,"zori_base":"NA"}},{"type":"MultiPolygon","arcs":[[[-134,-542]],[[-132,-388,-317,-189,-543]]],"properties":{"postal_code":"33162","realtor_list_price":375485,"realtor_list_price_yoy":0.2522,"realtor_list_price_base":0.5887,"realtor_active_listings":176,"realtor_active_listings_yoy":-0.2143,"realtor_active_listings_base":0.1904,"realtor_new_listings":40,"realtor_new_listings_yoy":0.0169,"realtor_new_listings_base":-0.0788,"realtor_days_on_market":82.633,"realtor_days_on_market_yoy":-0.0758,"realtor_days_on_market_base":0.2309,"zhvi":469253.725,"zhvi_yoy":0.0136,"zhvi_base":1.0021,"zori":2252.014,"zori_yoy":-0.0171,"zori_base":0.5902}},{"type":"MultiPolygon","arcs":[[[-411,-395,-237,-515,-538]]],"properties":{"postal_code":"33165","realtor_list_price":763740.196,"realtor_list_price_yoy":-0.0362,"realtor_list_price_base":0.7945,"realtor_active_listings":91.667,"realtor_active_listings_yoy":-0.1352,"realtor_active_listings_base":-0.1333,"realtor_new_listings":34,"realtor_new_listings_yoy":-0.0377,"realtor_new_listings_base":-0.1479,"realtor_days_on_market":55.549,"realtor_days_on_market_yoy":-0.107,"realtor_days_on_market_base":-0.1653,"zhvi":680797.18,"zhvi_yoy":0.0201,"zhvi_base":0.8743,"zori":3247.5,"zori_yoy":-0.0265,"zori_base":"NA"}},{"type":"MultiPolygon","arcs":[[[-212,-497,547,-540,548,-534]]],"properties":{"postal_code":"33308","realtor_list_price":549231.399,"realtor_list_price_yoy":-0.0205,"realtor_list_price_base":0.1671,"realtor_active_listings":536.333,"realtor_active_listings_yoy":-0.2151,"realtor_active_listings_base":-0.1379,"realtor_new_listings":112,"realtor_new_listings_yoy":0.1351,"realtor_new_listings_base":-0.0841,"realtor_days_on_market":89.72,"realtor_days_on_market_yoy":-0.1524,"realtor_days_on_market_base":0.0119,"zhvi":520591.369,"zhvi_yoy":0.0027,"zhvi_base":0.4973,"zori":2504.851,"zori_yoy":0.0158,"zori_base":0.6805}},{"type":"MultiPolygon","arcs":[[[-467,-281,549,-520,550,-171,-466,-169]]],"properties":{"postal_code":"33004","realtor_list_price":328150,"realtor_list_price_yoy":-0.0884,"realtor_list_price_base":0.4057,"realtor_active_listings":125.333,"realtor_active_listings_yoy":-0.1826,"realtor_active_listings_base":0.1769,"realtor_new_listings":26.667,"realtor_new_listings_yoy":-0.0476,"realtor_new_listings_base":-0.0255,"realtor_days_on_market":77.9,"realtor_days_on_market_yoy":-0.2479,"realtor_days_on_market_base":-0.0097,"zhvi":333179.165,"zhvi_yoy":-0.0228,"zhvi_base":0.5658,"zori":2526.187,"zori_yoy":-0.0162,"zori_base":"NA"}},{"type":"MultiPolygon","arcs":[[[-547,551,-256,-251]]],"properties":{"postal_code":"33190","realtor_list_price":415928.125,"realtor_list_price_yoy":-0.0741,"realtor_list_price_base":0.7161,"realtor_active_listings":83.333,"realtor_active_listings_yoy":-0.1497,"realtor_active_listings_base":0.0754,"realtor_new_listings":21.333,"realtor_new_listings_yoy":-0.0588,"realtor_new_listings_base":-0.2089,"realtor_days_on_market":76.5,"realtor_days_on_market_yoy":0.2457,"realtor_days_on_market_base":0.2457,"zhvi":432655.962,"zhvi_yoy":-0.0356,"zhvi_base":0.8119,"zori":2953.125,"zori_yoy":0.0311,"zori_base":"NA"}},{"type":"MultiPolygon","arcs":[[[-433,-64,-445,-341,-304,-89,552]]],"properties":{"postal_code":"33194","realtor_list_price":844978.571,"realtor_list_price_yoy":0.4902,"realtor_list_price_base":0.955,"realtor_active_listings":12.333,"realtor_active_listings_yoy":-0.3729,"realtor_active_listings_base":-0.2486,"realtor_new_listings":4.667,"realtor_new_listings_yoy":0.1667,"realtor_new_listings_base":-0.1955,"realtor_days_on_market":46.286,"realtor_days_on_market_yoy":-0.1927,"realtor_days_on_market_base":-0.1133,"zhvi":571393.785,"zhvi_yoy":-0.0288,"zhvi_base":0.5701,"zori":3788.778,"zori_yoy":"NA","zori_base":"NA"}},{"type":"MultiPolygon","arcs":[[[-247,-516,-510,-512,-532,-537]]],"properties":{"postal_code":"33063","realtor_list_price":167869.697,"realtor_list_price_yoy":-0.1218,"realtor_list_price_base":0.0588,"realtor_active_listings":425.333,"realtor_active_listings_yoy":-0.126,"realtor_active_listings_base":0.6019,"realtor_new_listings":110,"realtor_new_listings_yoy":0.0927,"realtor_new_listings_base":-0.0946,"realtor_days_on_market":87.467,"realtor_days_on_market_yoy":0.0159,"realtor_days_on_market_base":0.6951,"zhvi":289735.528,"zhvi_yoy":-0.0319,"zhvi_base":0.5698,"zori":2155.205,"zori_yoy":-0.0035,"zori_base":0.5843}},{"type":"MultiPolygon","arcs":[[[-378,-352,553,-353,-372]]],"properties":{"postal_code":"33135","realtor_list_price":858386.842,"realtor_list_price_yoy":0.1303,"realtor_list_price_base":1.2851,"realtor_active_listings":64,"realtor_active_listings_yoy":-0.1504,"realtor_active_listings_base":1.1009,"realtor_new_listings":12.667,"realtor_new_listings_yoy":-0.24,"realtor_new_listings_base":1.0319,"realtor_days_on_market":84.105,"realtor_days_on_market_yoy":-0.0874,"realtor_days_on_market_base":0.1837,"zhvi":526602.183,"zhvi_yoy":0.02,"zhvi_base":0.9462,"zori":2079.872,"zori_yoy":-0.0174,"zori_base":"NA"}},{"type":"MultiPolygon","arcs":[[[-476,-529,-545,-442,-273,-329]]],"properties":{"postal_code":"33016","realtor_list_price":321022.222,"realtor_list_price_yoy":0.0144,"realtor_list_price_base":-0.0735,"realtor_active_listings":88.667,"realtor_active_listings_yoy":-0.2036,"realtor_active_listings_base":-0.1569,"realtor_new_listings":30,"realtor_new_listings_yoy":-0.0816,"realtor_new_listings_base":-0.1667,"realtor_days_on_market":79.178,"realtor_days_on_market_yoy":0.1391,"realtor_days_on_market_base":0.2438,"zhvi":293904.714,"zhvi_yoy":-0.0436,"zhvi_base":0.5497,"zori":2399.227,"zori_yoy":-0.0174,"zori_base":"NA"}},{"type":"MultiPolygon","arcs":[[[-551,-522,-437,-241],[554]]],"properties":{"postal_code":"33020","realtor_list_price":401309.794,"realtor_list_price_yoy":-0.0793,"realtor_list_price_base":0.6341,"realtor_active_listings":372.333,"realtor_active_listings_yoy":-0.0645,"realtor_active_listings_base":0.4698,"realtor_new_listings":64.667,"realtor_new_listings_yoy":-0.1491,"realtor_new_listings_base":-0.0678,"realtor_days_on_market":94.309,"realtor_days_on_market_yoy":0.1202,"realtor_days_on_market_base":0.2546,"zhvi":377515.612,"zhvi_yoy":-0.0315,"zhvi_base":0.7154,"zori":2080.249,"zori_yoy":-0.0021,"zori_base":0.5877}},{"type":"MultiPolygon","arcs":[[[-549,-539,-535]]],"properties":{"postal_code":"33306","realtor_list_price":757638.889,"realtor_list_price_yoy":-0.2179,"realtor_list_price_base":0.9055,"realtor_active_listings":53,"realtor_active_listings_yoy":-0.2319,"realtor_active_listings_base":-0.152,"realtor_new_listings":12,"realtor_new_listings_yoy":0.2857,"realtor_new_listings_base":-0.0241,"realtor_days_on_market":85.278,"realtor_days_on_market_yoy":-0.1878,"realtor_days_on_market_base":-0.0104,"zhvi":585509.823,"zhvi_yoy":-0.0101,"zhvi_base":0.5869,"zori":2202.644,"zori_yoy":0.0348,"zori_base":"NA"}},{"type":"MultiPolygon","arcs":[[[-554,-351,-370,-226,555,-176,-354]]],"properties":{"postal_code":"33129","realtor_list_price":1281619.403,"realtor_list_price_yoy":0.5407,"realtor_list_price_base":1.2167,"realtor_active_listings":203.333,"realtor_active_listings_yoy":0.0932,"realtor_active_listings_base":-0.3379,"realtor_new_listings":44.667,"realtor_new_listings_yoy":0.5581,"realtor_new_listings_base":0.1296,"realtor_days_on_market":83.373,"realtor_days_on_market_yoy":-0.0664,"realtor_days_on_market_base":-0.2307,"zhvi":693665.553,"zhvi_yoy":-0.0046,"zhvi_base":0.5087,"zori":3589.34,"zori_yoy":0.0097,"zori_base":"NA"}},{"type":"MultiPolygon","arcs":[[[-485,-464,-244,-461,556,-234]]],"properties":{"postal_code":"33024","realtor_list_price":473896.429,"realtor_list_price_yoy":-0.053,"realtor_list_price_base":0.6065,"realtor_active_listings":222.333,"realtor_active_listings_yoy":-0.2514,"realtor_active_listings_base":0.2447,"realtor_new_listings":74.667,"realtor_new_listings_yoy":-0.1825,"realtor_new_listings_base":-0.274,"realtor_days_on_market":58.786,"realtor_days_on_market_yoy":-0.0998,"realtor_days_on_market_base":0.2359,"zhvi":473138.297,"zhvi_yoy":-0.0167,"zhvi_base":0.7178,"zori":2446.171,"zori_yoy":0.0163,"zori_base":0.6337}},{"type":"MultiPolygon","arcs":[[[-235,-557,-463,-38,-495,-473,-454]]],"properties":{"postal_code":"33025","realtor_list_price":296141.892,"realtor_list_price_yoy":0.0068,"realtor_list_price_base":0.4381,"realtor_active_listings":317,"realtor_active_listings_yoy":-0.0021,"realtor_active_listings_base":0.24,"realtor_new_listings":74,"realtor_new_listings_yoy":-0.0348,"realtor_new_listings_base":-0.234,"realtor_days_on_market":82.054,"realtor_days_on_market_yoy":-0.0904,"realtor_days_on_market_base":0.2069,"zhvi":387562.549,"zhvi_yoy":-0.0347,"zhvi_base":0.5997,"zori":2470.522,"zori_yoy":0.0027,"zori_base":0.5147}},{"type":"MultiPolygon","arcs":[[[-313,557,-519,-223,-369,-349,-99,-524]]],"properties":{"postal_code":"33132","realtor_list_price":635438.705,"realtor_list_price_yoy":-0.0221,"realtor_list_price_base":0.4284,"realtor_active_listings":781.667,"realtor_active_listings_yoy":0.0679,"realtor_active_listings_base":0.0855,"realtor_new_listings":110.667,"realtor_new_listings_yoy":0.2576,"realtor_new_listings_base":0.472,"realtor_days_on_market":98.404,"realtor_days_on_market_yoy":-0.151,"realtor_days_on_market_base":-0.1484,"zhvi":513693.643,"zhvi_yoy":-0.0169,"zhvi_base":0.2654,"zori":3510.832,"zori_yoy":0.0162,"zori_base":0.6604}},{"type":"MultiPolygon","arcs":[[[-322,-1,-356]],[[-367,-423,-3,-321]]],"properties":{"postal_code":"33401","realtor_list_price":540029.775,"realtor_list_price_yoy":0.0943,"realtor_list_price_base":0.69,"realtor_active_listings":316.667,"realtor_active_listings_yoy":-0.2083,"realtor_active_listings_base":-0.254,"realtor_new_listings":59.333,"realtor_new_listings_yoy":-0.1604,"realtor_new_listings_base":-0.3159,"realtor_days_on_market":103.022,"realtor_days_on_market_yoy":0.0598,"realtor_days_on_market_base":0.1272,"zhvi":447355.339,"zhvi_yoy":0.0398,"zhvi_base":0.7898,"zori":2746.782,"zori_yoy":0.0719,"zori_base":0.8924}},{"type":"MultiPolygon","arcs":[[[-312,-337,558,-517,-558]]],"properties":{"postal_code":"33139","realtor_list_price":499772.081,"realtor_list_price_yoy":-0.0198,"realtor_list_price_base":0.1023,"realtor_active_listings":903.333,"realtor_active_listings_yoy":-0.2491,"realtor_active_listings_base":-0.4819,"realtor_new_listings":131.333,"realtor_new_listings_yoy":-0.1826,"realtor_new_listings_base":-0.2351,"realtor_days_on_market":104.772,"realtor_days_on_market_yoy":-0.118,"realtor_days_on_market_base":-0.1283,"zhvi":464044.346,"zhvi_yoy":0.0004,"zhvi_base":0.221,"zori":2834.564,"zori_yoy":0.0332,"zori_base":0.6752}},{"type":"MultiPolygon","arcs":[[[-272]],[[-271,-527,-136,-65,-34]]],"properties":{"postal_code":"33437","realtor_list_price":368495,"realtor_list_price_yoy":-0.0638,"realtor_list_price_base":0.2271,"realtor_active_listings":293.333,"realtor_active_listings_yoy":-0.2988,"realtor_active_listings_base":0.0554,"realtor_new_listings":80,"realtor_new_listings_yoy":-0.1892,"realtor_new_listings_base":-0.2911,"realtor_days_on_market":78.183,"realtor_days_on_market_yoy":-0.0606,"realtor_days_on_market_base":0.3503,"zhvi":433511.177,"zhvi_yoy":-0.0064,"zhvi_base":0.4661,"zori":2500.836,"zori_yoy":0.0384,"zori_base":"NA"}}]}},"arcs":[[[968172,826754],[2374,1392]],[[970546,828146],[429,296]],[[970975,828442],[183,-182],[638,-802],[266,-768],[365,-6],[1250,-23],[1616,188],[4813,-307],[490,-9],[1171,-21],[1357,180],[-11,-204],[2152,166],[2537,-66]],[[987802,826588],[-66,-7971],[637,-3531],[1059,-5394],[1444,-7319],[-4,-225]],[[990872,802148],[-7468,116],[-3160,73],[-2004,18],[-3881,73],[-1794,34],[-381,330],[-1471,227],[-633,92],[84,169]],[[970164,803280],[208,963],[-1318,3690],[-645,1703],[-706,1617],[297,2373],[430,3393],[226,1935],[-199,5],[-197,2333],[-1365,2559],[-195,2004],[1821,896],[-349,3]],[[957383,717016],[351,2],[244,2],[252,2],[3303,11],[312,967],[82,276],[482,97],[1244,-43],[-6,627],[1449,5],[-21,1703],[859,93],[-72,275],[2464,21],[0,13],[4137,44],[109,-29],[343,1]],[[972915,721083],[-63,-286],[-1442,-6054],[-1299,-5467],[711,4],[32,-1108],[-1003,-6],[-679,-2904],[-941,-3874],[-932,-3868],[-904,-3875],[139,0],[-1823,-7657],[-340,-1414]],[[964371,684574],[-148,17],[-2211,996],[-7422,13],[-916,-1],[-330,0],[-365,0]],[[952979,685599],[-31,2910],[-86,4996],[-39,3920],[-113,7790],[9,2933],[419,1073],[717,1324],[3528,6471]],[[927640,717134],[146,2],[6341,-84],[817,-17],[6014,-86],[4288,24],[1848,11],[2553,15],[3379,25],[640,-10]],[[953666,717014],[3717,2]],[[952979,685599],[-6620,-7],[-263,1],[-5369,-12],[-12567,-98]],[[928160,685483],[-38,1959],[-43,1438],[-78,2492],[0,103],[-56,1908],[-105,3847],[-93,2963],[-29,3003],[-95,3065],[-14,1051],[127,1987],[-33,1970],[-41,980],[24,674],[1,243],[3,374],[-34,1644],[-16,1950]],[[883906,582836],[419,331],[6091,4940],[1820,2449],[479,1004],[101,1006],[135,1820],[-197,2273],[-562,1657],[-1004,2836],[-170,2826],[-23,1905]],[[890995,605883],[149,3],[340,6],[8073,121],[4831,38]],[[904388,606051],[64,-1930],[157,-4742],[2345,32],[23,-870],[4111,9],[4931,58],[3234,42]],[[919253,598650],[-2458,-2338],[-279,-829],[-8,-4709],[123,-4788],[2,-2795],[86,-2523],[182,3],[2,-81],[42,-2193],[9,-426],[27,-2997],[-83,-1237],[-698,-1527],[-471,-602],[-358,-308]],[[915371,571300],[-207,38],[-714,125],[-6826,1384],[-34,4],[-173,-533],[-6090,-24],[3,-88],[-6339,-215],[-6252,-216],[-3569,-334],[-4212,-62],[-1391,-6],[-3776,283],[15,-252],[-5862,-90]],[[869944,571314],[-15,468],[5768,4575],[2674,2106],[1967,1569],[3568,2804]],[[760184,271632],[12948,242],[3206,53],[3205,66],[1132,24],[5291,101],[4791,88],[1502,24],[194,4],[2172,39],[5692,128],[846,-1140],[-1035,-1629],[-2111,163],[802,-1173],[-1500,-3854]],[[797319,264768],[-926,975],[-718,-1059],[1538,4],[-405,-252],[-81,0]],[[796727,264436],[-2465,-31],[-262,91],[-1161,16],[-1438,153],[-510,-315],[-4523,-80],[-6433,-99],[-1588,-41],[-1610,-26],[-1173,-24],[-2026,-29],[-95,1903],[-1015,-27],[590,-1884],[-74,-1],[-4289,-80],[0,213],[-5105,-74],[-113,-229],[-2051,-32]],[[761386,263840],[-211,1649],[-717,-4],[-187,2183],[-18,2352],[-1047,221],[15,21],[963,1370]],[[734369,528496],[16086,9701],[3903,2076],[11078,6828],[1116,774],[652,280],[2359,1288],[17697,10641]],[[787260,560084],[273,-157],[713,-434],[185,-144],[242,-313],[156,-3580],[-4,-36],[-39,-5720],[1,-83],[14,-2040]],[[788801,547577],[-25,-979],[-28,-1084],[195,-3999],[20,-1490],[-173,-121],[207,-2140],[9,-5454]],[[789006,532310],[3,-2250]],[[789009,530060],[-283,11],[15,1876],[-6226,87],[-815,-54],[-5536,68],[-11,-2012],[-5901,-5],[-1110,14],[-1539,9],[1672,347],[-369,1387],[-1960,-491],[-394,-743],[-2332,-2],[-781,764],[-124,1],[3,1953],[-2840,-1593],[381,-1114],[-4131,-496],[-4282,42],[-374,-3445],[-564,-1084],[-942,151],[-10974,1753]],[[739592,527484],[92,133],[-2078,347],[-2551,427],[-218,36],[-468,69]],[[861834,755939],[304,155],[13077,38],[12034,35],[678,-21],[140,-6],[2,-377],[12307,173],[1404,334],[6001,86]],[[907781,756356],[434,-445],[6638,-30],[6278,-21],[6396,10]],[[927527,755870],[-31,-5821],[146,-3336],[2,-450],[-15,-2012],[-9,-927],[-176,1]],[[927444,743325],[-1506,7],[22,915],[-1528,5],[-549,-3],[-2769,-12],[186,2036],[-186,17],[-1357,35],[-5135,-25],[-4060,5],[-2344,4],[-6858,-47],[-6470,-45],[-6585,-19],[65,-1888],[91,-3891]],[[888461,740419],[-212,-1],[-6257,-38],[-17,-1981],[-2903,-46],[-2206,393],[-1319,836],[-29,757],[-13321,37],[165,-8068],[69,-3903],[61,-3646],[-12663,-111]],[[849829,724648],[83,7962],[150,758],[-1992,79],[-2945,5249],[82,969],[-2233,2863],[-1264,2226],[372,1],[-2077,3391],[-8055,7710]],[[831950,755856],[503,0],[29381,83]],[[816855,445258],[68,1],[225,4],[12099,299],[165,3]],[[829412,445565],[6859,81],[6631,108],[79,0]],[[842981,445754],[252,-3641],[86,-2600],[-183,3],[119,-2302],[157,-1414],[-1148,-531],[620,-1223],[317,-4459],[23,-96],[21,-94],[324,5],[118,-1471],[-332,-2],[185,-2321],[349,-3899]],[[843889,421709],[-3216,-69],[-3243,-73],[-6344,-93],[-3356,-162],[-3031,-71],[-1466,-101],[-4860,-38]],[[818373,421102],[-151,2144],[-430,1727],[145,1733],[-140,2135],[-150,1929],[-109,1922],[-415,-17],[-111,1216],[447,68],[-195,2550],[-3424,-61],[116,1045],[3275,86],[-139,2621],[-237,5058]],[[868070,393040],[3225,61],[17,-183],[350,-24],[2885,283],[3164,315],[2957,67],[1768,50],[909,20],[166,4],[1172,46],[1313,230],[1230,145],[122,-1281],[1027,28],[894,740],[1360,-63],[3685,394]],[[894314,393872],[7805,57]],[[902119,393929],[-694,-1024],[-710,-1048]],[[900715,391857],[-2053,-3029],[-1319,-1946],[-621,-916],[-1368,-2017],[1347,53],[307,7],[217,-3899],[136,-2995],[103,-1579],[104,-1611],[140,-1822]],[[897708,372103],[-16567,-309],[-23,133],[-2084,179],[-2694,-230],[-1,181],[-394,-12],[-183,-5],[-1585,-23],[28,-399],[-723,-21],[-376,34],[-422,83],[-113,54],[-476,13],[-2353,-39]],[[869742,371742],[-384,398],[-7,114],[255,6],[-5,53],[104,9],[-24,384],[-363,2],[-65,987],[-133,1965],[804,11],[-72,1080],[-740,-18],[-74,892],[-180,1955],[-8,249],[-41,948],[410,10],[-19,481],[-417,-4],[-12,276],[-47,751],[-9,254],[-1,53],[-148,2729],[-3,134],[-45,1011],[-245,3908],[-85,928],[-118,1732]],[[890062,634281],[289,15],[12836,-21],[104,1],[13145,44],[6489,-31],[260,-41]],[[923185,634248],[6503,38],[2446,30]],[[932134,634316],[529,-4659],[-28,-431],[2,-112],[-208,-1504],[-416,-1049],[-1976,-4549]],[[930037,622012],[-1703,-3906],[-5481,-65],[-1640,-3532],[-2103,405],[-1909,74],[-85,0],[-56,1813],[-17,572],[-2293,-5],[-1451,-1506],[1105,-932],[-6715,-122],[-1619,-74],[-1226,-432]],[[904844,614302],[-696,-307],[-151,-62],[-356,-115],[-674,-106],[-12003,-51],[-3,100],[-195,6656],[-131,1869],[-139,2123],[-313,4570],[-121,5302]],[[851966,392903],[4859,110],[25,-476],[1613,31],[-27,490],[683,10],[-103,1942],[222,5],[325,-3872],[994,31],[-105,1816],[1183,141],[2248,-150],[257,201],[330,12],[355,2],[14,-217],[3231,61]],[[869742,371742],[-350,-15],[-16,-174]],[[869376,371553],[-1229,8],[-1174,114],[-844,-12],[67,-959],[-4019,-93],[-424,-979],[301,1944],[-397,-9],[-5175,-96],[-1608,-40],[6,-386],[-1576,-66]],[[853304,370979],[-30,407]],[[853274,371386],[-154,1981],[-166,1955],[-223,1948],[109,3],[-398,203],[295,1754],[-51,996],[1656,38],[-59,967],[-1688,-33],[-66,2515],[1486,-270],[4944,-179],[-5,82],[-6473,505],[105,923],[1414,1443],[-55,884],[-1779,1632],[30,281],[-108,1959],[-122,1930]],[[681960,333696],[6383,-3],[3103,15],[3056,10],[-81,4203]],[[694421,337921],[583,31],[74,-1918],[753,11],[-42,1080],[297,3],[30,-250],[639,37],[329,116],[-28,969],[876,16],[79,-918],[1841,38],[-28,924],[1041,12],[3209,48],[789,-919],[2445,54],[24,-962],[1547,40],[-69,1879],[1572,39],[34,-922],[3196,66],[1,-373],[1536,26],[-55,1346],[3093,55],[213,-911],[906,4]],[[719306,337542],[183,-3790]],[[719489,333752],[186,-3185],[76,-733],[-2892,-431],[-1296,251],[-95,615],[-977,-205],[-1107,-318],[-578,468],[-1426,-358],[-164,-97],[-51,34],[-1109,-699],[559,665],[-680,508],[117,-531],[-2448,-216],[-865,20],[-659,-389],[-4854,65],[-1226,38],[-252,138],[-321,498],[-1538,42],[-985,-795],[-1042,234],[-1005,-107],[-3176,-52],[-3135,-51],[0,-144],[-2966,-42],[56,-850],[-1820,-42],[-30,492],[1589,541],[-3161,-100]],[[682214,329016],[-145,2908]],[[682069,331924],[-109,1772]],[[888461,740419],[-76,-8111],[0,-7902],[79,-7424]],[[888464,716982],[-197,1],[-12758,-83],[-12721,-83],[-13043,-117]],[[849745,716700],[84,7948]],[[908120,832228],[929,-1595],[125,-409],[229,-2298],[6977,-178],[509,-10],[5918,-85],[142,-10],[438,-37]],[[923387,827606],[-197,-3914],[-228,-3670],[0,-90],[-13145,192],[17,-4360],[-39,-1564],[-37,-1505],[-9,-349],[-16,-648],[-34,-1789],[-9,-495],[-20,-1017],[-49,-2628],[-26,-1293],[-95,-1882],[-97,-1986],[-78,-1555],[-119,-2286]],[[909206,796767],[-60,-913],[-4610,-58],[-4550,-2],[-12473,-73],[-349,-573]],[[887164,795148],[-124,7112],[-56,3367]],[[886984,805627],[-36,1874],[-73,3947],[354,2187],[869,1773],[832,1146],[3785,3718],[357,339],[4248,4056],[3923,2822],[6877,4739]],[[930037,622012],[194,3],[-2132,-4896],[1922,27],[-13,960],[3227,29],[4478,33],[52,-805],[342,5],[-5,-183],[752,10],[290,727],[444,-8],[115,282],[251,1],[-842,-1990],[1531,-35],[314,2031],[6756,88],[2529,22],[1516,89],[16,-316],[-836,-19],[2,-62],[106,-1645],[3246,63],[-98,1940],[4963,75],[338,-458],[1747,4]],[[961242,617984],[-16,-1689],[-356,-1658],[-5,-2985],[-158,-4956],[-317,-2281],[157,-1856],[-499,-1094],[-609,-815],[-950,-953],[-1988,-639],[-1429,-285],[-167,329],[-4903,-108],[-3985,-48],[-270,-1155],[-17,-85],[-1230,136],[-3724,-44]],[[940776,597798],[-7168,-39],[-1395,-41],[-920,114],[355,775],[-230,36],[-591,92],[-343,19],[-3178,-16],[-3383,-38],[-4340,-40],[-330,-10]],[[904388,606051],[-7,1022],[1579,61],[-452,688],[333,3024],[-928,426],[-69,3030]],[[787260,560084],[1477,1039],[26,2044]],[[788763,563167],[307,-1],[17082,0],[14,1492],[925,2],[2209,-319],[5,-506],[3167,1],[4237,12],[8515,9]],[[825224,563857],[19,-673],[114,-2946],[69,-2650],[44,-1097],[17,-1011],[-8,-287],[157,-6371]],[[825636,548822],[30,-1003],[2443,-71],[2890,14],[-2,-154]],[[830997,547608],[-9492,-8],[-8513,-12],[-6424,56],[-3136,10],[-3304,-13],[-11327,-64]],[[789207,637767],[384,0],[-99,9744],[-22,1268],[61,104]],[[789531,648883],[144,59],[36165,-7271],[1152,-102],[11920,-2424],[5829,-1216]],[[844741,637929],[-416,-3],[622,-131],[-6162,-32],[-7,160],[-11655,-100],[-16,-3712],[-1062,-93],[3,-75],[68,-3860],[-96,-1089],[-1487,-2809],[-194,-911],[-197,-1475],[1768,-1907],[528,-1443],[-49,-1072],[172,-773],[1075,-1786],[160,-695],[-1206,-2750],[11,-698]],[[826601,612675],[-4991,49],[-3191,33],[-4722,46],[-5089,50],[-1114,7],[-3095,-414],[-3320,-52],[-94,-1],[-9073,33],[-299,-715],[7,-3364],[-1458,16],[13,-675],[48,-2427],[-863,10],[-386,3]],[[788974,605274],[-18,7571],[7,268],[88,2907],[235,9287],[-158,0],[79,12460]],[[646771,177417],[2404,0],[-568,-985],[-1847,-17],[11,1002]],[[529926,27167],[1506,0],[1130,457],[1036,-399],[2428,-239],[2070,-81],[1710,-303],[1960,353],[-625,-1136],[-241,-325],[-619,-836],[-616,-875],[-1543,-342],[-2571,533],[-1228,610],[-173,86],[1154,1079],[-1281,547],[-1449,-263],[-75,11],[-2196,325],[-377,798]],[[417555,283557],[47987,71],[1844,803],[1143,-97],[-108,-722],[22329,24]],[[490750,283636],[219,-3354],[623,-10487],[-1262,-1204],[-119,-1277],[1734,414],[390,-5884],[229,-482],[103,-8894]],[[492667,252468],[602,-77261],[36666,-400],[26858,325],[471,-12709],[-240,-10510],[1040,60],[11476,33],[154,-2909],[0,-3921],[459,-2826],[9,-1311],[1414,407],[9765,2749],[1292,51],[14,579],[-854,1197],[-97,13692],[-89,9800],[-191,292],[-1957,1235],[-138,369],[-32,10104]],[[579289,181514],[1672,12],[38,-2430],[14397,40],[36,-3873],[6348,40],[9613,42],[3330,9],[6387,8],[-2,983],[-25,937],[3207,-1],[32,-1892],[3217,17],[3249,12],[3144,8],[3195,9],[-15,477],[1641,15],[19,-484],[1601,8],[-21,959],[1598,-240],[41,-714],[4779,10],[1692,-4],[3143,-11],[-14,2428],[1751,37],[-18,-2468],[4786,47]],[[658110,175495],[893,17],[828,-2]],[[659831,175510],[128,-3848],[-40,-1452],[-1,-2535],[38,-3840],[15,-3828]],[[659971,160007],[-9797,-30],[-1037,1047],[-383,649],[425,-1188],[72,-545],[-133,-3773],[8697,-26870],[-1072,-27],[619,-94],[3584,-10926],[3938,-12337],[-370,-134],[-5213,38],[152,-936],[-42,-18660],[9952,-2363],[2435,-73],[3342,-9886],[-282,-284],[2832,-8108],[-477,-117],[-284,47],[477,-151],[479,-624],[-51,-160],[-226,-40],[159,-244],[-21,-440],[627,-372],[703,-384],[2397,-7428],[-1964,-321],[971,1359],[-584,1230],[-1169,-26],[-2164,-706],[484,1480],[-1874,973],[-1304,198],[-1127,-130],[-870,-710],[-23,-666],[925,-699],[-2471,300],[-2440,-255],[-2177,-998],[-1438,402],[-1039,-159],[-659,-640],[401,-1330],[-1739,752],[-1378,158],[-2396,-487],[-680,-535],[-1957,-86],[-838,-597],[-178,-1812],[-1918,121],[-1437,-985],[-1439,1094],[-1359,23],[-778,-572],[-2556,-718],[-797,-1120],[-1118,-705],[-1879,521],[-160,499],[-1519,1070],[-1459,47],[-1217,-816],[-2337,36],[-1497,-1035],[-398,-1410],[1260,-900],[-478,-900],[42,-1617],[2519,-1495],[2198,-85],[1592,-533],[-892,-1120],[232,-1081],[-304,-382],[-1867,420],[-1819,-315],[-1495,158],[-1949,787],[-1040,1101],[-1754,40],[-780,-630],[455,-1023],[2417,-472],[1482,-1220],[-195,-944],[395,-1616],[-1559,-264],[-1985,1470],[-854,513],[-3776,2270],[-985,1705],[-1473,733],[-835,2035],[-2101,472],[-1516,1346],[-3396,1482],[-3873,-378],[-1392,-1730],[-1882,-570],[-962,-1356],[-5395,-517],[-2237,466],[-1749,-1513],[2153,-3580],[-305,-487],[-919,202],[-1695,855],[-2856,-177],[-1488,420],[-1115,897],[244,1118],[827,924],[-773,1097],[-3970,-117],[-2071,-1140],[-2071,-114],[-2891,232],[-313,-640],[1095,-877],[1136,-1873],[626,-735],[470,-2584],[-4737,-1589],[-744,-972],[314,-996],[-2663,166],[-2505,1968],[-1999,441],[-978,523],[-1402,1291],[700,1273],[147,267],[753,-627],[189,-1197],[1411,-970],[1964,-67],[560,-20],[1239,1386],[39,1209],[548,166],[2819,-47],[939,996],[0,901],[-2349,1825],[-1331,498],[-1886,-689],[-2729,-229],[-942,286],[-1318,684],[-2332,123],[-1998,-750],[-659,-1197],[-1262,-605],[697,-650],[189,-1197],[0,-1425],[-1399,-14],[-1952,-209],[-3137,-766],[-999,-1071],[-1049,-1358],[118,-1693],[-1209,-691],[-2624,-465],[-2321,-711],[-1088,-111],[-452,-126],[-1100,-274],[-1075,-281],[-427,-274],[-428,-414],[-367,-533],[-920,-247],[-375,906],[147,362],[880,452],[696,422],[513,163],[1234,162],[965,223],[696,762],[13,532],[-627,1091],[-1505,1141],[1129,2451],[632,1000],[-1117,846],[-3130,-169],[-621,-1506],[-2899,592],[-4820,-2017],[-1997,1103],[-1298,-818],[-188,-1254],[-1036,-286],[-2810,1509],[-1729,-274],[-167,-1291],[-2663,-598],[215,-657],[-1694,-114],[-1977,-1026],[-2165,114],[-1700,379],[-2725,-1007],[0,799],[-794,903],[-3185,-68],[-540,-1748],[-1129,-1311],[94,-1027],[-659,-285],[-1901,445],[-2291,-271],[-420,-1485],[-972,-589],[-723,-438],[-707,-1713],[-46,-111],[237,-100],[1929,-813],[1995,165],[75,6],[479,1160],[86,209],[1694,-913],[1601,57],[1660,-489],[275,-81],[2592,526],[3143,576],[1129,362],[4262,162],[1376,-119],[1115,-834],[-984,-40],[-1835,80],[-2099,238],[-1573,-596],[-1835,-317],[-955,-603],[-881,-708],[-1828,-2197],[-2003,-3462],[658,-2481],[-2123,-396],[-350,-215],[-1287,-789],[-434,-1221],[189,-1312],[1600,-741],[1788,-856],[-659,-571],[-3201,-627],[-159,104],[-341,221],[51,501],[-352,183],[-476,-198],[-176,-502],[-25,-471],[376,-684],[-3107,-860],[-2780,55],[-2706,54],[-1858,-819],[-214,-94],[-1788,-913],[-1036,1027],[471,1255],[1601,685],[1506,228],[1338,1385],[1862,1125],[1495,1177],[2270,1789],[2731,399],[1960,1080],[111,61],[564,1140],[1130,1084],[192,1485],[-2075,1253],[-1423,1404],[-1574,-285],[-2016,-532],[-2583,-373],[-1067,-129],[-1399,-58],[-924,129],[664,503],[758,503],[238,790],[-569,703],[-807,316],[-1256,1063],[-1067,101],[-1019,-489],[-23,-1350],[-451,-588],[95,-833],[1066,-302],[119,-201],[-1896,-273],[-1399,-876],[-806,-589],[-1327,-86],[-664,302],[308,761],[1019,933],[782,747],[285,2068],[-804,770],[-2442,-156],[-2055,-1090],[-3273,-1913],[-2827,-223],[-1880,-1261],[-1507,-1083],[-1691,-268],[-67,-409],[-124,-749],[658,-1768],[-232,-1407],[-50,-304],[-2259,-913],[-1909,334],[-1412,-1178],[-640,-1207],[711,-2414],[435,-332],[490,-702],[-427,-927],[-1565,-172],[-925,668],[-783,1164],[-35,1099],[-356,927],[-1031,862],[-479,1289],[-2367,586],[-1316,754],[-1992,862],[-1636,-258],[-2170,-453],[-1921,-625],[-1245,-302],[-213,302],[604,668],[107,711],[1530,992],[1351,862],[-534,1573],[-1193,1419],[-2071,571],[-1497,652],[-2557,64],[399,-587],[1482,-1054],[371,-743],[-228,-1347],[-428,-397],[-3278,726],[-1513,-964],[-941,-114],[-995,1406],[-2479,1088],[-3136,949],[-1311,-414],[-371,-1986],[457,-1675],[2469,-852],[94,-741],[2442,-1772],[2399,-684],[1937,916],[3282,-147],[2171,-828],[4037,-1309],[1618,-682],[-903,-566],[-2691,51],[-2054,-740],[-3262,-488],[-3419,122],[-4075,-473],[-4306,2607],[-3058,2819],[-2115,-256],[-1134,403],[851,1392],[277,1468],[-2429,1387],[-4473,813],[-4661,-164],[-2260,-649],[-788,-1084],[157,-1547],[1198,-993],[1585,-1992],[188,-1141],[-564,-1768],[-1568,-2454],[-2499,-1008],[-1738,-195],[-978,74],[856,742],[1712,1333],[1467,1408],[733,2000],[-1028,2659],[-1784,1490],[-611,2222],[-2282,1825],[-3098,990],[-3397,-762],[-974,26],[-1192,31],[-2739,-439],[-2862,-2281],[-904,-1582],[-526,-919],[122,-2001],[706,-2252],[-1998,-1958],[-358,974],[253,1839],[-1048,2287],[1183,3153],[755,2418],[970,980],[1511,2157],[1402,2418],[862,1502],[-755,1830],[-2804,1045],[-3236,196],[-3020,1046],[-2066,129],[-3139,-455],[-1653,-455],[387,-1310],[323,-1241],[0,-1046],[1510,-653],[1403,-1242],[108,-1830],[-5178,-2091],[-7873,-2287],[-1402,2614],[-1402,1634],[-2589,2091],[-4530,1764],[-7658,915],[-7365,-552],[-250,-18],[-7909,-331],[-5790,-865],[-3965,-1541],[-2315,-2367],[-1688,-907],[-2022,637],[-5209,-539],[-4292,-1798],[-1228,-4365],[2143,-3261],[-1319,-4233],[-12157,865],[-33,-5],[-2503,253],[-2712,-487],[-973,158],[-258,-1008],[-5743,-966],[-9397,-1581],[-16,-28],[-362,-346],[-641,3],[-278,-166],[-815,-76],[-407,93],[-517,-175],[-781,260],[-118,156],[-438,33],[-857,245],[-1170,130],[-755,210],[458,1076],[-11048,-507],[-2683,289],[-5413,1279],[-9863,1325],[-2321,75],[-6792,-21],[-1090,177],[-3338,-118],[-2798,-373],[-3058,-675],[-4534,-801],[-3812,-1222],[-3133,-620],[-6275,-866],[-3762,-789],[-2061,-91],[-2405,433],[-2679,1070],[-1946,217],[-2612,659],[-2175,846],[-3840,206],[-3002,-141],[-159,-1011],[-7163,3205],[-853,35],[-4052,1120],[-451,1434],[-1241,753],[-2923,1004],[-5276,1482],[-2755,1424],[-2598,1027],[-1705,443],[-3125,1401],[-4572,1228],[-3126,2326],[-2104,1202],[-6247,3175],[-1506,-125],[-699,420],[-637,946],[-2150,918],[-858,1404],[-2994,1694],[-384,-800],[-2938,-475],[-292,426],[-4624,6757],[-251,367],[-27,29],[-4827,5193],[-266,286],[-5043,3519],[-8077,3999],[900,12503],[1420,2676],[640,1206],[350,3303],[54,505],[486,4582],[54,513],[2298,2265],[2052,590],[1579,1112],[2728,400],[-1735,52],[-670,533],[-1248,250],[-322,583],[-1233,2085],[78,380],[469,2283],[2200,4646],[468,312],[1458,969],[3613,2403],[400,991],[1216,-776],[1117,204],[-1823,1834],[593,1468],[995,2464],[383,480],[1165,-134],[173,-611],[872,-403],[168,-213],[945,-539],[-648,376],[-388,476],[-518,231],[-86,280],[1502,-576],[-336,394],[-619,97],[-873,610],[-629,211],[514,466],[-422,392],[144,899],[-225,706],[1162,-193],[225,-420],[475,-160],[498,-237],[571,-433],[206,62],[-1765,926],[-416,727],[-30,458],[745,689],[-38,531],[718,-143],[646,-115],[497,-577],[2081,-1525],[-978,923],[-945,587],[-330,499],[2456,829],[788,8],[278,-630],[43,668],[677,114],[897,435],[906,-193],[-206,362],[1898,37],[636,-496],[-259,596],[509,169],[753,-307],[-288,362],[658,321],[1348,125],[1190,333],[2001,-351],[1545,186],[1810,-451],[988,-523],[1138,-294],[340,-362],[122,-1340],[-503,-1147],[542,-960],[116,-651],[657,-251],[1300,140],[720,-531],[687,-251],[1333,-116],[2178,564],[-618,-523],[14,-656],[1828,-476],[112,-1442],[576,-537],[-1017,-368],[58,-417],[935,-467],[-81,-838],[1210,-452],[969,236],[1559,-143],[1123,-417],[843,97],[1454,441],[245,-482],[628,-309],[998,64],[701,-604],[710,-353],[-91,-1097],[446,-558],[591,-160],[-719,-1790],[139,-663],[-632,-333],[-293,-770],[480,283],[-42,380],[1399,-353],[671,298],[605,-1013],[1468,-444],[-264,-467],[1305,201],[1228,-76],[767,-677],[-1025,-639],[-1315,126],[4140,-549],[724,-884],[-1079,-607],[1094,-949],[1098,222],[279,-721],[-1209,-598],[-316,-497],[-1036,-204],[-763,29],[-969,385],[-1357,-94],[1045,-458],[34,-514],[-2187,380],[-475,-272],[-268,-601],[408,-642],[-1392,566],[-791,67],[-604,-251],[-388,-707],[168,-414],[1530,-759],[1459,-1069],[1035,-159],[1127,35],[701,458],[901,164],[-211,446],[868,517],[1353,274],[1160,596],[767,631],[1160,423],[1720,344],[880,-615],[1688,-310],[1176,33],[1966,227],[552,-271],[-82,-377],[-724,-916],[-412,-949],[196,-876],[-474,-665],[-125,-599],[522,-625],[1041,-545],[-1333,-1113],[-71,-528],[488,-811],[173,-818],[825,-686],[-590,-440],[-1328,-82],[-748,-342],[-278,-668],[801,-1045],[676,-368],[1342,-263],[1415,-426],[336,-306],[1697,169],[177,-951],[844,-330],[1415,40],[-149,-508],[-647,-414],[110,-449],[917,-1090],[2392,-519],[154,-840],[920,-488],[1458,-231],[901,114],[1150,-800],[465,-922],[1324,-622],[637,-885],[1323,-560],[979,35],[733,-634],[1496,-517],[565,-324],[1616,-70],[2109,-844],[196,-341],[633,114],[1880,-546],[786,35],[541,408],[595,-382],[-307,-488],[939,-50],[370,494],[566,79],[561,-310],[-1003,-1013],[177,-350],[787,-111],[2014,-27],[1371,587],[1184,195],[762,-301],[1150,-698],[105,-814],[752,-920],[700,-292],[-125,-633],[-1548,172],[-983,-280],[-154,-528],[537,-645],[1299,-345],[733,-47],[580,-295],[978,26],[768,476],[133,-342],[758,-102],[958,-648],[106,820],[-469,584],[-792,93],[414,672],[100,461],[834,-380],[877,76],[259,490],[1180,-202],[772,328],[834,22],[407,246],[354,-1107],[604,-315],[2014,-351],[574,-905],[-187,-689],[943,-1355],[1323,-356],[580,-412],[1505,-32],[1175,-218],[1045,88],[805,233],[441,351],[1098,-108],[695,105],[714,663],[728,-5],[-10,409],[944,467],[974,-710],[547,-913],[666,-426],[1400,-178],[963,254],[2229,68],[-675,-651],[-48,-403],[-820,-15],[-1394,-616],[259,-733],[643,-266],[1112,199],[3274,-527],[1208,403],[1687,747],[776,223],[1529,38],[1443,-508],[690,-29],[1577,-496],[724,-458],[490,-649],[781,-303],[-62,-695],[585,-181],[1197,494],[715,90],[359,423],[882,488],[925,245],[379,313],[-34,1007],[-753,998],[901,73],[647,555],[441,797],[172,721],[1175,-1027],[1252,-500],[1179,77],[814,473],[1114,-418],[765,-105],[1180,333],[934,782],[2038,-195],[374,-640],[1035,-403],[1203,-140],[624,228],[498,555],[1131,-231],[2334,0],[974,-936],[1117,-56],[1533,744],[2050,619],[1076,671],[254,473],[734,613],[1164,-319],[1238,543],[479,578],[317,1075],[-393,767],[-1505,432],[1687,584],[738,1016],[193,747],[-422,345],[838,554],[686,753],[289,1401],[752,254],[878,552],[1735,581],[538,-153],[714,415],[1007,32],[949,-353],[1396,411],[480,791],[38,423],[-556,523],[-202,327],[1209,-12],[748,601],[111,1182],[-605,374],[361,803],[652,-67],[274,799],[882,710],[240,814],[-532,348],[-892,44],[-547,498],[-66,1095],[-806,339],[-656,931],[-849,631],[-925,213],[-1252,32],[-182,657],[-1189,823],[-1506,217],[831,557],[738,268],[1655,140],[-446,596],[223,607],[-1667,103],[-613,192],[407,782],[-455,710],[-522,213],[383,269],[-381,536],[-252,255],[-1208,-797],[-1756,-966],[121,857],[-571,264],[-456,-572],[-230,575],[-613,487],[-984,-1275],[-19,-450],[383,-347],[950,248],[897,216],[-547,-388],[-1789,-561],[-1406,-1176],[-469,-467],[-1674,444],[-29,520],[547,712],[523,688],[-1031,462],[-653,785],[-997,286],[-28,476],[-24,499],[-1981,-333],[-604,888],[1098,1880],[-743,543],[681,694],[600,1197],[873,636],[1377,2068],[-969,-293],[-499,-528],[-768,-377],[-465,-484],[-1094,-400],[-1146,-882],[-455,-995],[-835,-225],[-652,-546],[-163,-1228],[-572,-348],[-747,-46],[-375,265],[-1244,-298],[846,765],[-849,6],[-1352,-76],[-322,-155],[1176,-172],[604,289],[48,-225],[-1664,-490],[921,50],[-274,-325],[-921,-324],[-877,237],[700,963],[815,1822],[648,-65],[-513,1119],[-922,239],[351,362],[1074,394],[-422,621],[662,91],[-1986,167],[863,300],[936,-11],[469,318],[812,744],[-754,198],[-748,-297],[-883,-9],[-599,-593],[-667,-726],[-681,148],[705,322],[677,595],[282,616],[1277,61],[110,558],[-1650,715],[-744,531],[2350,540],[-801,-575],[2245,645],[-1050,-46],[504,388],[206,508],[-998,41],[-720,-336],[-264,-491],[-556,424],[748,508],[-162,447],[-1061,29],[-556,-301],[-149,-791],[-815,43],[729,742],[-1046,-155],[-215,-344],[-567,70],[-1021,1109],[1021,143],[399,-496],[873,96],[-182,409],[258,610],[-619,178],[-211,826],[-427,298],[715,-44],[72,-642],[571,388],[566,20],[1209,669],[791,58],[139,558],[-744,338],[-868,208],[-737,-580],[-35,-430],[-801,-362],[-1345,129],[-1160,563],[-1304,183],[941,818],[1260,63],[686,541],[1197,854],[840,1093],[-550,-206],[-921,-756],[-556,645],[413,241],[1691,412],[1240,159],[944,374],[75,587],[1142,39],[825,338],[1656,16],[-180,395],[-1793,80],[-825,-470],[175,504],[-1360,20],[-827,-2],[-491,-193],[455,-442],[789,-298],[-785,-277],[-629,-410],[351,708],[-1163,105],[-491,-264],[239,-432],[-826,-349],[116,527],[-1650,-843],[160,-335],[-1257,-722],[478,-742],[-214,-612],[-2006,-460],[-411,-409],[-123,646],[-766,-313],[-591,23],[-175,-361],[262,-910],[278,-383],[-254,-408],[1712,208],[50,-1725],[-2246,113],[666,601],[-1091,1352],[-768,-110],[23,-491],[-628,-410],[655,-873],[-412,-384],[-1521,895],[-812,777],[843,505],[487,924],[431,397],[-1537,235],[233,505],[1397,327],[985,-21],[105,1852],[1338,425],[1419,1408],[712,586],[496,416],[-227,362],[-639,-60],[508,523],[-221,537],[-1822,204],[-728,-171],[747,-200],[-68,-622],[-603,-1024],[-859,-476],[-72,-368],[-475,-984],[-1310,-531],[715,1226],[1007,931],[-926,210],[-1757,306],[-633,-754],[-948,-378],[-804,133],[-720,-719],[-1052,-135],[60,-502],[-455,-510],[-877,-439],[-2,-427],[-809,-540],[-1102,145],[-564,-118],[510,1332],[-179,929],[659,-58],[-293,-780],[413,365],[2,586],[558,496],[815,270],[-202,833],[70,371],[-870,261],[-776,-113],[-474,233],[44,929],[398,711],[1253,1311],[2371,-212],[671,359],[509,689],[720,575],[90,1054],[-547,461],[-839,344],[-1723,210],[-168,453],[-1171,750],[-687,84],[605,374],[643,-543],[936,-67],[1048,753],[-1121,975],[1392,-262],[-178,671],[259,590],[-1665,-71],[-667,-350],[-2399,-266],[-1540,3],[851,836],[-90,496],[-1414,194],[-1056,-193],[-1453,-487],[-638,-841],[-826,-15],[-1420,-338],[106,-374],[-810,-379],[-974,-801],[-1079,-683],[71,972],[-596,1165],[-681,662],[489,488],[86,575],[859,-166],[926,312],[922,-417],[-158,-353],[-620,49],[-887,-342],[192,-385],[1497,683],[1130,-249],[-444,531],[1305,516],[-349,-645],[675,161],[67,458],[1057,757],[955,580],[-483,269],[981,223],[714,454],[-471,872],[106,435],[-931,-689],[-1877,701],[-964,-225],[-698,337],[-1798,-28],[-431,-368],[1180,-482],[778,-169],[-1775,114],[-1037,-637],[-667,435],[-509,-184],[497,833],[-2484,1014],[-993,-149],[-446,-327],[-1723,-339],[1463,783],[-168,657],[810,1488],[-466,993],[-989,-15],[58,-613],[-1314,-786],[340,357],[575,1302],[115,671],[-1051,-283],[-345,-423],[-849,309],[-1579,-205],[-485,-257],[-942,-23],[377,-905],[-1079,-474],[-514,-723],[-901,-63],[-485,-662],[-542,-327],[-762,-406],[412,-245],[614,756],[284,-937],[628,178],[504,-799],[1627,508],[-1592,-821],[-1776,-438],[-504,488],[-2567,-511],[-2399,-14],[144,566],[-2913,-84],[-2077,-740],[-624,-412],[-1546,-636],[-980,-1080],[-869,-741],[-532,-581],[-1356,-608],[-2460,-664],[663,657],[-206,867],[-734,321],[384,315],[-873,637],[-787,11],[-1658,435],[-2021,86],[-1381,287],[-625,-275],[-1325,580],[-1746,740],[-754,81],[-858,-338],[-1276,391],[1015,571],[-1616,-388],[567,-694],[1147,-268],[201,-476],[-2213,3],[-1741,451],[-1257,734],[-398,934],[-1612,424],[259,528],[-273,409],[-1392,523],[-307,537],[-869,519],[-805,-84],[-249,690],[-917,130],[-2222,589],[403,357],[-806,-38],[-864,642],[979,269],[-2160,355],[-921,-230],[-1089,140],[-1776,-251],[-537,307],[-1108,1441],[-927,733],[-1205,862],[-187,907],[-513,423],[700,500],[235,531],[1809,397],[538,327],[926,931],[1569,-330],[739,143],[913,-178],[821,91],[1262,-590],[81,-14],[63,-4],[19,-8],[111,0],[129,14],[115,38],[62,35],[48,39],[29,66],[25,70],[23,111],[43,100],[58,96],[72,58],[67,27],[82,20],[110,3],[111,-21],[148,-43],[149,-47],[86,-52],[77,-94],[29,-23],[72,-94],[96,-90],[34,-35],[110,-88],[4,-14],[236,-120],[595,-99],[115,6],[48,-4],[158,18],[87,21],[115,52],[212,292],[16,9],[7,14],[35,35],[52,53],[86,61],[154,35],[86,3],[72,-15],[82,-32],[47,-84],[39,-97],[63,-84],[77,-56],[335,-70],[139,15],[101,20],[164,18],[86,-9],[52,0],[39,-3],[211,-93],[149,-120],[216,-53],[413,9],[124,-24],[303,-169],[-250,173],[-154,40],[-297,12],[-216,35],[-340,187],[-289,53],[-412,-35],[-164,23],[-172,67],[-288,324],[-442,29],[-475,-528],[-140,-52],[-105,-15],[-115,-6],[-39,6],[-105,-3],[-196,21],[-68,20],[-130,35],[-32,11],[-10,4],[-586,560],[-528,219],[-532,-158],[-270,-484],[-226,-56],[-632,169],[-255,109],[-533,362],[-758,-108],[-917,131],[-1171,-29],[96,464],[912,196],[1406,648],[763,230],[3639,584],[1104,499],[710,502],[1440,566],[1224,295],[669,-94],[1026,558],[350,511],[2355,530],[1051,30],[1255,554],[984,633],[1306,510],[1570,282],[2423,861],[1037,61],[932,639],[2208,782],[2050,838],[1177,131],[2333,910],[836,549],[1205,294],[1728,584],[1100,505],[-129,350],[2271,2227],[683,1111],[164,1031],[692,899],[-192,750],[-925,1250],[-937,583],[130,499],[832,1121],[447,899],[59,1238],[946,627],[519,692],[284,922],[-874,82],[-1253,476],[-606,656],[1475,242],[-2227,530],[-2564,-251],[-1732,193],[-1235,-22],[-1128,327],[-1580,181],[-1926,739],[-446,315],[-926,1165],[-514,379],[-247,523],[-2295,-108],[-514,405],[-1330,459],[-1309,116],[-1694,326],[-1235,-73],[-3015,602],[-3755,391],[-1114,-242],[-1585,-832],[-1119,-163],[-1186,-380],[-4821,-1048],[-1911,395],[-1556,-254],[-1086,286],[-1440,181],[-1632,537],[-2887,651],[-2147,694],[-1555,321],[-4471,1305],[-1772,-219],[-1921,155],[-1930,-21],[-1802,387],[-3294,-312],[-2925,93],[-1608,169],[-1920,-538],[-2652,70],[-1364,318],[-1171,-18],[-1580,-488],[-2396,-479],[-903,545],[-1215,26],[-543,499],[-754,275],[-1052,131],[-2713,-83],[-1462,168],[-1386,-349],[-1078,-501],[-1681,44],[-1698,-232],[-1190,-391],[-2667,-231],[-2245,-52],[-850,-318],[-1878,106],[-1863,391],[-562,-46],[-1239,-681],[-755,-557],[-2516,33],[-1332,375],[-425,676],[-835,-161],[2126,1063],[314,442],[1719,117],[821,193],[-1752,88],[-659,225],[-1267,-370],[-337,-421],[-802,-262],[-331,811],[-866,413],[31,449],[-252,208],[-4015,3320],[-1409,2007],[-331,472],[-1357,1933],[-219,312],[-305,435],[-1222,6877],[540,2991],[-2800,883],[-628,910],[-888,2517],[-1369,-663],[-2681,-490],[178,704],[-1528,-806],[-6927,2905],[-16418,13660],[-350,5513],[853,1414],[1706,2829],[2215,-773],[1465,-129],[1486,249],[-2576,603],[-414,514],[-1747,247],[1288,2135],[1248,2070],[-962,2517],[-1438,1895],[-2308,3040],[187,63],[-3392,1851],[-1041,-132],[-3264,978],[-1144,131],[-4162,2427],[2122,746],[-904,367],[-1525,2008],[1221,476],[-1259,-438],[-144,-876],[-1486,336],[-510,720],[692,821],[-77,394],[-842,630],[-1005,-23],[-283,239],[-2420,175],[-138,78],[691,2365],[-61,41],[1715,675],[2216,-61],[-1683,-374],[-95,-908],[3308,-1465],[1033,1471],[-1365,-201],[-1217,1007],[726,586],[1981,-390],[653,402],[952,-346],[1679,-1489],[-106,566],[1135,675],[-852,90],[-774,1395],[-1231,496],[509,826],[-1077,824],[-1371,142],[-515,753],[-1437,-523],[-649,280],[196,1314],[-3197,192],[-712,-274],[-525,1234],[3015,585],[1110,689],[-755,1809],[-804,126],[-140,805],[-1582,803],[-2641,542],[-2827,-281],[-586,-1016],[-1091,195],[-23,695],[898,1724],[-244,1026],[1352,173],[1617,-698],[1303,-189],[1293,458],[-514,427],[667,1135],[-694,1378],[-2313,872],[-1770,11],[-552,-584],[-1087,-41],[499,797],[-130,622],[837,172],[-520,648],[-413,-330],[846,1116],[-6,569],[-318,595],[-688,584],[-731,334],[268,766],[-889,452],[-674,934],[-1333,476],[-1130,-161],[-260,-345],[-1063,152],[-1201,-410],[-839,577],[837,487],[1443,113],[1318,517],[625,494],[164,757],[440,695],[66,721],[-317,1019],[-944,1141],[-722,563],[-3051,1381],[-1549,383],[-790,-333],[-484,628],[1164,396],[558,911],[-591,339],[777,664],[498,173],[-2140,386],[-1015,800],[-976,315],[-1222,141],[-1001,-242],[-577,-403],[-726,634],[400,916],[-447,216],[428,429],[-1015,-233],[279,380],[-1126,-32],[-1058,-508],[-338,-438],[-706,216],[-77,543],[-597,260],[-172,359],[-1324,-323],[-847,-529],[-1164,158],[-486,304],[236,709],[-471,213],[-346,573],[1482,933],[-62,852],[780,502],[625,85],[473,832],[-251,873],[-191,826],[1684,1012],[279,724],[563,344],[-499,1197],[-375,426],[-529,287],[-750,347],[-1088,461],[-1323,74],[-1140,219],[-789,400],[-1784,1868],[-337,771],[-606,587],[-1025,878],[-1515,450],[-1112,35],[-746,-362],[-346,-498],[-828,-18],[-828,360],[232,994],[683,429],[852,-105],[-53,517],[1285,-149],[1088,721],[255,697],[5,797],[-875,79],[-756,321],[101,546],[636,-604],[1135,-12],[625,808],[-13,613],[404,374],[1386,236],[582,-204],[679,551],[636,-158],[476,219],[-616,596],[1112,146],[761,464],[1299,268],[910,-44],[948,694],[361,359],[145,666],[447,-359],[890,-252],[964,324],[865,15],[978,633],[1107,469],[991,-61],[1440,87],[1348,461],[462,283],[631,1278],[2041,216],[925,896],[135,434],[-298,733],[174,493],[1723,70],[1246,348],[2180,-280],[1212,666],[154,1176],[943,117],[895,742],[1251,476],[491,678],[1318,-9],[1483,-481],[867,26],[1540,503],[577,756],[1780,960],[1377,205],[958,298],[2223,1168],[987,128],[1454,-169],[1102,-306],[867,-50],[992,149],[-328,-1480],[1242,-799],[602,90],[1031,-487],[231,-1494],[1108,-700],[1010,-47],[1940,461],[-1410,-744],[-428,-695],[-284,-1048],[53,-1249],[-259,-497],[1193,-1219],[-914,-937],[689,-444],[866,-56],[365,549],[2094,27],[-168,-1074],[698,-281],[1502,-922],[-82,-882],[751,-408],[-183,-438],[818,-1381],[-115,-1497],[573,-371],[-255,-796],[-303,-426],[-500,-301],[613,312],[406,584],[1363,660],[823,-680],[1424,-38],[539,645],[-717,408],[731,392],[804,461],[568,-143],[851,-303],[-303,-824],[-577,-117],[-395,-303],[997,-808],[-39,-561],[1593,-190],[-279,-502],[736,-852],[1872,102],[890,-344],[765,102],[635,519],[0,488],[-245,584],[-833,72],[-1164,-175],[-197,482],[-731,213],[-1093,-18],[-1275,246],[-635,648],[803,791],[765,-96],[1237,154],[2060,610],[933,444],[236,943],[1954,151],[1078,593],[886,160],[466,683],[107,1095],[-357,537],[-558,342],[-1054,254],[-1247,23],[34,966],[-1121,462],[-529,528],[-1565,-64],[135,1310],[1035,140],[712,493],[154,488],[737,449],[-1654,510],[-118,559],[-442,332],[861,576],[154,344],[765,286],[-601,432],[-1636,-493],[-823,321],[-886,120],[-679,-112],[-520,-446],[-193,-604],[-1020,-485],[-1122,773],[-789,1101],[-1204,473],[-110,610],[-1049,403],[-506,-161],[-1935,210],[169,379],[-865,987],[344,421],[-337,388],[-1035,128],[-1025,-318],[-838,-12],[-693,230],[279,681],[-867,318],[1390,570],[121,603],[-1713,451],[-1207,593],[143,342],[1786,18],[554,-254],[616,59],[447,544],[-1227,42],[948,984],[-322,721],[-853,3],[-736,-946],[312,-327],[-312,-365],[-2103,-64],[-1315,738],[76,771],[564,528],[-179,409],[583,417],[400,593],[-444,219],[708,616],[905,90],[399,362],[-154,578],[1030,-336],[2085,263],[621,999],[-1026,484],[-837,126],[-1069,-80],[-1305,-449],[59,-902],[-1050,-97],[-896,188],[-409,-663],[-636,525],[833,829],[250,1538],[-173,795],[717,294],[211,637],[-645,-488],[-973,-123],[-81,-394],[544,-954],[-625,-543],[-145,-593],[258,-528],[-782,-417],[886,-605],[25,-560],[577,-283],[-255,-400],[616,-473],[-408,-534],[96,-657],[-505,-447],[-391,-163],[198,800],[-251,756],[-1088,248],[-818,709],[-155,394],[429,464],[129,1068],[438,903],[-1088,26],[-742,569],[-1218,186],[207,424],[708,513],[577,9],[944,-592],[1059,175],[-250,575],[-958,342],[-1093,-325],[-1565,164],[-414,-517],[-520,-213],[-1170,-158],[602,-516],[1055,-243],[1136,68],[-86,-628],[-799,-137],[-732,-546],[-689,324],[-717,-654],[-347,1366],[-502,1071],[607,505],[-183,642],[-650,391],[-2615,648],[-1367,466],[365,371],[954,403],[668,-9],[674,279],[-481,552],[-794,-175],[-1160,0],[-549,-414],[-1594,-385],[-901,632],[-467,639],[443,435],[1093,-84],[539,268],[-564,245],[-1511,123],[-559,344],[-1647,-24],[-125,388],[1353,322],[322,525],[1511,1177],[226,350],[-337,458],[-568,-12],[-1180,-525],[68,-654],[-1586,-455],[-803,484],[1329,394],[164,347],[-602,-178],[168,508],[-780,374],[-1339,-301],[-1334,2],[-558,167],[-1078,-366],[-333,467],[279,508],[-289,327],[-1199,-58],[-949,-188],[-110,444],[461,409],[853,152],[972,-61],[526,-263],[1560,-224],[751,155],[-217,560],[746,-163],[121,-380],[1194,-326],[2331,289],[1160,683],[1054,216],[-130,-213],[25,-70],[274,-113],[111,-100],[178,-81],[366,-70],[294,-21],[-718,-216],[-582,-394],[809,-356],[1146,-61],[1046,-628],[-174,371],[664,391],[-650,751],[470,207],[-1717,87],[-424,-61],[-120,-12],[-102,3],[-799,292],[-29,32],[-19,43],[24,59],[120,73],[34,58],[9,9],[-4,76],[-824,105],[-756,-319],[-1305,716],[-530,-135],[-53,15],[-58,38],[-10,44],[-23,58],[-63,32],[-120,26],[-145,0],[-87,-11],[-125,-39],[-19,-2],[-101,-50],[-102,-21],[-86,0],[-183,105],[-62,418],[-155,213],[-260,-79],[299,-137],[-342,-301],[20,-17],[235,-41],[120,-38],[25,-12],[91,-67],[135,-50],[116,-23],[110,-6],[116,24],[145,49],[105,6],[106,-32],[121,-58],[115,-50],[130,-29],[130,-14],[120,-9],[97,-18],[34,-11],[29,-26],[-260,-310],[-1228,-91],[-852,-447],[274,502],[-959,538],[-854,-762],[287,-561],[-958,204],[-1070,-85],[-664,356],[-674,64],[519,1001],[-779,-805],[-882,72],[-1020,-572],[-641,99],[-1280,-870],[-665,-111],[-91,511],[-554,464],[-342,501],[1063,631],[492,-359],[856,578],[-457,357],[-1281,-348],[-501,356],[-631,-74],[-269,-361],[-712,-128],[-351,464],[232,753],[405,426],[916,-488],[418,345],[752,-601],[1999,301],[726,1255],[929,202],[544,619],[-954,837],[-881,-502],[858,-656],[-1238,-532],[121,-584],[-896,157],[-943,-321],[-1373,-24],[-1806,471],[-902,-551],[-19,-499],[447,-745],[-539,-697],[-1379,-630],[-236,-908],[428,-955],[187,-808],[-236,-497],[669,3],[-824,-785],[1112,-397],[-607,-222],[-1169,506],[-819,-286],[-746,38],[833,703],[169,1308],[-1242,680],[-47,417],[996,105],[208,809],[569,855],[822,883],[378,786],[73,826],[-414,741],[-668,310],[-2047,369],[-217,735],[-486,248],[699,219],[389,-718],[1441,376],[385,940],[-746,-41],[-645,-624],[-675,519],[641,269],[482,543],[1604,-281],[-294,902],[858,738],[-592,704],[-409,800],[209,1039],[500,213],[-823,181],[-630,730],[-366,-4930],[-1246,149],[-1378,15],[-1261,-379],[1140,-167],[-390,-469],[578,-663],[-25,-523],[-655,502],[-851,252],[-506,759],[-1127,315],[-563,-469],[-1271,131],[-665,467],[-794,108],[-467,625],[1103,672],[-1317,343],[-1389,606],[-1175,882],[-799,8],[-588,648],[93,955],[-304,475],[102,902],[1444,292],[873,811],[1700,298],[689,1117],[2588,198],[602,578],[-877,391],[911,423],[1402,-97],[814,243],[765,-138],[-938,777],[-2707,62],[222,622],[1025,-123],[613,324],[587,8],[709,391],[1258,277],[-725,406],[-559,246],[-975,-268],[-716,90],[-642,-414],[-1510,-80],[-322,-387],[-3011,251],[-110,-449],[-362,304],[-1738,-56],[-1051,716],[-178,-508],[-832,1462],[-1383,-104],[187,-791],[737,-433],[-896,-227],[-144,-520],[-1546,97],[-256,-409],[-1055,474],[602,930],[-506,-449],[-1435,356],[-765,523],[-516,-184],[665,-362],[-338,-473],[-1228,455],[-1849,868],[303,-616],[-1288,58],[-1565,117],[-2401,926],[3079,-74],[23132,181],[954,88],[37096,-154],[-147,-7864],[12649,21],[248,-7900],[12839,-162],[33,-7899],[12833,73],[208,-15786],[37521,272],[91,-7796],[12801,60],[407,-15618],[12735,124],[118,-7765],[12995,127],[93,-11671],[12855,193],[827,-19791],[139834,1230],[41,4462],[-140,1020],[93,21631],[84360,85]],[[854695,343090],[1022,130],[308,-70],[2716,136],[-1316,701],[1119,-75],[505,-339],[1890,-656],[389,157],[1983,44],[787,257],[2142,312],[62,-512],[125,2],[350,2]],[[866777,343179],[1318,40]],[[868095,343219],[1373,11],[645,13],[-30,516],[1220,8]],[[871303,343767],[27,-483],[7,-519],[1379,6],[25,-481],[-2,-518],[-1344,-33],[48,-509]],[[871443,341230],[-1849,-38],[-1401,-32],[31,-501],[-270,-16],[-546,-22],[-126,0],[-98,173],[-279,21],[-100,-1],[-390,-633],[-456,-48],[-513,615],[-2505,-193],[-1322,-32],[-1296,-32],[-1346,-25],[-32,530],[-1049,-30],[8,-209],[-576,-52],[20,-245],[-1211,-31],[-5,511],[-1360,-25]],[[854772,340915],[-6,504],[-345,506],[315,11],[-18,496],[-288,-9],[-38,187],[-245,65],[-2,76],[246,4],[-16,180],[324,8],[-4,147]],[[798232,319454],[1291,0],[-7,210],[1325,57],[10,-177],[558,20],[0,170],[571,13],[-2,-252],[6109,125],[4425,93],[1520,272],[7,-225],[1470,45],[1721,46],[-19,426],[1581,16],[1224,-385],[434,14],[3181,79]],[[823631,320001],[2025,44],[-651,-232],[-1309,-668],[31,-427],[-956,-536],[-607,-186],[-2,315],[-4,179],[-478,-250],[-1186,-625],[-270,-49],[-2704,-1521],[33,-575],[57,-900],[50,-648],[144,-1945],[166,-3072],[44,-781],[81,-1925],[52,-603],[56,-909]],[[818203,304687],[-200,-419],[-4624,-116],[-1641,-35],[-1589,-44],[-807,-21],[-833,-22],[-3251,-90],[-5,400],[-1621,-41],[-1466,334],[-3422,-450],[-66,1205],[4425,2398],[-366,224],[-1710,-940],[-2379,-1105],[-93,1664],[-96,1897],[-76,1510]],[[798383,311036],[-84,1421],[-50,746],[6,251],[-42,416],[-29,659],[-65,918],[-36,791],[-104,1721],[-53,1148],[306,347]],[[953775,763862],[5974,62],[49,0],[1503,-6],[119,-2],[2014,-9],[1628,39],[753,3],[-91,-1393],[-19,-299],[-174,-2635],[3286,-36],[346,1437]],[[969163,761023],[-131,-3652],[0,-644],[-106,-3351],[-122,-949],[-2192,-5971],[-609,-1838],[88,-3694],[720,5],[728,-7639],[-1403,-8],[-1953,-3615],[-2077,-3893],[-152,-270],[-4019,-7479],[-552,-1009]],[[953666,717014],[-29,1523],[-6,671],[-43,4975],[-1707,-69],[-160,993],[-2730,52],[4589,112],[-9,317],[-103,3554],[-1046,-23],[-437,1103],[216,2355],[1169,20],[-11,394],[-36,1316],[-67,2555],[-91,3416],[-604,-12],[-1127,735],[-763,-54],[196,1512],[-4081,9],[0,58],[103,3657],[-5,197],[2727,50],[3379,83],[-4,112],[-1658,21],[143,2618],[-1668,974],[3189,67],[19,665],[-1572,-377],[-312,1551],[1918,37],[106,3734],[6,138],[333,3769],[285,4040]],[[800234,397604],[3501,62],[3251,51],[1537,31],[1508,27],[3157,49],[5404,102]],[[818592,397926],[748,15],[300,-6023]],[[819640,391918],[-822,-18],[-161,-2],[38,-1702],[136,-3884],[-48,1],[389,-6312],[23,-1457],[70,-1754],[35,-1668],[89,-505]],[[819389,374617],[-365,-6],[-13,255],[-2832,-78],[-683,-4],[-1276,-33],[-4729,-209],[-1601,-31],[-123,2018],[-152,1602],[-269,3088],[-43,482],[-3113,-72]],[[804190,381629],[-29,496],[-3105,-83],[-17,500],[375,8],[-490,1953],[-78,1477],[-55,978],[-86,1496],[1658,17],[-33,486],[-1643,-27],[-58,972],[-42,722],[348,4],[-21,481],[-352,-7],[-23,738],[-85,1418],[263,1462],[-328,-6],[-17,238],[-60,1200],[391,6],[-15,477],[-398,-6],[-56,975]],[[726014,476054],[6460,64],[4398,9],[1818,0],[3254,13],[3971,20],[540,8],[3912,12],[1113,2]],[[751480,476182],[50,-1],[4665,-549],[4733,180],[3295,-225],[4228,264],[4955,-57],[3442,342],[375,7]],[[777223,476143],[128,-3162],[32,-663],[144,-3908],[159,-3767]],[[777686,464643],[-6636,-1],[-3882,0],[-2590,0],[-3554,2],[-5541,-5],[-549,-1],[-5404,-21],[-2808,-10],[-8569,-23],[-2534,1],[-3034,-4],[-6011,-1]],[[726574,464580],[-109,-3],[-92,2638],[-213,4923],[-146,3916]],[[711703,476059],[1660,-20],[12651,15]],[[726574,464580],[-20,-1254],[305,-5199],[-42,-1317],[327,-7652],[100,-1600],[154,-2346],[147,-3296],[197,-4201]],[[727742,437715],[-25598,-70],[-1065,-19],[-17928,33],[-6361,-60]],[[676790,437599],[-859,19261],[-308,7716],[-546,11561],[6378,22],[388,6],[6017,-13],[111,-530],[285,-4281],[-117,-2861],[2235,-253],[961,212],[233,1204],[9224,-41],[-52,1229],[-20,1207],[-40,2020],[-115,2063],[6091,-27],[5047,-35]],[[719018,352739],[287,137],[404,-24],[175,-34],[6244,83],[-368,4226],[-1753,-10],[-99,1226],[-1198,-8],[-124,2252],[3168,24],[3213,14],[3286,-19],[51,-3862],[12637,6],[207,-3896],[9157,42],[9,1365],[3489,8]],[[757803,354269],[77,-1358],[6348,-18]],[[764228,352893],[0,-65],[-2740,-2],[17,-802],[-2485,-34],[-1026,-810],[175,-5499],[-27,-1026],[13,-818],[-27,-984],[11,-328],[15,-517],[36,-602],[72,-1184],[88,-1909]],[[758350,338313],[-669,-14],[-1410,-28],[-4241,-104],[-3010,-69],[-3733,-91],[-208,-12],[-148,1428],[-67,506],[-2727,-10],[-308,-119],[-3132,-58],[101,-1194],[95,-689],[-6342,-159],[-3171,-38],[-1547,-19],[-1646,15],[-3165,-47],[-59,483],[-2225,390],[61,-925],[-787,-11],[-109,1470],[309,577],[-1017,-94]],[[719195,339501],[-103,1835],[-8,470],[-13,3041],[-16,248],[-5,77],[-2,166],[-30,7401]],[[864767,446111],[3211,68],[2857,72],[2838,31],[6400,99],[688,37],[5882,45]],[[886643,446463],[6330,5],[594,108],[545,54],[5395,102],[627,11]],[[900134,446743],[-220,-310],[-2198,-946],[1531,-68],[337,-3272],[507,-1249],[-463,-400],[192,-1543],[138,-2061],[414,-86],[14,-388],[127,-1401],[-7,-121],[0,-362],[-968,-246],[-5,-1057],[1099,24],[27,-366],[36,-433]],[[900695,432458],[34,-464],[93,-1187]],[[900822,430807],[-3995,-101],[-963,217],[-445,-13],[9,-242],[-2726,-94],[-4641,-106],[-4792,-110],[-23,252],[-1133,-28],[-311,113],[70,45],[-1038,523],[-432,192],[-328,142],[-1684,123],[-677,-1308],[-389,1204],[-1057,-1208],[-887,-31],[-39,-426],[-914,-529],[-1866,-47],[-607,108]],[[871954,429483],[-33,10],[-32,9]],[[871889,429502],[-341,121],[-1050,-565],[-5571,-155]],[[864927,428903],[-108,1173],[737,17],[1631,11],[-16,422],[-1636,-12],[-128,1902],[1400,863],[-174,734],[-658,-32],[-27,735],[-669,43],[-97,3111],[1225,54],[-1645,765],[89,75],[712,875],[-1372,240],[1349,410],[-460,350],[-113,1578],[425,4],[-557,2403],[-68,1487]],[[888464,716982],[6860,-36],[6442,61],[6507,64]],[[908273,717071],[23,-1611],[34,-2338],[804,4],[45,-1971],[793,-14],[45,-1915],[-1630,1],[-1,-165],[-13,-2028],[-9,-1417],[-4,-565],[-12,-1607],[-15,-2350],[412,34],[2823,34],[908,-987],[-2462,-57],[100,-1936],[-1624,-105],[49,-925],[82,-1572],[17,-331],[101,-1934],[24,-4018],[5,-937],[3238,320],[-44,-2307],[-2427,-5],[-17,-1005]],[[909518,685364],[-731,0],[-19531,-89],[-346,60],[-684,-60],[-24794,-53],[-3,236],[-171,5]],[[863258,685463],[-107,3836],[-51,1811],[-19787,-9]],[[843313,691101],[5396,15239],[1259,2456],[-223,7904]],[[764228,352893],[3217,-54],[3069,5],[127,-6744],[150,0],[1485,1],[-372,1117],[1053,1087],[-582,1427],[2466,-2],[2220,594],[55,-1718],[1703,18],[-121,3365],[1298,600]],[[779996,352589],[183,-4125],[22,-2087],[28,-583],[2230,412],[10300,360],[3497,227],[6652,168],[4852,-418],[2123,980],[324,145],[1929,1459],[2427,1563],[852,307]],[[815415,350997],[-39,-162],[1,-2333],[267,-1704],[924,112],[1358,41],[3699,95],[523,-16],[136,-3770],[111,-1849],[52,-1173],[-439,-369]],[[822008,339869],[-4113,-30],[9,-405],[-617,-6],[-16,267],[-664,-271],[-636,-11],[-1587,-30],[-13,236],[-797,189],[-371,-435],[-307,-10],[-23,250],[-1283,-35],[11,-241],[-1977,-38],[-3283,-96],[-815,-18],[-1802,154],[-2256,373],[-68,1271],[-2888,-79],[143,-1907],[-2041,-61]],[[796614,338936],[-1382,-22],[-1438,-13],[-764,-10],[-1386,198],[6,-139],[-530,131],[-3257,-38],[21,-210],[-807,-11],[-11,208],[-3198,-32],[9,-212],[-2728,-78],[-420,-12],[-28,879],[-1198,-258],[-254,-109],[-1243,-365],[-493,71],[-642,-317],[-215,-8],[-185,170],[-465,278],[-216,93],[-41,-97],[15,-461],[-4908,-113],[-1911,-5],[-937,1226],[-1936,21],[-152,-106],[-892,-203],[-221,-7],[-26,353],[-313,597],[-2044,-31],[-435,-206],[-523,-537],[-293,-413],[447,-788],[-3270,-47]],[[960218,894038],[141,2529],[16,262],[2417,-59],[1008,1917],[827,-23],[587,-1434],[1799,-4],[178,2416],[3094,-59],[180,760],[2328,2742],[218,-218],[317,130],[-510,1342],[-21,70],[-274,954],[-8,539],[-8,583],[-332,1303],[47,366],[-28,157],[-33,458],[-73,818],[-49,561],[-107,1199],[-63,702],[-55,615],[-175,1865],[-154,2728],[-106,1886],[1045,1116],[643,686],[-1566,3366],[-1187,2546],[-468,1211],[-2022,4022],[-874,914],[-159,161]],[[966791,933165],[375,-8],[1714,-42],[3308,-97],[49,974],[3029,-75],[2150,-9],[-226,436],[2600,76]],[[979790,934420],[37,-75],[2558,-5248],[413,-924],[1841,-4125],[1608,-3602],[197,-440],[1622,-3635],[130,-289],[29,-84],[1245,-3517],[2987,-8440],[228,-644],[700,-1980],[3029,-8558],[232,-654]],[[996646,892205],[-1283,26],[-3174,64],[1790,-670],[-109,-2042],[1255,-2243],[-4693,-304],[-4291,-220]],[[986141,886816],[-3524,-189],[-1616,35],[-1814,65],[51,1827],[-3269,9],[-44,-361],[-2575,72],[-91,471],[-3141,69],[-323,-258],[-3525,76],[94,256],[158,2605],[30,658],[-5019,1353],[-871,390],[-451,5],[0,17],[7,122]],[[446263,822276],[1360,1077],[601,-325],[635,-256],[641,-235],[6923,-2799],[1588,1304],[-1519,629],[1632,1332],[1873,-785],[115,-3921],[-3,-3057],[121,-577],[44,-561],[26,-1380],[432,-2],[3208,-10],[-36,-5888],[57,-1381],[-3551,-174],[220,-3173],[1078,-18176],[-474,0],[0,-135],[885,-27327],[142,-448],[263,-419],[32550,-27779],[53984,20],[468,-25],[6313,0]],[[555839,727805],[-195,-2020],[-239,-10807],[-6298,-49],[19,2481],[-6500,-2],[-37,-6432],[-25906,-25],[-533,-365],[9549,-8576],[42230,-36560],[-298,-514],[31202,-27040]],[[598833,637896],[-1659,53],[-187340,-328],[-12562,11077],[-1376,3296],[-30120,85471],[-10934,30913],[6784,15238],[10081,22987],[27807,60],[740,158],[25292,68],[-63,7621],[19446,32],[6220,33],[22,4243],[-12539,1400],[-4111,1136],[10354,-238],[1388,1160]],[[849194,414690],[854,-647],[561,88]],[[850609,414131],[138,-1948],[161,-1],[11,-188],[-1272,-1587],[1036,-184],[-3003,-55],[192,-3104],[3199,83],[45,-780],[-4,-484],[93,-1445],[146,-1924],[132,-1928],[133,-1925],[128,-1925],[111,-1928],[-235,-5],[-289,-470],[590,-435],[45,-995]],[[851966,392903],[-1169,-100],[833,-1161],[-1379,-413],[-4070,-6],[-585,1486],[118,-1905],[-1375,-29],[-1095,1220],[-1047,387],[-2870,-43],[-6668,-57],[-6578,-170],[-6441,-194]],[[818592,397926],[-16,577]],[[818576,398503],[-89,3264],[665,41],[6491,241],[1,-14],[6452,136],[-4,59],[-107,1882],[-121,1893],[546,0],[255,272],[5044,211],[563,-2],[44,-387],[3206,50],[2679,562],[528,-431],[-43,694],[-25,400],[-62,778],[-121,1926],[74,291],[-99,1619],[3837,2233],[904,469]],[[825467,653288],[99,-3119],[543,13],[1516,1207],[5106,1406],[1547,210],[4022,-2],[1520,99],[1673,547],[3666,1332],[2529,203],[1842,28],[1110,143],[3661,902],[1968,78],[4726,-797],[2679,-2],[125,0]],[[863799,655536],[53,-2072],[3094,-3],[-346,140],[575,351],[-13,1596],[3302,3],[3280,0],[1255,-1014],[2008,3]],[[877007,654540],[-1,-1073],[-571,-1221],[571,-1262],[3,-2370],[0,-162],[35,-2700],[-145,-952],[-1272,-1822],[-69,-285],[59,-1294],[97,-807],[247,-3718],[291,-723],[1021,123],[495,-1241],[82,-749]],[[877850,634284],[-814,1],[-2781,2],[-9801,26],[-364,-6],[-101,-3]],[[863989,634304],[-807,-1],[-6788,1349],[-4921,987],[-699,139],[-3069,611],[-2964,540]],[[789531,648883],[-350,231],[10958,4083],[25328,91]],[[864801,507199],[85,193],[462,1034],[135,640],[-29,1231],[-22,681],[-53,1319],[126,2],[82,2],[-85,1427],[-76,1270],[-67,897],[-22,1],[-154,-3],[-3,52],[-35,708],[153,0],[-6,207],[414,6],[-34,3187],[-17,686],[24,2060],[430,455],[-1212,54],[-57,1268],[-84,1433],[693,3]],[[865449,526012],[1214,-461],[1922,-447],[15,-397],[884,423],[1635,26],[26,-414],[3377,50],[2661,506],[170,-42],[9,-174],[5682,-97],[782,11],[2432,41],[-22,377],[-572,895],[1325,62],[-73,1315],[1117,-900],[2198,-32],[98,-1703],[5,-90],[985,11],[2237,23],[2105,85],[503,3],[652,7],[-14,403],[4284,150],[23,-424],[3,-70],[2161,38],[1406,23],[948,13],[1542,26],[1666,15]],[[908835,525264],[662,-1482],[277,597],[-1,-785],[1521,-546],[-429,13],[-1218,281]],[[909647,523342],[-2038,342],[-568,-955],[-1440,-896],[-884,-86],[-1162,-34],[-246,-331],[542,-405],[-1917,-81],[-973,-526],[-2430,-2440],[438,-604],[-753,-1375],[-393,-1913],[-640,-1031],[-281,17],[-3136,-210],[-1254,57],[-1456,-1166],[-349,-142],[97,-4189],[-1,-182],[-133,-21],[108,-3199],[248,-634],[-17,-773],[369,-1653],[1682,-3190]],[[893060,497722],[-188,-20],[172,-1119],[-1773,7],[13,-964]],[[891284,495626],[21,-727]],[[891305,494899],[37,-1183],[7,-100],[2340,48],[-1150,-1020],[-1102,-170],[0,-743],[77,-1733],[169,-4097],[377,-59]],[[892060,485842],[-5154,-116],[-811,57],[-957,-31],[-1536,-21],[-761,-15],[-954,-14],[-785,-24],[-729,-15],[-6412,-131],[-1695,-42],[-1206,-25],[-408,-7],[-3507,-86]],[[867145,485372],[-52,947],[-1365,-29],[-188,3157],[125,530],[4,18],[1693,20],[251,1416],[226,1247],[-1578,24],[265,399],[142,760],[-308,2488],[-1829,8],[-148,37],[792,890],[521,820],[617,966],[2047,2222],[1720,398],[-272,2940],[2420,260],[-4070,16],[-4047,820],[690,1473]],[[823631,320001],[-68,1152],[-479,754],[418,211],[-3,37],[-46,1206],[-483,342],[-14,213],[438,8],[-7,44],[-292,142],[-839,709],[1081,30],[-11,186]],[[823326,325035],[2207,44],[4268,314],[-8,117],[800,-240],[2123,45],[-15,253],[1542,22],[6,-119],[326,17],[-5,102],[1300,19],[38,-227],[363,5],[1,139],[334,225],[5744,113],[364,-78],[9,-246],[401,264],[6038,11],[-2,-113],[1583,388]],[[850743,326090],[5566,1313],[1087,175],[1130,-885],[-5411,-2487],[1953,-1230],[-1522,-684],[220,-290]],[[853766,322002],[-1386,312],[-3389,-1476],[-4318,-1566],[-445,-162],[-1021,335],[-522,-305],[224,-440],[-1385,-565],[-1294,70],[-224,-1021],[464,-374],[-2407,-1595],[-1635,627],[-210,-168],[-869,-698],[-915,-736],[-532,-521],[-2889,-2834],[-3507,-2384],[739,-1777],[339,-271],[206,-164],[1125,-897],[460,-2889]],[[830375,302503],[-2925,1169],[-233,-201],[-80,194],[-696,318],[-6216,-4],[-2022,708]],[[830997,547608],[0,-152],[-4015,-193],[-36,-400],[543,-225],[-2648,-1297],[-847,-878],[484,-1944],[3532,66],[122,-399],[564,-366],[316,-774],[1623,115],[35,-1051],[-9412,-17],[2,-71],[31,-819],[4677,25],[54,-1508],[94,-3286],[160,-2060]],[[826276,532374],[-4775,1],[-3330,-14],[-1715,-27],[-395,21],[-4997,43],[-170,-9],[-3279,-42],[-2393,-17],[-8133,8],[-6507,-31],[-1576,3]],[[915652,669484],[6396,-24],[6541,-76],[184,0],[-12,305],[5931,-58]],[[934692,669631],[9072,0],[1,-236],[1082,10],[3127,208],[3167,22],[7523,36],[2012,7],[3495,53],[190,962],[549,-829],[4088,404],[-221,-2525],[3067,31],[440,-13]],[[972284,667761],[-200,-2427],[-542,-6600],[-177,-2150],[-35,-435],[-221,-1597]],[[971109,654552],[-3386,6],[-101,329],[-4422,-3],[-83,734],[-1105,-1204],[-1719,-1272],[-1589,12],[-34,707],[-1592,20],[437,1519],[-220,24],[-3913,490],[-2448,413],[-369,47],[194,-1716],[-1780,502],[-1264,-2490]],[[947715,652670],[-844,277],[-625,-552],[-1787,-300],[-63,1914],[-1006,211],[-2596,72],[-2853,140],[-3935,941],[-2258,337],[-2561,27],[33,-1613],[-6479,-23],[-380,-823],[-921,-969],[-3601,96],[-108,1035]],[[917731,653440],[-1293,327],[-440,42],[234,1014],[-148,1181]],[[916084,656004],[-164,876],[-10,3892],[-1,1070],[-132,3971],[-125,3671]],[[866701,414125],[-14,180]],[[866687,414305],[6051,216],[1131,221],[-227,-754],[706,491],[1843,1382],[149,-1983],[1265,26],[-29,955],[5065,91],[3155,93],[13,-175],[2881,-35],[315,109],[-2,45],[315,-114],[2877,87]],[[892195,414960],[122,-1643],[133,-1906],[23,-472],[187,-2392],[47,-951],[677,-975],[-529,-709],[17,-133],[128,-1858],[454,-472],[-420,-12],[19,-208],[1253,-247],[-819,-19],[-385,-493],[50,-698],[74,-945],[84,-1502],[-166,-1044],[-2953,-97],[34,-389],[58,-1523],[1770,52],[-501,-758],[3210,29],[-360,-1402],[-88,-321]],[[868070,393040],[-154,2182],[-3203,-74],[-118,1935],[3216,86],[-106,1955],[1598,37],[-30,887],[-1322,-38],[-477,1997],[389,8],[-122,1271],[-122,1265],[-311,-9],[-13,345],[539,21],[-560,235],[-96,1695],[530,3413],[-462,477],[603,20],[-1512,1507],[234,552],[185,354],[-55,964]],[[964371,684574],[1949,-218],[1983,-785],[4618,-100],[479,1628],[133,836],[-3,301],[63,3370],[1030,6],[1328,2]],[[975951,689614],[-236,-1707],[-185,-1338],[-2440,-17665],[-219,-205],[-553,-517],[-34,-421]],[[934692,669631],[488,630],[2274,731],[0,1805],[-3653,121],[-526,799],[-4586,0],[-186,3951],[-175,-2],[-5,25],[-141,7128],[-22,664]],[[804677,934364],[970,-432],[9782,-4366],[11699,-5222],[2807,-1270],[476,-210],[8366,-3540],[1110,-500],[11420,-5091],[17072,-7612],[-69,-71],[1960,-886],[15269,-6835],[15583,-6974],[2754,-1244],[4518,-2021],[7942,-3555],[-51,-123],[4276,-2032],[-3,-159]],[[920558,882221],[-1763,-18768],[-72,-797],[-237,-3577]],[[918486,859079],[-640,19],[-12367,321],[-196,-8078],[-12596,113],[-297,-7951],[-1370,63],[-12070,333],[-12724,378],[12,396],[148,4842],[523,17037],[-12080,174],[-18,-256],[-576,61],[-12216,-11],[-6499,-7],[-6782,39],[-10755,131],[-445,-65],[-962,-314]],[[816576,866304],[-3,105],[188,953],[493,6780],[645,7965],[272,7905],[-23,960],[-6568,74],[-16115,-46],[38,-918],[-3248,-48],[52,1007],[116,2289],[299,4485],[744,7819],[-107,7774],[0,132],[2896,-22],[192,19744],[-3852,4022],[-765,419]],[[791830,937703],[-30,1198],[1963,-274],[800,585],[2086,-471],[1180,-423],[3670,-2537],[3178,-1417]],[[900715,391857],[8658,565],[9207,213],[2111,73],[5586,146],[395,12],[1324,-1],[578,22],[1418,45]],[[929992,392932],[574,-3582],[9,-564],[22,-1334],[54,-3254],[16,-947],[26,-1618],[24,-1442],[26,-1550],[-38,-654],[-22,-376]],[[930683,377611],[-1464,13],[-27,431],[-983,-83],[-106,-1280],[-118,-1407],[-389,1467],[-611,-177],[-598,1207],[-3811,-405],[1504,1218],[-360,401],[-1341,-1141],[-2839,-1335],[-222,-1917],[1662,-1714],[609,-1530],[-517,-949],[-2145,-1436],[669,-1123],[-2206,1305],[-15531,-356],[-3806,-100]],[[898053,368700],[-135,741],[-210,2662]],[[759582,309800],[3242,123],[-30,496],[5559,213],[318,15],[3876,176],[9119,207],[2099,71],[1635,23],[15,-244],[471,260],[2739,72],[783,5],[1668,42],[797,16],[4858,120],[23,-395],[1629,36]],[[830375,302503],[308,-1938]],[[830683,300565],[-1750,-444],[-1865,-3685]],[[827068,296436],[-1254,281],[735,1187],[-1591,221],[-3964,-291],[-3566,-48],[-838,435],[-664,-586],[-2322,-81],[-587,-1405],[-1990,33],[-2750,-62],[-73,67],[-32,493],[-248,-2],[-14,173],[-655,-19],[6,-234],[-498,-2],[-3,119],[-451,-14],[12,-333],[-94,-296],[-7027,-143],[-345,-11],[-367,88],[-5642,410],[-3155,191],[-3345,228],[-2974,198],[-229,197],[-1169,-64],[-2107,129],[-1738,106],[-3982,-77],[-472,25],[-322,-7],[47,-1073],[-3181,-67],[60,-932],[-1637,-31],[-3225,-80],[-1613,-31],[-2760,-42]],[[761044,295086],[-408,-3]],[[760636,295083],[-103,1964],[-142,2106],[-229,3474],[-154,1937],[-40,447],[-131,1640],[864,83],[-458,2388],[-610,-7],[-51,685]],[[830683,300565],[-7,40],[-637,299],[-361,27],[-201,-375],[494,-132],[712,141]],[[940776,597798],[-66,-1460],[1570,-105],[1610,-781],[1366,27],[-204,-967],[-280,-1408],[-406,-1917],[-363,-1752],[-1256,-97],[-629,-465],[583,-215],[-1862,-1421],[25,-974],[811,11],[28,-975],[815,7],[819,-953],[6,-948],[-777,-7],[18,-925],[814,9],[66,-2344],[-569,-1261],[-28,252],[-2253,-55],[15,-698],[-165,-296],[128,-2524],[-2292,-61],[-833,-869],[129,-1990],[-3507,-21],[9,-385]],[[934098,572230],[-4349,-62],[-644,-1061],[-1347,-113]],[[927758,570994],[-448,-4],[-5327,-1208],[-1317,-41],[-710,-12],[-1675,-20],[-2415,1492],[-495,99]],[[863287,566531],[1339,1069],[563,451],[659,525],[740,-530],[3340,59],[2,98],[-48,1782],[62,1329]],[[915371,571300],[-532,-429],[-3751,-2384],[-3558,-2233],[449,-386],[362,-677],[-105,-736],[126,10],[305,-3127],[-305,-90],[47,-899],[118,-3745],[46,-1969],[88,-1929],[185,-3897]],[[908846,548809],[-4068,-101],[23,952],[-2364,-49],[15,-973],[-2365,-41],[-1829,-56],[-232,-7],[-1060,-31],[-371,-11],[-3998,-108],[-1595,-42],[-48,628],[-677,-85],[-792,-35],[7,-548],[-6426,-69],[-6292,-72],[-117,-1],[-2036,-5],[-377,1],[-645,1],[-3,581],[-2782,-2],[-2990,90],[18,-681],[-1196,-3],[-2582,-242]],[[864064,547900],[-121,2036],[1110,16],[-296,1632],[-959,-331],[-28,900],[-137,1773],[-55,2166],[-46,1416],[-31,512],[-31,565],[-19,802],[157,1],[-5,668],[3142,-9],[-36,962],[-3116,1],[-57,3006],[-170,2],[-79,2513]],[[722845,510330],[3028,-2508],[941,-462],[1693,-340],[3584,-59],[5444,-12],[1,104],[5,1876],[6661,-20],[-2,-1922],[6339,-17]],[[750539,506970],[-32,-60]],[[750507,506910],[162,-2369],[1443,-230],[-1571,-1203],[87,-7705],[-5378,-34],[2723,-1236],[1454,-109],[-569,-172],[1453,136],[410,7],[-52,-144],[123,-3004],[152,-3147],[168,-3818],[225,-4646],[133,-2824],[10,-230]],[[711703,476059],[-135,3152],[-107,2697],[-88,1956],[1478,-11],[86,135],[61,9482],[-35,175],[-9,1757],[8,1555],[313,2896],[749,2239],[1086,2318],[683,1027],[475,434],[6577,4459]],[[882938,328627],[4494,9776]],[[887432,338403],[8838,-2877],[5818,-39]],[[902088,335487],[11390,-5328]],[[913478,330159],[-1792,-1715],[31,-705],[75,-1654],[-1919,-2651],[-2458,-1444],[-2457,-459],[-5852,-2414],[-505,-209],[3765,-2213],[940,-66],[637,-44],[3626,-1472],[353,-1265],[-454,-2314],[-2301,-3273],[-290,-2065],[-689,-1967],[-1678,-1598],[-580,-1012],[-440,-769],[-132,-230],[-192,-1338],[-370,-2570],[632,-2620],[126,-521],[281,-1163],[95,-395],[1772,-5675],[-2690,-2881],[-1325,-419],[-1132,433],[-2539,4380],[-5981,3577],[-325,165],[-5319,2706],[71,121],[1502,2579],[2048,1879],[306,280],[2868,1863],[893,580],[582,378],[-785,2821],[-3689,809],[68,868],[1715,701],[4685,1916],[2044,836],[5953,3784],[-2975,1701],[215,381],[102,181],[-3558,2193],[-217,6],[-2834,74],[-919,1139],[669,943],[-24,16],[-212,140],[-5652,3745],[-1119,741],[-2994,847],[-18,0]],[[883116,325821],[430,388],[-608,2418]],[[784618,358224],[3510,178],[1265,-12],[6390,69],[6535,144],[2647,66],[6897,142],[4910,92],[634,16]],[[817406,358919],[846,8],[1699,573],[14,547],[-76,2845],[-189,3923],[-158,3898]],[[819542,370713],[28,3],[437,-433],[1014,-73],[-50,542],[6410,101],[4830,85],[36,-462],[1634,31],[-29,432],[4112,84],[-8,-260],[188,-186],[571,12],[-38,471],[1617,29],[2385,76],[816,-58],[2858,57],[26,73],[312,16],[1600,17],[1677,39],[1662,34],[13,-192],[1255,23],[-13,198],[389,14]],[[853304,370979],[12,-110],[-318,1],[-74,-74],[-125,-4],[12,-180],[530,11],[45,-1178],[93,-903],[-289,20],[6,-91],[-97,-5],[7,-347],[84,-4],[46,-76],[-9,-114],[302,11],[16,-427],[102,-1948],[31,-389],[69,-1574],[76,-1198],[88,-1398],[59,-1378],[70,-1295],[-418,-9],[444,-311],[13,-325],[48,-659],[60,-1343],[-684,-1320],[744,-437],[156,-2147],[46,-946]],[[854449,350832],[-1465,288],[-127,621],[-1638,-33],[17,-490],[-1616,-29],[-369,485],[-1257,-33],[-3271,-50],[-3239,-68],[-1677,-29],[-1645,-28],[-3287,-72],[-346,-3],[-1428,-24],[-512,-9],[-1835,-34],[-279,-6],[27,-193],[-1854,-32],[-7,191],[-228,-4],[-224,-4],[15,-192],[-1208,-20],[-7,192],[-1738,-29],[15,-196],[-1276,-23],[-9,194],[-247,-5],[-206,-3],[-1581,-154],[-8,129],[-15,291],[-5020,-240],[-1489,-223]],[[779996,352589],[8,271],[959,7],[56,-1744],[5821,115],[-5,1450],[-680,235],[-2805,-56],[-141,4966],[343,205],[1066,186]],[[789324,483876],[2759,48],[1949,40],[697,17],[2124,40],[5456,110]],[[802309,484131],[-28,-247],[402,-7450],[13,-83],[221,-3864],[876,30],[60,-1866],[-824,-22],[85,-1794],[16,-225],[184,-3714]],[[803314,464896],[2,-136],[175,-2911],[-787,996],[-1665,528],[-164,240],[1220,1125],[152,140],[-4990,-104],[-7119,-141],[51,-1029],[-3128,-6],[-99,907],[-4595,16],[-4,110],[-4535,12],[-142,0]],[[777223,476143],[-148,2986],[-42,863],[-55,1187],[-125,2701],[176,1],[1600,-7],[3151,-6],[1528,6],[4645,2],[1371,0]],[[722251,309045],[876,75],[3902,49],[-12,246],[837,18],[16,-219],[2238,40],[-19,240],[4115,99],[69,-961],[6344,184],[-38,615],[2755,-51],[-35,463],[3600,95],[4732,107],[1578,37],[19,-196],[3173,50],[-3,241],[3148,104]],[[759546,310281],[36,-481]],[[760636,295083],[-1590,-46],[-6611,-158],[-4607,-96],[-839,-16],[-281,7],[-710,-24],[-4580,-84],[32,244],[-1923,-47],[-8,-244],[-433,-18],[-94,1930],[-912,-31],[45,-984],[-3117,-64],[-3152,-110],[-1,-253],[-1165,-20],[-30,1166],[-1340,-50],[-2275,1],[56,-1849],[-424,-11],[-4335,-87]],[[722342,294239],[-218,1145],[-497,230],[431,492],[187,462],[-38,3325],[-54,1884],[-409,4635],[67,378],[42,156],[1240,-501],[-488,1630],[-725,170],[371,800]],[[892060,485842],[-507,-2750],[108,-4816],[652,1],[1314,-80],[-6,-115],[214,-1087],[-1499,-2834],[332,7],[-445,-1555],[58,-2368],[-360,-3],[103,-3949],[4,-123],[120,-3902],[199,-3795]],[[892347,458473],[-884,-60],[-2228,-57],[-324,-1104],[385,-218],[45,-667],[-3217,-99]],[[886124,456268],[-1635,403],[-4814,-16],[-62,971],[-1620,429],[-3225,-39],[-4501,-74],[13,-457],[-1449,-22],[-26,508],[-1470,-20],[-116,1950],[-97,1970],[-69,981],[-204,3097],[-4823,-63],[-1688,-16]],[[860338,465870],[-184,2975],[-21,224],[-44,784],[-174,3838],[17,342],[-162,3522],[-1913,65],[-1150,105],[-235,1656],[-748,-6],[-596,3905]],[[855128,483280],[-261,1845],[883,25],[317,8],[1989,38],[1206,24],[966,23],[700,55],[1417,79],[281,6],[3155,-24],[1364,13]],[[863989,634304],[89,-2469],[124,-2948],[149,-2964],[101,-5945],[-3,-299],[-2,-218],[296,-3438],[50,-3779],[76,-3395],[73,-2953],[-4,-92]],[[864938,605804],[49,-1179],[-3697,15],[5,-311],[-339,69],[-3247,242],[-5456,50],[-4109,3]],[[848144,604693],[1,106],[3544,250],[4287,712],[-95,1724],[-2032,1478],[-2122,61],[-645,3345],[-3793,39],[-865,-476],[-3728,41],[-3335,-64],[-136,653],[-5541,42],[-7083,71]],[[689605,230283],[8010,50],[3242,21],[9634,60],[3248,21],[3227,19],[3187,21],[-4,963],[2480,24],[-25,937],[-5709,-35],[26,121],[5699,7],[2287,491],[502,-183]],[[725409,232800],[159,-77],[-448,-364],[-2797,-1871],[262,0],[657,490],[1798,-476],[2674,490],[605,-262],[8,-176],[1674,27],[-56,1818],[1,62],[2942,-253],[4035,-564],[261,-1],[266,-2]],[[737450,231641],[16,-1053],[23,-2213],[38,-1502],[42,-4099]],[[737569,222774],[-246,-1],[-7208,-41],[-3309,4],[-3165,632],[30,-659],[-9762,-76],[-2948,4],[-53,-35],[-106,65],[-117,64],[-264,-190],[-263,92],[-5905,-62],[-1581,-18],[-1727,-18],[-3263,-28],[-7993,-45],[-17,-1947],[-4762,-17],[-55,1935],[-6423,-44],[-2426,-18],[-835,-950],[47,-1459],[-3207,-38]],[[672011,219924],[-35,2424],[-12933,-76],[-8091,-79],[92,-1203],[-71,-789],[-1571,-13],[-21,1988],[-3239,-37],[-1623,-23],[-4820,-2987],[22,2953],[-12935,-80],[14,-966],[-4036,30],[-1563,924],[-847,2],[28,-1918],[-3245,-27],[-4,1953],[-3171,-30],[-6452,-61],[1,-488],[-790,1],[-4748,-121],[-22,159],[-747,-10],[-22,414],[-74,0],[-6303,-5]],[[594805,221859],[-236,7753],[1533,112],[3262,1910],[14,-2002],[1603,7],[6412,19],[16110,42],[3997,22],[-7,505],[746,-143],[27,1597],[4878,49],[45,-1968],[6452,70],[-8,1961],[6379,-5],[10,-1903],[11296,163],[1649,1022],[5,-980],[3276,38],[-54,986],[1574,-56],[21,-426],[1640,-5],[12,-483],[6410,47],[-28,1939],[6439,32],[-125,-1950],[6594,45],[4874,26]],[[731593,230593],[816,7],[777,-11],[-4,931],[-1567,-22],[-22,-905]],[[737569,222774],[-19,-1912],[5419,29],[47,-1938],[6437,28],[-59,2279],[-1,74],[-55,1484],[12856,85],[18,0],[175,31]],[[762387,222934],[100,-4303],[1092,-488],[74,-275],[1160,-940],[2562,-2745],[-8,-117],[-467,-223],[-4497,1418],[-3274,-24],[-2804,-1],[-6753,-40],[1,-128],[2949,-21],[43,-3753],[-2730,-171],[208,-3989],[-82,-1450],[8774,-65],[-8787,-66],[-468,-6176],[80,-1770],[-4052,-27],[128,1896],[-9070,0],[-6191,-157],[-13,-1946]],[[730362,197373],[-3010,-46],[-659,473],[-2259,-170],[-305,-158],[-4957,24],[25,1693],[-1872,-11],[283,1030],[-18,4847],[-175,-1],[-2755,-19],[-3675,-9],[49,-1933],[58,-3949],[-6462,-22],[-4044,-254],[-2471,248],[-19,1738],[-1742,-970],[-942,-873],[-306,5],[-2847,8],[-156,288],[-546,-126],[-105,-30],[-465,-107],[-2566,-57],[8,-1955],[-690,0],[-2585,934],[1,1016],[-6399,-48],[-1692,-35],[-1397,-6],[-1737,-11],[-1588,-9]],[[672342,198878],[-45,1940],[823,11],[-222,1968],[959,8],[-3,1979],[886,1011],[-1116,933],[-240,365],[-1182,337],[-113,4185],[3246,29],[-21,2908],[-3271,-16],[-32,5388]],[[923387,827606],[48,-4],[6489,-65],[3282,-64],[27,451],[3154,-58]],[[936387,827866],[-19,-456],[145,-4],[1624,-14],[1672,649]],[[939809,828041],[-358,-525],[-2194,-460],[107,-2925],[-1054,-66],[-129,-2497],[-28,-336],[515,-1],[64,-44],[-53,-841],[-576,10],[1,-277],[-274,-104],[257,-4],[-6,-360],[-105,-1933],[-103,-1917],[-191,-3919],[-4,-78],[964,-25],[-964,-416],[-4,-278],[615,-9],[-58,-171],[-22,-287],[-260,-4],[-6,-192],[-239,4],[74,-2462],[24,-800],[16,-158],[428,4],[2739,-44],[31,-975],[-3179,8],[54,-1773],[-7,-198],[442,-6],[463,-430],[-616,-1462],[-384,7],[-160,-471],[-74,-1348],[-18,-206],[137,-3],[-37,-473],[3159,-294],[-3185,-162],[431,-1375]],[[936042,797765],[-532,-354],[-72,-1206]],[[935438,796205],[-137,3],[-1543,28],[-4348,110],[-522,0],[-6546,142],[-6560,116],[-5072,116]],[[910710,796720],[-1504,47]],[[900134,446743],[2553,47],[4870,117],[158,1],[3456,54],[1090,88],[6541,102],[4,-402],[2734,62],[5178,136],[447,328]],[[927165,447276],[-286,-2860],[88,-1171],[-339,-2294],[175,-671],[-268,-1342],[-135,-500],[-683,-746],[-281,-750],[-303,-789],[-504,-1161],[-1192,-699],[-237,-867],[-4870,227],[-230,-383],[-499,-283],[6,-823],[-666,118],[553,139],[-1,539],[-1653,-25],[-49,-160],[-945,-10],[-53,-285],[160,-75],[19,-321],[-314,320],[-3429,-63],[-2812,246],[-446,31],[-33,3],[-885,17],[67,-627],[-1320,-46],[-51,637],[-1396,-41],[82,-98],[-77,-526],[-455,-2],[-20,212],[-983,-38],[-313,408],[-562,-12],[-1330,-47]],[[927527,755870],[-19,1320],[1568,8],[30,-1334],[3401,-25],[740,37],[663,28],[-149,478],[319,532],[478,2954],[1703,-9],[154,1937],[946,56],[-195,1906]],[[937166,763758],[4286,2],[97,0],[12226,102]],[[927640,717134],[-6388,-29]],[[921252,717105],[-59,2042],[-14,1865],[2337,-14],[2074,2004],[1741,203],[-78,1699],[-31,3892],[-6379,-20],[-22,235],[2960,402],[-1076,919],[-1342,362],[863,1523],[2376,-383],[2593,12],[-3,877],[6,1442],[-2948,-357],[-8,-1118],[-928,-4],[162,3740],[3756,28],[-6,122],[155,-1],[49,1189],[161,2774],[-4085,-63],[56,916],[295,1190],[3587,-43],[0,787]],[[923724,740714],[2003,-83],[127,1305],[17,472],[-1691,110],[-456,-1804]],[[754823,390070],[1056,-527],[13057,-6448],[397,-214]],[[769333,382881],[6511,-3221],[3263,-1632],[3079,-1544],[1167,-575],[485,-238],[83,-57],[44,17],[5176,-2623],[1755,-834],[4285,-2098],[4684,-2340],[1875,-954],[877,-473],[692,-343],[5225,-2579],[1593,-779],[5065,-2561],[2214,-1128]],[[784618,358224],[-1504,134],[-104,2259],[48,274],[-63,1657],[-122,2887],[-123,2889],[-153,3841],[-177,2820],[-7,172],[-1058,-431],[-469,-210],[-616,-418],[-460,-143],[-61,-299],[-189,-421],[-156,-533],[-14,-1087],[140,-3282],[260,-9167],[3,-463],[-6237,-20],[-846,497],[-135,196],[-696,99],[-1527,-13],[1,-89],[-3205,-4],[29,-231],[1685,-47],[579,-448],[-2264,-4],[98,-1911],[-3212,15],[-127,2883],[-6350,50]],[[757586,359676],[-38,1013],[2875,-9],[-214,699],[-383,-234],[-1426,82],[21,881],[-843,150],[-147,1267],[-46,1395],[1269,6],[-20,919],[-1297,1],[-94,2510],[-298,7672],[3179,15],[1789,2],[-98,2562],[3374,160],[188,1359],[1073,461],[273,681],[-7872,3904],[5488,-1],[-9702,4816]],[[754637,389987],[186,83]],[[911455,519921],[1308,23],[-37,471],[1979,19],[15,-508],[1483,22],[95,2],[0,269],[4161,296],[1741,-901],[835,1549],[-635,849],[638,318],[1575,-494],[1119,-371],[4229,-559],[1461,-898],[4560,-909],[1284,526],[779,563],[371,1395],[-282,2477]],[[938134,524060],[267,-29],[1929,1446],[267,29],[639,-39],[1500,-52]],[[942736,525415],[-39,-288],[-159,-3822],[-14,-329],[-10,-226],[-42,-1008],[-67,-850],[-363,-4556],[-266,-3346],[-1561,-1037],[-905,-601]],[[939310,509352],[-2641,207],[-1134,-1381],[-2076,-117],[841,-1923],[-409,-1912],[-1212,-15],[49,-826],[985,30],[-289,-1197],[-5180,-237],[-122,2049],[-4721,-56],[-1293,-110],[-1197,-396],[-1067,-374],[-1366,-51],[-3439,418]],[[915039,503461],[76,197],[35,94],[-1211,728],[-1601,5127],[1311,79],[-316,967],[-1326,-18],[-317,982],[672,-2],[-681,2192],[-536,2098],[540,56],[-129,731],[-12,820],[-16,371],[-73,2038]],[[829228,821906],[3486,-81],[6786,-138],[6032,-115],[5399,-101],[1058,-25],[2998,-65],[3447,-68],[2472,17],[3636,-13],[-4,-143],[-5,-268],[239,-106],[55,-4364],[-167,-1],[-110,-1172],[1459,14],[15,-886],[16,-454],[-1454,-33],[-242,-543],[-88,-1597],[3463,-341],[-3484,-54],[-206,-1865],[-122,-2111],[-169,-1861],[17092,58],[5736,35],[418,2]],[[887164,795148],[114,-3405],[-97,0],[-294,1],[-198,1402],[-1170,2576],[-10990,-99],[-8958,-51],[-814,-5],[-1504,-19],[-30,-439]],[[863223,795109],[-70,1],[10,324],[-1047,12],[-4572,56],[-3900,-24],[-3231,74],[-122,-1605],[-140,4],[2,-4245],[-1898,398],[-4595,135],[-5491,153],[-691,-16],[-9,-220],[-13483,284],[-538,-7772],[-6451,130],[-6384,133],[-192,1],[-6185,202],[-7138,82],[-59,109],[-352,-345]],[[796687,782980],[-166,65],[-9551,3841],[-1461,704],[-4848,1973],[6417,41],[336,7385],[-19,2214],[146,2700],[146,1817],[38,807],[112,2339],[411,7829],[348,7874],[7,137],[11429,-226],[13421,-262],[9766,-197],[3111,-66],[2898,-49]],[[824925,524499],[1717,7],[1101,19],[-528,69],[-633,916],[-119,2240],[-43,736],[-168,296],[24,3592]],[[826276,532374],[3116,-2],[4351,-6],[4411,11],[770,-29],[-6,101],[56,0],[6313,12],[141,0],[1776,8],[920,3],[3246,61],[-12,77],[-295,-1],[222,793],[1570,4],[447,0],[300,-837],[157,0],[621,-6],[2017,-23],[8004,31],[202,0]],[[864603,532571],[808,8],[-206,-1223],[-190,-2],[123,-2009],[120,-1874],[191,-1459]],[[864801,507199],[-6910,1117],[-4074,680],[-501,85],[-1846,298],[-6133,1010],[-311,-637],[-1660,-3795],[-5574,924],[-208,-490],[-5573,940],[68,99],[-934,279],[246,269],[-3568,635],[-462,28]],[[827361,508641],[-1432,-94]],[[825929,508547],[-51,1390],[97,919],[-55,272],[87,637],[177,632],[42,101],[383,887],[245,674],[-96,2327],[-239,4331]],[[826519,520717],[-346,1211],[-1248,2571]],[[660092,198814],[2523,17],[6482,28],[3245,19]],[[730362,197373],[5,-113],[245,-86],[1340,-8],[1692,-909],[1185,-143],[-572,-300],[1268,-897],[-5090,-2721],[22,-702],[5202,45],[-3,-1333],[1211,-559],[-6393,-50],[2,-598],[51,-1229],[-6358,-72],[6365,-102],[65,-7901],[24527,26],[372,-1392],[1139,-908],[1711,-776],[1627,116],[230,-365],[-277,-503],[-357,-650],[-653,-534],[-1194,-977],[-5267,1068],[-1212,-1021],[-1996,14],[22,-4706],[-1390,-960],[290,-227]],[[748171,167900],[-230,-48],[-14099,-52],[-9587,-21],[-192,50],[-19062,-24],[-1,3974],[-18143,-30],[-754,66],[-2160,1316],[-1769,377],[-644,499],[-209,1548],[-2006,-17],[-6438,-43],[-6352,88],[-1580,-3],[-1629,-22],[-3485,-48]],[[658110,175495],[1750,975],[-18,1945],[1376,215],[113,854],[-328,-7],[126,952],[-1314,489],[-7,307],[856,159],[2362,30],[8,444],[-1668,-73],[-1567,31],[-49,1511],[-35,1962],[904,937],[-949,956],[-1088,0],[-2188,-6],[766,1606],[2451,20],[-11,2278],[-63,3877],[3196,18],[-77,2893],[-2544,-18],[-20,964]],[[707923,193283],[3212,16],[-75,1955],[-698,2],[-2734,-27],[295,-1946]],[[824925,524499],[-3788,9],[-239,-2672],[1592,-431],[22,-702],[4007,14]],[[825929,508547],[-141,-2],[65,-1060],[-3215,-192],[-2925,71],[80,-257],[-2842,-353],[-204,1662],[-2234,-14],[-5664,-78],[-1731,-26],[-743,-75],[-1857,35],[-4764,-113],[80,-1630],[405,-793],[-2884,-270],[-1191,88],[-129,255],[-101,1077],[-732,419],[-5457,-349],[-81,-289]],[[789664,506653],[-834,64],[0,244]],[[788830,506961],[0,372],[1047,28],[-26,665],[2437,20],[5,446],[-2826,-56],[-20,514],[-614,-82],[21,5183],[-26,518],[-71,3872],[149,515],[106,306],[48,119],[65,152],[-244,56],[69,4858],[59,5613]],[[676676,269741],[6416,120],[41,-589],[-6461,-108],[4,577]],[[490750,283636],[345,-367],[382,225],[50836,129],[75877,121],[233,76],[11543,188],[-422,8000]],[[629544,292008],[275,3],[13495,530],[899,639],[416,244],[1259,790],[40,1157],[3304,-171],[3182,-1643],[2309,-726],[1432,-7],[2731,46],[3666,76],[2606,50],[3736,88],[2653,76],[3867,83],[3221,48],[3154,79],[2489,65]],[[684278,293435],[783,24],[112,-1970],[-914,524],[-246,-371],[-658,-483],[-469,-219],[-717,-590],[-138,-867],[161,-3853],[120,-1945],[111,-1954],[123,-1967],[74,-1961],[-12893,-320],[856,-7840],[-121,-5],[54,-959],[4936,85],[6467,73],[846,-260],[589,-417],[-550,-265],[990,-853],[-88,-836],[-276,-196],[14,-152],[-831,-769],[-146,-328],[1176,-4],[14,-1395],[2877,-99],[423,-1157]],[[686957,262106],[-84,-4]],[[686873,262102],[-473,1115],[-2808,42],[-25,-972],[903,-259]],[[684470,262028],[-804,-31]],[[683666,261997],[-6438,-107],[-6454,-54],[-3400,-80],[-3457,-69],[-6096,-149],[-12406,-314],[-415,114],[42,-592],[-12694,7],[-1010,60],[141,247],[-389,7347],[-258,-1],[388,-7302],[-523,-448],[-33282,-39],[-214,3840],[-3177,-4],[-193,3856],[-25300,-48],[795,-15455],[-9445,25],[-3068,-101],[-64146,-262]],[[898053,368700],[215,-2553],[311,-4842],[-549,-1307],[-96,-226],[-288,-685],[-436,-965],[-487,-1159],[-709,-1701],[-489,-1167],[-485,-1155]],[[895040,352940],[-14867,-23]],[[880173,352917],[-3472,-2],[-22,-666],[-519,-540],[-1042,-18],[-3934,173],[76,264],[-451,-20]],[[870809,352108],[249,663],[203,589],[856,2471],[-1780,-46],[-32,260],[-5,104],[-61,1349],[1495,42],[176,498],[-737,-16],[681,1976],[-1737,-21],[-23,502],[-171,2926],[-67,871],[-73,1596],[-137,1962],[-151,472],[476,11],[-9,257],[-236,-5],[0,71],[-252,-6],[-44,574],[487,15],[-12,293],[-495,-14],[-196,1599],[162,452]],[[986141,886816],[1118,-5394],[155,-736],[-4534,47],[-985,-1],[-497,9],[-3039,-118],[-3146,35],[-3395,43],[-1860,-378],[42,650],[-1447,29],[-2552,58],[-839,14],[-2404,44],[-1616,30],[-1746,12],[-2360,41],[-3999,167],[-116,4],[-290,8],[136,903],[644,1010],[1063,1657],[-406,-21],[-6871,79],[-305,10]],[[946892,885018],[-5,255],[4,168],[242,3876],[122,2015],[137,2417],[3098,-81],[302,-19],[2865,-40],[2499,-54],[2847,-59],[830,400],[385,142]],[[892195,414960],[1614,48],[-11,254],[1552,41],[4552,123],[101,224],[228,5],[454,9]],[[900685,415664],[-60,-219],[8374,304],[877,-524],[141,-1648],[3469,1744],[1302,-217],[1707,-2220],[-675,-622],[1186,-145],[1482,-1752],[-154,-584],[-3491,-773],[-1671,-544],[-476,-513],[2634,-316],[5210,-234],[926,-41]],[[921466,407360],[-409,-367],[-590,-427],[-2166,-1478],[-4727,-3005],[-1672,-1348],[-537,-352],[-6109,-3072],[-2139,-1908],[-998,-1474]],[[938246,858437],[147,-12],[966,-148],[5137,-115],[8033,-206],[1024,4]],[[953553,857960],[-171,-2184],[-93,-1106],[-299,-3538],[-145,-1763],[-366,-4716],[135,-880],[501,-1092],[818,-948],[1103,-827],[3809,-1883],[2415,-1203],[913,-558],[751,-508],[2134,-1901],[1759,-1621],[1601,-1879],[2557,-2911]],[[970546,828146],[-1671,555],[54,692],[-1749,-103],[-725,798],[-704,-761]],[[965751,829327],[-1532,206],[-232,-2694],[-1661,34],[-6456,152],[-9938,212],[-4229,1482],[-1894,-678]],[[936387,827866],[25,437],[101,1365],[58,1170],[-3105,35],[-2,1248],[3172,-58],[59,1233],[75,1990],[93,1535],[92,1536],[9,145],[30,615],[28,739],[-675,-127],[-69,1808],[-632,501],[-1744,35],[-197,-929],[-3074,21],[11,195],[29,532],[516,-582],[2110,-124],[551,1480],[-537,436],[1106,-19],[2755,-177],[51,750],[108,1518],[75,1150],[112,1457],[38,1066],[155,1883],[181,2682],[183,2369],[40,766],[59,1050],[72,840]],[[676098,430073],[-527,7529]],[[675571,437602],[1219,-3]],[[727742,437715],[71,1],[18131,-56],[557,-2],[6788,109],[1535,-9],[661,-19]],[[755485,437739],[-2231,-1210],[178,-2781],[93,-1340],[166,-2533],[290,-3832],[267,-3782]],[[754248,422261],[-128,1],[225,-1777],[367,-6009],[391,-5227],[44,-660],[39,-314],[43,-1391],[17,-275],[379,-3661],[75,-1291],[35,-634],[29,-473],[83,-1489],[215,-2838],[76,-956],[48,-950],[163,-2875],[-5,-216],[-51,-611],[-803,-543],[-506,247],[-229,-149],[68,-100]],[[754637,389987],[-2774,1429],[-2079,1010],[9,159],[-7486,3728],[-169,-120],[-4420,2304],[-18200,9046],[-2008,-3581],[-591,-2137],[223,-2777],[-203,5],[247,-3892],[-5830,90],[-6323,242],[-580,7249],[-24914,88],[-12868,84],[-1221,17389],[-122,738],[11233,8312],[-504,528],[41,192]],[[816576,866304],[2,-36],[-416,-8015],[-262,-3963],[-96,-988],[-245,-2864],[-44,-74],[-159,-104],[-577,-7518],[187,-106],[18986,-225],[-245,-3562],[-3202,-56],[-355,-3891],[-365,-5450],[-196,-2221],[-38,-2908],[376,-181],[-417,-371],[-127,-185],[-106,-232],[-49,-1448]],[[796687,782980],[-379,-370]],[[796308,782610],[-502,232],[-23294,9191],[-1536,538],[-10168,4049],[-748,450],[-10210,6832],[-425,377],[-851,611],[-3114,4289],[-7831,9994],[-1329,2094]],[[736300,821267],[-88,252],[201,1946],[-8856,188],[-179,-154],[-8732,192],[-1269,-76],[-985,125]],[[716392,823740],[416,328],[-2912,78],[-2022,377],[-2123,779],[-38871,19842],[-3495,-4],[3300,101],[-978,444],[-40016,20137],[-43660,21805],[-7177,3637],[-991,494],[-76,7255],[-5891,35],[-6294,183],[-230,15370],[11929,-60],[913,61],[51069,-7],[12192,-59],[840,38],[12713,-7583],[22284,-12624],[6318,1824],[708,499],[912,2323],[2996,-718],[1134,109],[1397,778],[-871,633],[-789,2687],[2694,681],[81,2226],[668,72],[2652,-1496],[2228,-231],[1964,85],[-547,1094],[-465,2153],[1662,1142],[709,986],[-263,1592],[-2429,1800],[-972,1107],[-4371,330],[989,1178],[3160,2444],[993,1325],[81,718],[1399,1993],[41,487],[-1498,2170],[1113,1340],[831,1848],[142,1483],[2494,2566],[-384,1240],[1175,1325],[1479,790],[486,742],[83,1934],[446,1689],[-385,986],[1219,5337],[344,1034],[8494,5203],[4479,246],[-103,-7847],[12615,-61],[64,-3672],[8590,-448],[1985,0],[0,462],[36205,5],[-44,-870],[2970,-1921],[9639,-66]],[[930683,377611],[-82,-1411],[-2,-32],[-60,-1029],[-129,-2232],[-42,-715],[-37,-643],[-24,-406],[-65,-1126],[-52,-902],[-251,-1607],[-98,-627],[-320,-2041],[-78,-500],[-212,-1360],[-8,-52],[-235,-1500],[-110,-312],[-1,-4],[-128,-361],[-847,-2402],[-432,-1225],[-274,-516],[-761,-1437],[-295,-559],[-454,-1523]],[[925686,353089],[-122,34],[-850,167],[531,906],[-1213,285],[713,496],[149,736],[-457,128],[-32,773],[-114,-97],[21,-662],[206,-103],[198,-92],[-25,-518],[-1214,-641],[-1643,-547],[-30,32],[-116,130],[-1564,-574],[-2197,-785],[950,1337],[127,237],[-944,144],[-1498,-2226],[-1689,-602],[-820,884],[-580,-415],[-666,-11],[-7,126],[-309,419],[-2869,15],[-1247,634],[-13335,-359]],[[644602,315771],[385,-7806],[13054,289],[4365,126],[1897,13],[6358,127],[6335,116],[4243,85],[36,-722],[2170,42]],[[683445,308041],[273,-4899],[1165,27],[207,-352],[964,-621],[-216,-321],[-33,-717],[-1965,-47],[38,-550],[195,-3332],[22,-588],[143,-2099]],[[684238,294542],[40,-1107]],[[629544,292008],[27,692],[2151,2333],[428,1081],[-232,4040],[-794,15553],[2468,20],[-176,2423],[9692,0],[206,-2384],[1288,5]],[[932134,634316],[7734,8],[4238,-32],[2124,-87],[560,-1562]],[[946790,632643],[-480,-649],[251,-336],[440,-125],[1506,-87],[581,912],[2842,1166],[900,-396],[104,-32],[1013,-267],[548,-1557],[713,-708],[5779,21],[71,2],[902,-19],[2892,70],[709,64]],[[965561,630702],[-338,-1260],[-276,-2180],[-347,-2746],[-268,-2115]],[[964332,622401],[-2430,-98],[-499,-1937],[-121,-472],[-30,-1429],[-10,-481]],[[796614,338936],[111,-1907],[58,-1125],[44,-795],[149,-2581],[43,-809]],[[797019,331719],[-870,-484],[-2343,-51],[-191,-3],[-1412,-26],[31,51],[-23,206],[-1219,-32],[7,-101],[-375,-2],[14,-158],[-1592,-26],[-1593,-27],[-3193,-71],[-2804,-56],[-462,-5],[-2127,-45],[-918,-10],[-1576,-37],[-1611,-42],[-2623,-30],[-819,-60],[-1748,7],[63,227],[-4462,-94],[0,-210],[-3128,-58],[-691,-4],[-1805,-37]],[[759549,330541],[-153,3743],[-846,-9],[-91,2073],[-109,1965]],[[871443,341230],[25,-516]],[[871468,340714],[67,-848],[1333,9],[35,-552],[-264,-122],[-701,28],[-404,71],[-2,-1004],[119,-664],[943,13],[114,-1019],[26,-2],[-388,-1025],[-404,-1009],[1034,-148],[-127,-334],[-1108,-48],[-188,-554],[1055,-102],[-205,-481],[-346,-759]],[[872057,332164],[-953,381],[-791,305],[8,670],[-39,516],[-295,-8],[-91,-3],[-549,-813],[-147,56],[-537,205],[-1340,518],[-625,240],[-780,340],[-1003,367],[-1675,-41],[-10,269],[-1329,49],[22,-330],[-1755,-25],[-684,-12],[-14,183],[-400,-10],[-393,-32],[-3,-118],[-198,117],[-374,18],[-7,73],[-397,-6],[9,-256],[-2638,-41],[-4,98]],[[855065,334874],[-33,645],[-399,50],[-53,758],[390,12],[-9,441],[-61,1026],[-457,493],[445,10],[-84,2083],[-32,523]],[[822867,333391],[1408,221],[33,-188],[1766,44],[71,-1639],[355,12],[2855,56],[-91,1775],[3282,-230],[-11,175],[323,78],[2948,-185],[-25,304],[3235,-70],[1092,-333],[-30,424],[515,20],[576,-437],[1090,35],[346,0],[-8,242],[1273,13],[6,-254],[182,1],[-6,252],[1202,18],[38,-262],[192,2],[-13,155],[176,228],[3031,58],[10,-211],[1389,218],[227,-195],[-20,429],[1618,85],[30,-585],[2789,173]],[[854721,333820],[390,-135],[26,-1646],[13,-300],[7,-1323],[38,-1819],[-304,-116],[-935,-452],[2279,-158],[910,-74],[-6420,-1600],[18,-107]],[[823326,325035],[-50,833],[-62,1019],[-23,957],[-134,1835],[-49,1438],[-25,644],[-64,583],[-22,413],[-30,634]],[[965751,829327],[-258,-719],[-57,-1799],[2736,-55]],[[970164,803280],[-670,17],[-454,-2326],[-1207,-2532],[-154,-1818]],[[967679,796621],[-551,-1187],[-3084,67],[-2888,72],[79,1975],[-755,19],[44,964],[-1338,123],[-1060,929],[-3212,87],[-3274,74],[55,1228],[186,373],[61,2374],[-3407,103],[-414,8],[-3153,63],[-2655,55],[-3,-53],[-3235,50],[-142,-1910],[2262,-44],[-665,-1918],[1558,213],[-17,-283],[-6,-103],[3211,-56],[-128,-2121],[-2016,58],[-424,-267],[-788,20],[29,479],[-353,-209],[-4988,142],[-566,-181]],[[942715,928644],[6584,-39]],[[949299,928605],[13031,-196],[72,1658],[49,1135],[2534,-41],[107,-2],[28,651],[22,543],[4,324],[-80,522],[-162,451],[-306,523],[-532,9],[9,189],[394,-7],[-448,783],[-118,430],[-480,9],[17,321],[385,-8],[-100,377],[-692,-53],[-7,-305],[-365,7],[11,276],[8,2989],[1463,171],[228,100],[854,-1269],[60,-1992],[-88,3],[464,-98],[-371,-1050],[1501,-1890]],[[946892,885018],[-60,-1381],[-4,-87],[-107,-1967],[-252,8],[-167,-3916],[-6226,115],[-79,-1481],[715,-447],[438,-6],[-224,-2477],[-1229,569]],[[939697,873948],[1,89],[-4249,1938],[1717,-29],[-1618,203],[-1222,559],[-515,714],[844,445],[1204,-63],[674,-659],[1571,67],[1731,-314],[61,897],[202,2940],[54,903],[-685,28],[364,977],[-1062,18],[106,2338],[1031,1560],[-933,616],[98,2153],[5,113],[727,3],[6,82],[109,1865],[706,-7],[41,960],[149,2230],[100,1624],[53,979],[-362,46],[60,288],[-330,284],[243,316],[77,1842],[503,96],[0,98],[56,913],[43,773],[-458,103],[16,80],[57,1797],[515,-11],[53,1143],[84,2941],[35,591],[273,4620],[377,5735],[506,9812]],[[870809,352108],[-1793,-60],[-759,-24],[-1,-701],[-609,-19],[-5,705],[-332,-4],[-1173,2],[-1648,-52],[-2455,-50],[-262,5],[-915,-5],[-3219,-63],[38,-656],[-3227,-354]],[[920558,882221],[364,-164],[19,-9],[9333,-4174],[2904,-1308],[6488,-2916]],[[939666,873650],[5273,-2347],[4011,-1800],[2336,-1040],[6047,-2703],[1228,-23],[4500,-117],[5163,-116],[3161,-67],[6465,-108],[3301,-53],[2269,-39],[2493,-30]],[[985913,865207],[221,-2052],[230,-2139],[157,-1461],[764,-8551],[34,-569],[370,-5943]],[[987689,844492],[-2268,61],[-586,1657],[-2061,38],[-9,-189],[-302,4],[6,238],[-1151,7],[-11,-225],[-1577,28],[-5151,89],[-2441,42],[206,944],[-1159,199],[-1737,-431],[-2350,372],[-1901,-69],[-815,-1784],[660,-63],[-25,-529],[-1461,25],[-135,2],[335,2444],[2634,725],[2515,-657],[1646,192],[363,1673],[-411,1499],[-1668,2590],[191,1454],[-489,1439],[-1547,77],[-1942,931],[-3225,276],[-3405,-1592],[-2547,1713],[-1612,250],[-706,38]],[[938246,858437],[-3370,6],[-3281,6],[-349,238],[-12760,392]],[[871468,340714],[1311,555],[1305,22],[1336,22],[39,-513],[728,4],[-77,519],[304,4],[-113,504],[-249,515],[-186,512],[-395,687],[-248,339],[1029,55],[1863,56],[12,-187],[-642,-1170],[969,-227],[1191,757],[-1395,-1797],[-21,-2012],[-1762,-414],[589,-594],[5116,26],[5260,26]],[[882938,328627],[-1670,-19],[-7560,2911],[-1651,645]],[[822008,339869],[457,1],[23,-376]],[[822488,339494],[39,-633],[34,-325],[63,-968],[115,-1863],[50,-894],[57,-1048],[8,-198],[13,-174]],[[798232,319454],[-350,0],[-185,2394],[-58,714],[-194,2549],[-159,1971],[-238,4171],[-29,466]],[[996646,892205],[3164,-8941],[189,-534],[-15,-323],[-72,-1590],[-298,-1279],[-382,-1639],[759,-1857],[-87,-993],[-383,-4354],[-2914,83],[-132,-364]],[[996475,870414],[-3753,-622],[-6496,-1430],[-503,8],[190,-3163]],[[939666,873650],[31,298]],[[854449,350832],[53,-1462],[-1010,-20],[-676,-323],[1716,-1176],[91,-1012],[23,-97],[236,-783],[-96,-776],[-142,-825],[26,-437],[25,-831]],[[854772,340915],[-1327,-44],[26,-518],[-1317,-27],[-17,268],[-1326,-18],[6,-287],[-1971,-32],[-538,-94],[-486,-124],[-2703,-94],[-1674,-29],[-1568,-33],[-1577,-23],[-8,197],[-145,33],[-1479,-33],[39,-217],[-855,-24],[-23,269],[-787,-292],[-1599,-31],[-3650,-74],[-298,-9],[-3860,104],[9,-183],[-694,-24],[-111,183],[-1972,-220],[-1359,-35],[-1020,-10]],[[827068,296436],[-118,-233],[-4759,-5074],[59,-1449],[-1301,-55],[-871,-694],[-1389,1450],[-809,169],[-1867,-1197],[-675,-1468],[-1911,-1533],[-11,-1171],[3051,-672],[-1783,-2992],[-239,-402],[-1364,-1461],[-206,-721],[-474,-1661],[1559,-913],[30,-18],[-210,-296],[-1466,-222],[-276,-653],[-914,-1442],[-692,-133],[-498,-1593],[-552,-2840],[-3032,-955],[-1939,-2585],[-2339,-2424],[-924,3054],[1517,497],[-243,1408],[-506,-370],[628,-1046],[-924,107],[-1148,-485],[-135,634],[1169,1410],[-1295,-514],[-1923,-1477],[-969,-1648]],[[760184,271632],[628,932],[-276,47],[428,729],[-906,235],[-90,1696],[-16,296],[-176,3912],[-213,3924],[-189,3930],[-96,1962],[-96,1933],[-49,957],[-30,478],[814,498],[2412,42],[-1316,460],[31,1423]],[[723646,262915],[604,26],[3976,133],[1856,46],[1259,37],[566,13],[-29,282],[1195,40],[12,-292],[1662,46],[4869,152],[-7,421],[1626,48],[-123,2486],[-1652,-41],[-69,680],[-1990,132],[-1775,944],[-1193,-17],[-3157,997],[-989,-154],[-1682,867],[-590,149],[-1720,-27],[-183,916],[705,78],[208,-371],[6181,-1680],[2108,-192],[2602,-1351],[1904,-11],[1248,-502],[4610,-1853],[2065,-9],[694,-116],[664,-1171],[3450,56],[-29,974],[1577,27],[77,-974],[476,4],[5929,100],[805,32]],[[796727,264436],[226,-200],[-1276,-393],[-3286,-228],[-930,-574],[-2816,-197],[-987,-812],[283,-1682],[1011,-367],[-380,-141],[-414,-1242],[-1021,-164],[-1128,-726],[-1473,-115],[-1606,-779],[-29,-47],[-172,-281],[-818,-1328],[-260,-1121],[-148,-638],[-853,-1121],[-134,-176],[-323,-1481],[65,-275],[-978,-2123],[1369,-105],[-140,-1472],[-312,-28],[308,-16],[-70,-732],[283,-439],[-2060,-99],[28,-4144],[1112,-570],[216,-2034]],[[780014,238586],[-2665,-45],[-2620,-78],[-1257,0],[-15,86],[-38,1909],[-6961,-34],[253,222],[-4142,-5],[-635,165],[31,-2444],[-3643,136],[-606,-417],[-550,414],[-2834,-24],[-639,81],[967,1179],[-1788,1339],[-211,167],[-208,-109],[-202,-185],[-899,-1083],[-123,-167],[344,-69],[-793,-1041],[-661,-395],[-527,532],[-1790,-538],[-3061,230],[-3767,-26],[-135,-1199],[-1282,-1370],[-52,1],[1048,1303],[262,1287],[-525,-24],[-4040,-26],[49,-2012],[190,-317],[-610,185],[-475,1372],[-845,1489],[-1883,-1289],[-528,287],[-93,-40],[-397,-252],[-340,124],[5,395],[-420,13],[-1972,-21],[-1486,-14],[-1582,-5],[6,-385],[-1805,-15]],[[724064,237873],[-17,374],[-325,0],[-1,2100],[-39,1885],[-298,-8],[-2,749],[-103,639],[-110,411],[-61,3080],[-486,3939],[-39,207],[-331,3735],[2927,80],[-417,4875],[-692,2108],[-424,868]],[[927165,447276],[3045,52],[1243,25]],[[931453,447353],[-89,-1108],[-141,-2708],[-302,-5784],[-88,-1694],[-3,-70],[-48,-910],[-142,-2722],[-29,-560],[-210,-1343],[-21,-134],[-91,-583],[-357,-2288],[-105,-668],[-90,-577],[-26,-169],[-266,-2646],[-81,-816],[-81,-808],[-111,-1098],[-87,-871],[-99,-985],[-195,-1950],[-303,-6815],[-22,-2190],[-7,-664]],[[928459,407192],[-2292,-84],[-5,1942],[1178,1198],[213,439],[294,8072],[-2272,-61],[-2125,-87],[-492,3],[1924,-1658],[271,-4806],[-2194,-1981],[51,-1082],[-1544,-1727]],[[900685,415664],[93,290],[85,310],[-410,-4],[-165,-3],[1004,2142],[1364,2906],[-1338,-8],[-88,1198],[2,168],[6,560],[-168,2285],[20,247],[-44,521],[-19,504],[-3241,-127],[-134,2422],[3262,229],[-92,1503]],[[909518,685364],[9065,26],[3388,44],[524,0],[5029,3],[636,46]],[[915652,669484],[-6570,-19],[-38,1659],[-4151,87],[-721,-360],[1469,-594],[191,-801],[-4939,93],[-265,0],[-11136,-1],[-128,-1],[-6702,-33],[-5658,-26],[-13537,13]],[[863467,669501],[48,1860],[33,1925],[-64,2680],[-23,1222],[-55,1087],[-124,2924],[-24,4264]],[[863467,669501],[119,-6100],[10,-720],[17,-1272],[13393,75],[1,-4027],[-13258,-72],[50,-1849]],[[825467,653288],[21,722],[9957,8465],[1737,1447],[747,693],[136,4117],[159,8728],[1239,105],[7522,-193],[491,18],[-87,3880],[-7719,95],[3643,9736]],[[758751,330518],[798,23]],[[759546,310281],[-24,321],[584,194],[-70,3015],[-779,169],[-15,183],[-412,4789],[31,1930],[32,1938],[5,695],[62,3147],[-93,1690],[-16,371],[406,6],[-77,1422],[-405,-8],[-24,375]],[[819542,370713],[-153,3904]],[[990872,802148],[-222,-5223],[-425,-9905],[-143,-214],[4111,-177],[919,109],[1138,-24]],[[996250,786714],[64,-1082],[-17,-859]],[[996297,784773],[-1961,179],[-214,4],[263,-564],[-1382,-146],[1541,-247],[-641,-7311],[-498,-1009],[-221,-19]],[[993184,775660],[-995,709],[-1501,-1027],[-1492,31],[-704,10],[-5332,73],[230,-1033],[-762,1044],[-247,14],[-3563,56],[-9225,242]],[[969593,775779],[129,3744],[183,3849],[221,4140],[331,-5],[778,2954],[38,2950],[-679,12],[73,945],[-287,2192],[-2701,61]],[[969593,775779],[-59,-1946],[-54,-1942],[-257,5],[-1920,34],[-821,14],[-3718,103],[-1612,296],[1009,783],[325,1678],[-748,1328],[454,626],[-877,1296],[801,1643],[-8288,278],[-1613,77],[-4845,102],[-6445,191],[-4824,178]],[[936101,780523],[24,395],[-1560,92],[54,1530],[134,1914],[230,3452],[357,-14],[27,491],[-531,16],[124,1956],[65,1009],[47,916],[132,-12],[86,1606],[53,832],[737,-22],[20,200],[-347,10],[22,547],[692,-17],[44,753],[-1073,28]],[[928459,407192],[-4,-409],[-5,-416],[97,-1171],[91,-1106],[81,-981],[202,-2449],[158,-1918],[18,-222],[282,-1760],[229,-1427],[45,-282],[30,-189],[309,-1930]],[[863223,795109],[-35,-514],[-69,-999],[-104,-1514],[-35,-510],[-108,-1572],[-326,-2279],[310,-3],[-421,-7973],[-315,122],[-47,-1943],[221,-3877],[-294,7],[9,-11111],[-121,-3134],[-54,-3870]],[[831950,755856],[-3508,3301],[-19178,15824],[-5831,4820],[-7125,2809]],[[720210,294191],[2132,48]],[[723646,262915],[-782,628],[-830,424]],[[722034,263967],[-23,467],[-66,2244],[-214,3903],[-237,-9],[-73,1533],[-1861,-656],[77,814],[181,498],[551,1797],[-424,716],[566,422],[660,493],[-362,6244],[-258,4047],[-212,4331],[-129,3380]],[[910710,796720],[-30,-2479],[-1173,-123],[1131,-373],[-71,-1030],[-1647,37],[-60,-830],[-5,-73],[-232,-3196],[1,-364],[831,-5],[-264,-1424],[-571,11],[-37,-935],[1248,-13],[-34,-730],[-1242,14],[-12,-292],[-252,-4733],[-8,-172],[-225,-4893],[1452,-19],[867,-512],[147,-1509],[-2410,47],[799,-1050],[116,-194],[120,-4089],[-8,-3690],[-54,-1150],[-269,-2487],[-442,-3224],[-595,-884]],[[758751,330518],[-4744,-87],[-1609,-26],[-12,264],[-6304,-103],[-3116,-67],[-314,-248],[-2397,-14],[-628,-10],[-1300,-22],[-2690,1],[-2350,-19],[-2,38],[-2289,-576],[-4542,-82]],[[726454,329567],[-5948,343],[381,2245],[1556,1089],[2684,566],[-1661,-23],[-3235,-38],[-742,3]],[[719306,337542],[-111,1959]],[[936101,780523],[-1686,53],[-278,-3887],[165,-24],[-153,-2785],[1537,-36],[-66,-1206],[-1062,21],[114,-229],[1345,-34],[712,-1111],[-22,-1763],[1669,-30],[-112,-2017],[-3113,101],[-29,-3805],[2044,-13]],[[993184,775660],[-125,-369],[-138,-312],[-1004,-3551],[3205,-301]],[[995122,771127],[-120,-990],[-792,-6514],[-153,-1254],[-2189,-7900],[-346,-4772],[-72,-128]],[[991450,749569],[-6265,711],[847,3869],[-4928,33],[-236,14],[-2209,11],[-1653,-5],[-2,52],[-50,1886],[-1918,19],[258,2884],[-687,961],[-2462,71],[179,2466],[50,693],[-1036,27],[-16,-109],[-777,101],[179,216],[1654,-173],[42,576],[-2708,31],[-449,6],[-100,-2886]],[[683666,261997],[85,-1130],[362,6],[146,-2029],[-370,-8],[49,-743],[142,-2054],[135,-1754],[67,-1992],[50,-1967],[61,-1650],[12,-352],[72,-2089],[194,-11976],[1467,-328],[502,-1366],[2350,-351],[532,-440],[83,-1491]],[[594805,221859],[-12757,-50],[-957,41],[155,-17584],[293,-5],[30,-11329],[-398,-593],[-1825,-1133],[-69,-63],[-127,-204],[-18,-108],[46,-3656],[-118,-1034],[81,-288],[3634,-35],[1132,-470],[11368,39]],[[595275,185387],[-9,-55],[-11190,-68],[-1384,476],[-3543,-146],[140,-4080]],[[996297,784773],[-97,-4779],[-110,-902],[-154,-1270],[-266,-2185],[-47,-386],[-337,-2774],[-115,-951],[-21,-170],[-28,-229]],[[996475,870414],[-1308,-3591],[891,-5879],[110,-724],[369,-2438],[769,-6759],[-98,-4566],[129,-1247],[201,-1949],[41,-400],[333,-1124],[661,-2236],[12,-1639],[16,-2187],[25,-3578],[-5,-56],[-575,-5838],[-574,-1769],[-959,-5490],[-49,-812],[-48,-815],[-2,-32],[-243,-4050],[-346,-5789],[-235,-3918],[-29,-491],[94,-6195],[121,-2050],[191,-3259],[276,-4700],[7,-119]],[[987802,826588],[52,2401],[66,3046],[134,2776],[96,724],[-202,1614],[-124,1110],[-288,2346],[34,730],[103,2172],[16,985]],[[974546,726687],[488,-16],[-201,-420],[240,-371],[-99,-106],[-642,19],[214,894]],[[974127,724819],[978,459],[341,-23],[363,366],[879,-243],[-1116,-285],[-546,-563],[-998,-139],[99,428]],[[972915,721083],[1795,-30],[331,645],[1042,2029],[121,-22],[75,149],[90,177],[291,5],[807,318],[1290,8],[64,454],[-308,4],[-1217,59],[-112,206],[-357,-2],[-73,5],[48,201],[513,-51],[1585,171],[413,2253],[441,1778],[2634,112],[-8,-190],[-41,-916],[114,-266],[1924,34]],[[984377,728214],[-220,-944],[-3380,-14492],[-1748,-7492],[-774,-3318],[93,-582],[104,-660],[-987,-4550],[-1452,-6113],[-62,-449]],[[947715,652670],[-791,-2549],[209,-3857],[117,-253],[688,-3115],[-36,-1251],[70,-309],[-363,-1449],[1446,-1822],[-968,-2660],[-337,-2308],[-960,-454]],[[923185,634248],[-129,2236],[-113,4901],[-34,1546],[-107,3475],[-359,1],[-4094,4],[-92,1215],[-1745,2510],[-392,639],[-101,290],[-82,934],[-28,1066],[1622,136],[200,239]],[[630050,333872],[113,597],[1087,671],[10781,6321],[-980,11703],[536,-127],[454,7633],[-2054,42471],[25373,18774],[7012,5669],[3170,2056],[556,433]],[[757586,359676],[217,-5407]],[[719018,352739],[-434,126],[-9151,-20],[-14705,-37],[-443,-171],[339,-6119],[-166,-1100],[1366,-4],[-367,-131],[-990,-40],[31,-327],[-1834,-1155],[-112,-747],[1776,-2088],[-26,-687],[63,-367],[56,-1951]],[[681960,333696],[-3181,5],[-3255,2],[-4750,4],[-1571,2],[-19069,-47],[-6595,16],[-2408,87],[-11101,1],[20,106]],[[908835,525264],[855,-17],[1,80],[-284,0],[-42,949],[-68,1001],[0,1940],[872,20],[788,36],[775,20]],[[911732,529293],[793,14],[798,14],[783,15],[34,-1014],[755,13],[-57,1018],[709,11],[306,15],[118,5],[3363,37],[1497,23],[1674,13],[705,-92],[-2,88],[717,8],[12,-217],[65,-11],[1243,18],[-9,228],[294,5],[1866,18],[538,297],[1135,-329],[-269,-311],[3442,-193],[2725,-11],[355,-76],[635,-387],[1970,-25],[1510,-895],[-47,-293],[-945,-1973],[-311,-1246]],[[911455,519921],[-12,470],[-2344,-34],[-85,1723],[633,1262]],[[892347,458473],[894,-1],[498,8],[2142,1],[-65,1434],[1623,26],[76,-1442],[1496,29],[1529,28],[1620,28],[4824,106],[345,3],[4548,77],[1561,1],[3198,77],[1593,37],[400,3]],[[918629,458888],[2927,63],[1382,30],[-22,155],[488,8],[443,121],[215,275],[-4,511],[406,11],[143,-187],[262,-228],[-217,-137],[-348,-531],[4142,127],[1299,-135],[-313,-2415],[-933,-1602],[-190,-320],[-264,-1318],[343,10],[1423,14],[554,-92],[4,33],[961,210],[641,89]],[[931971,453580],[-33,-216],[-331,-4099],[-154,-1912]],[[886643,446463],[-75,113],[-249,5402],[-26,418],[-287,-6],[944,577],[-60,1395],[921,961],[-1646,-56],[-41,1001]],[[769327,383151],[6500,-3286],[1037,5],[19,-257],[5340,-167],[-13,427],[456,2],[13,-250],[2736,-230],[1586,13],[4,-493],[977,8],[603,455],[4767,21],[-8,480],[1658,9],[1495,45],[18,-481],[1566,31],[-26,491],[3131,79],[-88,1510],[3092,66]],[[769333,382881],[-6,270]],[[682214,329016],[22,-483],[43,-753],[204,-3577],[211,-3151],[1489,32],[45,-732],[1611,33],[138,-1878],[-3136,-61],[70,-1888],[11,-124],[245,-3791],[215,-3879]],[[683382,308764],[63,-723]],[[644602,315771],[-8,140],[-534,9377],[6524,154],[6338,151],[197,-1953],[12320,281],[334,8],[40,-1],[-138,2267],[-140,2543],[1566,62],[1570,11],[7,-144],[2150,37],[1002,-89],[-28,379],[1297,-280],[1890,439],[-115,2686],[3195,85]],[[686873,262102],[-812,-32],[-1591,-42]],[[684238,294542],[958,230],[1390,1761],[2045,315],[269,-996],[-1234,-54],[-669,-694],[453,-160],[1047,-126],[-199,-480],[-1,-872],[3252,86],[2527,71],[-130,1733],[1248,-65],[-341,-832],[27,-828],[1398,31],[4813,97],[-187,673],[596,-390],[2970,53],[217,555],[347,-782],[2437,53],[3769,93],[1575,47],[3715,-10],[3680,140]],[[722034,263967],[-184,-449],[-3181,697],[-3021,-72],[99,-1471],[-3720,-35],[-9221,-186],[-1253,-21],[-78,239],[-4775,-43],[-381,2534],[134,-2831],[-3193,-95],[-3287,-83],[-3016,-45]],[[523894,918655],[457,-199],[-5519,-4956],[1368,38],[-4234,-4200],[958,-479],[3426,-51],[6481,18],[7888,-1265],[3712,-613],[1294,-1253]],[[539725,905695],[-258,-14297],[6578,-13],[-20,-3647],[-6592,-10],[10,-4005],[-20,-7593],[-32133,-128],[73,-6545],[-1347,-916],[-3924,-206],[-254,-11247]],[[501838,857088],[-6070,-127],[-11362,53],[239,1210],[-5392,8603],[-198,571],[-116,5516],[-3767,-803]],[[475172,872111],[-17,22],[-2104,3365],[-151,2518],[568,5717],[-394,151],[331,2925],[2108,1818],[3586,2367],[865,829],[15132,5784],[1496,659],[5255,1838],[2688,1231],[3470,1839],[3409,2745],[2240,3352],[1660,1947],[2319,2267],[4770,4274],[869,1045],[622,-149]],[[949299,928605],[429,7710],[-2,70],[166,3454],[330,6223],[99,1908],[54,1036],[136,2631],[188,4177],[-219,-2],[183,3868],[300,1251],[2215,1893],[216,-14],[4217,-146],[4211,-449],[951,-408],[5955,-705],[-233,-335],[-231,-333],[233,-524],[136,-308],[1926,-4341],[956,-2936],[412,-1269],[68,-207],[6,-12],[1,-3],[416,-896],[646,-1392],[241,-519],[1945,-4190],[989,-2131],[2883,-5914],[650,-1334],[18,-38]],[[777686,464643],[62,-1471],[103,-2429],[31,-779],[64,-1669],[59,-1368],[29,-652],[-42,-405],[53,-905],[118,-3002],[129,-2638],[161,1],[32,-4296],[10,-137],[141,-3399],[158,-3729]],[[778794,437765],[-177,2],[-5174,-10],[-7398,-17],[-4019,-9],[-1159,-2],[-4636,-10],[-746,20]],[[916084,656004],[-4426,60],[-2259,-20],[-10314,-68],[-846,-2],[-4962,-55],[-284,-55],[229,-1904],[-3545,-73],[-10,-378],[-631,7],[-2272,592],[-1138,1443],[-8619,0],[0,-1011]],[[991450,749569],[-22,-39],[-151,-267],[-1121,-1979],[-880,-1555],[-4224,-14703],[-104,-364],[-50,-212],[-218,-937],[-303,-1299]],[[595275,185387],[-44,1566],[-12688,-76],[2,3829],[-3340,6],[25,290],[2023,1337],[348,446],[25,1820],[815,21],[-99,3858],[12717,44],[6370,6],[12777,52],[71,-2773],[3307,26],[-27,852],[3217,22],[-105,1896],[25733,133],[-6,277],[2646,10],[2443,-1113],[1432,-60],[-35,1349],[1939,3],[2708,-403],[2563,9]],[[825636,548822],[1383,-74],[3954,-432],[-17,707],[2894,-125],[274,-203],[-848,-637],[711,-74],[2296,-106],[228,668],[2280,-226],[2763,197],[972,553],[1789,-1180],[713,3],[2389,2],[1046,-7],[1529,1089],[105,3146],[583,21],[398,-16],[127,-2344],[2314,20],[58,-1919],[4054,21],[385,0],[-4,233],[3249,9],[6,-159],[481,-76],[2156,-17]],[[863904,547896],[39,-1749],[972,0],[103,-3138],[-972,-14],[20,-983],[66,-1683],[109,1],[68,-2345],[2324,2],[318,-680],[226,-4650],[-2574,-86]],[[828548,461265],[483,5],[382,-2831],[2832,-710],[3747,30],[3017,29],[2634,20],[-22,1100],[-91,2721],[-77,1410],[-130,2552],[1913,25],[4780,78],[1512,21],[3395,52],[2995,40],[141,1],[4279,62]],[[864767,446111],[-3277,-137],[-5011,-139],[-1355,6],[-467,-33],[-1867,-27],[-1848,-22],[-2841,45],[-5120,-50]],[[829412,445565],[-19,383],[-67,808],[-209,3950],[-205,3110],[-187,3907],[-177,3542]],[[855128,483280],[-443,1581],[-1661,-12],[19,-211],[-2837,-60],[-643,408],[-3,74],[-1792,-31],[-1080,-22],[-5231,-103],[-3534,-75],[-1564,-36],[-755,-16],[-3180,-57],[-1610,-27],[-2111,-41]],[[828703,484652],[-519,10316],[62,165],[-198,3856],[-668,161],[-2500,-32],[83,944],[2881,-50],[-364,7096],[-19,50],[-100,1483]],[[891284,495626],[908,-140],[218,-224],[22,-292],[-116,-47],[-1011,-24]],[[915039,503461],[-575,43],[378,-555],[-47,-129],[1530,-1201],[1030,-1535],[-32,-1288],[-801,-1341],[-1206,-887],[-4032,-2281],[-1172,-128],[-1358,314],[-7301,24],[-3282,415],[-1849,1273],[109,1482],[-1223,259],[-2148,-204]],[[890062,634281],[-145,0],[-12067,3]],[[501838,857088],[343,-106],[25860,-189],[176,-7794],[-21,-3353],[12413,-30],[-1,-146],[32448,-75],[-81,-7614],[6271,110],[81,-851],[-27,-7221],[18942,-140],[-43,-9583],[23974,-17],[4,-460],[12364,-41],[591,213],[-298,-7235],[25253,-166],[-3204,-3758],[9280,10076],[1675,1420],[41769,77],[2084,308],[1416,723],[3285,2504]],[[736300,821267],[-9545,135],[-1143,16],[-489,7],[-53845,-46568],[-83,-30202],[-197,-1367],[-103,-9530],[-13106,-65],[32,-5895],[-5628,-7],[-96354,14]],[[446263,822276],[121,691],[-988,-616],[5863,4749],[-10,1059],[631,425],[1876,1798],[88,253],[842,593],[-1208,533],[1593,1070],[-2134,2053],[1396,-313],[1058,1034],[892,-523],[449,11],[3004,-644],[597,55],[23,15],[118,108],[2514,2437],[3241,7235],[437,602],[16619,13439],[-62,870],[-8051,12901]],[[908120,832228],[5026,3478],[1962,1906],[1479,2229],[592,1599],[257,1939],[511,7624],[539,8076]],[[778794,437765],[12393,-210],[-3,85]],[[791184,437640],[342,10],[-48,-1850],[94,-971],[149,-2489],[12,-188],[145,-2209],[193,-1658],[326,-4634],[79,-1282],[135,-1647]],[[792611,420722],[-3236,-136],[-9612,-52],[-8454,-76],[-1422,-223],[-1507,-698],[-873,-1011],[-209,-628],[-25,-615],[240,-2772]],[[767513,414511],[-39,3],[-1833,-16],[1283,436],[-60,3012],[233,718],[-10,112],[71,175],[-200,3147],[-291,244],[-450,-103],[-5645,-17],[-5380,46],[-944,-7]],[[863904,547896],[160,4]],[[908846,548809],[17,-792],[-12,-1017],[27,-975],[7,-1165],[393,7]],[[909278,544867],[13,-859],[-390,-5],[49,-1312],[56,-1480],[223,-538],[1151,-73],[-589,-606],[299,-510],[-971,-24],[445,-816],[752,17]],[[910316,538661],[367,10],[120,-1881],[49,-758],[-404,-18],[8,-141],[762,16],[96,-1890],[-759,-17],[60,-983],[790,-912],[-571,-1904],[77,-132],[778,170],[43,-928]],[[804677,934364],[2006,1592],[160,163],[227,314],[145,363],[51,590],[1305,-363],[12614,-211],[330,-4],[4910,-181],[8666,-28],[1924,-3],[9317,71],[6,-190],[25758,116],[13313,-466],[131,-1],[122,3985],[44,2460],[448,496],[2316,1083],[3700,1868],[12676,6434],[441,288],[248,-391],[196,-311],[1139,-1705],[4528,-6890],[2409,-3669],[256,-398],[1998,-3073],[101,-112],[4909,-7528],[1805,83],[1284,8],[222,-3],[3223,-40],[11050,-44],[4060,-23]],[[971109,654552],[-392,-2839],[-731,-5301],[-575,-4160],[-465,-3372],[-711,-307],[-636,-275],[-942,-3514],[-1096,-4082]],[[944643,539186],[-96,-359],[-946,-5148],[-286,-1557],[1,-2409],[-184,-1362],[-396,-2936]],[[910316,538661],[-59,409],[552,14],[19,-408],[234,-1],[55,35],[-5,172],[1069,22],[9,-205],[184,2],[187,0],[24,255],[253,9],[95,32],[3,-288],[403,10],[1503,16],[3002,20],[438,-149],[344,249],[777,-246],[1779,-5],[-112,-522],[574,1185],[315,-327],[705,22],[5,-74],[3720,59],[1502,25],[-91,1877],[1092,10],[73,-1476],[874,-34],[776,1921],[-567,-1714],[2099,-187],[-358,-527],[522,-1218],[-1601,-2143],[376,-1977],[240,3],[161,1],[2450,47],[-73,1319],[-1493,610],[1090,1957],[319,1284],[2669,37],[10,-336],[2703,33],[116,-60],[-523,1409],[1271,1538],[322,-68],[2956,94],[179,-342],[-286,-1761],[1446,-83]],[[828703,484652],[-3136,-69],[-120,-3],[-1480,-35],[-4907,-89],[-4145,-69],[-3257,-79],[-9349,-177]],[[789324,483876],[-23,2814],[-167,2150],[27,277],[-130,2831],[-4,114],[27,313],[2,64],[-119,2035],[75,1],[-178,6145],[-10,70],[-6,2868],[687,56],[-438,1579],[597,1460]],[[805638,420777],[6386,150],[2780,92],[3569,83]],[[843889,421709],[220,-264],[301,-5490],[3469,116],[3928,118],[-2613,-1499]],[[818576,398503],[-4858,893],[-652,170],[-1005,247],[-1481,424],[-1333,493],[-1651,725],[-789,464],[-4733,2975],[-2434,696],[-2702,-7],[-3298,-85],[-101,1222],[-11,119],[-394,5845],[-104,1856],[13130,449],[-522,5788]],[[750507,506910],[5408,77],[922,-20],[555,-25],[5816,15],[13027,0],[12595,4]],[[674740,537031],[8738,-973],[9102,-1451],[-52,-147],[-4392,710],[-301,-10134],[-144,-10409],[7167,13],[2737,-3913],[3309,-3178],[421,-380],[2990,1036],[3147,502],[421,-842],[1576,-292],[-1571,372],[-336,834],[3518,674],[74,1268],[2444,1715]],[[713588,512436],[1992,-698],[2811,-563],[3082,-407],[1372,-438]],[[675571,437602],[-8170,-47],[-3190,2699],[-4987,4150],[-38218,22104],[7950,6891],[2614,1961],[10712,9981],[849,290],[29370,7028],[2226,225],[-4,224],[-1,211],[5991,-23],[196,2389],[-59,3603],[-131,7726],[-183,11434],[-72,1047],[-5724,17536]],[[805638,420777],[-6335,81],[-6692,-136]],[[791184,437640],[-76,3513],[-26,3721],[12944,210],[12829,174]],[[964332,622401],[-2753,-21750],[-293,-2986],[-895,-310],[-551,-191],[-1180,-669],[-665,-2284],[-5,-18],[-19,-64],[-432,-1483],[-68,-236],[-821,-1877],[-928,-2122],[-249,-978],[-151,-595],[-823,-3239],[-19,-186],[-6,-62],[-302,-2906],[-237,-2277],[-759,-2723],[-37,-135],[-92,-327],[-613,-1955],[-622,-1987],[-564,-1800],[-27,-133]],[[951221,569108],[-1349,36],[-3152,-86],[-899,-63],[-243,2],[812,2320],[567,1440],[19,33],[-4682,-68],[38,-992],[-2533,-30],[-2137,-35],[-41,626],[-3523,-61]],[[788974,605274],[-76,-7675]],[[788898,597599],[-126,-9542],[-114,-5921]],[[788658,582136],[-134,-11205],[83,-7763],[156,-1]],[[734369,528496],[-1357,244],[-105,-263],[-23,-54],[-58,-133],[-13998,2228],[-11283,1822],[-50,-115],[-331,-892],[-641,-1455],[9,-753],[773,-1180],[964,-681],[2815,-1273],[1342,-1378],[123,-277],[66,-1932],[-3408,-110],[-3955,-390],[1053,-3599],[909,-1499],[1302,-1393],[1482,-1085],[3590,-1892]],[[674740,537031],[-225,730],[-25,83],[-565,1783],[213,33],[-9184,28315],[31,648],[-4455,13506],[-512,140],[-809,2483],[-487,1066],[-643,741],[-59246,51337]],[[598833,637896],[1503,-6],[188871,-123]],[[744976,514176],[1315,95],[1167,-88],[-4,-955],[-2469,22],[-9,926]],[[739592,527484],[-60,-132],[-168,-331],[6725,-1827],[862,-469],[1183,-1215],[280,-1144],[-36,-307],[-124,-459],[-113,-189],[2342,-2],[-6,-938],[-1348,-23],[-597,-139],[-524,-395],[-116,-299],[26,-1083],[2569,-5],[15,-795],[-8,-3006],[-6245,-11],[-2,-1988],[5657,-354],[578,-1545],[57,-3858]],[[825224,563857],[6266,2],[62,-1],[6323,13],[-38,1302]],[[837837,565173],[-165,1858],[-3,42],[3286,15],[3131,-3],[153,3],[6273,62],[3786,-55],[2771,3],[6200,2],[18,-569]],[[877152,604753],[1973,526],[1308,-225],[-78,682],[6431,100],[3921,45],[288,2]],[[883906,582836],[-314,0],[-588,0],[-1980,-25],[-2088,-25]],[[878936,582786],[-177,198],[-1112,686],[-778,817],[-429,898],[-73,701],[792,2370],[5,1780],[-17,3341],[14,1695],[12,2954],[-6,2641],[-15,3886]],[[834438,582450],[5248,53]],[[839686,582503],[210,2],[9471,53],[3299,37],[116,-17],[2261,4],[3939,73],[3697,5],[4030,27],[5679,41],[6548,58]],[[837837,565173],[-3164,-4],[-9,279],[-53,1648],[-3188,-4],[510,3823],[2548,76],[-179,4802],[-68,1780],[-150,3922],[382,-2],[-20,781],[-8,176]],[[683382,308764],[3137,57],[3189,66],[3168,86],[1261,22],[44,-520],[1879,29],[-34,530],[6387,141],[6310,149],[11153,249],[1020,-136],[493,-96],[172,-25],[227,-33]],[[721788,309283],[463,-238]],[[877152,604753],[3,995],[-4954,0],[-1489,17],[-1742,10],[23,-775],[-476,-511],[-772,-111],[-608,-280],[-2012,10],[-50,1696],[-137,0]],[[914673,336500],[538,-135],[150,148],[1108,578],[766,-509],[3844,-1102]],[[921079,335480],[-1010,-458],[-1123,-509],[-135,-155],[-332,-383],[-2204,-2538],[-33,-38],[-2012,-547],[-39,-11],[-713,-682]],[[902088,335487],[3802,425],[832,19],[7650,305],[301,264]],[[917975,478417],[40,1],[3769,56],[-180,450],[-129,158],[-132,113],[401,127],[-417,9082],[2626,43],[10321,191],[1171,-37],[8,255],[1027,682]],[[936480,489538],[-191,-1009],[-547,-2892],[-9,-76],[-823,-7509],[-464,-4237],[-197,-1793],[-489,-4465],[-142,-1293],[-6,-58],[-385,-3511],[-352,-3211],[-60,-392],[-301,-1966],[-84,-549],[-388,-2534],[-71,-463]],[[918629,458888],[2,1574],[-477,-11],[-20,397],[-73,1972],[-209,3892],[-51,1003],[808,5],[-148,2917],[277,3],[-672,694],[-340,847],[18,381],[-726,-1],[28,1922],[861,1095],[68,2839]],[[748171,167900],[1558,-4],[26,-974],[13086,-146],[185,-1662],[1162,-1290],[2375,-1374],[4448,-418],[-117,-304],[-769,-1987],[-2988,-1073],[-824,-4183],[1,-8],[188,-1543],[-2018,-247],[-241,3312],[-799,1242],[1112,1113],[1259,656],[-46,2017],[-688,500],[117,-2381],[-790,-610],[-5384,15],[-1658,-236],[-327,1683],[3680,20],[995,431],[-214,1024],[-496,-1034],[-4387,-176],[-5983,-45],[-2847,82],[-4607,-8674],[-323,-384],[3954,7393],[927,2023],[-4983,-9417],[-1804,658],[537,858],[29,187],[4470,8427],[-195,56],[-15277,-28693],[-32313,-50],[-21654,147],[-14925,15305],[8335,-139],[21,4203],[4585,2],[14,1942],[1577,-4],[-13,1916],[3174,3],[72,4658],[-12601,-16],[26,-2645],[-5493,-2],[-543,873],[-872,164],[66,916]],[[870809,352108],[-284,-692],[64,-981],[605,0],[0,-435],[47,-586],[-606,-11],[31,-604],[409,-594],[85,-1278],[31,-590],[1308,27],[48,-511],[36,-535],[-1341,-6],[71,-1261],[-10,-284]],[[868095,343219],[-69,986],[-1335,-13],[86,-1013]],[[724064,237873],[5,-1380],[117,-861],[1430,-860],[-440,-530],[1312,-707],[-1079,-735]],[[908273,717071],[6503,8],[6476,26]],[[800234,397604],[-2946,-54],[-91,1659],[-304,-5],[-1898,-36],[-869,-18],[-3362,-2],[-3182,-13],[-1876,-68],[-2621,-209],[-28,210],[-590,-26],[-1263,18],[-6357,-1],[-2430,-36],[-672,-1342],[-2836,-4],[37,-680],[-281,0]],[[768665,396997],[-103,2005],[-11,115],[-360,3839],[-42,438],[-81,1564],[-18,1342],[-69,491],[-57,1421],[89,364],[-115,2093],[-385,3842]],[[523894,918655],[-418,268],[4485,3747],[7702,7774],[2672,3701],[1277,3526],[-404,75],[106,1238],[-824,2547],[-722,3432],[100,3718],[790,3710],[1949,10667],[145,1838],[-439,1115],[204,2359],[-158,1928],[-1112,3799],[-3411,6711],[-3626,1438],[1718,45],[1568,-975],[-176,1074],[714,473],[3860,305],[6276,734],[3270,374],[2123,458],[10432,3503],[413,-111],[424,377],[2330,747],[0,475],[2984,993],[1416,1],[3134,1103],[19430,6326],[15864,1851],[3952,-336],[16917,-3144],[711,-688],[52,-8026],[12804,117],[-122,-17635],[-228,-1906],[-37237,106],[-39618,-72],[102,-15406],[-223,-243],[394,-15114],[-8947,-2],[-1871,-194],[-1594,-889],[-439,-1045],[-81,-5819],[-6477,61],[-164,-166],[209,-11388],[6129,47],[1,-1880],[-466,-756],[-2202,-1500],[-10505,-285],[-27,-1284],[-452,-761],[-4079,1960],[-512,49],[7102,-3355],[1806,-908],[-2547,-1743],[-653,-2099]],[[788898,597599],[403,-4],[11955,-91],[12971,-114],[8233,-53],[4235,-41],[4100,-38],[5131,-51],[555,37],[-72,106],[-142,52],[-73,7],[-80,8],[-43,30],[55,175],[264,-64],[1150,-325],[1824,-491]],[[839364,596742],[-8,-100],[117,-7586],[170,-3693],[43,-2860]],[[834438,582450],[-157,-6],[-9724,-50],[-1288,-88],[-12171,-37],[-9473,-44],[-8981,-79],[-2215,-1],[-1230,-3],[-541,-6]],[[927758,570994],[22,-1895],[-417,0],[18,-608],[41,-1701],[350,-97],[60,-1295],[-10,-542],[-350,-5],[8,-197],[46,-1016],[11,-201],[380,16],[53,-818],[-27,-351],[-345,29],[129,-1606],[48,-921],[115,-2048],[-165,-4],[60,-1462],[822,-14],[-931,-774],[438,-2572],[347,5],[24,-1396]],[[928485,551521],[-270,-1034],[-1608,-475],[30,-939],[-1685,-24],[1595,-386],[52,-742],[897,-29],[-258,-791],[171,-1564]],[[927409,545537],[-441,-388],[-2479,-31],[221,369],[-2499,-22],[12,-385],[-1261,-12],[-715,-16],[-2307,-34],[-31,421],[-1269,-9],[19,-432],[-1275,-16],[-13,202],[-3690,-70],[-174,-204],[-2229,-43]],[[848144,604693],[-915,-12],[-4316,73],[-3597,26],[4,-1443],[93,-3321],[-35,-2762],[-14,-512]],[[726454,329567],[234,-1435],[623,-598],[-247,-1338],[-3278,-150],[-2348,-25],[182,-3536],[-653,-266],[120,-1480],[1231,-2],[-1190,-856],[117,-1490],[467,-218],[117,-2406],[-257,-2220],[103,-1842],[700,22],[-218,-2434],[-369,-10]],[[927409,545537],[2937,-141],[972,136],[165,-331],[827,18],[1192,20],[4525,69],[-7,174],[3115,53],[335,-201],[516,3975]],[[941986,549309],[338,2],[-14,-36],[101,-3218],[1491,-361],[0,498],[2051,-82],[218,-1198]],[[946171,544914],[-237,-887],[-353,-1324],[-426,-1597],[-512,-1920]],[[864927,428903],[68,-946],[2580,75],[-43,490],[2547,88],[1810,892]],[[871954,429483],[-9744,-5476],[-2457,-1379],[-326,-177],[392,-260],[1174,-218],[325,259],[220,6],[1277,1606],[1582,849],[949,539],[600,10],[59,-956],[108,-1449],[1611,-445],[-1585,-38],[257,-3393],[21,-489],[165,-2414],[105,-1753]],[[866701,414125],[-1347,-27],[-501,476],[-1047,799],[-76,-66],[-1732,702],[-3409,393],[2982,-390],[2773,-1278],[-423,-252],[-5186,-69],[88,-3955],[-483,-18],[-3,3954],[-1211,-60],[-3160,-555],[-3357,352]],[[769327,383151],[-12,886],[-210,5724],[-41,1569],[-1,90],[-71,1208],[-119,734],[-57,948],[-73,969],[-78,1718]],[[780014,238586],[85,-126],[158,-1798],[1321,-1651],[10,-1325],[-2015,-2202],[-1219,-696],[-400,-3697],[-3451,-137],[-2524,-35],[-9683,-52]],[[762296,226867],[-5,2380],[-4348,-50],[-2023,77],[-1736,628],[-1224,531],[-720,166],[-1292,68],[-4756,3],[-3372,13],[-1186,-2],[-130,0],[-1973,-9],[-278,-24],[61,454],[-13,1434],[-1308,-38],[-27,-852],[-516,-5]],[[951221,569108],[-297,-1504],[-27,-135],[-21,-107],[-14,-68],[-380,-1921],[-333,-1682],[-504,-2548],[-19,-98],[-778,-3929],[-50,-252],[-110,-557],[-490,-2477],[-359,-1816],[-530,-2677],[-118,-594],[-1,-9],[-1019,-3820]],[[941986,549309],[231,1579],[9,303],[-3583,-311],[203,393],[-1838,-390],[-2803,314],[-2892,-46],[-539,-695],[-942,23],[-1048,1241],[-299,-199]],[[939310,509352],[-632,-1106],[-173,-1500],[-90,-3313],[-871,-4477],[-307,-2273],[-361,-4800],[-32,-424],[-11,-54],[-313,-1656],[-35,-185],[-5,-26]],[[917975,478417],[-6633,-101],[-5166,-61],[-172,-2],[-1093,-14],[-264,6879],[-3240,-70],[-37,992],[-9310,-198]],[[762296,226867],[91,-3933]],[[417555,283557],[-218,4700],[275,38043],[-366,424],[414,1394],[52,5572],[-3179,-12],[2022,-76],[-38,-728],[-7701,-12],[-7,-792],[-62809,-204],[1,1682],[22199,58],[667,26],[599,642],[1181,-106],[4108,-3],[-4,682],[2763,-222],[26516,70],[1425,-49],[85054,-37],[261,183],[59,2566],[1525,24],[135,-2881],[-444,-328],[-87,-56],[-857,193],[-1,-237],[2402,-278],[131010,15],[2303,73],[3235,-11]],[[855065,334874],[-383,-8],[25,-445],[384,9],[8,-141],[3,-115],[-381,-354]],[[909945,467568],[1560,23],[-16,487],[-1551,-30],[7,-480]],[[883116,325821],[-8272,-15],[-6077,-12],[-2050,-4],[-1991,982],[-66,32],[-38,19],[-290,143],[-4660,-1381],[-867,-586],[-48,-32],[-126,-86],[-670,-1879],[-2918,-1287],[-1277,287]],[[828548,461265],[-83,2121],[-126,-2],[-71,1889],[-7781,-146],[-4522,-85],[-134,-2],[40,-430],[-703,4],[-427,223],[-452,89],[-23,89],[-2313,-55],[-17,97],[-3671,-72],[-838,-17],[-1150,-21],[-2963,-51]],[[880173,352917],[34,-2782],[-2259,8],[30,-761],[1,-429],[-48,-1288],[-384,-25],[-1622,507],[-879,-597],[-1,-598],[2041,549],[864,39],[5540,137],[1353,-490],[3088,-2564],[758,-283],[2308,-675],[-64,-260],[13445,-3865],[6025,-1734],[2426,-845],[1844,-461]],[[925686,353089],[-643,-2158],[-552,-1602],[-5,-16],[-455,-1319],[-289,-838],[-477,-1383],[-293,-851],[-164,-539],[-352,-1157],[-1111,-3649],[-360,-1182],[53,-716],[158,-2145],[-117,-54]]],"bbox":[-81.293787,25.131571,-80.031362,27.0175],"transform":{"scale":[0.0000012624262624262557,0.0000018859308859308832],"translate":[-81.293787,25.131571]}}
