{"type":"Topology","objects":{"foo":{"type":"GeometryCollection","geometries":[{"type":"MultiPolygon","arcs":[[[0,1,2,3,4,5,6,7]]],"properties":{"postal_code":"97479","realtor_list_price":434156.429,"realtor_list_price_yoy":0.0119,"realtor_list_price_base":0.5726,"realtor_active_listings":42.667,"realtor_active_listings_yoy":0.3617,"realtor_active_listings_base":-0.1003,"realtor_new_listings":9.333,"realtor_new_listings_yoy":-0.2632,"realtor_new_listings_base":-0.5547,"realtor_days_on_market":94,"realtor_days_on_market_yoy":0.6833,"realtor_days_on_market_base":0.4137,"zhvi":348852.458,"zhvi_yoy":0.0111,"zhvi_base":0.6711,"zori":"NA","zori_yoy":"NA","zori_base":"NA"}},{"type":"MultiPolygon","arcs":[[[8,9,10,-8,11,12,13]]],"properties":{"postal_code":"97462","realtor_list_price":766250,"realtor_list_price_yoy":0.1374,"realtor_list_price_base":0.9186,"realtor_active_listings":18.333,"realtor_active_listings_yoy":0.2222,"realtor_active_listings_base":0.1393,"realtor_new_listings":2.667,"realtor_new_listings_yoy":-0.3333,"realtor_new_listings_base":-0.1178,"realtor_days_on_market":59.5,"realtor_days_on_market_yoy":0.0056,"realtor_days_on_market_base":-0.115,"zhvi":407268.742,"zhvi_yoy":0.0317,"zhvi_base":0.7942,"zori":"NA","zori_yoy":"NA","zori_base":"NA"}},{"type":"MultiPolygon","arcs":[[[14]]],"properties":{"postal_code":"97432","realtor_list_price":"NA","realtor_list_price_yoy":"NA","realtor_list_price_base":"NA","realtor_active_listings":1,"realtor_active_listings_yoy":-0.4,"realtor_active_listings_base":-0.3607,"realtor_new_listings":0,"realtor_new_listings_yoy":-1,"realtor_new_listings_base":-1,"realtor_days_on_market":"NA","realtor_days_on_market_yoy":"NA","realtor_days_on_market_base":"NA","zhvi":224563.017,"zhvi_yoy":0.0078,"zhvi_base":1.0385,"zori":"NA","zori_yoy":"NA","zori_base":"NA"}},{"type":"MultiPolygon","arcs":[[[-13,15,16]]],"properties":{"postal_code":"97486","realtor_list_price":550000,"realtor_list_price_yoy":"NA","realtor_list_price_base":"NA","realtor_active_listings":3,"realtor_active_listings_yoy":0,"realtor_active_listings_base":-0.452,"realtor_new_listings":0.667,"realtor_new_listings_yoy":"Inf","realtor_new_listings_base":-0.6075,"realtor_days_on_market":58,"realtor_days_on_market_yoy":"NA","realtor_days_on_market_base":"NA","zhvi":"NA","zhvi_yoy":"NA","zhvi_base":"NA","zori":"NA","zori_yoy":"NA","zori_base":"NA"}},{"type":"MultiPolygon","arcs":[[[17,18,19,20,21,22,23,24]]],"properties":{"postal_code":"97457","realtor_list_price":358608.333,"realtor_list_price_yoy":-0.0836,"realtor_list_price_base":0.3983,"realtor_active_listings":44.333,"realtor_active_listings_yoy":0.0153,"realtor_active_listings_base":0.0333,"realtor_new_listings":12,"realtor_new_listings_yoy":0.2857,"realtor_new_listings_base":-0.3826,"realtor_days_on_market":63.889,"realtor_days_on_market_yoy":-0.2099,"realtor_days_on_market_base":0.1497,"zhvi":295643.635,"zhvi_yoy":0.0058,"zhvi_base":0.747,"zori":"NA","zori_yoy":"NA","zori_base":"NA"}},{"type":"MultiPolygon","arcs":[[[25,26,27,28]]],"properties":{"postal_code":"97416","realtor_list_price":"NA","realtor_list_price_yoy":"NA","realtor_list_price_base":"NA","realtor_active_listings":3.333,"realtor_active_listings_yoy":0.6667,"realtor_active_listings_base":0.0751,"realtor_new_listings":0,"realtor_new_listings_yoy":"NaN","realtor_new_listings_base":"NA","realtor_days_on_market":"NA","realtor_days_on_market_yoy":"NA","realtor_days_on_market_base":"NA","zhvi":"NA","zhvi_yoy":"NA","zhvi_base":"NA","zori":"NA","zori_yoy":"NA","zori_base":"NA"}},{"type":"MultiPolygon","arcs":[[[-21,29,30,31,32]]],"properties":{"postal_code":"97429","realtor_list_price":"NA","realtor_list_price_yoy":"NA","realtor_list_price_base":"NA","realtor_active_listings":3.333,"realtor_active_listings_yoy":-0.4118,"realtor_active_listings_base":-0.0751,"realtor_new_listings":0,"realtor_new_listings_yoy":"NaN","realtor_new_listings_base":"NA","realtor_days_on_market":"NA","realtor_days_on_market_yoy":"NA","realtor_days_on_market_base":"NA","zhvi":"NA","zhvi_yoy":"NA","zhvi_base":"NA","zori":"NA","zori_yoy":"NA","zori_base":"NA"}},{"type":"MultiPolygon","arcs":[[[33,34,35,36,-31]]],"properties":{"postal_code":"97484","realtor_list_price":"NA","realtor_list_price_yoy":"NA","realtor_list_price_base":"NA","realtor_active_listings":2.333,"realtor_active_listings_yoy":0,"realtor_active_listings_base":-0.5292,"realtor_new_listings":0,"realtor_new_listings_yoy":"NaN","realtor_new_listings_base":-1,"realtor_days_on_market":"NA","realtor_days_on_market_yoy":"NA","realtor_days_on_market_base":"NA","zhvi":"NA","zhvi_yoy":"NA","zhvi_base":"NA","zori":"NA","zori_yoy":"NA","zori_base":"NA"}},{"type":"MultiPolygon","arcs":[[[-6,37,-4,38,-2,39,40,41,-19,42],[43]]],"properties":{"postal_code":"97470","realtor_list_price":459282.292,"realtor_list_price_yoy":0.1022,"realtor_list_price_base":0.6224,"realtor_active_listings":91.333,"realtor_active_listings_yoy":-0.0072,"realtor_active_listings_base":0.0553,"realtor_new_listings":16,"realtor_new_listings_yoy":-0.4,"realtor_new_listings_base":-0.5293,"realtor_days_on_market":71.375,"realtor_days_on_market_yoy":-0.0419,"realtor_days_on_market_base":0.1313,"zhvi":323809.162,"zhvi_yoy":-0.0034,"zhvi_base":0.606,"zori":1150.556,"zori_yoy":0.0232,"zori_base":"NA"}},{"type":"MultiPolygon","arcs":[[[44,45,46,47,48,49]]],"properties":{"postal_code":"97467","realtor_list_price":406957.875,"realtor_list_price_yoy":0.1304,"realtor_list_price_base":0.5881,"realtor_active_listings":33,"realtor_active_listings_yoy":0.4559,"realtor_active_listings_base":0.0877,"realtor_new_listings":10.667,"realtor_new_listings_yoy":0.6,"realtor_new_listings_base":0.2226,"realtor_days_on_market":61.75,"realtor_days_on_market_yoy":-0.1471,"realtor_days_on_market_base":-0.0729,"zhvi":321762.699,"zhvi_yoy":-0.0016,"zhvi_base":0.8203,"zori":"NA","zori_yoy":"NA","zori_base":"NA"}},{"type":"MultiPolygon","arcs":[[[-23,50,51]]],"properties":{"postal_code":"97469","realtor_list_price":511188,"realtor_list_price_yoy":0.013,"realtor_list_price_base":0.8081,"realtor_active_listings":12.667,"realtor_active_listings_yoy":-0.0952,"realtor_active_listings_base":0.3214,"realtor_new_listings":1.333,"realtor_new_listings_yoy":-0.6,"realtor_new_listings_base":-0.4826,"realtor_days_on_market":87,"realtor_days_on_market_yoy":0.8831,"realtor_days_on_market_base":-0.1446,"zhvi":287516.058,"zhvi_yoy":0.0211,"zhvi_base":0.77,"zori":"NA","zori_yoy":"NA","zori_base":"NA"}},{"type":"MultiPolygon","arcs":[[[52,53,54,-49]]],"properties":{"postal_code":"97473","realtor_list_price":"NA","realtor_list_price_yoy":"NA","realtor_list_price_base":"NA","realtor_active_listings":6.667,"realtor_active_listings_yoy":0.5385,"realtor_active_listings_base":0.1307,"realtor_new_listings":0,"realtor_new_listings_yoy":-1,"realtor_new_listings_base":-1,"realtor_days_on_market":"NA","realtor_days_on_market_yoy":"NA","realtor_days_on_market_base":"NA","zhvi":"NA","zhvi_yoy":"NA","zhvi_base":"NA","zori":"NA","zori_yoy":"NA","zori_base":"NA"}},{"type":"MultiPolygon","arcs":[[[55,-27,56]]],"properties":{"postal_code":"97481","realtor_list_price":"NA","realtor_list_price_yoy":"NA","realtor_list_price_base":"NA","realtor_active_listings":2,"realtor_active_listings_yoy":1,"realtor_active_listings_base":-0.3139,"realtor_new_listings":0,"realtor_new_listings_yoy":"NaN","realtor_new_listings_base":-1,"realtor_days_on_market":"NA","realtor_days_on_market_yoy":"NA","realtor_days_on_market_base":"NA","zhvi":"NA","zhvi_yoy":"NA","zhvi_base":"NA","zori":"NA","zori_yoy":"NA","zori_base":"NA"}},{"type":"MultiPolygon","arcs":[[[57,-10,58,59]]],"properties":{"postal_code":"97499","realtor_list_price":584250,"realtor_list_price_yoy":0.1697,"realtor_list_price_base":"NA","realtor_active_listings":7,"realtor_active_listings_yoy":0.3125,"realtor_active_listings_base":0.0514,"realtor_new_listings":1.333,"realtor_new_listings_yoy":1,"realtor_new_listings_base":-0.0666,"realtor_days_on_market":81,"realtor_days_on_market_yoy":-0.0471,"realtor_days_on_market_base":"NA","zhvi":321897.561,"zhvi_yoy":0.0131,"zhvi_base":0.7201,"zori":"NA","zori_yoy":"NA","zori_base":"NA"}},{"type":"MultiPolygon","arcs":[[[-60,60,61]]],"properties":{"postal_code":"97435","realtor_list_price":874500,"realtor_list_price_yoy":1.873,"realtor_list_price_base":2.101,"realtor_active_listings":6,"realtor_active_listings_yoy":-0.3793,"realtor_active_listings_base":-0.1357,"realtor_new_listings":0.667,"realtor_new_listings_yoy":-0.8,"realtor_new_listings_base":-0.8337,"realtor_days_on_market":54,"realtor_days_on_market_yoy":-0.1118,"realtor_days_on_market_base":0.2482,"zhvi":298051.578,"zhvi_yoy":0.007,"zhvi_base":0.757,"zori":"NA","zori_yoy":"NA","zori_base":"NA"}},{"type":"MultiPolygon","arcs":[[[62,63,64,65,-35,66,67]]],"properties":{"postal_code":"97410","realtor_list_price":"NA","realtor_list_price_yoy":"NA","realtor_list_price_base":"NA","realtor_active_listings":9,"realtor_active_listings_yoy":0.6875,"realtor_active_listings_base":0.0739,"realtor_new_listings":0,"realtor_new_listings_yoy":"NaN","realtor_new_listings_base":-1,"realtor_days_on_market":"NA","realtor_days_on_market_yoy":"NA","realtor_days_on_market_base":"NA","zhvi":"NA","zhvi_yoy":"NA","zhvi_base":"NA","zori":"NA","zori_yoy":"NA","zori_base":"NA"}},{"type":"MultiPolygon","arcs":[[[68,-41]]],"properties":{"postal_code":"97443","realtor_list_price":"NA","realtor_list_price_yoy":"NA","realtor_list_price_base":"NA","realtor_active_listings":14.333,"realtor_active_listings_yoy":1.15,"realtor_active_listings_base":0.609,"realtor_new_listings":0,"realtor_new_listings_yoy":-1,"realtor_new_listings_base":-1,"realtor_days_on_market":"NA","realtor_days_on_market_yoy":"NA","realtor_days_on_market_base":"NA","zhvi":388988.809,"zhvi_yoy":0.0084,"zhvi_base":0.6624,"zori":"NA","zori_yoy":"NA","zori_base":"NA"}},{"type":"MultiPolygon","arcs":[[[-47,69,-61,-59,-9,70,-54,71]]],"properties":{"postal_code":"97436","realtor_list_price":"NA","realtor_list_price_yoy":"NA","realtor_list_price_base":"NA","realtor_active_listings":7,"realtor_active_listings_yoy":0.3125,"realtor_active_listings_base":0.3353,"realtor_new_listings":0,"realtor_new_listings_yoy":-1,"realtor_new_listings_base":-1,"realtor_days_on_market":"NA","realtor_days_on_market_yoy":"NA","realtor_days_on_market_base":"NA","zhvi":398591.291,"zhvi_yoy":0.011,"zhvi_base":0.6382,"zori":"NA","zori_yoy":"NA","zori_base":"NA"}},{"type":"MultiPolygon","arcs":[[[-16,-12,-7,-43,-18,72,-57,-26,73]]],"properties":{"postal_code":"97471","realtor_list_price":589162.791,"realtor_list_price_yoy":0.0442,"realtor_list_price_base":0.6,"realtor_active_listings":131.333,"realtor_active_listings_yoy":0.1976,"realtor_active_listings_base":-0.1098,"realtor_new_listings":28.667,"realtor_new_listings_yoy":-0.1042,"realtor_new_listings_base":-0.5225,"realtor_days_on_market":74.558,"realtor_days_on_market_yoy":0.1459,"realtor_days_on_market_base":0.3252,"zhvi":387017.506,"zhvi_yoy":0.002,"zhvi_base":0.6028,"zori":1871.667,"zori_yoy":"NA","zori_base":"NA"}},{"type":"MultiPolygon","arcs":[[[-22,-33,74,-64,75,-51]]],"properties":{"postal_code":"97417","realtor_list_price":365083.333,"realtor_list_price_yoy":0.0173,"realtor_list_price_base":"NA","realtor_active_listings":7.333,"realtor_active_listings_yoy":-0.2667,"realtor_active_listings_base":0.2278,"realtor_new_listings":2,"realtor_new_listings_yoy":0.5,"realtor_new_listings_base":0.0473,"realtor_days_on_market":102.333,"realtor_days_on_market_yoy":-0.1401,"realtor_days_on_market_base":"NA","zhvi":271368.903,"zhvi_yoy":-0.0158,"zhvi_base":0.6873,"zori":"NA","zori_yoy":"NA","zori_base":"NA"}},{"type":"MultiPolygon","arcs":[[[-44]]],"properties":{"postal_code":"97495","realtor_list_price":522175,"realtor_list_price_yoy":-0.0966,"realtor_list_price_base":0.2335,"realtor_active_listings":10.667,"realtor_active_listings_yoy":0.2308,"realtor_active_listings_base":-0.0859,"realtor_new_listings":1.333,"realtor_new_listings_yoy":-0.5,"realtor_new_listings_base":-0.557,"realtor_days_on_market":33,"realtor_days_on_market_yoy":-0.459,"realtor_days_on_market_base":-0.5789,"zhvi":510866.142,"zhvi_yoy":0.0206,"zhvi_base":0.605,"zori":"NA","zori_yoy":"NA","zori_base":"NA"}},{"type":"MultiPolygon","arcs":[[[-68,76]]],"properties":{"postal_code":"97442","realtor_list_price":354000,"realtor_list_price_yoy":0.0458,"realtor_list_price_base":0.3456,"realtor_active_listings":16.667,"realtor_active_listings_yoy":0.3158,"realtor_active_listings_base":0.4932,"realtor_new_listings":0.667,"realtor_new_listings_yoy":-0.8,"realtor_new_listings_base":-0.851,"realtor_days_on_market":75,"realtor_days_on_market_yoy":-0.1477,"realtor_days_on_market_base":-0.0278,"zhvi":267158.609,"zhvi_yoy":0.0046,"zhvi_base":0.9236,"zori":"NA","zori_yoy":"NA","zori_base":"NA"}},{"type":"MultiPolygon","arcs":[[[-45,77]]],"properties":{"postal_code":"97441","realtor_list_price":"NA","realtor_list_price_yoy":"NA","realtor_list_price_base":"NA","realtor_active_listings":2.333,"realtor_active_listings_yoy":0.4,"realtor_active_listings_base":0.2389,"realtor_new_listings":0,"realtor_new_listings_yoy":"NaN","realtor_new_listings_base":-1,"realtor_days_on_market":"NA","realtor_days_on_market_yoy":"NA","realtor_days_on_market_base":"NA","zhvi":268073.677,"zhvi_yoy":0.0017,"zhvi_base":0.5633,"zori":"NA","zori_yoy":"NA","zori_base":"NA"}},{"type":"MultiPolygon","arcs":[[[-56,-73,-25,78,-28],[-15]]],"properties":{"postal_code":"97496","realtor_list_price":443952.273,"realtor_list_price_yoy":0.0154,"realtor_list_price_base":0.8616,"realtor_active_listings":31,"realtor_active_listings_yoy":0.1923,"realtor_active_listings_base":0.1509,"realtor_new_listings":7.333,"realtor_new_listings_yoy":0.1,"realtor_new_listings_base":-0.5062,"realtor_days_on_market":71.909,"realtor_days_on_market_yoy":-0.0851,"realtor_days_on_market_base":0.1974,"zhvi":317826.983,"zhvi_yoy":-0.0083,"zhvi_base":0.7443,"zori":"NA","zori_yoy":"NA","zori_base":"NA"}}]}},"arcs":[[[646257,597271],[1522,-1071],[1320,-220],[2325,-1169],[-1408,-1001],[-1429,-1726],[3031,-919],[1736,14],[749,-611],[2164,1292],[2054,-587],[1609,-82],[1114,912],[2074,359],[-1202,-1209],[264,-874],[963,-255],[-405,-1827],[-651,-848],[529,-1825],[1296,1147],[1139,2446],[731,-322],[618,2233],[1694,2020],[1361,694],[1433,1714],[989,2378],[596,437],[210,3549],[2917,3593],[1740,1510],[958,2979],[1807,2373],[25756,-38],[209,17951],[1571,-1765],[2202,-83],[1297,1009],[238,2178],[1408,1834],[2441,755],[1380,764],[2122,-791],[2679,328],[-1400,3360],[-80,713],[-2875,4847],[-61,1888],[226,932],[1328,-596],[620,-896],[543,1098],[-469,715],[541,1553],[-115,2740],[599,458],[-1286,1867],[-192,896],[1564,-1419],[1342,-3065],[1068,-785],[4555,-1044],[2089,1271],[1284,1903],[964,-1072],[1978,-1154],[477,-1942],[-430,-643],[263,-3412],[-422,-945],[116,-2227],[-264,-2702],[680,-1715],[751,-389],[2667,-153],[1156,482],[1178,-905],[2153,-233],[177,-1114],[-1587,-1928],[300,-1388],[1632,497],[1454,-441],[-234,-1367],[-944,-1578],[413,-773],[-482,-873],[1346,-504],[290,-992],[1056,-958],[-13,-682],[1604,-2844],[1787,261],[780,623],[1998,-545],[-1062,-1302],[-1151,-2368],[239,-1664],[2534,-896],[1539,-2863],[1485,-1744],[-4268,1068],[271,1123],[-953,441],[-1189,-433],[-1710,396],[-675,706],[-3151,441],[-1110,-455],[-851,507],[-1066,-113],[-620,-989],[-1129,-193],[-2712,-1302],[-850,-1929],[-627,-114],[-1547,-1648],[-1853,515],[-1109,-1436],[-2919,1038],[-1561,-135],[-1842,1830],[-987,-648],[-307,606],[-3398,-649],[-2188,-937],[1361,-1930],[1517,-1071],[3132,-1642],[562,-812],[1989,-756],[2732,-2376],[3730,-995],[1966,-193],[2648,520],[1376,-3212],[2104,-1219],[1392,464],[1483,-1027],[682,-1681],[2452,-931],[-1935,-3721],[139,-1991],[-912,-950],[-1099,-1932],[-3124,-3548],[-1646,-1318],[-292,-804],[13,-3017],[252,-1021],[-946,-2414],[-1035,-874],[630,-1962],[1438,29],[-1702,-2580],[-1793,-1981],[-3473,1046],[-491,-788],[-227,-2835],[-902,1836],[-1372,990],[404,-2771],[888,-3384],[-423,-914],[-2848,-1028],[-6024,-324]],[[719412,553073],[-72,664],[972,1220],[-234,1054],[964,544],[-1238,838],[753,1678],[-803,256],[-547,1358],[-1777,234],[-191,-661],[-1671,-110],[-2187,762],[1397,-1184],[274,-1264],[-3718,-159],[-2228,-783],[-146,-970],[676,-649],[1865,-472],[-523,-405],[-2571,-566],[-1104,1200],[-2545,1418],[-1294,3719],[357,1484],[-1334,1781],[-2131,988],[-1939,1612],[-937,1582],[-1360,-67],[-1838,-1812],[-751,166],[489,1975],[-983,233],[-1578,-1619],[-373,-1610],[-1581,-1307],[751,-1150],[-654,-603],[438,-1030],[-828,-618],[-97,-1378],[734,-2365],[1061,-1192],[-97,-585],[-1813,312],[-1214,-1277],[-1297,-650],[29,1633],[-1504,1773],[-709,40],[520,-852],[-726,-1695],[-218,-1634]],[[683881,552930],[-2316,-575],[-4810,577],[-809,285],[-307,466],[-988,730],[-339,1137],[-257,-71],[-173,-769],[-421,-781],[-548,-227],[-474,-854],[-2546,-27],[-1340,347],[-2101,1184],[-2743,3269],[-376,1302],[-69,-682],[1726,-3790],[-981,-1672],[-9614,-87],[-1327,574],[-1761,-574],[637,2797],[197,706],[-1882,-3124],[34,-375],[-13716,10],[-340,2035],[-1097,1130],[-700,85],[-643,-1219],[-558,459],[-793,-918],[-2845,1956],[-1566,42],[1268,-812],[356,-1100],[-2137,202],[-417,-554],[-1366,487],[-706,1054],[-227,-1484],[-677,-1392],[478,-438],[1403,702],[606,-2179],[857,-703],[-384,-1640],[-1406,-1464],[-121,-1909],[383,-1965],[3079,-789],[-40,-1350],[-18680,-118],[693,1030],[839,2247],[-480,30],[-308,2132],[-1500,1071],[-1262,-9],[-63,932],[-1815,-328],[-1033,1820],[-729,-492],[-681,1082],[-1871,-431],[-377,1616],[-1329,-2680],[403,-2018],[-463,-2101],[-807,-230],[-318,844],[-1543,-577],[406,1681],[-591,386],[-842,-706],[-445,458],[-647,2221],[168,1444],[-729,-1428],[-28,-2940],[-999,-1667],[-1498,1219],[-1497,37],[-1906,-746],[130,-1391],[444,-447],[3714,-25],[3911,-3847],[337,-10450],[-56,-5603],[-5010,-209]],[[592522,522749],[-15442,-89]],[[577080,522660],[-11670,-67],[-18,6365],[-791,-2313],[-414,-102]],[[564187,526543],[-451,158],[-568,283]],[[563168,526984],[-199,89],[1139,1862],[820,1977],[68,4768],[-4834,368],[-2212,-974],[-4708,-1062],[52,1701],[-316,4890],[-11603,-42]],[[541375,540561],[2722,5876],[206,451],[-324,4775],[203,3043],[1112,9573],[-1179,14],[1,1932],[6,3840],[2,327],[462,-282],[1679,68],[-96,4825],[3278,-1496],[4,4393],[725,395],[-711,829],[1546,760],[-173,-4593],[2068,-37],[3111,-164],[4111,-153],[3164,-35],[3200,381],[6396,265],[-17,-1036],[482,17],[-122,1047],[984,257],[2390,-98],[2649,28],[-5,2022],[5653,-53],[-650,944],[1965,188],[567,2004],[1571,710],[1055,1363],[1003,-252],[-93,-866],[757,-497],[1719,1299],[1981,2655],[2462,2068],[1666,1993],[220,-1946],[147,50],[416,526],[273,268],[153,385],[91,621],[202,262],[770,672],[21,1019],[855,47],[148,2116],[360,975],[-612,1029],[74,2283],[583,421],[1416,-131],[1253,1363],[-412,922],[-351,189],[-349,1475],[808,114],[5317,1860],[2177,1007],[1036,1591],[706,452],[1113,-1112],[5755,534],[459,-1557],[-463,-1787],[985,-806],[526,-826],[-59,-2826],[2335,-4866],[268,-1267],[-611,-2798],[2168,-1825],[43,-1065],[4058,-1166],[3929,-5],[2,-1453],[7752,-5],[791,-366],[-237,1109],[-90,4539],[-36,4965],[3362,2943]],[[356332,716255],[2195,3],[104,1381],[774,1404],[-144,1580],[807,1185],[-599,765],[115,1882],[777,1072],[-289,1246],[1806,731],[591,2158],[1966,278],[489,1479],[850,896],[585,1981],[1435,692],[764,2048],[1113,-253],[-190,-1417],[560,-168],[1859,1173],[449,1383],[1572,1162],[-34,1572],[-1938,1608],[-446,943],[-2075,121],[-1275,-316],[-1520,279],[196,919],[2938,2056],[2048,553],[3510,-1054],[1357,72],[1472,641],[1300,1705],[2132,970],[-2885,-3383],[-573,-1401],[-853,-3750],[649,-3591],[1553,-2386],[1281,-1249],[-73,-1139],[2762,-1537],[-1,-908],[3362,-2855],[2570,-249],[1469,-815],[1512,-1570],[2725,-1672],[616,2218],[3110,-367],[4301,-1989],[1016,-1252],[1171,-238],[2400,290],[5337,2446],[1789,1188],[3681,3028],[-316,755],[1529,1486],[2158,1182],[1119,966],[2,764],[1149,1822],[2972,3242],[3228,1848],[1023,173],[1326,2],[1950,-1355],[1060,-2271],[1311,-5735],[1208,-1441],[1869,-426],[2073,258],[4246,1495],[2654,277],[2286,-1028],[3121,-2719],[880,-3375],[2029,-246],[3768,839],[601,-181],[2671,740],[2735,1464],[2341,-80],[3002,1209],[3040,102],[2492,530],[1976,-507],[371,926],[-336,2103],[-716,1793],[1893,-308],[388,323],[391,-964],[1074,311],[1519,-1364],[1792,-848],[1672,-73],[980,-576],[963,857],[1830,-794],[1543,-123],[-477,-1063],[-357,-2973],[945,-1785],[-1804,-2366],[1202,-1505],[-449,-1140],[259,-3028],[-555,-1476],[1012,-770],[550,-273],[151,1189],[899,472],[363,2586],[2006,847],[910,1538],[582,-527],[-1184,-2049],[369,-555],[-482,-2591],[550,-653],[1077,-493],[2172,2000],[332,-17705],[2977,1755],[1864,-785],[1584,82],[3144,-2982],[940,1404],[2530,956],[2591,-346],[1042,1454],[1435,1209]],[[519550,699284],[542,1594],[2141,2528],[1884,1552],[2936,963],[430,1339],[1085,1168],[1194,325],[1351,1095],[1758,691],[1821,156],[1753,-1358],[733,-1656],[2451,-1529],[2082,867],[1951,-864],[1288,1227],[1811,-726],[2500,-533],[504,-693],[875,1015],[2404,752],[2491,284],[869,-325],[4342,2875],[2443,-647],[2322,551],[1669,-687],[2885,-2878],[363,-1516],[1759,-1400],[4594,1290],[1425,1199],[96,1295],[1096,1484],[1743,1034],[3235,3142],[517,1354],[1181,947],[-148,1382],[-1417,1165],[-237,2584],[1217,1910],[664,-685],[293,1071],[3050,111],[3059,2370],[59,889],[2883,-2880],[13,-232],[1826,13],[563,-1828],[1871,-8459],[-525,-2222],[-2321,-3751],[-1613,-4347],[-756,-2472],[-756,-3410],[-441,-4637],[-610,-2853],[-1,-2539],[358,-1993],[605,-1171],[-448,-4818],[-575,-2963],[1998,-1120],[519,147],[3747,8481],[5379,13778],[7302,4112],[2323,-2582],[-119,-4298],[1046,-721],[-251,-910],[2146,-543],[2310,-134],[1073,410],[1062,-546],[919,508],[1130,-250],[1523,884],[2863,-967],[2112,-282],[904,-1143],[621,106],[1941,2281],[171,704],[1800,141],[2621,2008],[660,1302],[4524,-3039],[-338,-8000],[2111,840],[-291,-1419],[-1004,-775],[3347,-469],[707,-642],[1570,46],[857,-447],[316,-1538],[582,-243],[-1349,-1796],[-5454,-6659],[27362,-192],[691,-1283],[345,-3034],[-454,-1510],[-3164,-2743],[157,-1795],[1899,-2261],[1283,-2174],[1283,-582],[547,-858],[89,-2080],[1656,-1304],[974,-193],[2774,-1885],[1679,-2099],[1276,-2771],[951,-1406],[646,-2098],[1112,-1223],[1337,-24],[1286,-1931],[1498,-1577],[1286,103]],[[690578,637739],[-575,-3061],[-34,-2377],[-564,-1187],[-4837,-2697],[-1309,-1156],[-4042,718],[-1105,-503],[-2232,102],[-2245,876],[-2288,-3050],[-710,-2167],[-1737,-2226],[-1424,-1134],[-1686,-2613],[2329,-1050],[1292,-1418],[757,-2950],[654,-1062],[-83,-1173],[-3395,70],[98,-3080],[-6271,41],[-267,-6262],[-3213,-32],[-94,2974],[-4845,129],[-6495,-6180]],[[541375,540561],[-4464,-8],[-1634,689],[879,846],[119,1960],[-1445,122],[-1820,1207],[-1062,218],[-1133,1111],[-2681,625],[-607,494],[-92,12515],[-2980,29],[-1332,1279],[188,-3050],[-3145,-4746],[39,-1531],[-1720,1081],[-655,902],[-784,-787],[-1335,-4573],[-940,-636],[-2268,2003],[-1012,-309],[-1817,439],[-955,-234],[-519,-873],[-354,-2432],[-2193,-1747],[-3564,-916],[-675,-1288],[-1608,312],[-1238,1416],[-3430,2647],[-636,-78],[-764,-1491],[430,-2121],[-583,-151],[-1309,1952],[-3347,2237],[-1450,1215],[-753,-1412],[1505,-2576],[18,-1423],[-1567,-313],[-2485,1719],[-1044,-184],[-803,-1002],[-694,2362],[-1317,1798]],[[480339,547858],[4495,262],[-1225,1490],[-2510,948],[-1965,1761],[729,356],[657,1590],[-534,1871],[4,2582],[-652,848],[-732,-553],[-2125,1843],[-2018,1021],[-3670,-154],[-1443,-1143],[-1645,-757],[361,-1248],[-4910,-453],[-1342,-674],[-3410,-422],[-3104,-803],[-3615,-222],[-2967,576],[-1558,591],[-877,918],[642,792],[1072,-909],[1546,-274],[11,1118],[917,634],[-1561,1954],[4705,112],[362,879],[3243,416],[-637,1043],[1376,-157],[-480,1015],[1110,1943],[-259,1324],[617,1288],[1217,464],[1000,1188],[1479,-219],[3398,1480],[564,-135],[438,2034],[1169,1445],[-628,1988],[1054,1850],[2113,1562],[55,2261],[-529,2493],[-1200,1587],[-2185,1595],[-1065,331],[654,662],[-346,4232],[811,1827],[528,34],[1793,-1263],[1242,-1363],[794,154],[1134,-1223],[676,314],[1183,-930],[1027,-3496],[-1468,-2168],[2045,949],[951,1283],[99,1083],[390,1267],[-797,2947],[1304,2265],[-66,1366],[455,2278],[606,1379],[-98,2074],[-334,1404],[-780,909],[-1513,562],[-1907,3699],[527,-546],[2022,-129],[573,-1737],[1718,537],[1005,-492],[-211,1447],[-1090,2727],[1112,1332],[161,1083],[943,805],[652,2969],[792,1041],[-92,4262],[167,1784],[940,1152],[792,1830],[-265,2203],[-2266,2399],[-1332,326],[-1303,2151],[-1971,1044],[-850,89],[-2988,-959],[-5122,-31],[-611,-543],[-928,762],[-583,-445],[-505,-1734],[-1354,-558],[199,2147],[656,2535],[-661,930],[2078,-618],[2650,1466],[696,1861],[-929,102],[-1231,-1292],[-1075,-325],[-936,87],[-3200,1244],[-2993,1823],[-1119,1505],[-2301,1204],[-3390,1066],[-2749,498],[-2813,-278],[-1831,-2129],[-1747,-5628],[-444,-2392],[-1353,-1552],[-5516,-1398],[-3092,1211],[-931,1382],[-3960,1779],[-1884,402],[-5025,223]],[[421242,638055],[-1756,3049],[580,2507],[-98,5],[-3101,-112],[-1780,1281],[-825,51],[-917,1231],[-1223,-535],[-2393,4670],[1232,366],[685,1041],[-642,920],[-1148,-3],[-1225,-943],[-1582,-104],[-499,707],[840,814],[-816,1022],[-2886,243],[-374,1507],[892,1003],[3,848],[-1450,417],[-541,1966],[-1637,1141],[-170,1444],[-749,-103],[-1244,1222],[-420,1103],[250,1605],[-208,1800],[435,1100],[-1678,-768],[-1934,-151],[-810,623],[-273,1545],[-1741,-72],[-126,620],[-2045,-713],[-101,-508],[-1835,-132],[-859,1269],[591,950],[-371,655],[-1611,-1595],[-1229,-11],[-1596,569],[-2191,-323],[-1796,1113],[-2577,797],[-230,-894],[-1312,1739],[-1015,2292],[-1202,546],[-1554,1697],[-854,1919],[1143,1217],[1929,60],[1130,1007],[-1017,339],[-1066,1229],[200,576],[2908,526],[2531,-351],[1527,137],[1416,-546],[1821,-2602],[2059,-922],[2662,-1580],[3427,613],[3374,346],[3682,1613],[-2823,3458],[-1579,1547],[-2826,563],[-587,739],[1316,983],[-354,696],[-1762,1115],[-963,2131],[1920,1971],[862,-182],[-469,1575],[-1361,1282],[-3242,854],[-1919,-1620],[-1140,132],[-923,940],[-606,1389],[696,890],[323,1801],[-1671,975],[-606,1001],[-2747,503],[-1537,1443],[-4864,1419],[-2865,-455],[-3238,1149],[-3874,-448],[-1112,-1274],[-702,-1568],[-364,-2969],[582,-1805],[-125,-1515],[-1401,-1485],[421,1406],[-395,468],[-655,-1299],[-1885,-718],[-913,542],[-1612,-298],[-1170,501],[-1967,2065],[582,1021],[511,2829],[-744,863],[-954,-89],[-70,1989],[-607,737],[2346,2142],[1172,362],[470,1077],[1033,336],[128,1100],[895,951],[-1604,1049],[1142,953],[-286,803],[1050,-582],[1553,665]],[[498900,334611],[2719,-57],[1880,-2],[-1647,-1654],[-302,-436],[-1337,-4],[514,-1417],[-373,-1995],[-1449,1581],[-5,3984]],[[480339,547858],[-1826,407],[-1467,-934],[-1734,42],[1786,-3359],[-3316,-3503],[-10,-6829],[-5048,-206],[-9084,-15822],[578,-6269],[355,-1658],[874,-1360],[-733,-377],[-1310,-389],[-753,721],[-1276,-473],[-189,1118],[-2045,-551],[-363,889],[1194,1104],[1404,3628],[-1839,-792],[-1955,1088],[-2779,-491],[-671,-715],[-1964,-776],[-3541,-2132],[-1893,-435],[-2405,-1605],[-2535,276],[-1057,522],[-2074,-1383],[-107,-456],[-1217,208],[-650,710],[-2845,1475],[-738,61],[-1575,1305],[-1812,264],[-1468,1488],[-463,-123],[2838,-3696],[983,-463],[1718,-2231],[2935,-2569],[709,-2449],[1625,-1007],[1597,-1597],[-515,-477],[426,-1671],[-1116,-432],[-294,-3001],[-1373,27],[762,-946],[-789,-3083],[259,-1487],[-252,-2336],[1143,-511],[858,-2999],[-458,-1642],[-2291,-1252],[-269,-2564],[-543,-1096],[-1278,-951],[-1065,-2543],[211,-958],[-455,-3148],[68,-1285],[-1025,-1929],[-1521,-1322],[-918,-2052],[77,-2400],[-648,-1247],[-1493,-141],[-2992,-4343],[-329,-2285],[-698,-790],[-1426,1002],[-614,-184]],[[417635,450468],[-494,557],[-1166,-292],[-740,813],[4,1058],[1310,1844],[53,1091],[-896,68],[-1153,2137],[-1916,862],[-442,768],[1323,1160],[1146,159],[381,721],[996,-333],[2183,553],[293,685],[2,2427],[-468,1048],[480,835],[-974,1620],[-578,-208],[808,-1123],[-607,-2029],[-1712,430],[-3119,-576],[-1790,1162],[-869,-818],[-1036,-2203],[-908,930],[-2413,818],[1024,1497],[-590,706],[1064,1261],[-29,1655],[-765,657],[1319,1687],[1195,620],[-130,1600],[-937,1124],[16,856],[-851,1327],[-1553,1262],[827,173],[-336,1567],[637,547],[1262,-322],[748,1368],[1325,1211],[-3276,2175],[-571,47],[-3074,-1594],[200,1459],[-759,652],[927,813],[-2749,-1155],[-2355,1284],[-175,671],[-3214,1830],[-628,-502],[-1345,288],[654,1603],[-2258,-233],[-2964,307],[-1867,768],[-1422,-951],[-968,422],[-1249,-590],[-764,1021],[805,1652],[-2272,146],[2452,1844],[1630,577],[1202,2792],[2954,1394],[1083,-1158],[392,-1240],[-15,-1768],[-684,-796],[-116,-1164],[-700,-711],[1247,63],[999,1111],[1146,3925],[709,1290],[-967,950],[-3440,4199],[-791,698],[-3238,770],[-1972,-143],[-932,1048],[-287,1220],[-1916,327],[-1572,2171],[-425,1704],[846,1532],[-334,1550],[964,573],[241,2173],[-1181,193],[105,965],[885,1028],[768,0],[650,1409],[2204,713],[139,859],[-942,1324],[1558,1676],[-790,623],[1305,1465],[-961,952],[1177,1584],[34,1609],[958,200],[-389,1330],[2605,422],[922,-689],[2625,3969],[827,274],[1025,1486],[536,2710],[-46,2537],[-739,2429],[-741,286],[629,825],[851,-183],[655,845],[161,2155],[1198,-470],[780,-1072],[1253,1646],[401,1367],[-1047,705],[-716,1707],[1330,236],[70,2316],[953,466],[1845,-1264],[138,1708],[1057,514],[788,1660],[1162,-281],[1483,-1006],[676,1651],[1127,-279],[764,-1064],[1189,1117],[131,-812],[928,803],[1989,736],[1127,1567],[1260,518],[1617,2087],[1108,595],[676,1168],[689,3583],[-3990,-74],[-4084,61],[-1449,3496],[-1343,4307],[-28,2647],[-3508,-251],[-3369,762],[-1992,1564],[-410,1985],[1060,2811],[3179,1929],[4197,712],[3185,88],[2408,1136],[758,1192],[50,2376],[587,3246],[-92,1168],[-667,158],[-458,2931],[-3016,3503],[-2303,181],[-2478,-2655],[-2440,115],[-1569,-1297],[292,1186],[2835,1081],[1148,-700],[878,1766],[-158,2050],[1181,2312],[1127,208],[1246,-786],[1457,591],[-1523,4710],[-574,3376],[899,3064],[1987,878],[5290,-450],[2781,-1415],[1737,-2012],[891,-2166],[499,-2181],[1337,-2367],[1597,-1257],[1794,-331],[1199,681],[413,673],[988,3719],[60,3068],[-386,4927],[-346,979],[-705,1641],[-1587,2356],[-2665,2231],[-3408,1703],[-1192,1472],[-267,1699],[410,1054],[2262,834]],[[525159,339883],[17938,234],[-26,-6040],[3421,46]],[[546492,334123],[2800,-20],[-107,-3283],[6631,-9],[87,-2404],[1554,1393],[2153,443],[2850,206],[716,495],[1538,-300],[2509,1551],[510,-470],[1140,613],[2163,551],[1339,-223],[-531,-1796],[-1566,-405],[-1111,-2391],[19765,-231],[4394,-163],[174,-2138],[49,-9560],[3035,112],[22502,-32],[-7,5850],[-46,18855],[1779,2050],[2240,395],[2082,2053],[2294,160],[2257,-561],[550,-888],[1522,1106],[829,1540],[3571,-980],[1484,469],[-565,2008],[1596,3239],[439,192],[655,-2],[4737,-5],[-60,5735],[3794,18]],[[648237,357296],[198,-688],[369,-181],[229,-374],[-14,-261],[453,-47],[650,217],[464,16],[319,176],[794,791],[541,292],[4739,50],[-80,3302],[1659,559],[784,776],[1215,188],[703,-400],[618,-1193],[574,1028],[711,-426],[193,1247],[888,147],[510,805],[5283,113],[-100,3292],[1399,-316],[385,-602],[1814,-1534],[400,965],[1483,735],[326,1972],[516,790],[1830,116],[4223,19],[105,7190],[2212,1797],[1329,49],[768,1450],[1423,1088],[-848,151],[-747,1448],[-2161,1650],[161,762],[1026,724],[2239,-119],[324,1821],[45305,80],[44,-5180],[-165,-4443],[-1193,-2722],[1058,-946],[754,-3587],[-1857,-2186],[1072,-183],[-1355,-1388],[1747,-817],[-1918,-797],[-786,-739],[-5884,311],[-2147,-226],[-2345,-1249],[-1595,-424],[4574,-81],[214,-2490],[614,33],[803,1169],[-228,-1516],[-817,-910],[-1623,450],[303,1402],[-1485,-1269],[-1404,6],[-230,-610],[1360,-945],[-457,-1132],[-1928,-1491],[1018,-1447],[1680,9],[163,-917],[2622,-270],[-60,-774],[2927,-441],[1707,201],[-1636,-778],[-3257,53],[-1273,-243],[-2593,1162],[-2446,1554],[-3213,391],[-2748,-560],[-2208,-1286],[-1662,-1537],[-3178,-1466],[-4384,-2675],[-2572,-2350],[-1108,-1862],[-930,-2533],[-1833,-2078],[-1087,-2041],[-722,-2793],[2559,-353],[2898,492],[1796,1394],[1516,713],[3019,2166],[-1689,-2463],[1943,-1972],[494,-1531],[-1059,-1275],[-1390,242],[441,-1338],[-943,-1151],[-2930,-1762],[-1088,119],[-1030,-1395],[-2691,-1197],[760,-608],[2811,716],[561,1527],[1441,-1218],[789,1538],[602,-712],[2288,1290],[-300,-1730],[-1823,-1791],[-1449,-700],[-1039,-1286],[-2049,-1300],[1200,194],[1695,-765],[34,752],[1328,417],[1740,-871],[863,485],[104,1081],[887,634],[457,-463],[7,-1732],[-2307,-1804],[123,-974],[1413,86],[54,-800],[582,1817],[1251,1625],[241,1860],[912,-211],[-654,-1233],[278,-971],[2319,1342],[1873,-161],[968,-1878],[1312,744],[43,2608],[1890,1836],[264,983],[1106,-253],[1191,1459],[1933,1119],[1813,2477],[983,759],[1028,1932],[1779,1588],[1031,54],[1540,960],[45,525],[1736,2079],[2687,1711],[-886,-2197],[-77,-4484],[-320,-1683],[-2364,-1799],[-395,-1389],[3504,1363],[197,-1006],[1296,1599],[6174,541],[3787,1236],[-2,-620],[3493,1304],[-1421,480],[1890,4054],[-1590,738],[-1362,-1199],[-1001,904],[1,706],[1649,561],[1683,1602],[63,581],[2753,19],[957,-1332],[536,-3460],[1139,-2480],[1159,-102],[1548,1075],[1136,1874],[-1,-18599],[-3070,-4],[-38,-636],[-1231,-4452],[365,-1888],[1511,-1488],[-1474,-3005],[-1020,-3016],[-256,-3353],[2065,-21],[1026,778],[3068,1472],[1570,1009],[1027,-14],[-1678,417],[-1788,-233],[-251,-492],[-2114,326],[1050,1071],[1009,647],[1023,-180],[700,962],[1614,289],[1191,-280],[456,797],[1536,-615],[1076,1276],[2173,-940],[1703,492],[1318,-571],[1072,539],[421,1224],[603,54],[1245,-1528],[1943,34],[1647,519],[991,-870],[1570,-214],[1830,1770],[1900,-23],[-299,-591],[-1680,-599],[1350,-704],[939,-1045],[1112,838],[801,1280],[-35,-4903],[-1261,-751],[-789,-1053],[-4626,-4454],[-1737,-2703],[-1863,-465],[-2077,-85],[-1392,-1624],[-2153,-1440],[-429,-1189],[-4215,-4834],[-484,-863],[208,1]],[[762668,280702],[-1699,-3989],[-279,-1802],[-1636,-2001],[-2777,-1292],[-3741,-288],[-844,-941],[-2964,-1752],[-605,11],[-76,1661],[-527,1154],[-172,3028],[715,3385],[788,2258],[532,617],[-436,1],[-5595,-595],[-7404,-1155],[-36,30],[-56,28],[-40,7],[-113,5],[-58,-19],[-67,-54],[-1066,-10],[-15,21],[-23,20],[-21,9],[-42,14],[-35,5],[-63,-2],[-29,-6],[-28,-10],[-16,-9],[-23,-11],[-40,-36],[372,-541],[-271,-310],[-54,-423],[-234,-126],[-1050,-173],[-251,141],[-600,48],[378,-3283],[-8314,257],[-152,-5680],[-1780,-463],[-28464,346],[-5,-9538],[-14802,57],[-5826,-285],[-11582,-1030],[442,-3630],[-1271,-7732],[-1934,-28]],[[658779,246591],[-18777,-476],[-9845,-2210],[-236,-11682],[-12744,29],[50,-6818],[-153,-4985],[3353,-222],[9574,100],[98,-1024],[-688,-269],[-1283,-1752],[-2542,-4604],[-1008,-3648],[-1253,-2344],[-838,-689],[-1838,279],[-1792,-1128],[-1804,-2256],[-1012,-981],[-4092,-1842],[-3392,-1065],[-1714,-1079],[-3531,-465],[-2241,594],[-3426,337],[-2472,1377],[-1069,499],[-408,84],[-1298,255],[-2611,1024],[-424,74],[-1014,2365],[-2647,148],[2608,-2495],[-258,-296],[-2277,1745],[-29,-2380],[-16,-584],[-1,-468],[-96,-4],[-2598,-37]],[[583035,199698],[-3132,-15],[75,2297],[-516,13],[56,1840],[-2864,102],[-1149,-14],[-104,-2727],[258,-7291],[-3201,-74],[96,5092],[-4585,150],[95,1527],[-940,-279],[13,229],[-2399,-555],[-1150,711],[13,1247],[-4530,2339],[-154,1317],[658,1190],[1942,1515],[3293,1743],[1959,3067],[55,1014],[-659,992],[-1588,484],[-1308,-411],[-2805,-309],[-1886,1094],[-2512,3516],[-1556,3208],[-1000,1626],[-205,594],[-15,60],[-1618,4120],[128,473],[-497,8],[-1060,-3994],[-374,-603],[-3345,-626],[-1673,-1658],[-1389,117],[-523,564],[-337,1685],[-1088,1531],[-163,3058]],[[541351,229665],[-2592,2723],[-1457,1036],[-1932,679],[-1242,883],[-2783,1223],[-1687,227],[-627,843],[-3939,1012],[-1673,-883],[-1490,370],[-1888,-359],[-3386,-1758],[1049,1697],[-609,676],[606,1542],[2002,701],[442,949],[1198,-545],[1246,401],[1816,-176],[-748,1351],[351,1061],[-1197,1493],[-16,1059],[-700,835],[-2277,1071],[571,702],[3753,3251],[1845,2097],[-1907,806],[-343,3243]],[[523737,257875],[4314,-12],[-40,2648],[-170,733],[212,5777],[-84,483],[-117,2212],[13412,487],[-99,18110],[-3534,110],[63,-3148],[-4352,49],[42,6878],[-2528,502],[-810,1290],[-1308,-178],[632,1018],[-1139,2201],[-734,365],[-483,1412],[-3184,-295],[-519,657],[623,1988],[-1069,1470],[-780,-1049],[-1903,955],[-1497,-931],[1013,1803],[-421,631],[730,1712],[-588,4809],[686,948],[-3062,2126],[-894,365],[-3840,703],[-1309,573],[-1579,2008],[-3433,2751],[-3637,3270],[-1588,2302],[-270,514],[-580,994],[1519,278],[508,-1270],[606,265],[-79,2838],[1224,-401],[-307,-1615],[882,-798],[87,2275],[470,1849],[1014,1751],[-26,2357],[1366,363],[6199,-657],[6301,-201],[2717,1012],[1889,1916],[876,2805]],[[325615,339199],[38200,-321],[-26,-1802],[1104,162],[-782,-1244],[526,-1841],[2401,382],[1133,-688],[1742,-291],[247,-1190],[1578,9],[750,1504],[1144,253],[1199,-809],[146,-966],[-871,-1246],[563,-410],[-892,-2123],[207,-2412],[768,-944],[154,-2137],[2394,-2152],[59,-1494],[972,-1567],[482,-1563],[925,-815],[3735,-463],[1937,-963],[3710,-2835],[751,-1878],[-448,-1725],[19,-2600],[2118,-220],[1383,675],[356,1264],[994,961],[1132,-35],[950,1482],[2294,470],[1074,1550],[1311,-54],[815,501],[1579,-67],[86,1622],[1293,509],[-23,2018],[1215,457],[860,2430]],[[406879,318593],[1813,266],[1690,2034]],[[410382,320893],[45,-1249],[-680,-1319],[248,-2183],[829,-1958],[833,-774],[-249,-3246],[-6389,79],[-27,-1226],[-6724,-1657],[-377,1036],[-3298,-1700],[-691,-497],[5845,84],[387,-447],[-426,-2668],[165,-2187],[-156,-2141],[-511,-1134],[-2194,-2350],[408,-1086],[-1304,-2514],[-1978,-1682],[-467,-744],[-1691,-895],[-2450,-226],[-1738,463],[-1494,-204],[-1753,-771],[-2404,-1472],[-1162,-1250],[-1033,-399],[-1020,426],[-1770,-1047],[-1624,-4433],[-10334,-22],[-1755,-54],[91,-46094]],[[363534,233352],[67,-10770],[768,-977],[-744,-308],[7,-5683],[-2453,942],[-786,11],[-186,1550],[-3171,409],[-2639,1064],[-919,75],[-5360,3520],[-1131,1075],[-527,1515],[-1202,386],[-2534,2033],[-647,1522],[-1519,-518],[-4997,151],[-1328,-325],[-3075,-2005],[-4389,-267],[-897,1035],[-1542,-249],[-1763,-1152],[-1059,495],[-1011,-264],[-1978,-1742],[-2194,-1145],[-3487,-1374],[-872,-857],[-2687,-779],[-1433,-1026],[-1184,-31],[-3226,839],[-3080,1382],[-1767,1423],[-2976,1457],[-1373,-787],[-1338,341],[562,153],[-293,209],[-1520,-130],[-2378,-1411],[-2989,-422],[-901,-931],[-2836,-1371],[-762,-1348],[-1659,-109],[-2217,523],[-1262,-96],[-2926,-828],[-1834,221],[-2061,-529],[-2631,-96],[-3212,-1002],[-1683,-20],[-2529,444],[-1748,-248],[-4353,1961],[-879,-509],[-3431,-408],[-79,20970],[2325,54],[733,-323],[2248,261],[4241,-512],[1045,-401],[3287,-451],[2713,738],[2828,17],[1054,316],[1184,1172],[1256,184],[810,1209],[1487,127],[-1090,-721],[33,-1578],[-1186,-309],[0,-997],[1885,495],[621,1030],[1448,662],[2662,216],[-915,398],[64,817],[1432,1413],[1414,328],[313,-813],[1901,681],[3858,-676],[671,-2506],[2434,-513],[1392,-990],[1751,196],[-107,-1505],[-817,-1610],[-31,-1840],[676,-1077],[896,856],[-407,745],[693,739],[759,2027],[3831,3249],[-1175,1271],[-5,1221],[1634,705],[328,1167],[1280,507],[1012,-792],[1944,1080],[-2098,828],[-2021,-14],[-1304,-449],[-1319,1745],[563,1824],[-1199,13],[215,644],[1803,1100],[1683,490],[-2379,715],[-1648,-212],[544,956],[-2826,-656],[-1325,-688],[-2295,-182],[-1971,-626],[-628,271],[68,11790],[2803,518],[3437,-610],[1613,-1757],[3011,-196],[771,569],[350,2081],[1717,592],[-178,1980],[2474,-1049],[474,1042],[-102,3383],[1841,-1925],[274,-1188],[1276,-1472],[937,-2421],[1553,-512],[-552,1792],[-505,2036],[-1415,1608],[-376,3900],[-1105,2553],[76,847],[-1338,1216],[687,47],[415,2908],[-426,1763],[1080,1836],[140,1853],[-1193,708],[39,1674],[-1815,764],[1376,-37],[1094,1522],[-2827,345],[-2102,-384],[-1052,467],[-2505,136],[-1609,-1590],[-956,80],[-740,-1131],[338,1857],[640,819],[-338,1779],[883,1071],[270,3895],[1216,1517],[-423,2767],[-1166,517],[-2744,2662],[1604,-266],[233,-695],[1485,103],[-85,2108],[633,1318],[1019,388],[188,922],[-1472,-1075],[258,1749],[-730,1424],[-3591,3937],[-1568,179],[-1538,1097],[33155,211],[-1,2964],[3150,13],[3,20833]],[[762668,280702],[20456,99],[343,8457],[1456,1042],[659,1484],[-438,1150],[494,560],[2068,-690],[3149,1000],[83,723],[1114,631],[-409,2065],[343,1276],[1848,1126],[848,1404],[-101,724],[1636,1418],[544,1807],[-320,1939],[-1029,1253],[-69,1058],[-943,1056],[280,1007],[-1039,1078],[1824,1170],[670,2048],[2037,320],[936,890],[1227,-1624],[315,-319],[224,-121],[1100,-331],[89,-18],[336,-843],[3409,-3789],[-598,-811],[-33,-1569],[-1584,454],[-1797,-1268],[-992,-283],[147,-946],[1595,-1923],[-2364,-808],[-491,-92],[-640,-1013],[13,-523],[-492,-1213],[37,-297],[585,-800],[88,-1210],[192,-328],[708,362],[318,106],[228,-69],[190,-398],[26,-399],[452,-508],[50,-264],[-171,-122],[-705,-47],[-392,-91],[-256,-292],[-475,-138],[-296,-180],[39,-192],[465,-339],[177,-566],[341,-425],[0,-342],[-940,-317],[-2132,1538],[-694,-201],[-1438,-1723],[128,-957],[-1017,-916],[-244,-1422],[-1127,-615],[-17,-2383],[1429,-896],[807,-1180],[-1961,-1065],[219,-2177],[2526,-1650],[-895,-1489],[-1730,-961],[157,-1138],[-900,-799],[615,-747],[1692,-514],[1205,-901],[-29,-1275],[1436,-1452],[1504,-175],[719,692],[614,-615],[2385,-1250],[365,-571],[-3528,-1008],[55,-573],[-1638,153],[-444,-1717],[1608,-1622],[-905,-508],[-205,-1723],[-631,-531],[13,-1679],[979,-574],[314,-1396],[-841,-1593],[309,-482],[3088,-506],[1461,-338],[-210,-2038],[768,-699],[1110,-269],[860,571],[1580,-380],[1285,934],[2411,-113],[782,1713],[930,-677],[180,-1418],[601,-377],[39,-12720]],[[812821,238489],[-3690,-13],[-2463,-637],[-1227,-3963],[-1790,-1032],[-781,-3348],[766,-2940],[-189,-473],[-1004,-230],[-1997,-2080],[24,-734],[-942,-1226],[451,-1269],[997,1289],[1008,416],[825,-2936],[1002,-1908],[-465,-1250],[240,-831],[-1070,-1308],[67,-4096],[415,-1446],[1343,-1527],[1381,-2370],[1959,-2511],[1542,-2903],[-261,-2384],[261,-2355],[2078,-1003],[-1985,6],[441,-3008],[-252,-296],[-2082,-2233],[-1155,-389],[-1814,731],[-1420,-16],[-3273,873],[-1055,-13],[-2533,-879],[-3490,-915],[-1999,163],[153,-1434],[-494,-2639],[480,-473],[-12,-2584],[-1373,-3216],[-260,-2395],[-691,-717],[329,-1701],[-393,-1286],[377,-1175],[30,-2551],[-989,-931],[-480,-3313],[-550,-842],[-519,-3889],[-1946,-1123],[-1013,-2425],[-636,-3504],[-549,-688],[-419,-2683],[-1138,-3372],[-2882,-1811],[-859,-2856]],[[776850,139837],[-18442,-3],[-293,764],[-268,170],[-231,32],[-370,-60],[-548,-188],[-210,-160],[-304,-557],[-633,1],[-2197,81],[-88,2366],[-1056,962],[-471,-389],[-1417,1829],[-905,155],[80,2845],[-643,2199],[-1120,2441],[303,514],[-487,1655],[828,1166],[-858,1546],[760,370],[209,1367],[1437,1784],[121,1689],[290,-1836],[-712,-1615],[-274,-2058],[1685,-2459],[3674,15],[-1423,1048],[-1216,-282],[-1293,2467],[725,950],[1107,338],[333,844],[1360,67],[174,1032],[-1003,1687],[756,635],[1201,-740],[-180,-1608],[906,-2094],[1036,-905],[282,-1114],[846,-33],[1267,1273],[569,-23],[1231,-2048],[555,80],[913,-1460],[1297,-29],[881,709],[1602,-910],[1570,1688],[630,1161],[316,-1902],[1164,-145],[-352,2267],[-757,2347],[-1624,2184],[-280,1264],[2808,-425],[1363,-767],[1243,-1276],[-2000,193],[723,-692],[2263,-539],[1657,627],[-140,-963],[1892,-642],[498,-1958],[432,1923],[-276,1591],[1783,1781],[-1430,165],[-284,1519],[-850,1090],[845,797],[-191,1274],[-2577,2022],[-1006,1241],[-1886,-346],[110,-784],[-1581,-402],[-1756,4],[-2842,885],[-2812,-1155],[-252,-484],[1050,-1444],[-1665,1207],[-2529,622],[-1640,1523],[-3198,908],[-2543,2142],[-2996,1181],[-2402,555],[-2279,2013],[-929,378],[-866,-1959],[-660,94],[-1020,-1149],[-766,135],[-1422,-2203],[-952,-176],[-101,-1122],[-2278,-2893],[-1708,-1443],[-1201,-1446],[-312,-1781],[-622,-1090],[-1119,-812],[-1354,-1266],[-2206,702],[-1319,-153],[1428,816],[1527,-108],[-212,1081],[640,35],[482,1608],[-474,1097],[-256,-880],[-1640,-437],[-1583,1581],[-712,-52],[-278,-1238],[-1530,1699],[-995,-44],[-356,909],[-710,-297],[-845,611],[-1661,-1354],[262,-1155],[-1407,436],[-1577,-552],[-575,-1246],[-1266,-474],[-2558,-1620],[-1435,-221],[-1259,-1089],[-885,-1574],[-45,-1338],[-1946,-546],[-3354,2249],[-2106,-53],[-1381,1217],[-2655,1115],[-2563,2536],[-646,317],[-1933,2330],[-1190,1926],[-594,1710],[206,1421],[932,1242],[-41,1811],[1779,2963],[511,1532],[-1383,-1500],[-3115,-176],[763,-1130],[171,-3173],[-753,-617],[-2597,-839],[-2215,66],[-2068,-254],[-1183,-567],[1515,-251],[969,-1293],[-3736,-736],[-1345,341],[-283,1303],[562,2813],[-700,-1165],[-4,1143],[2850,4861],[1288,2877],[197,1294]],[[682032,181374],[481,3],[1091,3060],[2582,2707],[1104,5177],[1260,1239],[1638,261],[-628,953],[189,1146],[2497,1408],[387,912],[-389,1331],[-1002,1025],[-431,1250],[-2360,3783],[-8637,2940],[-492,-1333],[-1357,-943],[-2529,-627],[-1339,-1098],[-1619,-334],[-3949,-367],[-4047,569],[59,1314],[-1166,3362],[-886,4312],[167,345],[4320,1018],[2003,1720],[418,-520],[824,1179],[919,2865],[43,3692],[-2312,376],[2544,2247],[2329,977],[805,1424],[1845,1401],[563,608],[-1908,2369],[-3902,-822],[68,-2014],[-1868,-233],[-5149,87],[-2894,555],[-101,-694],[-3348,-246],[-1392,-589],[-375,-832],[-2489,-338],[-229,2072],[-1116,2726],[-87,2790],[734,1627],[162,1361],[2215,2132],[1298,2194],[1045,902],[1158,2788]],[[812821,238489],[4662,-5],[1574,-1191],[734,-1971],[2903,-1397],[1127,-1490],[1625,-1054],[-28,-4880],[9516,133],[-5,5980],[-6309,-92],[5,5973],[-3154,-8],[20,7198],[1271,-432],[1610,398],[1306,1134],[1119,423],[519,1039],[3150,3704],[2246,-161],[2690,284],[-1144,1998],[-680,508],[-240,1208],[783,1557],[-382,1717],[-2654,2081],[-781,61],[-3864,1765],[-403,37],[27,142],[3060,-276],[703,-1272],[771,2972],[1171,1938],[-216,-1904],[573,-1949],[2747,1088],[1072,-1525],[667,378],[356,1706],[1795,86],[2035,-1239],[1068,2133],[623,156],[2070,-1510],[1027,-2614],[-235,-2162],[980,-1349],[-550,-1152],[1449,-1820],[1650,189],[-183,1499],[550,1930],[-43,1249],[1779,1203],[719,-4],[1230,1555],[-483,1035],[290,2489],[98,3774],[-167,2116],[671,2489],[531,830],[-469,1186],[-1583,230],[-428,1039],[414,937],[1033,581],[1052,2195],[1688,422],[138,2797],[-1279,436],[-621,958],[-1772,759],[-203,2714],[1675,669],[1515,1531],[-1452,1463],[-2088,496],[-145,1816],[-2154,495],[-1510,-177],[-1314,416],[28,688],[-1282,883],[-1014,1809],[610,646],[1816,248],[719,-839],[933,224],[334,-1490],[1818,43],[689,-558],[3299,1497],[1130,-777],[-834,-2269],[384,-961],[1597,-314],[669,-931],[1460,651],[766,-890],[192,-1549],[962,-785],[-394,-1276],[940,-1163],[-562,-969],[1833,-609],[1134,375],[3790,-1174],[3031,202],[2433,1287],[2512,-1515],[1881,465],[-12,-993],[1370,-161],[277,-559],[4859,675],[1699,-203],[487,-1524],[1072,-415],[-100,-1409],[855,89],[1166,-1818],[-571,-1416],[202,-2322],[-693,-68],[-2364,-1496],[438,-449],[-1037,-1447],[210,-887],[-712,-412],[-287,-1205],[475,-481],[664,-2728],[3274,2708],[1137,-406],[-197,-1629],[767,1401],[687,3011],[-731,1950],[557,807],[3845,1911],[6406,430],[1033,1289],[2084,642],[2920,512],[592,382],[491,2048],[1801,5229],[2370,2414],[1750,420],[1069,-317],[695,1851],[-47,1960],[-1029,892],[-806,2511],[15,2516],[-1759,1498],[-941,1303],[-737,3958],[1339,2931],[915,730],[799,1425],[4276,2942],[1249,1616],[2360,1285],[2617,2838],[1112,2475],[3087,1194],[1737,2179],[2482,2141],[1461,2133],[2388,970],[2262,1828],[2847,959],[1444,2580],[834,2060],[962,-951],[1373,-113],[1608,-1307],[2607,-1312],[2031,-107],[739,645],[3260,1054],[1415,1451],[2378,498],[1116,-600],[-1716,-1032],[-544,-1281],[614,-846],[152,-2318],[-1426,-470],[-975,625],[-1628,-393],[-748,-1568],[1919,-274],[-63,-1395],[1487,-1014],[4125,2059],[1872,-1663],[341,-1469],[546,110],[1225,1802],[753,3243],[1327,-234],[241,-2161],[1424,-225],[939,-726],[2099,28],[-1298,1304],[-428,1382],[936,1168],[2078,-9],[-798,1452],[550,1017],[-992,376],[-41,830],[-1510,1547],[1219,-441],[4463,-711],[1360,-736],[1380,-1595],[1315,47],[3831,-1397],[1489,-1698],[701,-1866],[1900,-1405],[2460,-1140],[476,-1082],[158,-3334],[445,-1089],[-421,-796],[370,-1795],[733,-1484],[1161,-1033],[1313,-2067],[-1630,-2523],[-963,-886],[-3505,-2007],[-2626,-1146],[-680,-1052],[-4787,1250],[1948,-1205],[404,-1228],[1317,-1373],[-997,-1053],[-364,-1821],[-947,-1241],[390,-1012],[-1162,-1952],[-989,-930],[-2009,-1085],[-2754,-2033],[-2653,-1250],[-1313,-23],[-2416,-879],[57,1026],[-1273,-427],[-51,-1084],[-2962,-377],[-1960,-1534],[-1050,-1634],[-4822,459],[-3016,-93],[-1464,-790],[-1572,-1502],[-3400,323],[-2065,-741],[-1711,-947],[-1659,11],[-2729,1314],[-1762,-805],[-147,-1610],[-2471,-275],[-2107,591],[-3520,-707],[-1312,-1941],[-1065,-313],[563,-1748],[971,-1478],[175,-1668],[837,-1222],[-881,749],[-1630,201],[-678,781],[-2158,1110],[-1193,-29],[-1939,1612],[-2126,1352],[98,-1127],[-1033,-554],[352,-1120],[-637,-2815],[-934,-711],[-2888,2134],[1192,-1654],[-1034,-1655],[-1203,-470],[-61,1458],[634,913],[-679,311],[-4284,637],[-495,-314],[-100,-1926],[-738,-1243],[-1998,-1029],[-2104,-2004],[-1803,-51],[-281,-771],[1006,-3528],[462,-4682],[-900,-2538],[-1241,580],[-1718,-816],[-586,696],[-2971,-1113],[-2704,-1685],[-319,-3293],[-1397,-740],[-48,-801],[1649,-3855],[-445,-1665],[-2265,-2654],[-417,-2160],[-1354,1679],[-3226,2712],[-2603,1500],[-939,-349],[-462,-2508],[-1418,-1],[-1032,-1531],[-1218,1125],[-307,-1095],[-2105,-753],[-1051,490],[-172,-784],[1171,-894],[43,-2073],[660,-639],[-1825,-2124],[-142,-1175],[-1244,-428],[-1180,-1303],[-1401,-382],[-16,2363],[-1839,-275],[91,946],[-1626,-2108],[76,-1034],[-1293,-1529],[-1778,-263],[-291,-1318],[-3766,-1337],[-280,-1318],[-2120,-558],[-500,-908],[-370,-2186],[-1170,-398],[175,-3005],[-2590,160],[-3567,2092],[745,-1254],[1825,-1028],[988,-1121],[2875,-47],[2024,895],[2254,-1033],[1775,103],[1301,-2089],[1383,-216],[2289,749],[2459,-1569],[2729,-1037],[1153,-1300],[2062,-606],[2107,24],[1832,-1695],[1640,-636],[1306,147],[1331,825],[940,58],[976,-978],[-31,-1618],[1922,-1519],[-56,-1596],[-1548,-2788],[169,-2365],[-1479,-1879],[-2263,-69],[-1416,-1740],[1695,-758],[-3,-1394],[873,-2243],[1679,-1342],[-568,-987],[303,-2546],[-512,-952],[-2624,-1016],[-2218,545],[-537,-408],[-2008,1191],[-1646,-635],[-1592,1858],[-1784,1152],[-1167,264],[146,962],[-1485,-1007],[-739,-1211],[-1861,-424],[-2007,986],[-3726,-1615],[-177,1609],[328,1839],[-1165,1784],[-3243,-126],[-2466,-509],[-478,2812],[-1349,50],[464,-2172],[-476,-1662],[1101,-1024],[-65,-722],[-1865,-1761],[-763,-1599],[-1115,-273],[-544,-2173],[2098,-1861],[1058,-164],[1676,644],[958,-496],[-963,-1414],[-1543,-148],[-1603,-662],[-830,-2263],[1347,-800],[60,-570],[-1161,-164],[-1253,1072],[-1400,-287],[-1901,149],[-1075,822],[-1468,231],[24,-1424],[-552,-1774],[304,-770],[2264,-514],[12,-1283],[1939,-1664],[838,-1497],[430,-4346],[294,-1145],[-981,-1295],[1359,-1552],[1115,-160],[533,-2004],[-425,-2280],[-1304,-108],[125,-519],[1684,-231],[871,-582],[860,-1757],[1217,1458],[890,-838],[-764,-1546],[744,-1765],[1169,718],[1395,-1145],[3082,193],[874,1095],[600,1637],[686,-1516],[1650,567],[1151,-1185],[546,651],[810,-665],[452,796],[2245,285],[-790,-2816],[413,-903],[1883,-583],[516,-950],[531,1187],[-331,1629],[412,1067],[2068,3091],[104,748],[-1791,604],[1664,464],[-588,1156],[611,1203],[-1249,2045],[329,713],[314,-70],[2543,-3206],[1597,954],[303,1279],[1139,56],[610,-239],[1864,-3290],[357,-1395],[1283,-1501],[493,-2298],[819,-1870],[934,-203],[2173,-2323],[2177,-1421],[1792,-818],[1823,-2085],[1682,-530],[1672,-1037],[2574,-3641],[1187,-507],[2715,337],[1410,-365],[684,1558],[1096,648],[810,1185],[1965,80],[152,-3171],[852,-1810],[2105,-411],[902,428],[1071,-404],[-227,-2365],[167,-1281],[760,-824],[1950,-1108],[-396,-714],[1320,-1621],[221,-1898],[1398,-1167],[-710,-1081],[1977,-1304],[1143,721],[618,-2127],[-37,-1369],[1037,-1533],[270,-1510],[1763,-447],[234,-833],[2215,-712],[1148,-792],[-1782,-2794],[1253,-1310],[1408,336],[38,-342],[-2128,-47],[-12269,173],[115,-18036],[-6326,11],[-371,-11603],[-5972,8],[23,-11905],[-12586,1880],[-12534,117],[-12649,914],[490,-5881],[-10094,-51]],[[859766,61774],[2102,3031],[-932,1829],[-241,1456],[-1331,1153],[670,2724],[-681,1019],[-1035,302],[-840,1503],[591,1057],[-738,1443],[204,1867],[-1426,195],[-1199,1305],[-1266,-427],[-284,776],[-687,-1013],[-1684,-1105],[-758,1705],[828,2175],[-747,249],[1196,2349],[-1401,388],[-2354,-282],[1232,1633],[2016,1076],[-1938,3863],[-1415,-2589],[-2740,-1514],[-3209,-1289],[-1363,22],[-1608,-764],[-682,-1961],[-1056,-898],[-3127,-1259],[-581,708],[-2528,-642],[-1797,311],[-1346,-1076],[-900,-182],[-1372,405],[885,466],[692,1551],[-301,2246],[-1001,-268],[-2811,-2031],[-808,-75],[702,572],[564,2349],[1496,809],[-465,575],[-680,-720],[-675,1050],[-2217,-785],[-444,579],[167,4123],[-2139,1360],[-164,1574],[-789,472],[373,1509],[576,-573],[1833,-335],[1334,4421],[-1047,3601],[299,909],[-485,1960],[-22,1871],[362,569],[-955,2366],[-2131,2700],[-1034,970],[-1488,2751],[2465,3243],[434,2632]],[[817865,123758],[-892,3321],[-745,554],[559,1294],[-494,1058],[432,554],[-768,599],[715,1286],[-846,1945],[-784,799],[504,2084],[1014,2018],[-108,1693],[1292,924],[546,1418],[1295,1086],[819,2816],[1321,3038],[1296,1278],[1271,-53],[1108,1441],[357,3208],[-1112,1916],[-2010,1353],[876,2819],[-1580,82],[-547,-925],[-2450,602],[582,1462],[-160,1761],[-295,-97],[294,-1234],[-724,-376],[-1770,773],[-2098,-1562],[-3701,-877],[-1208,836],[-1252,38],[-1907,-887],[-847,-1581],[201,2228],[-677,1395],[1531,-212],[1071,524],[-206,1196],[-2045,528],[-1445,3103],[-392,3038],[-1023,-233],[-431,-1855],[-899,-1803],[-1965,-2050],[-311,-1259],[-1911,-2972],[-1212,-3672],[948,-620],[-341,-1183],[687,-964],[-762,-1446],[-1989,-117],[-683,-591],[352,-2860],[-1566,-2735],[-1859,-18],[-373,-1172],[-1672,-1206],[-651,-1384],[-791,-332],[-1465,-1645],[-940,-2510],[-1594,-3195],[-1854,205],[-1353,-452]],[[780228,135953],[-8,3875],[-3370,9]],[[564187,526543],[-2917,-5482],[-2574,-3959],[-558,-4022],[-274,-958],[-757,-1595],[718,-738],[1431,621],[3218,740],[782,1846],[2941,1444],[1304,14],[2724,2628],[2241,227],[732,1397],[1330,1507],[1802,552],[1142,931],[-392,964]],[[592522,522749],[-1057,-749],[284,-1375],[-1994,-689],[294,-1361],[-2108,-780],[-1122,-61],[315,-727],[1303,-108],[1122,-1152],[3601,-552],[2568,-1651],[1763,-3181],[56,1769],[928,97],[1140,2359],[1769,2138],[1692,1272],[2546,-790],[552,-664],[-225,-2056],[1383,-696],[-234,-1102],[1261,657],[694,-297],[2080,649],[307,-2219],[817,-538],[413,1605],[164,2429],[1001,1371],[-990,1140],[794,925],[1815,4142],[1094,358],[2040,1848],[1703,2104],[3630,1829],[2968,122],[2373,1433],[1323,-88],[1444,665],[938,-59],[-249,-926],[-1416,-955],[-2357,-5],[-125,-11958],[-445,-754],[-549,-167],[523,-609],[59,-452],[386,-588],[-60,-5654],[732,243],[776,1632],[-161,1726],[1557,-1222],[-506,-867],[561,-699],[-1022,-1841],[1384,-30],[-1088,-1199],[481,-2174],[579,110],[-182,1424],[937,2100],[1590,997],[2245,75],[3061,-1433],[2396,-2772],[695,-98],[1542,1229],[1576,646],[325,4265],[-145,8270],[1519,8753],[83,1079],[6735,19],[6,12161],[899,1298],[1203,588],[2031,-905],[1651,-1819],[646,-1531],[1360,-432],[474,-909],[2007,141],[1464,1920],[617,-799],[451,-2317],[501,-81],[862,458],[311,1111],[913,503],[-896,2235],[940,869],[862,19],[714,-903],[2041,-1105],[579,-753],[-33,-1607],[1245,-3171],[605,433],[679,2343],[-490,2542],[999,1975],[298,3113],[829,1384],[171,2199],[1334,201],[1236,1192],[1007,-313],[2252,1220],[676,759],[-967,1980]],[[719412,553073],[54,-1501],[2918,-2200],[303,-3111],[839,-1112],[1850,-2538],[1011,-23],[88,-2871],[1428,-2219],[-2405,-1875],[-1775,-492],[-917,-1366],[908,-2515],[770,-749],[35,-2602],[468,-752],[-488,-1550],[-98,-1746],[-550,-1960],[1412,-606],[434,-2292],[600,-1093],[2010,-1899],[-79,-4767]],[[728228,511234],[-18260,-7368],[-47,-3953],[-512,-8992],[1102,364],[276,-361],[-1472,-626],[-1003,-1392],[-1991,-2132],[-3364,-1684],[-4889,-2185],[-5530,-4393],[-1890,-1634],[-4197,-5089],[571,-1642],[-434,-1172],[-1854,-1397],[-2141,-329],[-1314,-2001],[-3808,-508],[-1444,1120],[2901,-3085],[225,-2524],[-2191,-2441],[-487,-1637],[-828,-450],[-1310,-2357],[326,-2237],[1073,-717],[760,-1757],[1529,-2277],[134,-1605],[-616,-567],[2124,-4927],[784,-771],[2641,-1083],[2099,1964],[1232,90],[1664,-1073],[1555,-2329],[9970,7370],[3689,2595],[3804,3450],[2765,1824],[7100,5435],[9389,7673],[-56,-2383],[-655,-451],[160,-3610],[-722,-910],[-129,-2628],[-447,-793],[-48,-3296],[380,-1114],[-225,-2352],[-4176,-4427],[1436,-5741],[-217,-1532],[-2029,-2935],[-754,-2509],[59,-6671],[-270,-610],[1156,-1205],[-239,-1163]],[[719583,420094],[-738,195],[57,-1043],[-644,-481],[664,-670],[-145,-942],[-1387,511],[-2357,-235],[-827,-523],[795,1358],[-669,522],[-2635,-577],[-983,472],[-1360,-465],[-689,872],[-225,1548],[-1467,1272],[568,-3182],[-2215,-727],[-785,-996],[-1632,1584],[-1875,-338],[-1372,478],[-566,-2018],[-1051,-162],[-1257,-2027],[-1501,-371],[-469,-2058],[-2324,-721],[514,-1962],[191,-2701],[-1378,-2234],[1042,-628],[1015,-2232],[4559,-2698],[3961,776],[1099,-673],[-1056,-235],[518,-1051],[-681,-281],[-506,-2251],[-2729,-580],[-244,-1621],[-769,-1172],[939,-1656],[-1179,1181],[-1202,129],[-2030,-638],[-2209,-1751],[-1404,124],[-668,391],[-1493,-722],[-834,94],[-1929,-1013],[-199,-774],[-1336,616],[-1405,-755],[-1359,401],[-1707,1393],[-1028,1487],[-3377,-252],[-319,1094],[-1730,2226],[-857,-41],[-1694,-537],[-880,-810],[2218,-1483],[-150,-1043],[1110,-1296],[194,-907],[2360,-2105],[554,-185],[-1418,-1515],[886,-1630],[1513,-1120],[2429,-668],[-1774,-887],[-2172,-99],[-2288,-761],[-985,-725],[-3062,-1243],[-1379,-919],[-2917,-207],[-1423,-946],[-2739,-811],[-1557,-752],[-677,297],[-1663,-284],[-1610,581],[73,-932],[-2249,-4827],[-196,-744],[396,1684],[-496,554],[-73,2326],[-1221,-1487],[-1058,619],[-1748,-761],[-633,-1390],[-3265,-1283],[1931,-92],[915,-1200],[1257,285],[-644,-956],[-2505,-1250],[-1107,-1933],[94,-1795],[1467,-1259],[1753,-151],[-34,-1418]],[[546492,334123],[1859,3012],[-37,1129],[-2246,3435],[-631,1948],[-2482,4682],[-604,3012],[-418,14542],[2133,50],[-39,1607],[-985,340],[273,3431],[789,1509],[-578,3349],[-63,2467],[-1925,10],[-100,3727],[-427,1954],[1239,2390],[2113,2879],[244,1946],[-925,2158],[-1842,1756],[10311,8637],[-689,1673],[-2156,1266],[-96,-4],[-105,228],[-111,128],[-218,2456],[410,13],[-1218,184],[-1480,6419],[525,1436],[1896,1713],[-797,553],[188,766],[-293,1547],[-405,991],[106,264],[13,1573],[2196,4],[21,490],[-987,357],[-2132,300],[-352,-30],[-112,294],[-112,255],[-2275,7819],[581,6267],[98,2130],[166,4587],[92,2415],[124,3371],[169,3399],[189,1945],[2506,11928],[131,1017],[-322,5388],[-14,214],[-584,532],[-99,455],[586,520],[-180,2707],[381,1859],[1896,4303],[1555,4220],[732,4029],[1140,9660],[373,2057],[17,136],[1583,4775],[771,1548],[7309,12734]],[[548253,476984],[309,-822],[257,-1731],[380,-3168],[-175,-2284],[925,135],[260,5159],[3562,-637],[-490,-3756],[-908,-1731],[198,-3230],[583,471],[366,4198],[2946,-474],[606,464],[-1150,1568],[-1590,587],[362,1656],[56,261],[-273,4],[35,413],[-259,593],[1587,1952],[4547,-5973],[885,-2512],[889,-4228],[1031,-4906],[272,1694],[2736,1865],[994,-2331],[-398,-1363],[1473,-239],[364,1494],[1334,813],[-148,-1482],[1111,-1076],[1062,4560],[1727,1962],[2203,1678],[4699,2450],[-516,1385],[2765,1],[1567,1098],[2628,1092],[221,983],[1729,1279],[3319,3797],[270,1014],[1103,541],[1359,1708],[1252,905],[5178,1990],[969,1374],[1435,215],[1306,1559],[970,-32],[-375,4622],[2272,4267],[2096,6391],[356,1656],[10,2273],[-468,1215],[-1023,702],[-1284,-232],[-3381,-2362],[-2902,-1054],[-7430,54],[-1278,-1220],[301,-991],[2558,-4228],[295,-2263],[-1409,-4478],[-890,-1461],[-854,-589],[-2241,-381],[-2858,1386],[-3986,4174],[-1687,856],[-1922,365],[-1346,-567],[-918,-899],[-492,-1660],[-2523,-2812],[-4677,-486],[-4549,-1699],[-1867,-276],[-137,-1834],[408,-744],[1847,-1939],[413,-538],[408,-362],[345,-816],[-2,-587],[-445,-740],[-294,-223],[-570,-267],[-398,-89],[-799,-85],[-1088,197],[294,332],[-6715,1997],[-3881,-132],[-2597,-1049],[-1812,-1284],[-806,-862],[378,-2221]],[[2474,796201],[4765,2837],[1865,479],[611,2255],[2713,1609],[463,3137],[6738,6736],[3868,2482],[2243,1938],[3145,2288],[1760,3438],[3596,16106],[824,8181],[1236,4331],[1822,2783],[2651,2401],[1440,326],[3125,-164],[2748,-1683],[3310,-2541],[1307,-3556],[401,-5869],[271,-1647],[1505,-1634],[5213,-4820],[4566,-3386],[1817,-1003],[819,-430],[2735,-1176],[424,935],[-1864,721],[-1160,956],[77,1311],[-1317,4054],[1641,-3639],[684,356],[606,1442],[1775,-238],[-1860,2201],[-1959,816],[690,1776],[901,260],[-758,1019],[1281,1912],[-273,1903],[-801,975],[298,1584],[1115,1594],[-304,812],[208,1799],[-1144,2673],[325,1777],[1347,1696],[979,-177],[719,-1019],[658,232],[3056,-1504],[2176,-257],[1580,6691],[-2357,7306],[-1385,8187],[187,457],[-664,-653],[-3225,32],[-642,-1023],[-1137,-24],[-1804,743],[-2181,1285],[-1551,-1063]],[[64372,877527],[982,727],[262,958],[-733,963],[-2144,1349],[1603,-227],[876,1185],[648,-210],[735,1307],[1886,-978],[2436,141],[1112,487],[2932,307],[1359,1433],[2316,292],[3834,8971],[1974,-859],[2935,1135],[816,755],[3757,1243],[1409,1248],[-30,991],[1578,808],[2563,-85],[1995,762],[588,577],[103,1833],[677,1255],[1872,1513],[1661,-608],[1322,21],[-997,-500],[508,-1164],[-1335,-1506],[3184,389],[1560,-360],[2224,2154],[-19,937],[784,508],[3928,-576],[1139,1768],[355,1229],[2658,261],[314,1380],[1238,1207],[1162,167],[540,1753],[1800,667],[357,1629],[578,508],[1983,119],[1925,944],[1495,-342],[-495,1241],[1973,1485],[-165,1127],[1104,934],[667,1531],[1584,-700],[1845,687],[3168,-558],[465,-492],[1509,338],[909,-444],[665,749],[1330,-22],[1847,649],[2153,-1329],[966,621],[894,1658],[-109,1040],[456,3323],[913,345],[-965,529],[-233,1300],[909,921],[-299,1334],[456,1161],[-629,3001],[811,1249],[742,-616],[432,1058],[1347,1439],[3078,-9],[1580,935],[819,1929],[-476,1358],[214,1157],[1201,895],[992,1609],[229,-5251],[6512,208],[-79,2983],[213,9804],[-472,-4],[-151,7349],[7576,-4660],[5915,-54],[-391,10461],[110,16245],[6255,-947],[5763,-879],[3060,24],[126,3474],[3068,0],[135,3449],[9224,-108],[161,3392],[3079,-70],[169,3384],[3088,-78],[65,1184],[107,2164],[6225,-141],[38,644],[821,-573],[-134,-1715],[1640,-99],[1237,692],[946,-1435],[954,225],[2131,-372],[2237,-129],[-2433,-587],[-2718,-170],[-726,-1592],[640,603],[1958,-990],[1028,1117],[1504,-434],[1855,289],[586,-853],[1143,1439],[1619,-1620],[380,966],[1434,-364],[1676,-2198],[-394,2493],[2656,-306],[-476,1537],[1322,-687],[277,798],[1218,526],[526,1077],[270,-616],[-1677,-3943],[-1491,-710],[-283,-956],[757,-410],[494,-1669],[-528,-1388],[-1811,-821],[-385,-1602],[183,-1288],[-882,-1571],[1208,-1671],[0,-1105],[734,-1146],[1477,173],[540,-2804],[-602,-1288],[-1280,-101],[-785,-754],[-437,-3142],[298,-596],[1883,-566],[1389,-1536],[203,-1680],[-854,-364],[1164,-1149],[2188,1199],[653,1614],[-977,849],[-559,1556],[1667,2039],[-430,775],[-1230,-1073],[-1072,102],[186,576],[3047,2734],[1897,371],[3264,-670],[2474,1964],[2134,899],[432,1376],[1853,1560],[-546,614],[-309,2065],[287,1973],[-188,3599],[292,2993],[996,-107],[899,616],[2102,-1298],[-62,759],[1856,2323],[1646,691],[528,695],[-296,696],[-3245,956],[-2449,-39],[3390,1328],[1342,-521],[2393,-321],[2431,894],[1698,1276],[1946,-1938],[2286,-887],[1427,48],[1638,-748],[2159,-1470],[1038,-1419],[-191,-977],[1711,-2871],[355,-1815],[1306,-1425],[641,-452],[546,950],[825,148],[1158,-360],[1690,-2778],[-128,-1318],[1829,-380],[1302,-1194],[670,-1816],[1654,-579],[541,-1337],[-105,-1606],[1024,-62],[1662,-1203],[1898,-614],[461,-891],[1355,-119],[1668,-1447],[539,-1155],[-81,-1594],[-720,-1253],[-942,-269],[-870,-1110],[702,-1330],[553,38],[876,-1417],[-523,-1477],[2431,-1887],[1088,-1424],[-83,-642],[1021,-2253],[-144,-1042],[456,-1653],[206,-2524],[712,226],[2900,2624],[667,1132],[2711,406],[3270,-756],[3097,2453],[1101,218],[-70,-1480],[18162,73],[1044,-1173],[1894,-972],[1730,-1586],[-166,-4651],[-881,-1462],[-303,-3279],[162,-1263],[768,-1496],[-891,-3000],[1003,-879],[-82,-1354],[2465,-560],[744,-705],[1280,275],[806,-732],[1696,118],[1134,-557],[1175,129],[2167,1058],[1431,-355],[1294,-2030],[2118,-776],[1049,-228],[3160,1087],[5351,2128],[3285,727],[1360,869],[1355,-188],[2981,583],[1455,892],[2153,2359],[4952,1660],[2633,179],[2034,883],[1308,1192],[3754,677],[3538,442],[365,901],[25,-2899],[-623,-781],[-1023,56],[-1908,-968],[-2058,-339],[73,-1238],[-1568,314],[-841,-1792],[-2108,108],[-2228,-1333],[73,-776],[-870,-467],[-1056,432],[-930,-602],[-1610,141],[-851,-560],[-192,-1237],[-947,-729],[-2426,621],[-452,-853],[-1171,-196],[-846,-1706],[-1560,227],[-939,-508],[577,-981],[-3312,839],[-2040,-1416],[-2165,-161],[-791,-528],[-2323,293],[-732,-2288],[955,-735],[-981,-502],[484,-1029],[-340,-739],[-2328,-9],[-1837,-549],[-1581,1],[-2578,-1114],[-3444,1212],[-1789,1032],[-1598,21],[-936,906],[-381,-373],[1063,-1016],[1494,280],[2559,-1189],[3138,-1185],[2191,996],[1398,-487],[578,412],[1534,-288],[2199,-2957],[810,-171],[-1124,-1263],[2084,-335],[-390,-677],[2094,-1776],[1162,-337],[2407,-2131],[-183,-2949],[-836,-442],[-1195,-2187],[-1218,-9],[-734,1297],[-1242,-575],[-434,1382],[-1199,7],[-908,927],[-539,-802],[-624,-3822],[-897,-1375],[-3603,-1959],[-1256,59],[-2123,860],[-605,-460],[2172,-2210],[-1309,-3057],[551,-1336],[1781,-394],[169,-1095],[-644,-1700],[-97,-2579],[-1238,-1408],[-1458,-2512],[375,-1834],[2417,1022],[1467,286],[929,-428],[443,-1112],[-418,-618],[-2192,-910],[-2482,-645],[-760,-863],[37,-1019],[-3437,-89],[-372,-1782],[-789,-569],[-1840,547],[-869,1237],[-1044,-142],[-1365,1629],[-1595,1061],[-2675,2508],[-1891,2754],[-823,555],[-3390,-485],[-3496,131],[-2873,-669],[-1642,-904],[-1812,-545],[-2470,315],[-25,-2488],[-863,-43],[-1497,1786],[-695,-1258],[-343,-642],[637,-1185],[403,-2018],[-132,-2477],[-496,-903],[-239,-2409],[157,-1527],[-938,-831],[-1530,-514],[-47,-2093],[770,-2740],[-1050,-1968],[1029,-1906],[-563,-1113],[2325,896],[-23,-1532],[-533,-1590],[-1193,-1155],[618,-672],[-753,-1133],[648,-1722],[1081,-974],[164,-962],[-1342,662],[227,-1479],[-793,-1017],[-708,196],[512,-1491],[-1403,-485],[-1120,-976],[506,-956],[1348,-9],[545,648],[1114,40],[-922,-1934],[1786,395],[-970,-1332],[407,-674],[-581,-1206],[929,-1240],[-323,-856],[1717,-2284],[-174,-1491],[-965,-671],[403,-2276],[-401,-1324],[291,-1379],[-2505,-2559],[-2025,-1072],[-801,-1725],[-1101,-426],[-1178,-1397],[-2276,-1593],[-5762,-3291],[-1164,-2116]],[[304258,815526],[-18735,-33]],[[285523,815493],[-53,1727],[769,1685],[1444,1448],[1878,495],[1495,857],[326,1391],[1918,-1384],[896,-1027],[64,-1072],[1538,330],[1824,1696],[-592,1880],[394,1306],[-1405,519],[1012,2087],[1044,-152],[271,2422],[2299,-784],[3206,1457],[751,1878],[-375,593],[-440,2728],[167,2021],[986,54],[4338,2081],[1544,1443],[1254,456],[-624,1028],[-1677,354],[-578,-450],[-1365,896],[-103,622],[-1332,1150],[-1259,528],[-3535,-659],[-1135,-743],[547,-881],[-2530,920],[-2849,-634],[-1717,912],[-1403,145],[368,2461],[-670,175],[-1367,-760],[-208,1569],[532,909],[-199,1604],[-863,619],[-1446,219],[-134,728],[854,1232],[1085,87],[366,2344],[-531,1289],[517,1191],[-935,493],[130,1778],[1034,1104],[18,1645],[-1156,779],[160,787],[2964,-391],[518,1625],[782,927],[930,4081],[-763,1841],[-1275,1465],[-620,-137],[-335,1119],[192,2429],[-1752,608],[719,971],[1390,-509],[912,1144],[-1790,986],[-789,878],[216,1170],[-557,139],[-3025,-1125],[-3078,114],[-890,-1020],[-1346,-40],[-900,1127],[-814,1916],[-1442,-377],[-919,-1073],[788,-1125],[-1471,-615],[-277,-1497],[-780,-862],[1366,-3189],[-320,-1391],[-812,214],[125,-1785],[-1620,-877],[-1093,-2357],[-1104,783],[-998,-1616],[-1692,888],[-1410,-256],[-1205,-1193],[72,-844],[1245,-1848],[1479,-748],[220,-1241],[-1865,-382],[-1479,-1911],[1122,-2815],[693,-505],[2402,-642],[-371,-1366],[-754,556],[-1918,-176],[-232,-1993],[934,-478],[-580,-1190],[-1023,-368],[-407,548],[-1081,-769],[-1133,1006],[72,-1269],[1239,-405],[599,427],[-418,-2111],[2053,-2321],[-80,-707],[1003,-1053],[10,-3181],[417,-910],[969,263],[875,-944],[-1350,-1067],[-551,-1150],[-889,-3739],[614,-865],[-495,-820],[-1091,-327],[615,-1200],[-818,-361],[752,-1201],[-878,-962],[-2980,-1731],[-189,-848],[-1900,1262],[-148,1252],[-1115,-173],[-1178,775],[-668,-1211],[371,-1946],[-1515,100]],[[258546,826470],[-335,-1332],[-1197,298],[-358,1357],[-439,-1389],[-2068,82],[-3930,1154],[-1230,-1096],[-3009,734],[-1584,-18],[-1223,-801],[-3111,-1016],[-728,-1790],[-1091,-298],[-1716,-1148],[-750,-1468],[234,-626],[-1711,-3005],[-3279,1724],[-2070,826],[-1225,-329],[-940,544],[-1287,-528],[-1386,419],[-741,-673],[-1647,1500],[-1613,517],[-1620,-47],[-2161,461],[-1246,1094],[-2231,666],[-1543,-580],[-2690,363],[-1881,929],[-1673,-361],[-520,1208],[666,1996],[-886,1950],[1394,2087],[-877,2337],[-247,1529],[-2893,2748],[-1083,108],[-1829,1819],[-1182,1714],[638,1916],[-858,2349],[-890,268],[-2217,1902],[-2151,-616],[-4547,-850],[-1095,-467],[-2360,-319],[-1328,709],[-1893,3530],[-1146,540],[-792,995],[-327,1393],[-2497,2329],[-1618,265],[-1179,-298],[-1513,-1952],[-1105,-411],[-82,-708],[-1469,-1021],[-1810,-455],[-1570,-930],[-332,-746],[-2288,-1200],[-598,-1413],[-1005,-544],[155,-1525],[-658,-1392],[263,-1376],[-368,-987],[-1826,-2442],[-2991,-2197],[-649,-1489],[-1266,-302],[-2374,1470],[-1291,-462],[-1580,822],[-1965,-310],[-939,-569],[-2163,560],[-2925,-647],[-1308,-846],[-2461,47],[285,834],[-643,861],[-1955,1208],[-3355,693],[-1912,-146],[-1047,608],[-1702,174],[-1002,-310],[-1862,643],[-1260,-309],[-2969,459],[-1228,1286],[-203,839],[1281,1294],[1272,72],[-10,2113],[-1526,-226],[-125,937],[-1091,558],[-689,1529],[411,1238],[-5110,2529],[-1631,-424],[-1075,-1105],[-1838,415],[-2480,1901],[-2865,426],[-1110,-235],[-1690,-1565],[-2566,-1139],[-1844,144],[-854,1159],[67,1403],[-1329,3012],[-2602,-334],[-1417,-742],[-3802,-721],[-1574,397],[-1114,-329],[-1819,-1055],[-1092,-1379],[-872,-1826],[-225,-1574],[1262,-3640],[1758,-3215],[20,-2582],[-1786,-964],[-4352,-5199],[835,-1266],[-892,-423],[-990,334],[-1482,-1696],[5216,-2980],[7702,-3145],[1772,-896],[547,-992],[1571,-1082],[1779,-690],[1531,239],[-1329,-2558],[1413,-671],[3541,-406],[1809,510],[-2104,-199],[-2671,387],[2972,225],[7557,2330],[5080,825],[9730,1073],[4308,65],[3725,-566],[5650,-1857],[3623,-1345],[2053,-500],[3401,-383],[5606,-216],[5029,-1070],[1954,-1008],[1687,-266],[1339,-733],[5780,-2130],[2078,-423],[3956,-400],[214,-1006],[788,-423],[2146,-930],[1467,-971],[-337,363],[-2279,1263],[-1603,798],[474,567],[3051,-1297],[1208,-820],[1585,-1818],[1031,-728],[3281,-4128],[933,-1691],[1663,-1926],[1359,-2557],[735,-2722],[969,-1626],[1831,-1894],[4102,-3380],[4709,-2714],[1250,-427],[1683,-346],[3589,232],[2409,698],[4000,818],[2578,1715],[1329,610]],[[213903,784210],[662,-877],[994,-3524],[-802,-524],[-2369,90],[-1466,-555],[-413,-1155],[600,-1080],[1445,-795],[1660,13],[2485,520],[1371,-554],[654,-899],[381,-4641],[1104,-721],[1880,26],[-822,-1869],[626,-2716],[1376,-1799],[-2556,-738],[-80,-870],[1649,-806],[253,-652],[-1417,-339],[-3546,1133],[-874,-639],[86,-665],[1830,-1416],[760,-1636],[1899,-1509],[2075,-2288],[2633,-1675],[2844,528],[357,-749],[-136,-1754],[672,-1961],[2126,-1631],[-1245,-859],[-168,-1216],[1670,-1317],[-808,-660],[504,-623],[102,-1507],[903,-930],[1422,80],[-127,1320],[1432,89],[320,1838],[-1398,1433],[1979,-495],[1938,-2709],[2640,-2131],[2003,128],[1055,-512],[2218,553],[-24,-1784],[1371,399],[290,-796],[2180,-1063],[1622,611],[1664,-342],[1504,-1475],[3163,-642],[388,-836],[1329,731],[731,-994],[1328,1664],[1231,302],[281,-1879],[978,-486],[1038,-3270],[935,-1001],[2714,187],[519,-1022],[919,-289],[2978,-4154],[1007,-598],[359,-2133],[-820,-2533],[747,-1151],[-2784,-1381],[858,-324],[-1011,-431],[1234,-705],[491,-1393],[1112,-45],[-49,-1293],[-1742,-230],[-1161,-912],[244,-1547],[973,-113],[678,-1067],[1787,-1027],[1008,389],[1528,1615],[1059,-100],[870,775],[2211,979],[1353,-191],[1859,1042],[73,-3049],[29322,-100],[-904,-1706],[1559,69],[1343,-1505],[1229,306],[1068,-1979],[3824,387],[120,-1570],[867,387],[14,-13070],[-1048,-334],[-1771,-1294],[-1221,569],[-1200,1813],[-1503,-835],[-1280,-2280],[-1388,645],[-740,993],[-1723,1119],[-500,933],[-852,-306],[-2514,629],[-541,-452],[-1030,799],[-2637,-2291],[217,-1089],[-597,-360],[-1146,497],[-246,-2740],[-1738,670],[-638,-1556],[637,-781],[-149,-1276],[-2121,687],[-1203,-429],[-761,-1254],[-2026,426],[241,-1086],[-2142,-376],[-843,-528],[-5043,1379],[-976,-1018],[-1191,703],[99,-1619],[-2690,113],[-741,-1734],[69,-1212],[-1243,-1499],[-945,617],[-1066,-1298],[-1233,628],[-1575,-476],[-532,-624],[-1756,-380],[-232,-789],[-2304,17],[-7967,-384],[-7038,-22],[-2701,332],[-3946,-26],[49,1003],[-520,878],[-2307,-1019],[145,1565],[-1326,389],[-2637,-461],[503,-1375],[-237,-446],[-843,713],[-1206,-640],[135,-653],[-15631,-213],[-380,1404],[382,1446],[-4753,296],[-1315,1111],[300,1950],[895,460],[474,2024],[1736,795],[277,881],[-870,716],[-492,2117],[624,651],[-684,1025],[-83,1485],[551,690],[1252,-12],[477,2303],[-739,1253],[-662,2630],[-1229,2018],[371,1221],[-680,-15],[-2004,1196],[-699,1908],[1069,616],[-1844,1831],[-502,1536],[588,986],[-614,1046],[155,1143],[-712,1627],[-230,2272],[748,714],[-752,579],[-669,1479],[-4,32399],[-47346,53],[6,651],[-18868,81],[-53812,228],[-24224,1316],[-29213,-23],[-3293,-64],[-18848,252],[-432,8398],[-246,1613],[-1668,7542],[-991,1982],[-1167,1298],[-1443,2635],[-583,2524],[1299,2995],[-325,5841],[-13228,697],[798,4274],[1676,5505],[0,2038]],[[583035,199698],[35,-5471],[4055,133],[-1547,-2155],[-4,-472],[6553,52],[-51,-5062],[-2314,-11],[-38,-1546],[-1935,-660],[-897,-2358],[-63,-1918],[3951,202]],[[590780,180432],[1041,-1751],[76,-2944],[-370,-296],[-3198,0],[-9,-908],[-1014,319],[192,918],[-1040,-123],[-1053,-704],[242,-1609],[-819,-1702],[-273,-1738],[-1194,325],[-297,-2040],[-1913,554],[-138,-1895],[-928,-592],[-1809,-11],[218,4639],[-825,-12],[-141,-3078],[-7455,15],[116,1463],[-1544,-13],[187,2978],[-3171,-65],[-155,-2937],[-584,-3842],[-1636,411],[-367,2628],[-1530,-906],[-2885,2570],[-620,2807],[249,3145],[-3752,6],[-666,-18505],[-3967,74],[-63,-2876],[-1156,-1646],[-1067,-292],[724,-1798],[-133,-1616],[679,-1317],[-769,-591],[759,-1494],[-558,-3110],[-1110,-1206],[-2102,-1376],[-1692,-279],[-1813,747],[-1704,-1134],[-258,-852],[-2030,-1693],[-358,-1139],[-1391,-474],[-640,-796],[-2484,-252],[-404,-686],[-2638,-846],[116,-2419],[372,-673],[-587,598],[-235,993],[-1777,2200],[-563,2020],[-1307,1164],[-264,3586],[876,2449],[39,2005],[437,1340],[-153,3003],[-1135,966],[1394,2244],[-1014,2702],[-212,1535],[-719,1035],[-12025,-10],[-27965,-1451],[-5811,458],[-915,-12461],[383,-3834],[-805,-750],[-2195,521],[-2688,-987],[-1033,-2542],[-882,631],[-2678,-142],[-3985,1494],[-438,678],[201,1707],[-1423,-90],[-1472,1009],[-2820,1267],[-1960,3641],[-2307,1666],[-1665,253],[-2818,1547],[-1053,233],[-1458,2494],[-102,2366],[835,3242],[-610,529],[-933,-2593],[-1445,-1106],[-1949,3303],[-1913,-9],[1394,-2843],[-433,-1126],[-976,-755],[-2318,-91],[-1145,-2230],[-2227,-1114],[-472,-586],[-3697,-191],[907,-1220],[-431,-1468],[-1367,-405],[1056,-1755],[-240,-469],[-2576,1519],[-4197,-1203],[-1272,987],[-1871,717],[-956,1582],[-2328,2208],[4,923],[-1387,3511],[-293,1586],[-523,-116],[-63,1922],[879,994],[1873,-474],[1570,-2126],[856,-414],[2632,219],[5058,-2340],[3506,4213],[-612,1615],[-4685,3335],[-600,1066],[1795,3849],[1559,1269],[2364,78],[2077,-899],[1472,1259],[557,2955],[1820,4187],[960,1011],[1158,185],[4506,-161],[1478,635],[3421,3464],[-293,2011],[765,731],[186,-328],[2370,39],[143,3031],[-1583,2601],[-180,2849],[-477,1928],[529,2457],[1179,3799],[847,1276],[1318,961],[2008,908],[241,-1064],[1151,-1319],[945,-2761],[-482,-415],[2438,-308],[1461,409],[2385,1532],[834,1790],[-42,904],[890,361],[994,1907],[1638,1163],[3361,755],[2228,217],[3533,2192],[1236,1289],[2605,907],[1969,-86],[-1228,1294],[2549,-856],[-179,-1741],[1091,289],[1518,-285],[1426,-1365],[1802,-290],[4754,1784],[1995,207],[747,1492],[896,-965],[116,-1391],[1613,31],[742,1373],[1201,-377],[2528,1158],[1264,-671],[1613,96],[2508,-730],[895,1147],[1353,-883],[2826,1770],[474,-1557],[1135,-788],[532,-2402],[995,-808],[186,923],[-713,1721],[323,3246],[-2102,2407],[-531,1987],[-935,881],[1057,2650],[439,1962],[-1784,1468],[77,1309],[2707,-351],[422,823],[1391,569],[262,-1277],[3575,-2354],[1345,-485],[2364,164],[-128,2170],[965,856],[-497,1210],[-1525,1382],[458,1317],[15520,-183]],[[258546,826470],[136,-1465],[780,-2525],[1331,-1325],[-774,-82],[997,-1570],[969,-3075],[1112,-495],[1431,-2320],[-428,-1330],[135,-1927],[-935,-562],[-1607,58],[1003,-1142],[146,-1897],[11347,-24],[-182,3710],[828,175],[352,923],[846,1259],[699,-426],[679,-5863],[700,-867],[699,-2985],[739,459],[1744,-772],[2532,-230],[-8,-1082],[-721,-837],[122,-834],[-1014,-45],[97,-865],[1690,-1964],[-258,-1582],[1847,-3079],[974,-4858]],[[286554,787026],[7,-1064],[8006,-344],[5743,699],[455,-38],[-2,-412],[9343,-408],[2258,162],[31,-501],[4345,672],[3049,196],[393,-2107],[2216,-481],[1639,-1392],[2057,-2170],[1855,-3661],[1449,-1858],[2173,-1527],[1099,-3278],[1589,-2390],[344,-1520],[614,345],[322,1514],[1615,-477],[1578,-2447],[57,-1147],[858,-1469],[-711,-1055],[-989,-435],[1060,-1003],[673,-1584],[-605,-1063],[-79,-2326],[-1265,-3142],[-933,-1288],[768,-418],[-83,-1201],[-3140,-1784],[-562,-954],[353,-1898],[-1493,-955],[-234,-1446],[795,-2363],[-1558,-1107]],[[331644,737901],[-2535,-638],[-1954,11],[-847,-1037],[-1036,366],[-1264,-687],[-2358,-231],[-1533,-2107],[-1395,1476],[58,1395],[-2391,1119],[-677,-404],[-2475,682],[-1781,92],[-423,534],[222,1548],[-1688,1306],[-1206,72],[-1072,1241],[-1138,669],[-517,1495],[-959,697],[-2761,579],[-699,-447],[-1901,532],[-833,-288],[1237,3846],[-1091,848],[-2807,424],[-731,1494],[-1941,1026],[-271,1366],[642,805],[-161,1262],[-761,1017],[246,1934],[-1241,1667],[-2177,-157],[-1596,747],[-3003,-28],[-1255,-742],[-1999,-259],[-3321,-926],[-1440,45],[-1307,-503],[-206,1767],[-884,1123],[-241,1809],[-1292,-483],[-459,819],[-930,-12],[505,2030],[801,94],[-1556,1941],[-3952,3251],[71,7678],[-771,573],[-466,1809],[-2622,4594],[-2703,714],[-908,-477],[-765,-1472],[-1614,-2114],[-3353,-1665],[-1666,-105],[-3431,1023],[-2967,195],[-1873,-383],[-3871,-1507],[-2325,-1584],[-4257,-1413],[-1468,-128],[-1847,632],[-2037,1708],[-598,1071],[-1080,3619],[-1327,1306],[-3157,279],[-1762,-291],[-4624,-1176],[-1966,-757]],[[450190,339910],[111,-1072],[-1030,-467],[-577,-1855],[-3888,-2205],[-1637,-2340],[-841,343],[-787,-793],[-1436,-535],[-1339,99],[-553,-1163],[-1071,-152],[-1018,-1275],[-908,396],[-1161,-513],[-936,609],[-288,1036],[-859,307],[-1652,-319],[-1656,2082],[-1541,-44],[-845,-375],[-788,-1198],[-1690,-99],[-682,-1046],[-758,271],[-332,-1852],[-758,329],[-1767,-667],[-1873,-1131],[-2246,-77],[-1287,-1937],[-1019,-2149],[-2696,-1225]],[[406879,318593],[-1167,732],[326,916],[-1114,1136],[-163,1996],[552,1709],[714,170],[-499,639],[-967,2637],[-2074,1187],[-1387,1331],[-1536,3590],[401,775],[-2253,1417],[260,2114],[-1216,1171],[11033,9717],[15777,7503],[-1706,532],[-500,1339],[-1729,320],[-865,662],[-1523,32],[-1186,-635],[-1201,108],[2657,920],[4258,-919],[138,-1089],[2055,-1210],[13519,-128],[4265,-16065],[2915,-25],[438,-2884],[5089,1619]],[[687388,805761],[45,-3012],[165,-22766],[76,-35671],[19158,-14],[-226,-52371],[126,-1712],[6031,54],[13584,-68],[817,-1853],[-909,-722],[-760,-2209],[-2433,-2356],[-2814,-169],[-275,-1524],[-844,-1325],[-3772,-442],[-918,-1123],[-2839,-1222],[-3380,-373],[29,1853],[-1650,252],[-79,-6776],[-376,-5365],[-4,-4011],[-560,-795],[544,-503],[237,-12396],[-169,-7558],[-4547,-546],[-2998,598],[-1732,-79],[-208,-581],[-1018,-658],[-3573,-945],[-1538,-1634]],[[519550,699284],[-509,1387],[35,3480],[519,134],[-496,1579],[64,6362],[-460,1458],[-881,701],[-742,1677],[846,1851],[-1070,1572],[-1773,677],[-958,1664],[186,3489],[-1534,896],[-1342,1376],[252,1505],[-211,1530],[-654,522],[-684,1895],[-1606,635],[-538,854],[-2658,2135],[-244,1109],[213,3634],[611,1047],[27,1618],[-1780,1249]],[[504163,745320],[1314,643],[1356,-1386],[221,767],[2011,1834],[545,1128],[1061,-789],[499,2561],[-182,2739],[797,1076],[1284,614],[-941,1186],[10,3208],[-1670,1952],[62,3165],[1281,1415],[201,1025],[1622,1340],[-355,874],[2076,483],[1429,-178],[1130,561],[583,1225],[1467,-262],[1007,536],[1263,-881],[2317,-361],[1881,435],[869,-1107],[263,-1484],[1089,-995],[-83,-1945],[575,-2191],[567,-234],[1428,1971],[-330,1284],[683,646],[967,-560],[1738,457],[1310,1915],[1348,1023],[3927,-1926],[1051,1034],[4160,1600],[411,-3277],[3726,-280],[126,2990],[167,3584],[1294,876],[-394,1103],[495,1590],[927,1159],[-101,1042],[1703,3360],[2060,1258],[353,4436],[1338,-662],[681,-484],[-789,-3231],[832,-1000],[-607,-2988],[1038,-392],[-265,-1178],[833,-917],[-157,-2532],[1193,-65],[1133,-1454],[1099,-2388],[1888,494],[458,694],[1923,-376],[-675,-816],[1788,269],[-587,-3219],[1526,353],[327,-1150],[7175,123],[-146,6238],[6786,149],[230,4629],[-280,571],[-34,833],[6072,4],[-331,-6041],[1632,996],[1653,2025],[1913,1539],[-51,2649],[308,1099],[-2075,1784],[-778,1180],[546,2187],[-283,2607],[1256,4136],[-722,738],[-1072,-1625],[-244,1225],[1091,4045],[1201,687],[737,-828],[1893,-119],[715,588],[2902,-880],[1864,929],[6,-242],[929,1658],[499,360],[229,213],[939,608],[216,1327],[407,468],[480,215],[-5,285],[42688,-46],[942,2665],[-596,1913],[935,-1299],[3382,436],[2870,856],[2338,1915],[2611,207],[2343,-1087],[1838,3295],[1756,-8],[547,-475],[2116,406],[1500,-477],[96,-2481],[1206,-2155],[1940,448],[1774,-152],[1141,-956],[2052,430],[1047,1006],[1314,-674],[1663,-183],[1260,516],[1027,-1368],[2202,152]],[[504163,745320],[-830,480],[-47,1858],[-2421,2988],[-1954,545],[-91,1591],[-1261,2014],[-2289,840],[-1129,780],[-995,45],[-1135,884],[-2724,426],[-5583,2153],[1942,1276],[-84,2282],[-1131,2448],[-1972,2354],[-719,124],[-552,1714],[-870,-2183],[-822,1838],[-786,-770],[-1571,1785],[-348,-1512],[-509,718],[-39,1676],[-718,426],[33,6727],[-38,7255],[-59,252],[-225,477],[-176,891],[-259,238],[-168,377],[100,296],[547,-66],[229,-189],[-61,5960],[-790,39],[-2073,448],[-1194,752],[-1579,255],[-318,2107],[573,1212],[-1168,2682],[-3094,1227],[-1664,1138],[-2190,38],[-2115,-829],[-1228,893],[-2156,-1311],[-1142,-1813]],[[455310,801156],[-922,-120],[-4473,-1857],[-2465,-347],[-2207,792],[778,1557],[-559,2801],[365,977],[1593,1452],[843,2142],[-1257,1879],[671,526],[1999,-130],[2185,1528],[2352,1005],[1322,1856],[1839,662],[1714,-892],[572,574],[2873,398],[1226,1532],[1367,425],[1687,1200],[1513,616],[1253,-38],[2390,656],[1358,-50],[2283,-956],[15,-8717],[3526,-2062],[1852,1311],[-817,831],[1398,1010],[-1433,563],[2754,3033],[1657,936],[935,-102],[1148,-2031],[-94,1688],[1396,949],[885,2376],[1551,85],[987,2593],[-468,2475],[1080,-406],[955,280],[1927,-1105],[610,1158],[3111,1747],[1941,2335],[717,456],[2490,-1026],[974,600],[2082,-10],[1201,-615],[2738,266],[1070,708],[1668,-1233],[1439,245],[888,937],[1711,623],[1287,1354],[107,1765],[-1302,498],[-25,1535],[585,777],[764,3596],[673,2124],[2252,1514],[2176,-400],[2227,392],[2017,-549],[1334,949],[2433,12],[511,1115],[-905,584],[-314,1625],[2196,548],[1109,863],[1419,2319],[1926,1125],[2520,812],[808,2955],[-1125,207],[933,1343],[-30,1144],[2898,-599],[408,1592],[2478,216],[1604,660],[1374,-1000],[1753,963],[2389,-1170],[2992,1049],[1170,-1784],[-457,-1599],[700,-1196],[-354,1495],[911,325],[-144,1670],[1271,-199],[402,864],[906,36],[1892,1376],[1017,2254],[-187,633],[-1824,1919],[-1336,329],[-3414,-891],[-1353,177],[-1217,1504],[-293,3018],[-1949,2349],[-614,1390],[-940,4588],[-2233,1703],[-2518,1461],[-1528,130],[-2636,-1360],[-2693,11],[-1005,642],[-1145,-132],[262,1421],[-1181,847],[-1122,2147],[-155,1217],[-1402,1137],[-1767,807],[-2337,-468],[-1768,55],[-775,973],[-1092,-5],[-893,961],[-1022,-571],[-456,612],[-1621,395],[-466,-616],[-1971,361],[-502,-954],[-2562,-1362],[-2580,912],[-706,-945],[-1582,-924],[-643,-1200],[-1764,-783],[-1407,436],[-3143,-1925],[-946,737],[744,946],[-471,3095],[-1466,369],[-951,2084],[-241,1285],[-1684,-581],[-408,-759],[-1355,-330],[-1316,-1196],[-1724,-261],[-573,563],[-2500,768],[-844,1049],[-261,3262],[1629,-2552],[2514,-1522],[1818,63],[3060,2818],[1760,248],[1607,-448],[1264,1277],[2962,3972],[1446,1443],[2138,1282],[1622,1581],[694,1241],[233,2590],[-131,1908],[766,1836],[997,1312],[5340,644],[31980,98],[-30,-23843],[22506,-214],[723,0],[22356,-78],[-242,-1184],[2098,-3747],[-1272,128],[808,-3802],[2455,-2152],[989,304],[2096,-743],[-1096,-1720],[-88,-2684],[-784,-2177],[911,-1882],[1802,-2314],[-263,-568],[1193,-1059],[-1356,-961],[-161,-1763],[1331,-1769],[335,-3180],[2304,-119],[1021,-705],[-1237,-2496],[462,-2589],[695,-1633],[-308,-2154],[3222,-1725],[1129,-1755],[180,-2069],[-1285,-3646],[-858,-144],[58,-1205],[-766,-203],[-1092,-1520],[-51,-1218],[2503,326],[655,-2012],[1307,834],[1554,-937],[1505,195],[323,-632],[-339,2028],[595,3672],[-1488,326],[43,733],[2300,3886],[2901,1770],[590,-794],[2585,252],[793,-1201],[2561,-886],[1779,55],[106,1400],[955,581],[908,-912],[1052,-2032],[810,-5334],[-1438,-1544],[-1053,-1876],[1980,-1805],[347,-1007],[1865,-27],[3762,-682],[-2195,739],[-1503,1451],[-264,1655],[861,1788],[5237,6526],[1182,-670],[1663,494],[2091,-2071],[1833,-211],[1384,-1028],[1202,-59],[267,-1389],[1180,-412],[-679,-432],[-978,730],[-1583,65],[-451,-1963],[1338,-2128],[-1091,-1582],[-481,-1959],[-1617,-1240],[2744,49],[3135,-878],[2085,1123],[1202,1217],[1565,-20],[2267,-1366],[1114,231],[2974,-1500],[1154,-255],[314,-2266],[778,-109],[-387,-1489],[605,-912],[1854,-519],[551,949],[4036,8809],[3123,3437],[8031,6966],[221,1704],[2963,3357],[-36,-38082]],[[598234,113608],[956,1285],[1402,626],[-552,1148],[-855,167],[-505,1795],[807,3110],[-327,1833],[1488,3132],[1653,478],[1693,1649],[168,10306],[-6266,-13],[1173,1277],[221,1907],[-430,1834],[819,978],[3890,1156],[465,2421],[555,567],[-516,1041],[1050,1847],[1664,-226],[2264,779],[120,1541],[1689,157],[1149,1004],[202,1848],[1758,1463],[2322,4453]],[[616291,163171],[5135,-1550],[1361,-993],[263,-2160],[-1853,-7820],[-107,-1739],[-539,-2289],[2156,-2377],[-165,-2738],[-258,-2133],[927,-906],[1467,712],[1911,-790],[1053,-1823],[1838,2074],[384,224],[185,137],[360,356],[187,60],[321,37],[131,49],[987,846],[304,36],[619,233],[835,-601],[535,-145],[3344,5]],[[637672,139876],[883,-2478],[1539,-2220],[1497,-688],[1684,-1556],[250,-1310],[1775,1410],[616,1039],[977,395],[1944,-359],[2344,1623],[2073,464],[435,1748],[2717,1555],[1581,-203],[1106,469],[1000,-337],[1660,-1794],[2261,863],[1955,-62],[1320,1495],[6744,33],[963,-422],[3408,-469],[1792,-1515],[746,-1366],[2352,-229],[1968,-1925],[2659,-613],[2705,149],[1427,719],[640,1385],[-303,1968],[-555,-1959],[-1635,-525],[-547,1017],[-1739,-176],[497,1242],[-361,555],[180,2132],[16579,-30],[7186,369],[6322,902],[25217,-1325],[999,-5],[1084,-661],[2080,-2470],[1458,-1272],[2516,-748],[2219,612],[1570,-293],[-1464,-1112],[780,-1430],[-384,-611],[-1515,1257],[-594,-2391],[1239,-1026],[1046,-1721],[-949,-160],[365,-1128],[-1336,-1258],[662,-979],[-77,-985],[-1465,43],[249,-847],[-1058,-870],[-1360,293],[-925,-1443],[641,-1436],[1983,1860],[1072,-422],[522,473],[2202,-432],[776,395],[1199,-1215],[-815,-536],[243,-1108],[-1336,-985],[1050,-2387],[1988,1494],[181,1346],[1366,1346],[1659,962],[1581,299],[2802,1243],[792,-540],[2560,912],[752,1206],[2117,400],[1182,1975],[2655,1945],[1433,-85],[118,657],[1506,1160],[281,2979],[-152,1425],[892,406],[304,1974]],[[780228,135953],[344,-29536],[2919,9],[-950,616],[-861,1947],[680,1970],[-308,2839],[1140,658],[-230,1723],[2317,1360],[577,781],[2907,637],[838,1100],[1832,-560],[1176,663],[857,-1582],[1733,874],[284,925],[2051,2407],[1329,244],[900,2179],[2170,165],[1549,-742],[250,1133],[1795,1862],[-347,-2949],[1534,-1805],[1228,1298],[1286,-163],[-447,-1735],[1492,-65],[763,-675],[194,-1300],[1017,-1161],[1370,1362],[-29,1049],[1319,1592],[2958,685]],[[859766,61774],[-27707,134],[-12706,140],[-8556,-57],[-3909,-26],[6,-5926],[-12587,460],[216,-5887],[-12525,4],[-444,-1159],[-12187,-105],[-13,-5965],[-30408,-47],[-40,1473],[329,728],[-123,397],[-1416,-902],[76,-1703],[-27997,102],[149,250],[-227,693],[-705,1060],[-1009,627],[-1010,134],[-1551,-573],[-963,51],[-1047,368],[2,302],[-25367,70],[134,-14872],[-18258,37],[-25,-5017],[-1902,13],[-4446,27],[-31,-5918],[-6354,-17],[-4,-5942],[-6080,-62],[-308,-5893],[-12333,-22],[10,-6031],[-12555,-155],[-76,18047],[-15979,253],[-14,6008],[-21327,30]],[[578499,26903],[-302,2215],[951,3078],[-599,1826],[1406,226],[685,1063],[42,1703],[822,181],[1553,2074],[2048,-973],[555,1221],[1516,366],[339,853],[1513,937],[2137,2698],[708,2552],[2613,435],[741,612],[-898,1124],[596,975],[-958,570],[1141,1615],[-377,981],[2330,741],[1546,1773],[4771,1309],[-1216,1986],[-3103,4075],[-421,2537],[-1752,-1627],[-839,1884],[345,2427],[683,345],[-5996,-52],[313,12048],[3167,-80],[-115,2933],[2851,50],[80,8816],[12704,-48],[-1965,2278],[-936,2154],[-16,1563],[1539,6358],[1209,3009],[2205,4009],[467,1478],[-6589,-47],[-7759,454]],[[728228,511234],[-538,-4353],[919,-1243],[-885,-4079],[1781,91],[8211,7721],[1501,2586],[978,701],[1735,143],[3189,-950],[76,219],[1005,-254],[281,-42],[14,-238],[1499,-212],[1397,-29],[5659,248],[2025,378],[7074,2293],[601,361],[809,1980],[2183,3511],[1167,725],[1021,4],[3112,-239],[914,-850],[-1497,14],[-290,208],[-38,-897],[879,-428],[66,-1299],[-1189,-2151],[34,-1590],[-1438,-853],[-930,-1962],[-825,-2560],[3171,72],[1634,-1341],[627,65],[-1248,-1223],[-2511,519],[-1166,-557],[-1274,567],[-990,-294],[738,-1088],[-2628,-728],[-1142,-1404],[-1316,-809],[-1433,-1780],[347,-1359],[-678,-1858],[603,-1782],[-313,-1189],[-1192,-60],[257,-2261],[-1156,-331],[-1632,-1641],[-555,-73],[786,-424],[610,-1462],[1706,602],[3675,-717],[1096,918],[1329,3424],[1665,-947],[573,-2491],[2471,592],[195,-1475],[-821,-1204],[-2,-1252],[1437,-409],[-317,-2668],[205,-870],[-2211,-2973],[28,-702],[-1134,-2268],[-1671,397],[301,-2298],[-972,-459],[-1455,-2418],[-1600,-885],[96,-2584],[-436,-1205],[-1300,-484],[-1693,-1576],[7351,-1762],[1803,556],[7175,2618],[221,471],[4256,1580],[2735,498],[1844,36],[416,-531],[1834,-48],[1224,472],[1714,-93],[1121,1289],[1793,672],[2805,389],[2113,-652],[2943,443],[1115,869],[1035,1581],[1846,-198],[-105,1174],[530,1308],[1532,347],[-346,1191],[468,486],[1041,-570],[4344,769],[3214,-71],[2390,639],[1132,-597],[1394,170],[424,1369],[1820,836],[1706,92],[1065,-456],[811,913],[2375,-167],[2362,1277],[1297,105],[838,-1799],[2796,-1737],[-1097,1683],[-1106,2835],[-717,726],[-1569,3213],[-87,1287],[-1040,2088],[3961,-126],[2930,766],[1850,-777],[1942,-95],[3337,-1214],[-150,1347],[4284,1850],[3981,637],[2604,799],[2631,510],[910,-2231],[1807,-1135],[1715,-1747],[-7,-2087],[1392,-1954],[3069,-1585],[2171,-1647],[-205,718],[2266,1147],[854,-128],[1496,932],[1054,126],[1576,-559],[1398,-977],[-171,-1002],[-3426,239],[-584,-1501],[165,-1261],[1185,-432],[125,-2136],[1013,-916],[1724,-127],[803,-813],[1869,546],[4341,-1570],[988,270],[1894,-734],[521,14],[280,1769],[-825,3473],[226,1416],[802,674],[960,-224],[1593,1364],[115,2209],[2109,-1759],[1848,-572],[487,-530],[-2651,546],[-471,-2454],[714,-1870],[-843,-2112],[-364,-1842],[-787,-695],[1376,-4936],[26,-2214],[661,-1300],[435,-3662],[-387,-427],[761,-156],[635,1836],[1131,-985],[1478,-374],[1249,1297],[1004,362],[-521,-1831],[-709,-592],[60,-3620],[1242,-2199],[573,-1787],[3030,-3735],[-1592,-1853],[-126,-1332],[-757,-515],[-1761,-255],[-2389,-1237],[-4671,323],[-959,1364],[-1125,624],[-299,866],[-3700,244],[-2179,3043],[-2116,-250],[-557,-525],[-1187,779],[-1273,-392],[-3148,3354],[-1406,513],[-930,-852],[-2373,1412],[-895,59],[794,363],[1350,-276],[2574,299],[759,627],[-728,609],[2325,-371],[1210,-1632],[1213,-677],[1024,1067],[1296,-854],[3335,-36],[3432,-1421],[550,264],[-2644,1744],[-2426,1144],[-2493,256],[-3741,3221],[-4727,1445],[-838,730],[-607,130],[-2175,-1204],[-1198,400],[-1463,-491],[-1214,395],[-2372,-731],[-2263,255],[-2565,-303],[-2446,953],[-2633,-531],[-2985,-2387],[-1021,31],[-1207,996],[-1632,-257],[-2378,624],[-1487,-530],[-2184,-2172],[169,-1911],[-911,-1341],[1515,124],[4467,-1015],[3593,-1688],[4077,-2616],[1065,-1222],[-7,-1115],[1932,-3016],[852,-3066],[-1217,-663],[-2061,-1779],[-1810,-2185],[-2291,-233],[-813,-878],[-358,-1677],[226,2986],[2446,1085],[324,932],[-940,747],[-117,1221],[703,603],[594,1673],[-1836,-145],[836,1752],[-1215,2615],[-1335,608],[-2498,-140],[-3231,222],[-928,568],[-878,-1393],[1402,-2442],[1386,-1005],[-294,-1633],[-1994,-558],[767,951],[-2662,318],[-1582,657],[-751,777],[-1934,-7],[724,-2036],[-1609,-472],[-1462,372],[-148,-787],[-1099,-664],[-736,290],[-1616,1740],[-342,2083],[-3183,3333],[-3233,-1178],[-778,-1621],[-405,-1892],[760,-1832],[-1658,-2534],[-1503,-442],[604,-796],[-270,-1485],[-1392,-1813],[42,-1039],[1629,-1834],[44,-1894],[-934,1298],[-1400,775],[-1246,1474],[-2362,2019],[-1068,1501],[-2776,1486],[91,933],[-1076,1721],[1250,-6956],[-375,-2228],[279,-2388],[-644,-2141],[-370,-2384],[-860,-2555],[-1044,-1776],[-745,-546],[-644,-1487],[-1630,-2474],[-38,-2488],[438,-1528],[-476,-1492],[361,-1181],[-802,-2600],[-1472,-996],[-360,1673],[-1758,847],[-1552,-187],[168,1628],[-803,910],[-1107,-657],[-2030,-283],[-891,1013],[-460,-1108],[-1057,-483],[41,-698],[-1079,-2011],[5,-1368],[-1089,112],[-445,-1199],[-1475,-1248],[-921,-199],[683,-2019],[-330,-1337],[8,-3430],[228,-1373],[-695,-1642],[179,-985],[-705,-732],[-767,-3467],[-2349,780],[-1634,-767],[-1563,460],[-1407,-246],[-1419,-1172],[-1211,-509],[2247,133],[-274,-956],[-1923,-1116],[-378,-819],[-1380,264],[-1648,-454],[-904,472],[-1831,-550],[-825,890],[-3131,869],[-892,-637],[-2255,902],[-360,-624],[-308,926],[-1088,767],[-1472,2295],[-1683,4236],[460,1333],[-410,3224],[312,1086],[-307,1653],[-1626,667],[-162,-965],[-1397,-891],[-155,-888],[-1656,-1709],[-1236,526],[-1707,-475],[-1114,410],[-784,-388],[-2682,351],[-1131,589],[-2158,93],[-1526,2493],[-816,385],[-1780,1501],[-1154,1398],[-1341,84],[-1243,758],[-1764,2455],[-253,825],[1074,2834],[-906,4345],[357,2279],[698,941],[-429,1444],[-1747,653],[-1649,-292],[-589,406],[-1510,-904],[-1755,-120],[-1764,2163],[297,1087],[-433,829],[273,1665],[-1448,-546],[368,-802],[-1248,-3363],[1179,-1623],[113,-1246],[-1019,1457],[-967,1141],[-111,546],[433,1709],[-200,338],[-1211,1777]],[[304258,815526],[19588,417],[42,2719],[1804,931],[-350,-2752],[2493,157],[1889,-407],[3080,-1680],[1310,-1199],[2044,-223],[2135,-1765],[1264,1456],[2851,567],[1801,-388],[887,745],[-35,1440],[2356,311],[177,1095],[2377,1534],[3429,362],[3016,-789],[2102,-1493],[1597,-1769],[1511,463],[955,933],[411,-2894],[698,-54],[1165,1428],[679,-151],[1303,-1494],[74,-1437],[2165,-1058],[-263,-616],[-2107,-764],[3357,-1183],[296,-532],[-1260,-1501],[1795,-922],[757,-1313],[179,-1222],[1369,-1846],[-503,1068],[-492,2971],[555,1209],[-81,1297],[2477,2153],[424,1359],[1175,-680],[803,1737],[1367,742],[238,1959],[811,868],[1465,36],[856,903],[55,1551],[1907,2610],[878,1858],[666,596],[2370,886],[3080,-323],[616,-881],[1590,1012],[-283,1258],[2831,4260],[-1265,2684],[282,1009],[-140,3829],[1051,2444],[-20,2171],[534,923],[-74,1516],[-1032,1575],[710,420],[-216,949],[1457,1045],[-1364,26],[-826,830],[2459,470],[675,441],[2472,207],[1905,-1352],[872,-1111],[3379,1981],[6284,129],[1051,-919],[1087,542],[2035,-758],[1086,-1664],[-43,-1022],[944,-31],[621,-845],[355,-1694],[1802,-1015],[837,-2081],[-892,-1415],[1660,555],[1233,-3529],[-2558,100],[-1303,-2092],[-568,-2455],[-53,-1955],[-470,-1302],[131,-1394],[660,-1313],[2081,-775],[1533,-1526],[2747,-964],[942,-790],[711,-2239],[1020,-1122],[-677,-1994],[383,-2145],[2095,-2793],[-621,-1770],[507,-1080],[-508,-2511],[-742,-2100],[-1220,-2079],[-885,-392],[-1464,-2503],[-1759,-1021],[-288,-920],[-2520,-2964],[225,-1043],[-425,-2950],[193,-728],[2756,-374],[2289,-719],[2717,-1453],[1711,-1474],[1061,1091],[135,-866],[754,381],[417,-1037],[2125,-518],[1048,-1110],[1465,-752],[781,-2839],[1212,-514],[5740,1474],[650,599],[1651,3792],[3170,1881],[-286,568],[1311,4774],[163,1353],[1236,1193],[2152,330],[3478,168],[1214,409],[1110,1332],[-523,2690],[-932,1372],[-3109,908],[-2276,-74]],[[356332,716255],[-1146,1932],[-927,640],[125,743],[-4058,1852],[-750,1687],[634,1338],[578,67],[392,1492],[-823,898],[259,581],[-1968,-272],[-898,800],[-1184,-1351],[-857,238],[-2022,-331],[-2401,2770],[-781,1397],[-309,1454],[-784,583],[-2593,42],[-2058,1043],[-2034,2038],[-1083,2005]],[[286554,787026],[-74,1411],[550,1067],[-163,3230],[1823,1545],[-322,4264],[589,1910],[-363,1789],[267,2822],[353,1056],[-2236,-385],[159,1251],[-628,981],[1422,2847],[-1159,685],[-534,964],[725,888],[-1440,2142]],[[525159,339883],[-378,-3],[732,2094],[1656,8657],[-276,1322],[-1642,2189],[-2693,609],[-672,320],[-909,676],[-1114,880],[-2944,2306],[-519,265],[-1308,1638],[-3188,3003],[-2200,1268],[-875,793],[-264,1109],[154,620],[874,1331],[-186,245],[-8911,-141],[13,-1383],[20,-1465],[-9464,-16],[2,-5239],[-91,-12753],[658,-96],[2210,-76],[-20,-780],[-587,-503],[-2272,137],[1,422],[-2491,543],[-1288,776],[-2442,-109],[-116,-3227],[-6609,31],[-14,-6325],[-4860,468],[-7429,138],[-163,-7968],[-4907,8143],[-1673,1365],[-3428,1240],[-1972,-317],[-2208,-1756],[-1176,-404]],[[325615,339199],[5,1221],[-18,22618],[636,-1263],[1401,-1006],[974,-1639],[2345,-1820],[877,-2341],[1327,94],[1878,-510],[4974,-2331],[2118,-1991],[1678,-301],[2407,498],[938,915],[1291,-856],[573,1764],[1119,1499],[-231,1134],[401,2226],[2916,-1031],[-159,671],[1750,-530],[-134,2136],[1166,1296],[4241,3],[2865,-483],[-1036,750],[-410,1066],[-2397,2036],[-993,1822],[175,839],[-2186,3253],[-1377,823],[-220,632],[186,2124],[997,2482],[1296,-1021],[626,-2132],[1002,-81],[755,-837],[1870,-1152],[1294,-1253],[-1769,3912],[1677,-1489],[82,1360],[-458,812],[633,1691],[1570,-161],[723,2090],[1434,1600],[-401,1539],[844,1036],[1453,929],[813,1525],[1926,-148],[723,-896],[1353,-241],[690,1215],[2302,1543],[1858,697],[922,1252],[2496,1294],[2972,679],[829,-209],[1009,647],[1538,1786],[561,-693],[3655,1674],[1622,1136],[582,735],[635,2101],[31,1298],[2161,1319],[-181,793],[1141,1427],[2315,2115],[1260,2001],[1060,2454],[1223,1361],[-264,1797],[1232,1862],[-543,2486],[591,715],[-8,2833],[-671,2022],[-1156,1274],[514,337],[2417,-203],[1827,1967],[46,2217],[1372,263],[1185,1169],[2006,510],[604,1570],[3345,3423],[725,174],[1611,1825],[304,1560],[-624,2437],[-2272,1210],[-391,1034],[317,1791],[1280,2587],[369,4901]],[[682032,181374],[859,2104],[-439,1968],[1116,-125],[1154,2145],[-308,747],[864,1248],[-1402,658],[100,1045],[1547,391],[-498,1192],[736,1016],[-127,896],[906,859],[303,1564],[-1030,759],[-1889,-571],[-1026,-1297],[-1090,131],[-334,-1053],[-721,2150],[667,2785],[-810,870],[-188,3041],[-696,325],[-2562,492],[-1787,-644],[1786,290],[1553,-586],[270,-544],[-1089,-1560],[430,-1318],[1651,-929],[27,-672],[-1322,-2901],[-912,298],[-633,-723],[-354,-1672],[-1729,1154],[-645,-1207],[416,-597],[-341,-1603],[839,-1124],[-850,-144],[-146,-1432],[-2389,-615],[-28,2771],[-1656,1971],[-3337,-830],[-256,1530],[-1654,1583],[-154,2987],[-464,-1244],[-1565,-1390],[-781,372],[-3482,-1563],[-5387,-1153],[53,-3007],[-590,-3548],[-853,-1449],[-112,-2649],[-1705,-1734],[-576,-1327],[-450,852],[-2357,117],[1154,1283],[-642,1326],[-1012,220],[655,1443],[-373,609],[739,1300],[-420,690],[-1204,-1120],[-2048,-527],[-1470,793],[-2206,-1779],[-1033,922],[-523,-1858],[-1125,861],[-1804,-71],[-194,490],[-1976,-201],[1297,-1214],[-1838,-1842],[125,-563],[-1293,-128],[26,-546],[-1405,-254],[-172,-747],[-96,-2827],[-5737,12],[801,-959],[718,415],[2313,-2226],[593,168],[522,-1113],[3295,-2991],[1890,-22],[307,-712],[2531,546],[3260,-626],[2036,1149],[-364,-30486],[-4240,-13]],[[616291,163171],[-566,448],[-949,2710],[-940,1391],[-2183,1712],[-2992,1150],[-737,651],[-1786,2427],[-1988,2696],[-3661,2746],[-982,1156],[-1259,-636],[2,1303],[-263,6],[-6044,139],[-1163,-638]],[[578499,26903],[-1050,-9],[23,-2991],[-12475,-136],[25,2876],[-11831,391],[-12573,-26],[10,5974],[-3160,11],[-268,-11928],[-18101,-3],[-676,5],[-66,-12036],[-1355,-2],[-1812,-6],[27,3020],[-12447,424],[22,-2827],[-3439,-91],[-8889,159],[-342,-6647],[-6253,-36],[-59,-2936],[-6387,-89],[6,2992],[-12454,-635],[-6160,66],[-70,5691],[-18605,5],[-12238,530],[65,5722],[1274,1022],[835,1382],[2514,2711],[-246,1439],[3677,-258],[601,1378],[747,146],[1703,-840],[-603,-1032],[140,-1326],[1418,582],[464,871],[840,45],[150,1002],[2048,1498],[-145,1158],[1045,475],[1714,-25],[-175,865],[1625,-280],[875,780],[1838,49],[2223,1248],[-1250,392],[349,1074],[-2006,1232],[-1165,1097],[-1760,627],[-2310,-171],[-1075,1174],[-1179,-196],[-40,1007],[-984,460],[-1388,-116],[-356,-694],[-1024,-27],[2904,2591],[-147,2533],[-575,693],[-321,2450],[-2198,1613],[-528,911],[-2449,-367],[-541,729],[108,1550],[-1815,789],[-2295,1687],[-370,1656],[-939,1645],[-1381,1163],[2092,2678],[-105,2001],[2025,1780],[2063,436],[1267,852],[1012,-68],[879,1045],[1399,-177],[4168,2443],[792,1515],[1638,2033],[699,-72],[1444,900],[1177,1402],[807,1541],[-169,1392],[1729,1181],[2328,2730],[119,2367],[489,250],[-821,1989],[-1034,82],[-315,1547],[989,-819],[1935,-177],[2655,229],[1908,695],[1212,-456],[916,953],[1211,-2440],[646,-3439],[1431,-560],[2123,157],[1716,1452],[1139,398],[339,1514],[1743,-843],[-997,1888],[671,371],[539,2589],[-590,1916],[47,2576],[-459,1826],[151,1856],[679,592],[-943,2887],[-2029,2227],[-1203,905],[-2473,2484],[15970,5],[1652,-16],[55829,-121],[-1108,7729],[-418,6043],[4496,223],[8601,-2398],[1169,-15],[-1802,-1186],[-1245,-2503],[-1436,-3628],[489,-1093],[-1157,-1452],[-1832,178],[-2096,-3601],[-509,-2186],[-1479,-3833],[-932,-1367],[-16,-1689],[-624,-1005],[69,-1647],[-968,-1906],[6,-3559],[363,-2628],[1008,-590],[496,-1113],[348,-2378],[-568,-1021],[134,-1231],[-1682,-1939],[155,-1313],[2698,3934],[740,527],[1307,3165],[-912,5516],[1069,4324],[101,-2619],[837,-3064],[575,-583],[1293,-197],[586,-786],[1536,117],[1250,-1456],[1018,-363],[1283,1423],[1135,440],[1227,-2416],[1005,122],[-221,-1345],[4367,5387],[11300,29186],[1160,1527],[14824,1187],[1243,43],[11067,-612]],[[2474,796201],[0,4032],[3926,12753],[4226,13614],[-231,441],[10446,49713],[5848,34258],[2600,18548],[3701,26413],[12768,-90],[22200,-264],[1309,105],[293,11],[2009,67],[10108,342],[-187,-1567],[402,-3669],[-2152,-5046],[-1669,-1814],[-656,-1],[-10,-903],[-480,-2878],[-801,-819],[-1588,-3147],[-2031,-1449],[-452,1022],[-810,-1753],[-1086,-54],[-1132,-1502],[-1364,-281],[-1823,307],[-572,-787],[-1876,-194],[-1355,-806],[-399,1087],[-1649,-43],[-685,-1114],[-1289,1587],[-3165,-980],[-2807,1462],[-1222,-1005],[-1772,-779],[-370,-994],[-2242,394],[-1393,-158],[-937,-2110],[1296,-838],[224,-1732],[-725,94],[-845,-1723],[73,-1420],[-1154,-744],[-1478,866],[-3,854],[-1518,-85],[-1515,-1393],[-1166,-3573],[-943,-828],[2847,51],[21,-3254],[20149,54],[-1253,-2528],[-1669,-2182],[220,-1194],[-2663,-4757],[-500,-394],[-585,-2753],[686,-4267],[406,-975],[-160,-5677],[-786,-1418],[-16,-1472],[665,-96],[1696,-3735],[-136,-1140],[3604,-6945],[3426,2197],[1487,-315],[582,699]],[[523737,257875],[-2748,-88],[-16560,272],[-1396,-145],[-78,-1278],[-20,1145],[-1889,-412],[-819,553],[-1480,-1241],[-1162,803],[-1061,-849],[-2268,235],[-1885,-1647],[-985,953],[-804,10],[-289,-1002],[888,-1196],[-948,-842],[-1067,-1672],[-1824,171],[-828,-701],[-2392,562],[-2013,-378],[-1320,-1037],[815,-1250],[-740,-1650],[2331,-699],[1981,-1146],[-1947,-383],[-1036,540],[-1921,-510],[-1423,-1325],[-825,-185],[-948,-1087],[-3359,-2344],[-2597,-930],[-1964,-1055],[-686,234],[-3128,-1619],[-2647,223],[2482,171],[877,798],[-355,1443],[1499,1297],[492,1272],[2324,647],[871,958],[475,1906],[69,2280],[-2251,2167],[-2868,1960],[-256,643],[-1155,702],[-1038,-305],[-4381,268],[-1419,-2083],[-216,-1894],[465,-1367],[-608,-1845],[-716,-817],[-1866,-37],[-740,803],[-1298,-164],[-584,792],[-2031,492],[274,-2277],[-1973,625],[-1355,1366],[-918,2245],[-1600,808],[2668,2083],[-4687,-1451],[-1913,-355],[-3831,-2455],[-1286,-1878],[-1195,-2605],[930,-2461],[-1971,-1266],[-5138,-589],[-2846,115],[-1164,-443],[-6530,-510],[-1968,1691],[48,2254],[397,1758],[-66,2757],[-887,-1924],[-896,-599],[-1836,-352],[-2713,757],[-1943,1834],[-914,114],[-4157,-908],[-4200,78],[-3383,-1012],[-1804,-1040],[-1487,-66],[-1306,-604],[91,-2395],[1397,-1331],[-2302,-692],[-1217,-1630],[-911,-18],[-2383,-1398],[761,-811],[880,373],[1051,-653],[-25,-1454],[-762,-1657],[-185,-1875],[-1412,1129],[-1057,-398],[81,-648],[-1111,-907],[203,-1091],[-560,-1808],[-1422,-1907],[-668,154],[-1055,2221],[-61,1312],[-434,2621],[-581,2440],[-960,435],[-222,906],[-1783,-454],[-182,1468],[-2490,2054],[193,1315],[-741,786],[857,307],[113,1390],[-756,-1135],[-1790,722],[-3198,348],[191,-1943],[846,-2525],[-3285,1621],[-714,-273],[-998,-1454],[591,-1466],[-76,-1292],[-1197,283]]],"bbox":[-124.2102034,42.699297,-122.649884,43.917346],"transform":{"scale":[0.0000015603209603209576,0.0000012180502180502188],"translate":[-124.2102034,42.699297]}}
