{"type":"Topology","objects":{"foo":{"type":"GeometryCollection","geometries":[{"type":"MultiPolygon","arcs":[[[0,1,2,3,4,5,6,7,8,9,10]]],"properties":{"postal_code":"35466","realtor_list_price":252450,"realtor_list_price_yoy":0.101,"realtor_list_price_base":0.9283,"realtor_active_listings":10,"realtor_active_listings_yoy":0.5789,"realtor_active_listings_base":0.0855,"realtor_new_listings":2.667,"realtor_new_listings_yoy":1,"realtor_new_listings_base":2.0096,"realtor_days_on_market":47.5,"realtor_days_on_market_yoy":-0.1038,"realtor_days_on_market_base":-0.3698,"zhvi":175854.911,"zhvi_yoy":-0.0276,"zhvi_base":0.2944,"zori":"NA","zori_yoy":"NA","zori_base":"NA"}},{"type":"MultiPolygon","arcs":[[[11,12,13,14,15,16]]],"properties":{"postal_code":"35474","realtor_list_price":283293.75,"realtor_list_price_yoy":0.0433,"realtor_list_price_base":0.5083,"realtor_active_listings":35.667,"realtor_active_listings_yoy":0.597,"realtor_active_listings_base":0.3501,"realtor_new_listings":16,"realtor_new_listings_yoy":1,"realtor_new_listings_base":1.0132,"realtor_days_on_market":55.042,"realtor_days_on_market_yoy":-0.1532,"realtor_days_on_market_base":-0.3039,"zhvi":228466.269,"zhvi_yoy":0.01,"zhvi_base":0.5166,"zori":1445,"zori_yoy":"NA","zori_base":"NA"}},{"type":"MultiPolygon","arcs":[[[17,18,19,20,21,22,23,24]]],"properties":{"postal_code":"35443","realtor_list_price":"NA","realtor_list_price_yoy":"NA","realtor_list_price_base":"NA","realtor_active_listings":2,"realtor_active_listings_yoy":1,"realtor_active_listings_base":-0.2749,"realtor_new_listings":0,"realtor_new_listings_yoy":"NaN","realtor_new_listings_base":"NA","realtor_days_on_market":"NA","realtor_days_on_market_yoy":"NA","realtor_days_on_market_base":"NA","zhvi":117429.062,"zhvi_yoy":0.0147,"zhvi_base":"NA","zori":"NA","zori_yoy":"NA","zori_base":"NA"}},{"type":"MultiPolygon","arcs":[[[25,26,27,28]]],"properties":{"postal_code":"36742","realtor_list_price":"NA","realtor_list_price_yoy":"NA","realtor_list_price_base":"NA","realtor_active_listings":3.333,"realtor_active_listings_yoy":0.1111,"realtor_active_listings_base":-0.4369,"realtor_new_listings":0,"realtor_new_listings_yoy":"NaN","realtor_new_listings_base":"NA","realtor_days_on_market":"NA","realtor_days_on_market_yoy":"NA","realtor_days_on_market_base":"NA","zhvi":193761.7,"zhvi_yoy":0.0094,"zhvi_base":0.1031,"zori":"NA","zori_yoy":"NA","zori_base":"NA"}},{"type":"MultiPolygon","arcs":[[[29,-14,30,31]]],"properties":{"postal_code":"36756","realtor_list_price":205062.5,"realtor_list_price_yoy":0.7682,"realtor_list_price_base":"NA","realtor_active_listings":17,"realtor_active_listings_yoy":0.1333,"realtor_active_listings_base":-0.1153,"realtor_new_listings":2.667,"realtor_new_listings_yoy":0.3333,"realtor_new_listings_base":0.877,"realtor_days_on_market":84.5,"realtor_days_on_market_yoy":0.0432,"realtor_days_on_market_base":"NA","zhvi":139176.699,"zhvi_yoy":-0.0066,"zhvi_base":0.1854,"zori":"NA","zori_yoy":"NA","zori_base":"NA"}},{"type":"MultiPolygon","arcs":[[[-9,32,33,34,35,36,-20,37,-18,38]]],"properties":{"postal_code":"35462","realtor_list_price":178475,"realtor_list_price_yoy":-0.1953,"realtor_list_price_base":"NA","realtor_active_listings":8.667,"realtor_active_listings_yoy":-0.0714,"realtor_active_listings_base":-0.041,"realtor_new_listings":0.667,"realtor_new_listings_yoy":-0.75,"realtor_new_listings_base":-0.3454,"realtor_days_on_market":113,"realtor_days_on_market_yoy":0.0135,"realtor_days_on_market_base":"NA","zhvi":138016.917,"zhvi_yoy":0.0721,"zhvi_base":"NA","zori":"NA","zori_yoy":"NA","zori_base":"NA"}},{"type":"MultiPolygon","arcs":[[[39,40,41,42,-12,43]]],"properties":{"postal_code":"35405","realtor_list_price":282265.625,"realtor_list_price_yoy":-0.001,"realtor_list_price_base":0.5026,"realtor_active_listings":144.667,"realtor_active_listings_yoy":0.2802,"realtor_active_listings_base":-0.0411,"realtor_new_listings":42.667,"realtor_new_listings_yoy":-0.4128,"realtor_new_listings_base":-0.2513,"realtor_days_on_market":62.562,"realtor_days_on_market_yoy":0.5342,"realtor_days_on_market_base":0.1351,"zhvi":250002.397,"zhvi_yoy":0.0139,"zhvi_base":0.5217,"zori":1330.639,"zori_yoy":0.0298,"zori_base":"NA"}},{"type":"MultiPolygon","arcs":[[[44]],[[45,-16,46,47,-36]]],"properties":{"postal_code":"35441","realtor_list_price":304950,"realtor_list_price_yoy":0.9757,"realtor_list_price_base":"NA","realtor_active_listings":4.333,"realtor_active_listings_yoy":-0.1333,"realtor_active_listings_base":0.3296,"realtor_new_listings":1.333,"realtor_new_listings_yoy":1,"realtor_new_listings_base":"NA","realtor_days_on_market":121,"realtor_days_on_market_yoy":-0.2484,"realtor_days_on_market_base":"NA","zhvi":"NA","zhvi_yoy":"NA","zhvi_base":"NA","zori":"NA","zori_yoy":"NA","zori_base":"NA"}},{"type":"MultiPolygon","arcs":[[[48,49,50,51,52,53,54]]],"properties":{"postal_code":"35444","realtor_list_price":254500,"realtor_list_price_yoy":-0.0553,"realtor_list_price_base":0.5012,"realtor_active_listings":4.333,"realtor_active_listings_yoy":-0.6286,"realtor_active_listings_base":-0.5335,"realtor_new_listings":0.667,"realtor_new_listings_yoy":-0.8,"realtor_new_listings_base":-0.8872,"realtor_days_on_market":39,"realtor_days_on_market_yoy":-0.5301,"realtor_days_on_market_base":-0.3133,"zhvi":212785.686,"zhvi_yoy":-0.0333,"zhvi_base":0.4152,"zori":"NA","zori_yoy":"NA","zori_base":"NA"}},{"type":"MultiPolygon","arcs":[[[55,56,-49,57,58,59,60,61]]],"properties":{"postal_code":"35475","realtor_list_price":469156.818,"realtor_list_price_yoy":-0.0136,"realtor_list_price_base":0.5754,"realtor_active_listings":99.333,"realtor_active_listings_yoy":-0.0067,"realtor_active_listings_base":0.3106,"realtor_new_listings":29.333,"realtor_new_listings_yoy":-0.102,"realtor_new_listings_base":-0.104,"realtor_days_on_market":61.409,"realtor_days_on_market_yoy":-0.1381,"realtor_days_on_market_base":0.0075,"zhvi":342202.41,"zhvi_yoy":0.0098,"zhvi_base":0.4831,"zori":"NA","zori_yoy":"NA","zori_base":"NA"}},{"type":"MultiPolygon","arcs":[[[62,-1,63,64]]],"properties":{"postal_code":"35481","realtor_list_price":247250,"realtor_list_price_yoy":0.9561,"realtor_list_price_base":"NA","realtor_active_listings":13.333,"realtor_active_listings_yoy":0.1765,"realtor_active_listings_base":1.1353,"realtor_new_listings":4,"realtor_new_listings_yoy":0.2,"realtor_new_listings_base":4.2258,"realtor_days_on_market":78,"realtor_days_on_market_yoy":0.1017,"realtor_days_on_market_base":"NA","zhvi":127279.65,"zhvi_yoy":-0.02,"zhvi_base":0.2092,"zori":"NA","zori_yoy":"NA","zori_base":"NA"}},{"type":"MultiPolygon","arcs":[[[65,-47,-15,-30,66,67,-27,68]]],"properties":{"postal_code":"36744","realtor_list_price":243356,"realtor_list_price_yoy":0.1643,"realtor_list_price_base":"NA","realtor_active_listings":12,"realtor_active_listings_yoy":-0.1628,"realtor_active_listings_base":0.5136,"realtor_new_listings":2.667,"realtor_new_listings_yoy":0,"realtor_new_listings_base":2.6028,"realtor_days_on_market":75.5,"realtor_days_on_market_yoy":0.1396,"realtor_days_on_market_base":"NA","zhvi":150740.095,"zhvi_yoy":0.1059,"zhvi_base":0.3177,"zori":"NA","zori_yoy":"NA","zori_base":"NA"}},{"type":"MultiPolygon","arcs":[[[-59,69,70,71],[72]]],"properties":{"postal_code":"35473","realtor_list_price":311898.684,"realtor_list_price_yoy":-0.0092,"realtor_list_price_base":0.5001,"realtor_active_listings":53.667,"realtor_active_listings_yoy":0.5631,"realtor_active_listings_base":-0.1923,"realtor_new_listings":25.333,"realtor_new_listings_yoy":0.027,"realtor_new_listings_base":-0.1564,"realtor_days_on_market":49.421,"realtor_days_on_market_yoy":0.057,"realtor_days_on_market_base":-0.1492,"zhvi":280566.906,"zhvi_yoy":0.0344,"zhvi_base":0.5162,"zori":1653.333,"zori_yoy":"NA","zori_base":"NA"}},{"type":"MultiPolygon","arcs":[[[-65,73,74]]],"properties":{"postal_code":"35461","realtor_list_price":"NA","realtor_list_price_yoy":"NA","realtor_list_price_base":"NA","realtor_active_listings":2.333,"realtor_active_listings_yoy":-0.3,"realtor_active_listings_base":0.8293,"realtor_new_listings":0,"realtor_new_listings_yoy":"NaN","realtor_new_listings_base":"NA","realtor_days_on_market":"NA","realtor_days_on_market_yoy":"NA","realtor_days_on_market_base":"NA","zhvi":158245.936,"zhvi_yoy":-0.0163,"zhvi_base":0.122,"zori":"NA","zori_yoy":"NA","zori_base":"NA"}},{"type":"MultiPolygon","arcs":[[[75,76,77,78,-44,-17,-46,-35]]],"properties":{"postal_code":"35463","realtor_list_price":243650,"realtor_list_price_yoy":-0.4895,"realtor_list_price_base":"NA","realtor_active_listings":5.333,"realtor_active_listings_yoy":0.1429,"realtor_active_listings_base":-0.0509,"realtor_new_listings":2.667,"realtor_new_listings_yoy":1,"realtor_new_listings_base":0.6094,"realtor_days_on_market":38,"realtor_days_on_market_yoy":-0.1739,"realtor_days_on_market_base":"NA","zhvi":228715.734,"zhvi_yoy":-0.0077,"zhvi_base":0.4402,"zori":"NA","zori_yoy":"NA","zori_base":"NA"}},{"type":"MultiPolygon","arcs":[[[79,80,-61,81,82,83,-78,84,-7]]],"properties":{"postal_code":"35446","realtor_list_price":252300,"realtor_list_price_yoy":-0.1675,"realtor_list_price_base":"NA","realtor_active_listings":4,"realtor_active_listings_yoy":1,"realtor_active_listings_base":0.2776,"realtor_new_listings":2,"realtor_new_listings_yoy":0.5,"realtor_new_listings_base":11.8571,"realtor_days_on_market":49.667,"realtor_days_on_market_yoy":1.547,"realtor_days_on_market_base":"NA","zhvi":195157.533,"zhvi_yoy":-0.0587,"zhvi_base":0.0967,"zori":"NA","zori_yoy":"NA","zori_base":"NA"}},{"type":"MultiPolygon","arcs":[[[-42,85,86,-54,87,88,89]]],"properties":{"postal_code":"35453","realtor_list_price":258175,"realtor_list_price_yoy":-0.1244,"realtor_list_price_base":0.4775,"realtor_active_listings":29,"realtor_active_listings_yoy":0.3182,"realtor_active_listings_base":-0.2065,"realtor_new_listings":10.667,"realtor_new_listings_yoy":0.2308,"realtor_new_listings_base":-0.24,"realtor_days_on_market":53.625,"realtor_days_on_market_yoy":-0.3159,"realtor_days_on_market_base":-0.1631,"zhvi":215462.374,"zhvi_yoy":-0.0121,"zhvi_base":0.3496,"zori":"NA","zori_yoy":"NA","zori_base":"NA"}},{"type":"MultiPolygon","arcs":[[[-70,-58,-55,-87,90,91,92]]],"properties":{"postal_code":"35406","realtor_list_price":663645.098,"realtor_list_price_yoy":-0.0073,"realtor_list_price_base":0.4966,"realtor_active_listings":116.333,"realtor_active_listings_yoy":0.2509,"realtor_active_listings_base":-0.0863,"realtor_new_listings":34,"realtor_new_listings_yoy":-0.1207,"realtor_new_listings_base":0.0347,"realtor_days_on_market":55.412,"realtor_days_on_market_yoy":-0.0148,"realtor_days_on_market_base":-0.2508,"zhvi":484947.268,"zhvi_yoy":0.0193,"zhvi_base":0.4204,"zori":1743.767,"zori_yoy":"NA","zori_base":"NA"}},{"type":"MultiPolygon","arcs":[[[-37,-48,-66,93,-21],[-45]]],"properties":{"postal_code":"36776","realtor_list_price":"NA","realtor_list_price_yoy":"NA","realtor_list_price_base":"NA","realtor_active_listings":1,"realtor_active_listings_yoy":0,"realtor_active_listings_base":-0.0294,"realtor_new_listings":0,"realtor_new_listings_yoy":"NaN","realtor_new_listings_base":"NA","realtor_days_on_market":"NA","realtor_days_on_market_yoy":"NA","realtor_days_on_market_base":"NA","zhvi":"NA","zhvi_yoy":"NA","zhvi_base":"NA","zori":"NA","zori_yoy":"NA","zori_base":"NA"}},{"type":"MultiPolygon","arcs":[[[94,-50,-57]]],"properties":{"postal_code":"35006","realtor_list_price":165500,"realtor_list_price_yoy":"NA","realtor_list_price_base":"NA","realtor_active_listings":13,"realtor_active_listings_yoy":0.8571,"realtor_active_listings_base":-0.0197,"realtor_new_listings":1.333,"realtor_new_listings_yoy":"Inf","realtor_new_listings_base":-0.4134,"realtor_days_on_market":96,"realtor_days_on_market_yoy":"NA","realtor_days_on_market_base":"NA","zhvi":137243.155,"zhvi_yoy":0.0365,"zhvi_base":0.5439,"zori":"NA","zori_yoy":"NA","zori_base":"NA"}},{"type":"MultiPolygon","arcs":[[[95,-10,-39,-25,96,97],[98]]],"properties":{"postal_code":"35442","realtor_list_price":82400,"realtor_list_price_yoy":-0.5976,"realtor_list_price_base":"NA","realtor_active_listings":7.333,"realtor_active_listings_yoy":-0.0435,"realtor_active_listings_base":0.564,"realtor_new_listings":1.333,"realtor_new_listings_yoy":0,"realtor_new_listings_base":0.2651,"realtor_days_on_market":105,"realtor_days_on_market_yoy":-0.0094,"realtor_days_on_market_base":"NA","zhvi":102324.329,"zhvi_yoy":-0.0414,"zhvi_base":0.0516,"zori":"NA","zori_yoy":"NA","zori_base":"NA"}},{"type":"MultiPolygon","arcs":[[[99,-74,-64,-11,-96]]],"properties":{"postal_code":"35447","realtor_list_price":"NA","realtor_list_price_yoy":"NA","realtor_list_price_base":"NA","realtor_active_listings":5.333,"realtor_active_listings_yoy":-0.1111,"realtor_active_listings_base":-0.2731,"realtor_new_listings":0,"realtor_new_listings_yoy":-1,"realtor_new_listings_base":-1,"realtor_days_on_market":"NA","realtor_days_on_market_yoy":"NA","realtor_days_on_market_base":"NA","zhvi":144330.185,"zhvi_yoy":-0.0102,"zhvi_base":0.2522,"zori":"NA","zori_yoy":"NA","zori_base":"NA"}},{"type":"MultiPolygon","arcs":[[[-60,-72,100,-82]]],"properties":{"postal_code":"35452","realtor_list_price":219900,"realtor_list_price_yoy":-0.076,"realtor_list_price_base":0.2005,"realtor_active_listings":4.333,"realtor_active_listings_yoy":-0.4091,"realtor_active_listings_base":-0.462,"realtor_new_listings":2,"realtor_new_listings_yoy":-0.25,"realtor_new_listings_base":-0.0674,"realtor_days_on_market":32,"realtor_days_on_market_yoy":-0.3043,"realtor_days_on_market_base":-0.4569,"zhvi":224894.134,"zhvi_yoy":0.0175,"zhvi_base":0.4163,"zori":"NA","zori_yoy":"NA","zori_base":"NA"}},{"type":"MultiPolygon","arcs":[[[-94,-69,-26,101,-22]]],"properties":{"postal_code":"36740","realtor_list_price":479900,"realtor_list_price_yoy":"NA","realtor_list_price_base":"NA","realtor_active_listings":1.333,"realtor_active_listings_yoy":0.3333,"realtor_active_listings_base":-0.1663,"realtor_new_listings":0.667,"realtor_new_listings_yoy":"Inf","realtor_new_listings_base":"NA","realtor_days_on_market":3,"realtor_days_on_market_yoy":"NA","realtor_days_on_market_base":"NA","zhvi":137814.57,"zhvi_yoy":0.0407,"zhvi_base":"NA","zori":"NA","zori_yoy":"NA","zori_base":"NA"}},{"type":"MultiPolygon","arcs":[[[-73]],[[-71,-93,102,-83,-101]]],"properties":{"postal_code":"35476","realtor_list_price":256850,"realtor_list_price_yoy":0.0474,"realtor_list_price_base":0.8544,"realtor_active_listings":14.667,"realtor_active_listings_yoy":-0.0222,"realtor_active_listings_base":0.0257,"realtor_new_listings":6,"realtor_new_listings_yoy":0,"realtor_new_listings_base":-0.3348,"realtor_days_on_market":67.889,"realtor_days_on_market_yoy":0.0252,"realtor_days_on_market_base":0.2244,"zhvi":216021.047,"zhvi_yoy":-0.0228,"zhvi_base":0.3748,"zori":1062.778,"zori_yoy":"NA","zori_base":"NA"}},{"type":"MultiPolygon","arcs":[[[-53,103,104,105,-88]]],"properties":{"postal_code":"35490","realtor_list_price":286225,"realtor_list_price_yoy":0.0025,"realtor_list_price_base":0.5762,"realtor_active_listings":21.667,"realtor_active_listings_yoy":0.1607,"realtor_active_listings_base":0.7789,"realtor_new_listings":5.333,"realtor_new_listings_yoy":-0.4286,"realtor_new_listings_base":-0.0271,"realtor_days_on_market":78,"realtor_days_on_market_yoy":-0.1814,"realtor_days_on_market_base":1.0824,"zhvi":238881.015,"zhvi_yoy":0.0058,"zhvi_base":0.5598,"zori":"NA","zori_yoy":"NA","zori_base":"NA"}},{"type":"MultiPolygon","arcs":[[[-86,-41,106,-91]]],"properties":{"postal_code":"35404","realtor_list_price":276685.5,"realtor_list_price_yoy":0.0381,"realtor_list_price_base":1.3087,"realtor_active_listings":82,"realtor_active_listings_yoy":0.337,"realtor_active_listings_base":-0.2198,"realtor_new_listings":33.333,"realtor_new_listings_yoy":0.1905,"realtor_new_listings_base":0.3335,"realtor_days_on_market":52.4,"realtor_days_on_market_yoy":0.148,"realtor_days_on_market_base":-0.3718,"zhvi":186958.148,"zhvi_yoy":-0.0056,"zhvi_base":0.3816,"zori":1414.861,"zori_yoy":0.0849,"zori_base":"NA"}},{"type":"MultiPolygon","arcs":[[[-103,-92,-107,-40,-79,-84],[107]]],"properties":{"postal_code":"35401","realtor_list_price":387932.203,"realtor_list_price_yoy":0.1384,"realtor_list_price_base":0.622,"realtor_active_listings":151.333,"realtor_active_listings_yoy":0.5286,"realtor_active_listings_base":-0.1681,"realtor_new_listings":39.333,"realtor_new_listings_yoy":0.0727,"realtor_new_listings_base":0.0913,"realtor_days_on_market":84.78,"realtor_days_on_market_yoy":0.4988,"realtor_days_on_market_base":-0.0566,"zhvi":193059.816,"zhvi_yoy":-0.0127,"zhvi_base":0.3516,"zori":1517.702,"zori_yoy":0.0579,"zori_base":"NA"}},{"type":"MultiPolygon","arcs":[[[-97,-24,108]]],"properties":{"postal_code":"35464","realtor_list_price":"NA","realtor_list_price_yoy":"NA","realtor_list_price_base":"NA","realtor_active_listings":1,"realtor_active_listings_yoy":0,"realtor_active_listings_base":"NA","realtor_new_listings":0,"realtor_new_listings_yoy":-1,"realtor_new_listings_base":"NA","realtor_days_on_market":"NA","realtor_days_on_market_yoy":"NA","realtor_days_on_market_base":"NA","zhvi":"NA","zhvi_yoy":"NA","zhvi_base":"NA","zori":"NA","zori_yoy":"NA","zori_base":"NA"}},{"type":"MultiPolygon","arcs":[[[109,-5]],[[110,-62,-81,111,-3]]],"properties":{"postal_code":"35458","realtor_list_price":"NA","realtor_list_price_yoy":"NA","realtor_list_price_base":"NA","realtor_active_listings":0.333,"realtor_active_listings_yoy":-0.9,"realtor_active_listings_base":-0.7717,"realtor_new_listings":0,"realtor_new_listings_yoy":"NaN","realtor_new_listings_base":"NA","realtor_days_on_market":"NA","realtor_days_on_market_yoy":"NA","realtor_days_on_market_base":"NA","zhvi":"NA","zhvi_yoy":"NA","zhvi_base":"NA","zori":"NA","zori_yoy":"NA","zori_base":"NA"}},{"type":"MultiPolygon","arcs":[[[-85,-77,112,-33,-8]]],"properties":{"postal_code":"35480","realtor_list_price":1702475,"realtor_list_price_yoy":4.3252,"realtor_list_price_base":"NA","realtor_active_listings":2,"realtor_active_listings_yoy":-0.625,"realtor_active_listings_base":-0.5819,"realtor_new_listings":0.667,"realtor_new_listings_yoy":-0.75,"realtor_new_listings_base":-0.694,"realtor_days_on_market":107,"realtor_days_on_market_yoy":1.6258,"realtor_days_on_market_base":"NA","zhvi":261917.644,"zhvi_yoy":-0.0296,"zhvi_base":0.3947,"zori":"NA","zori_yoy":"NA","zori_base":"NA"}},{"type":"MultiPolygon","arcs":[[[-52,113,114,115,-104]]],"properties":{"postal_code":"35111","realtor_list_price":354689.619,"realtor_list_price_yoy":0.1772,"realtor_list_price_base":0.5992,"realtor_active_listings":90,"realtor_active_listings_yoy":0.0887,"realtor_active_listings_base":-0.1925,"realtor_new_listings":28,"realtor_new_listings_yoy":0.0769,"realtor_new_listings_base":-0.2272,"realtor_days_on_market":62.738,"realtor_days_on_market_yoy":0.0341,"realtor_days_on_market_base":-0.1993,"zhvi":295029.512,"zhvi_yoy":0.0154,"zhvi_base":0.479,"zori":2022.083,"zori_yoy":0.0461,"zori_base":"NA"}},{"type":"MultiPolygon","arcs":[[[-67,-32,116,117]]],"properties":{"postal_code":"36765","realtor_list_price":"NA","realtor_list_price_yoy":"NA","realtor_list_price_base":"NA","realtor_active_listings":"NA","realtor_active_listings_yoy":"NA","realtor_active_listings_base":"NA","realtor_new_listings":"NA","realtor_new_listings_yoy":"NA","realtor_new_listings_base":"NA","realtor_days_on_market":"NA","realtor_days_on_market_yoy":"NA","realtor_days_on_market_base":"NA","zhvi":145949.795,"zhvi_yoy":-0.0237,"zhvi_base":-0.0015,"zori":"NA","zori_yoy":"NA","zori_base":"NA"}},{"type":"MultiPolygon","arcs":[[[-68,-118,118,-28]]],"properties":{"postal_code":"36738","realtor_list_price":199900,"realtor_list_price_yoy":"NA","realtor_list_price_base":"NA","realtor_active_listings":1,"realtor_active_listings_yoy":-0.625,"realtor_active_listings_base":"NA","realtor_new_listings":0.667,"realtor_new_listings_yoy":"Inf","realtor_new_listings_base":"NA","realtor_days_on_market":7,"realtor_days_on_market_yoy":"NA","realtor_days_on_market_base":"NA","zhvi":"NA","zhvi_yoy":"NA","zhvi_base":"NA","zori":"NA","zori_yoy":"NA","zori_base":"NA"}},{"type":"MultiPolygon","arcs":[[[-106,119,-115,120,-89]]],"properties":{"postal_code":"35184","realtor_list_price":238034.8,"realtor_list_price_yoy":0.0031,"realtor_list_price_base":0.7354,"realtor_active_listings":13.667,"realtor_active_listings_yoy":0.5769,"realtor_active_listings_base":0.8107,"realtor_new_listings":3.333,"realtor_new_listings_yoy":0.25,"realtor_new_listings_base":0.9536,"realtor_days_on_market":70.2,"realtor_days_on_market_yoy":0.8973,"realtor_days_on_market_base":-0.2793,"zhvi":205618.639,"zhvi_yoy":0.0287,"zhvi_base":0.5106,"zori":"NA","zori_yoy":"NA","zori_base":"NA"}}]}},"arcs":[[[248751,799131],[1057,3718],[1260,2144],[1663,1106],[7823,1180],[-873,-1248],[69,-966],[1682,-192],[2470,933],[1033,1211],[-124,2590],[541,1075],[1899,1254],[1011,1776],[1207,-711],[162,2004],[1104,2325],[1945,1725],[616,1601],[-906,998],[-863,3315],[1078,1243],[598,1998],[-1019,2344],[269,792],[1539,841],[-671,1599],[-208,1742],[797,1459],[-320,4251],[1648,-2241],[2891,-2307],[4777,-1877],[33,1165],[-157,2770],[1285,2767],[-732,2968],[124,1556],[-1944,1651],[2928,2176],[1272,2913],[-933,2050],[-8,2132],[-1225,1905],[-753,2400],[1003,2582],[163,2012],[1740,1231],[-448,3487],[1037,1028],[3744,953],[2336,1180],[1443,1801],[-1190,1801],[-12,2296],[-945,1351],[-324,3368],[-2334,2615],[-618,382],[2711,1123],[1908,1235],[5792,5805],[1423,1685],[2565,3585],[1165,641],[1922,126],[2888,-492],[-1347,1500],[-440,2317],[-4536,4353],[-1184,2631],[-2268,2738],[-2840,2725],[-1742,1388],[-852,2077]],[[293556,920790],[2532,-203],[2379,-1314],[5777,1536],[468,444],[3295,-315],[2929,1221],[956,777],[4088,980],[1119,1739],[1262,685],[1342,1590],[916,2961],[42,1960],[1261,3035],[693,776],[285,1701],[1466,1378],[570,-984],[-74,-1091],[1691,-1630],[1826,-2924],[1672,-1554],[3265,-2195],[1255,-1718],[1981,-1787],[1911,-3394],[2522,-1984],[2555,-1549],[2184,-2174],[1700,-1045],[1665,1452],[1559,125],[1863,1336],[1113,2701],[2406,-1089],[957,127],[2588,-755],[727,-1418],[1625,573],[834,1400],[1818,590],[1909,79],[924,1138],[-277,1981],[454,1893],[1164,564],[1873,-1156],[2612,-86],[522,-389]],[[373760,924778],[262,-16683],[230,-2631],[-268,-2003],[172,-3632],[1458,-232],[790,-1931],[1678,-999],[1733,-9],[953,-2770],[1156,-1989],[-63,-1114],[-1060,-1636],[141,-949],[-1120,-1005],[-286,-2025],[-1123,-3086],[933,-2044],[1502,-432],[689,-856],[-184,-1096],[1034,-2082],[-815,-1729],[-145,-2100],[976,-2527],[-80,-1036],[1268,-1864],[2799,-324],[1544,-1676],[-407,-1507],[103,-3134],[-1495,-707],[5449,-400],[2977,-3141],[1215,-1608],[3343,4],[2217,555],[933,-1902],[3007,426],[1137,-685],[1484,203],[-224,-796],[1035,-388],[771,-1443],[3451,-2239],[3589,-571],[112,-2984],[-299,-2063],[-937,-2007],[226,-3167],[-2292,-567],[-1742,-3280],[-983,-3155]],[[410604,829762],[-969,-4034],[-1004,-1346],[1611,-1441],[1366,-2306],[-112,-3065],[1586,-1565],[1804,-730],[2624,-120],[435,-855],[2078,-848],[-2408,-2100],[-1090,-2480],[-1450,-1011],[-2010,-3881],[-242,-2129],[3289,-1784],[511,-1056],[-370,-3294],[-1003,-331],[-4094,581],[-692,1629],[-2535,1964],[-2220,313],[-263,-2385],[714,-2857],[-182,-971]],[[405978,793660],[-2132,889],[-1015,-221],[-2457,757],[-1278,964],[-1362,-284],[-2583,741],[-1008,-3729],[-1273,-133],[-1129,-1302],[-1406,144],[-1659,-1151],[-1198,4],[-1902,-1281],[1492,-3008],[-393,-5713],[-235,-635],[-58,-129],[-1968,-3759],[419,-367],[2835,285],[2028,-354],[1240,-1091],[5338,-6677],[1943,-3229],[3862,-2887],[3021,-3548],[1070,-791],[2234,-442],[-191,1143],[3292,-146]],[[411505,757710],[7131,1053],[1381,5]],[[420017,758768],[-1969,-1523],[5316,1150],[-651,-2155],[-1439,-1016],[-2702,-1796],[648,-1643],[-1340,-369],[-466,-832],[709,-2054],[1542,-1573],[812,722],[60,-1352],[1683,-2572],[1014,-666],[-2029,-573],[-1076,-2850],[-285,-1943],[-1237,464],[-2110,-1405],[262,-2091],[-933,-759],[-169,-1992],[-2069,-2631],[-313,-1380],[-1042,-231],[-648,-1813],[-2881,-147],[-142,-1332],[-1541,-1573],[-366,-1998],[689,-962],[-689,-611],[-593,-1843],[-768,47],[-334,-1196],[-1510,736],[-50,-1209],[-712,59],[-568,1422],[-93,-1293],[-1093,-786],[-102,-1177],[-1155,634],[-1570,-979],[-945,-2037],[-912,371],[1054,-1278],[-1683,-1036],[811,-759],[-1480,-332],[1115,-1221],[-1257,-944],[872,-1369],[-162,-944],[1115,-703],[-1115,-2016],[891,-314],[-831,-833],[-1176,702],[203,-1184],[-3548,-1054],[405,-1832],[-1723,-1387],[61,-870],[-1683,-666],[-405,-814],[852,-1759],[-770,-332],[-264,-1277],[953,-1942],[-669,-778],[-2858,-703],[871,-1850],[-81,-814]],[[385748,683702],[-709,-1444],[-1784,796],[-1337,-222],[1601,-2183],[-283,-1591],[-1622,73],[-340,-1723],[-1187,-138],[1093,-1638],[-1592,38],[-306,-1059],[-4320,599],[-907,-1279],[-689,75],[-202,-1666],[-1480,592],[-547,-1295],[-2007,-483],[-1702,-1184],[-2999,-315],[-487,-556],[325,-1573],[-1459,-129],[42,-1240],[-2270,-1740],[-1723,1146],[-1399,1943],[-2817,-539],[-121,-1350],[-1863,-1185],[-1825,498],[-586,-1054],[-2898,-316],[-721,-610],[-891,592],[-791,-1534],[-1682,-296],[-1399,-1109],[-1236,241],[404,-1795],[-1257,-1276],[-1580,-277],[-791,556],[-1540,-1961],[-1763,426],[608,795],[-2432,-1163],[-1661,-112],[-1521,-1220],[-2451,-203],[262,-962],[-1175,-92],[-93,-1380],[-1126,-363],[223,-1478],[-1419,-1406],[-1357,149],[41,1610],[-1439,74],[-41,-1388],[-1316,370],[-20,1221],[-2169,-591],[-446,-778],[-3951,-998],[-1215,-1554],[-365,-1387],[-628,370],[61,2331],[-1297,-1369],[-567,2183],[-345,-240],[-1134,-3571],[-1723,-315],[102,-610],[-1337,-1351]],[[304170,643089],[-932,-425],[182,1794],[-933,-351],[-465,-1110],[-1824,-333],[-243,1072],[-1499,-2700],[-1418,443],[932,-1516],[-1762,-223],[425,-1517],[-972,870],[-2107,-629],[-607,-1592],[-1945,-2203],[82,-3089],[-304,-999],[-1742,-1629],[-870,-2110],[-141,-1775],[-831,-573],[-1479,684],[264,-1073],[-952,-925],[649,-1611],[-668,-332],[-1560,1110],[-1600,-1832],[-3401,-1999],[709,-1111],[-1479,-370],[588,-518],[-1032,-2682],[-1722,295],[-4233,-205],[-1053,499],[142,907],[-1965,1202],[-587,-296],[183,-2036],[-1215,-167],[-669,833],[-384,-1814],[-1256,1239],[-2914,-3461],[284,-629],[-5265,127],[345,-1572],[-1984,-20],[-912,-667],[-1115,1796],[-1500,-832],[-930,1426],[-1945,-2200],[-1458,-259],[-1722,611],[445,-1110],[-1397,55],[-163,-2015],[-1234,517],[-648,-702],[-1317,315],[-810,-924],[-1579,389],[-466,-555],[1275,-1166],[-486,-313],[-2571,833],[-1033,-1055],[-1404,-384]],[[233972,602497],[-2693,1926],[-23397,11159],[5282,2067],[264,1832],[1012,351],[385,1591],[1175,389],[992,2350],[-608,314],[-4253,55],[-1883,1092],[-1398,2110],[405,2053],[2067,2072],[1600,2610],[-81,5142],[952,4051],[2310,1926],[1054,295],[1560,2738],[223,2089],[1296,538],[3812,3575],[1277,389],[-1864,1869],[-283,1480],[958,1665],[-593,1128],[772,3000],[1114,939],[709,76],[345,1388],[2432,1461],[528,2348],[2116,736],[1107,1077],[426,1314],[-3080,-36],[-2230,1018],[-1986,1425],[-2169,-1202],[-1154,1795],[-1885,-425],[-1237,1701],[-3988,-1041],[-1408,665],[-1868,2698],[-266,2090],[-4503,197],[2522,2798],[-534,1129],[-170,2973],[-710,2276],[-142,2478],[-2515,4201],[-3021,3644],[-2068,1238],[-3677,3240]],[[197003,706554],[495,589],[1461,-277],[-305,710],[2553,-23],[932,-3202],[548,741],[1987,-56],[0,740],[1196,111],[2129,-924],[-445,906],[932,18],[-263,944],[2332,-500],[629,1240],[1744,-111],[-305,1092],[1805,0],[507,887],[1359,-186],[1298,815],[3487,-240],[1561,-982],[1704,500],[2332,1387],[568,1184],[1744,-57],[2374,999],[689,-739],[1967,-187],[3731,166],[973,-648],[1014,758],[2170,-612],[-567,611],[628,962],[1926,-130],[2616,-1889],[670,480],[1439,-536],[5664,2622],[112,575],[-1212,704],[-1003,1194],[-2746,-1279],[-2685,-91],[-3521,1918],[-1305,289],[-2195,-537],[-1361,32],[-4000,797],[-1345,-94],[-2582,-803],[-1793,-68],[-3047,858],[-1152,667],[-4155,3264],[-2453,4291],[-756,2077],[2397,1077],[284,1128],[-608,629],[1602,2941],[1177,37],[547,1166],[1461,-536],[2293,554],[1278,1572],[1420,721],[872,1443],[-668,3478],[1035,1407],[3328,1405],[163,1425],[1217,479],[549,1443],[974,37],[365,1073],[1116,148],[61,1128],[2175,4224],[1259,1202],[427,1221],[1359,333],[995,1091],[-445,1462],[549,2257],[2858,2114],[2156,937],[1097,1404],[-38,4700],[2212,961],[1016,1016],[197,1037],[1639,1628],[1380,611],[2332,3016],[177,1232],[3468,2538],[1497,530],[1279,6782],[1551,-32],[3162,935],[774,974],[1186,200],[1016,1086],[-585,1344],[-11196,2637],[-5654,1021],[-358,-928],[-1005,114],[-3169,-122],[-2506,1340]],[[559383,612769],[381,-216],[-1519,-1683],[-1569,-2785],[-905,-1056],[265,-706],[-5009,-6223],[-706,-1854],[-356,-3040],[2362,-50],[2014,475],[12238,28],[213,2],[428,-1100],[1751,-991],[2004,91],[967,520],[-11,-4335],[12673,-45],[-53,-2924],[8854,188],[3056,-1955],[297,-1378],[-764,-2788],[544,-466],[270,-3741]],[[596808,576737],[-1663,-1187],[-748,-1192],[355,-1307],[1941,-883],[1358,65],[1828,-1048],[1210,-1434],[1233,422],[-518,-1003],[2609,342],[3458,-1821],[283,588],[1922,-736],[1688,1114],[-885,-4057],[-2935,-1754],[-1985,-1766],[401,-1896],[-567,-1073],[99,-2384],[-527,-1185],[1358,3],[27783,-96],[49739,-589],[-39,-2629],[553,-4217],[333,-55514],[496,-19025],[-319,-9696],[-476,-12996]],[[684793,449783],[-36,-5098]],[[684757,444685],[-1737,-79],[-2875,-952],[-3938,-44],[-910,-1125],[-2235,-1851],[-3179,-538],[-2173,306],[-1725,-197],[-1935,329],[-622,-1322],[-1709,-327],[-1030,-900],[-3863,1231],[-1096,-656],[-3167,522],[-504,654],[-2258,-162],[-2984,3346],[-321,742],[-1595,866],[-525,1514],[-1190,1096],[-1897,517],[-2144,-256],[141,-1584],[-528,-1137],[-2901,-2277],[-1036,-275],[-931,-1087],[263,-1507],[697,-988],[737,-2626],[-106,-1765],[-1325,-1598],[-2699,-1175],[-1840,-2848],[-1964,-2007],[186,-1736],[-2417,1579],[-2304,558],[-2619,-495],[-1600,-1279],[-2035,-321],[-564,-1602],[-1208,-1151],[-1048,503],[-917,-513],[-1538,-3566],[-2103,-571],[-1589,87],[-1004,-1493],[-1827,-783],[-1549,-43],[-1284,1484],[-2824,-130],[-625,-418],[-413,-1106],[582,-2650],[-1013,-321],[-2495,179],[-610,-254],[-791,-3585],[-651,-546],[-1213,-2751],[-905,-914],[-558,-1437],[3045,-1812],[82,-1276],[2763,-256],[935,-580],[1417,702],[547,-609],[584,-1914],[2035,-1826],[105,-2295],[1408,-2131],[698,-2989],[1932,-1652],[-49,-1171],[2318,-3480],[183,-3768],[1077,-954],[-1432,-59],[-1567,506],[-1181,1009],[-1499,3382],[-3460,3877],[-4365,2291],[-1402,2200],[-2516,1883],[-1359,1170],[-2101,2969],[-2555,2184],[-1343,1706],[-572,2594],[-426,472],[780,1952],[-10105,6343],[-1291,2461],[-1997,-468],[-779,-910],[-2013,27],[-1750,-1681],[-3484,-244],[-2953,151],[-3851,-715],[-469,1267],[-2224,3646],[-1037,-785],[-383,-1688],[-1627,-1166],[-423,967],[-1792,709],[-1667,-877],[-2021,223],[-867,-596],[-995,972],[-2328,-1408],[-2418,75],[-1058,1016],[-331,1260],[-1148,97],[-1757,-1518],[-913,-139],[-1523,744],[-1286,1841],[-1928,100],[-1342,1280]],[[527039,416359],[-135,2504],[-1758,182],[-151,959],[-1746,690],[807,622],[-1634,2206],[-2191,2101],[-307,1203],[-1811,2354],[-403,1170],[-1181,-52],[-185,818],[-1540,498],[-1584,-288],[-3071,608],[-1206,776],[451,1240],[-739,-43],[-311,1831],[-965,1003],[-2209,437],[304,713],[-555,2773],[-1264,1257],[-68,1016],[-874,100],[-1477,2166],[447,925],[-1379,-257],[266,1675],[-1601,887],[-599,-904],[-3001,1736],[-1924,281],[-2142,23],[-800,608],[-3247,-167],[-262,1083],[-2213,-485],[-1988,1378],[-510,2004],[-1346,1159],[-1400,-1600],[-1219,405],[-1394,-1128],[-1084,684],[-1104,-640],[-388,671],[-1261,-106],[-315,-999],[-995,348],[-623,-1461],[-692,1094],[-750,-1411],[-898,-312],[-1622,-1835],[-2650,1684],[1062,1055],[2104,904],[-1,333],[1566,577],[3893,3401],[1315,589],[335,1613],[6798,14732],[4116,5925],[1459,2392],[-3474,1031],[-2400,466],[-2177,1460],[-648,1048],[472,1128],[-746,1899],[-1823,453],[-1360,2383],[-340,1710],[-1019,1900],[-1794,1464],[-3819,1470],[-2606,487],[363,927],[-1593,2292],[421,1244],[-1465,35],[-3358,-1575],[-1065,-1019],[-3454,-691],[-2742,-795],[-1678,-824],[-1254,-1932],[-1993,-1381],[-709,-25],[-1899,1267],[-358,2422]],[[444671,498908],[1812,427],[969,794],[1408,2070],[1811,1588],[2723,3389],[1631,2976],[-803,1750],[-1536,825],[-1275,105],[-4490,-1018],[-3040,-1760],[-2085,-71],[-539,642],[-547,1934],[920,1826],[3130,1160],[1758,936],[1983,1460],[152,529],[-718,948],[-4007,1881],[-1673,2031],[-295,2497],[694,2482],[-622,2358],[-1943,1180],[-394,1181],[705,948],[1422,172],[4181,-138],[1084,-312],[2276,-2720],[1653,-382],[875,1180],[901,2464],[3779,5434],[1570,552],[4085,-819],[2542,-50],[3243,475],[2587,1724],[1072,1441],[899,3005],[28,2145],[-783,1014],[-2880,1471],[-1658,1831],[-841,2651],[-819,1529],[-298,1534],[1321,2870],[-55,1330],[1786,1373],[1403,-1354],[1591,-616],[2101,184],[1112,895],[1477,2594],[1246,1041],[1467,393],[2044,-221],[-700,-714],[644,-2312],[1408,-2627],[3942,-1895],[2157,875],[4230,7790],[1595,1903],[1166,2124],[1778,1153],[2100,-629],[467,-814],[-626,-5599],[1221,-1911],[2278,-615],[1313,278],[2328,1491],[1118,1975],[302,4936],[387,2328],[681,1147],[1372,797],[1376,-64],[4247,-1565],[2771,-720],[1486,-1009],[-321,-2338],[88,-4213],[1174,-2711],[2025,-3359],[1964,-1466],[989,117],[5209,2275],[1963,1092],[639,864],[-88,1250],[-1694,1553],[-3734,4279],[-517,970],[315,4537],[-1032,1621],[-2359,2543],[-1038,3539],[169,1730],[1457,1077],[3242,673],[2913,-399],[1627,404],[1255,1380],[-1106,2149],[-2528,2625],[-1388,4180],[-28,1673],[2045,1246],[3317,-28],[2945,280],[2564,-377],[2235,-803],[2093,7],[2382,973],[2770,1638],[2443,1926],[1703,1927],[1775,1340],[1365,1712],[197,1204],[2501,2690]],[[126088,553895],[293,-2662],[18,-3080],[465,-2535],[-749,-3293],[0,-1536],[1051,-2129],[1558,-1276],[323,-4125],[-264,-3849],[283,-924],[910,-1110],[3155,-2276],[870,-315],[162,1776],[1537,166],[869,-1831],[1012,-150],[565,-4014],[549,159],[1270,-2305],[991,-427],[2164,55],[1953,-653],[6023,-15887],[1292,-8208],[346,-3654],[11042,-209]],[[163776,489603],[25742,-303],[2409,-17]],[[191927,489283],[4881,197],[12278,2586],[1447,173],[970,-81],[9431,-2321],[-220,-2018],[607,-2257],[-223,-3609],[1638,-2775],[282,-1701],[-1355,-5366],[80,-1480],[910,-926],[-304,-1720],[93,-3636],[826,-1929],[7350,5361],[3226,4107],[-1306,610],[-464,2257],[-3759,1648],[-525,1497],[-951,57],[-1515,1073],[-1072,1610],[-404,1461],[-2203,1554],[-383,3961],[1289,1817],[24525,-6396],[-1477,-2498],[-1316,-1200],[-420,-1978],[-705,454],[-946,-1903],[-33,-1122],[556,-2447],[-631,-2411],[-1035,-2505],[-1742,-1636],[-1538,-586],[222,-832],[-791,-7142],[-769,-2109],[-910,-1221],[-41,-2091],[-669,-1881],[-1172,-616],[363,-1981],[989,-1073],[-1374,-1295],[951,-2738],[-1794,-148],[106,-1814],[-1189,538],[-503,-518],[973,-1020],[-1006,-1368],[-1512,18],[-1582,-2030],[132,-6036],[-226,-11869],[4970,2973],[2023,1659],[3114,2999],[1094,717],[1286,382],[19608,4778],[5464,-14683],[983,-1211],[2706,-2426],[18437,12762],[1512,1132],[3250,2726],[2658,2511],[12426,-3328],[46,-6175],[4107,-268],[-80,-6595],[-4234,1028],[-13575,273],[-1202,-366],[-610,-1016],[-537,-4648],[-595,-5604],[680,-3775],[2386,-3094],[-19681,-15976],[-2046,-3496],[-2133,-4071],[-1827,-1672],[-12900,-9340],[5157,-2618],[4594,-3231],[657,-1616],[7263,3620],[401,-1259],[3503,-1026],[494,-1245],[4073,-1221],[3894,-1484],[2552,-91],[1407,-3664],[3616,-5113],[368,-4623],[3980,185],[3241,165],[2705,914],[4034,2955],[2355,948],[1606,158],[11492,-186],[-546,6085],[3947,-264],[6013,-207],[3189,74],[1533,332],[-120,1074],[545,1165],[1897,369],[949,1128],[61,1370],[1812,-520],[-338,6657],[1342,-373],[-925,-964],[468,-859],[1490,-823],[1271,455],[427,1386],[628,-1686],[1085,854],[591,1378],[1211,-1017],[1268,-1931]],[[350507,359426],[-89,-642],[1236,-840],[6359,-3285],[944,169],[3160,1422],[3372,658],[5657,-40],[4935,293],[816,222],[704,879],[-1220,4778],[306,1577],[1052,498],[2668,-74],[3641,-1813],[1590,-1161],[4960,-5223],[6123,-5698],[1319,-1810],[1816,-4284],[-201,-1533],[-1554,-4469],[-730,-2894],[-1587,-620],[-5359,758],[-3050,-353],[-2256,-882],[-1594,-1141],[-2791,-4674],[-1120,-4019],[-317,-2395],[690,-3598],[1216,-1632],[2060,-2076],[1636,-1217],[7071,-104],[940,579],[2606,3727],[2108,1465],[1832,827],[4477,1138],[1898,-465],[2167,-6400],[-26,-781],[-2189,-3563],[-316,-3137],[819,-3383],[1665,-4160],[1978,-2541],[2951,-2808],[382,-1185],[205,-1725],[-827,-3117],[-1013,-1752],[-2525,-1948],[-677,-868],[-1017,-2612],[533,-3113],[549,-1330]],[[408490,277051],[-256,-61],[-991,3808],[-118,1779],[519,1188],[1516,1704],[1227,845],[1884,1954],[788,2557],[189,1956],[-260,1270],[-1826,2108],[-2587,2554],[-659,1003],[-1751,4039],[-1135,4679],[12,993],[778,1992],[1827,2813],[-1818,6575],[-1312,681],[-2338,-425],[-3825,-1210],[-1522,-784],[-2042,-2088],[-670,-1405],[-1347,-1543],[-2750,-201],[-4846,106],[-1708,1208],[-2838,2502],[-807,1533],[-729,2925],[-519,-361],[-1741,-242],[290,-282],[-176,-484],[-1039,-23],[-633,-1759],[-42,-2547],[-2415,-3353],[-508,741],[-577,-621],[-1399,114],[-1063,-873],[-2338,-258],[-2152,561],[-1360,-818],[-464,-1287],[-1904,-330],[-1287,296],[-1843,-634],[-1461,-1451],[272,-1114],[-1891,-1729],[-383,-1034],[1889,-3095],[-1661,-2632],[-836,-176],[-2204,1613],[-786,975],[-1668,701],[-3300,96],[-2476,-449],[-1137,-521],[-2845,-3071],[-1113,-3325],[-1961,-2073],[-5118,-528],[-2198,-701],[-2403,-46],[-5191,-1030],[-1916,181],[-3149,-446],[-483,394],[-3282,848],[-1150,662],[-462,1076],[202,1530],[-761,3623],[-429,514],[-5103,118],[-1252,-945],[1914,-4275],[1586,-2541],[-2531,-1694],[-2424,-338],[12180,-10721],[8658,-7653],[2422,-1885],[1250,-571],[10345,-2942],[35,-720],[1513,1584],[1752,1188],[3408,-2313],[-99,-2257],[223,-1060],[-190,-2243],[-3266,-2293],[-1532,-1831],[-1069,-2164],[160,-1628],[-887,-1018],[-2277,-257],[-1451,-1503],[-1049,-389],[10155,0],[1026,-901],[295,-1686]],[[343816,245800],[-1980,-853],[-4284,-2585],[-1203,-374],[-4765,-738],[-6722,-1389],[-1004,794],[-667,3110],[-560,964],[-2963,3360],[-3665,3054],[-1241,837],[-2860,1339],[-2436,629],[-2352,214],[-2297,-524],[-2861,-2041],[-1342,-1258],[-1725,-827],[-1524,-75],[-4099,318],[-2879,-1368],[-3755,-2183],[-6596,-3168],[-2895,-1504],[-5984,-4736],[-2350,-879],[-2726,-684],[-4167,-1530],[-1897,-466],[-6168,-2140],[-7163,-2426],[-3439,-609],[-2904,-244],[-6627,-176],[-5353,-517],[-4207,-879],[-2084,-620],[-6707,-2758],[-1307,-390],[-2314,145],[-1222,1057],[-879,1925],[-1420,4344],[-856,1599],[-6179,6578],[-2891,2494],[-3164,3366],[-1236,2457],[-339,3193],[738,5224],[382,2569],[555,1826],[1483,1757],[2903,1021],[2463,-159],[5463,-1028],[2071,659],[1980,1415],[1513,2708],[642,5238],[1007,3390],[145,1680],[-247,2526],[-3533,5571],[-493,2376],[259,1753],[1215,1613],[3178,2683],[6383,4289],[1942,2143],[141,1548],[-546,1127],[-2718,2333],[-2359,1346],[-3245,1447],[-1640,-509],[-1907,-3178],[-1006,-1143],[-2280,-1213],[-4150,-1352],[-2194,-1312],[-5879,-2054],[-4720,-378],[-6497,214],[-1440,747],[-8860,3633],[-2193,1243],[-3159,3114],[-1543,2215],[-261,943],[665,2028],[831,525]],[[168647,310214],[3688,484],[4803,-361],[4953,1430],[4248,2182],[2325,861],[1839,1352],[388,1272],[210,2737],[2297,5283],[-1705,3306],[-2564,3379],[-1754,1977],[-2070,1577],[-3596,2057],[-1588,1216],[-1560,1591],[-1420,2781],[-2256,4957],[-314,1042],[178,6204],[-460,2687],[-1487,3445],[-543,3090],[805,2770],[2883,4123],[2271,1721],[3034,168],[3944,-790],[3638,-1154],[3112,-2661],[3054,-1177],[2020,736],[552,525],[1519,3216],[2062,2735],[3035,2112],[1994,3788],[229,1203],[-349,1224],[-2652,4734],[-3872,5259],[-1815,638],[-2607,-698],[-299,444],[-3813,-1687],[-4888,-2767],[-4881,-1992],[-2940,-200],[-2495,2115],[-747,1825],[-3100,4738],[-4151,2863],[-3456,3643],[-1435,2718],[807,1241],[2787,-721],[443,1777],[-909,2017],[-1071,961],[605,1369],[-1475,1554],[-102,1054],[827,705],[-1334,2422],[-162,1499],[5922,-142],[-210,4697],[-918,13],[30,1148],[-829,2604],[-1114,-1],[-419,1504],[-6262,-3487],[-7741,-3765],[-14173,17031],[-1696,869],[28,-564]],[[135945,438720],[-1240,208],[-3951,-304],[-796,749],[-3623,4753],[-1227,1024],[-3698,1660],[-1570,1037],[-1443,2438],[-609,2662],[52,7536],[191,2477],[-319,1876],[-4885,14201],[-971,1023],[-6878,2238],[-3351,2632],[-1785,3786],[-220,1089],[822,1265],[4307,2903],[355,535],[821,4132],[524,464],[1503,59],[5470,-2716],[6907,-773],[2459,191],[772,424],[1595,2517],[1426,3232],[21,1663],[-787,1310],[-1622,755],[-3507,481],[-2360,1023],[-773,807],[-2826,4327],[-1488,4047],[382,1656],[2531,2237],[907,463],[1404,-338],[2806,-3232],[1105,-1017],[2551,-1048],[2884,-886],[2028,-279],[1205,234],[3168,2563],[2198,2758],[660,1779],[-127,1187],[-1212,1062],[-4336,2292],[-1886,1466],[-1041,2210],[221,5470],[-156,827],[-2650,4430],[-156,855],[710,3480],[-287,3168],[-329,3759],[267,2348]],[[393539,167163],[1306,1812],[2163,1990],[2469,1862],[2206,2121],[1545,2659],[1015,2457],[299,2564],[-1120,8410],[-1177,3061],[-73,790],[1629,3697],[743,733],[1680,136],[1654,-1149],[1346,-2493],[1219,-244],[701,492],[1333,2750],[625,2970],[-119,2171],[-690,3905],[-254,5928],[2766,2351],[2028,145],[5933,-2511],[1306,-811],[775,-949],[394,-1851],[-521,-1901],[-271,-2433],[558,-2320],[796,-1113],[1114,-407],[1553,201],[2272,1559],[729,811],[1431,3801],[1300,2686]],[[434202,211043],[3695,1152],[3470,261],[3010,-1063],[2030,-1591],[992,-1811],[1055,-4150],[-202,-1753],[-657,-2079],[2181,-1198],[1829,-290],[4229,884],[439,2920],[1619,2303],[3877,3156],[998,196],[611,-1196],[738,-2105],[-1757,693],[-1326,-477],[-875,-1442],[737,-320],[1401,586],[1150,-353],[813,-1198],[-919,-1236],[-482,-1677],[-1133,-1131],[514,-652],[1306,275],[-230,-1727],[880,-1494],[3114,101],[2139,616],[1529,2208],[1107,550],[86,-4452],[2337,681],[1175,-716],[-1220,-1346],[1230,-1317],[675,1849],[1913,210],[785,-1286],[991,951],[454,2631],[1015,-935],[1079,1472],[1923,-1317],[237,796],[2041,211],[1,-994],[1560,814],[-1002,2146],[1582,678],[1024,2322],[1446,1568],[-702,1057],[1037,1238],[137,-1437],[1164,-466],[869,720],[1318,-5773],[1086,-5116],[-290,-1597],[-2298,-6880],[-2348,-3008],[941,-2219],[3135,250],[4,-756],[-2301,-1039],[-1084,-2461],[1761,-1767],[864,49],[1159,1473],[925,76],[-472,-1361],[26,-2539],[1427,779],[628,-935],[1556,1418],[1403,647],[-459,1919],[2336,-1459],[1556,1497],[1042,-76],[-501,-1410],[-1037,-461],[1461,-1625],[617,842],[993,-195],[1666,-1696],[1936,665],[49,-278],[86,-668],[153,-657],[86,-708],[162,-794],[52,-621],[145,-446]],[[511704,166149],[739,-4083],[2462,-3087],[1431,-853],[2972,-2954],[-37862,96],[-358,-2978],[6506,-2460],[15012,-7737],[12948,-7706],[2853,-2412],[-13784,-198],[-322,-1509],[311,-1545],[2201,-3389],[-2405,-2153],[-896,-2013],[-1481,-1514],[-1381,-774],[-168,-3363],[-5632,-6014],[-3018,-6901],[-3956,-5785],[-1807,-10],[297,-1291],[1083,-2093],[-1287,-9085],[-482,-1554],[744,-1184],[-563,-926],[0,-2516],[2171,573],[2010,-426],[2050,-926],[3438,-907],[2027,-973],[1803,-1458],[2414,-681],[-1622,-4659],[-2131,-315],[-764,-1555],[-1153,-5905],[-183,-2581],[-574,-1227],[-543,-2794],[401,-2888],[-462,-1591],[99,-4595],[-443,-3404],[-1808,-5349],[-327,-2024],[-718,-1560],[302,-3489],[-1051,-2901]],[[490797,26523],[-15250,-76],[13,934],[2851,9293],[1651,6607],[-1697,-1381],[-884,-73],[-1888,-3904],[-39,-1926],[-563,-1164],[-7933,-6775],[-2632,-1166],[-2973,-761],[-783,-1258],[-3273,-1592],[-1144,-1351],[-824,664],[-1809,-480],[-783,-1369],[-1004,1165],[-2712,-1222],[-1326,1294],[-1285,-611],[-1788,388],[-541,-1426],[-2611,-1223],[31,1401],[-2398,-6],[-14,5907],[-7045,-7],[12,-6759],[-8431,750],[40,2034],[-1670,358],[-790,-1346],[-2104,-1163],[-629,-2034],[-2030,-158],[671,1506],[378,1809],[-130,4739],[-605,-38],[-27,-2955],[-1108,-27],[-12,1118],[-1027,28],[-87,2516],[-1964,-41],[-107,-830],[901,-857],[-1939,-1311],[-1506,-1885],[-3184,272],[-1723,900],[1298,41980],[-1440,-1787],[-644,-4607],[-1668,-389],[-1949,-1221],[-2211,-481],[-1548,-1610],[-2773,-2036],[-4079,-1330],[-4221,18],[-1748,425],[-1909,-1998],[-904,833],[-322,1553],[241,2831],[-482,426],[924,1184],[1165,2850],[-241,1646],[1326,1407],[1607,1073],[523,1017],[120,2333],[824,4774],[944,1518],[1286,518],[1326,2633],[-220,2362],[-1821,1099],[54,3282],[1118,1493],[170,3833],[-85,4450],[-1807,1713],[-1155,-1080],[-348,-1766],[-670,3669],[-1470,4569],[-127,1317],[-21,796],[3407,17644],[960,3935],[984,1425],[3025,3547],[3821,4366],[3633,4238],[4675,5550],[443,1184],[-282,3223],[-421,2117],[-57,285],[4438,386],[92,3562],[1371,1184],[508,3280],[-990,1137],[246,2250],[-412,-73],[-10,2364],[1644,3221],[-14271,-12],[-3401,22]],[[642795,273192],[2767,16],[10,10152],[1266,-181],[4110,573],[3719,-108],[2028,150],[77,4074],[394,3227],[2040,-207],[1056,739],[1484,2168],[2622,923],[682,1148],[36,1306],[662,2481],[-830,1638],[-1511,-757],[-2341,-21],[-3113,-329],[-2154,615],[-1841,15],[607,495],[785,3671],[263,2426],[-273,3719],[-78,8559],[950,1999],[-876,1077],[-4060,2524],[-156,1633],[-494,702],[-3692,1550],[-1292,135],[0,2311],[844,8628],[357,3698],[-238,53367],[631,17033],[47,4520],[1602,136],[1311,793],[1183,-453],[1493,227],[3081,-1100],[854,-1086],[1480,-656],[558,-1134],[3279,-1183],[10039,-31],[601,91],[11890,43],[-163,7146],[266,23031]],[[684793,449783],[32206,87],[998,-1139],[147,-2008],[793,-1221],[-652,-3237],[358,-2553],[-1472,-1464],[-1568,-3150],[490,-1930],[-303,-2082],[840,-1608],[1656,1756],[3167,1166],[1662,316],[3129,-259],[3641,-941],[2137,114],[-216,-2593],[-1201,-1646],[-2101,-1374],[1358,-1703],[2952,-868],[2831,1150],[1420,-235],[740,1414],[1434,404],[2031,-682],[2075,670],[1146,-544],[1994,1572],[1001,-1390],[4753,-3828],[2711,-2001],[2022,-2227],[1977,-3927],[4043,-3114],[594,-2773],[1208,-150],[1959,-818],[1729,-1359],[1166,-1460],[685,-260],[1748,354],[1852,-54],[5053,-1502],[2306,-132],[2237,-884],[1952,-1460],[818,192],[2706,-882],[1476,747],[1560,-659],[1669,-40],[2280,705],[2075,27],[4076,-2074],[1985,3659],[1646,5023],[2073,-2525],[5280,-4080],[1588,-359],[786,474],[-300,2258],[538,1130],[984,527],[2252,-804],[497,-1441],[-60,-1771],[506,-1653],[-148,-1311],[1368,-427],[976,957],[1097,2945],[1769,1592],[2138,594],[4081,2106],[1166,1481],[2147,-32],[168,2689],[769,780],[1979,667],[3000,2424],[-1380,1746],[507,1043],[2990,-206],[1065,279],[-311,612],[-2930,484],[-470,928],[192,0],[18674,163],[134,-1690],[1260,-1548],[188,-1556],[-1031,-4572],[-417,-2925],[652,-2026],[1089,-1487],[197,-1876],[1235,-793],[2093,-2998],[2361,-1943],[993,-1548],[1108,-639],[406,-1840],[943,-1041],[2125,-1605],[2080,-874],[2013,-1869],[398,-774],[2528,653],[1210,-1664],[913,-24],[1552,1004],[1331,235],[415,-1125],[2104,-2488],[240,-1551],[765,-1158],[3035,-1616],[1474,70],[2256,1233],[2625,-992],[1431,555],[2079,-514],[3522,-2102],[3372,-2884],[1844,-31],[472,-3447],[1266,-6332],[571,-4480],[723,-4123],[-191,-2295],[-1137,255],[1817,-4998],[416,-2616],[1344,-1360],[2722,2501],[1414,-174],[70,1392],[1414,-93],[708,-1050],[2583,-988],[1682,1415],[557,-605],[1079,1255],[3226,-376],[675,809],[1426,318],[1057,-3362],[-801,-1164],[-1556,-620],[-1622,-1354],[-1188,-3970],[174,-2247],[-343,-1169],[112,-2927],[-534,-3702],[-566,-1198],[261,-807],[2215,-3044],[-3105,-1859],[-1023,-1284],[-1080,364],[-23,-1603],[564,256],[137,-1326],[1484,-378],[297,-2673],[1565,-480],[-116,-2841],[941,-4815],[1383,-960],[-79,-613],[-1732,787],[-1214,-490],[-3390,-680],[-2572,289],[-2263,1230],[458,-2132],[1052,62],[-94,-3662],[-692,-1075],[698,-1748],[66,-28062],[-2234,148],[-2257,1838],[-1069,-58],[-848,-1353],[-912,-553],[-1460,32],[-447,-1283],[270,-1597],[-471,-3772],[168,-1022],[-1900,-3525],[257,-1974],[-727,-530],[-1718,128],[-1006,-1878],[-1437,-725],[-1023,-1528],[-423,-1331],[-958,-875],[-2522,814],[-2884,-657],[-1226,-948],[-2068,-91],[-1276,-537],[-786,1864],[-3447,791],[-1108,-598],[-3632,261],[-1146,387],[-2150,-1500],[-1422,-1486],[-208,-1357],[-1361,-1552],[-777,-148],[-446,-2535],[-1175,-600],[-376,-870],[-2385,-639],[-1053,-858],[-837,-1564],[-1527,-164],[-69,-1393],[-881,-10],[-1748,-1523],[-1676,-2096],[-640,-2341],[-2322,-2116],[-2698,10],[-616,-327],[-1234,1418],[-1196,-469],[-2173,142],[-670,-416],[-1835,109],[-369,-439],[-2278,-684],[259,-1443],[4832,-235],[2007,-1513],[137,-673],[1873,-1719],[1447,-697],[2822,-398],[-655,-1409],[-3313,-377],[-5244,620],[-3056,1354],[-1916,1427],[-1983,322],[30,-5204],[-1310,-667],[-687,-2146],[-967,-1142],[-2925,-635],[-758,-1820],[-2301,-1263],[-2563,-709],[-1453,-928],[61,-2969],[-1112,-1145],[-1601,-2917],[-2556,-819],[-1768,137],[-1267,-1396],[176,-1592],[1653,-1173],[1372,-2745],[1403,-114],[3960,973],[5041,629],[3583,71],[564,2028],[1512,-997],[380,-2909],[793,-1606],[1066,-1090],[-728,-1774],[-1341,-338],[-420,-1453],[-1043,33],[-1843,-1077],[408,-845],[-225,-893],[-1655,-1378],[-1312,-1403],[1042,-779],[1725,418],[500,-388],[256,-2350],[3151,1577],[1482,28],[2132,-1839],[1044,-528],[1582,-36],[2755,1339],[2186,345],[280,-1748],[-501,-868],[-2603,-798],[-2490,72],[-1409,-1281],[-2065,-1153],[1452,-813],[1087,389],[1397,-478],[-1773,-897],[-2756,-434],[-6419,1421],[-1217,-209],[-4400,-2251],[-977,-325],[56,-7595],[-368,-367],[-6668,-1406],[-370,-360],[-1346,-5573],[-314,-467],[-8684,-195],[1685,-2297],[483,-1298],[795,-4443],[1870,-4142],[2352,-3348],[1186,-2158],[-23117,-271],[-4752,-91],[-280,1332],[1632,2654],[389,1292],[-1045,1443],[448,1716],[-10344,25350],[-748,1647],[-669,-2],[-143,2116],[-1943,4814],[-15550,2949],[-2085,257],[-25986,4928],[-1504,227],[-3245,-5900],[-1079,-1414],[-8504,-10231],[-1773,-12],[-824,2083],[261,1776],[-1310,1739],[-2804,7087],[-219,2666],[422,2368],[-1085,1148],[-233,1298],[-9694,1070],[31,4303],[1084,5133],[-1025,1026],[-404,2854],[-591,1155],[-6440,455],[-3931,-451],[-4723,-185],[-23436,-194]],[[668478,202829],[-26,8950],[2280,12660],[723,4409],[-12,4649],[-4,67],[-33,14595],[478,2568],[2164,4050],[1479,1239],[-9426,2747],[-2526,1948],[-11529,846],[-4214,900],[-5064,-646],[-1555,644],[-1133,1156],[-1070,2524],[-57,943],[1184,2157],[652,-34],[1012,1895],[451,1816],[543,280]],[[304170,643089],[1494,-603],[866,-920],[901,-2396],[2051,-1764],[306,-766],[6819,-6966],[1969,-184],[2480,3512],[1405,-1351],[1358,19],[2470,-2462],[2187,-1166],[1215,-129],[890,-3497],[303,-2479],[1498,-1555],[1013,-463],[1659,-5698],[709,-648],[1028,-2329]],[[336791,611244],[-1648,-434],[2,-3191],[2474,-3244],[377,-1856],[960,-1674],[-54,-3197],[1095,-3591],[-103,-1273],[1371,-4005],[2175,-1653],[30,-2149],[1004,-1586],[-127,-1387],[2204,522],[8984,2141],[-301,-2089],[-1902,-1000],[-1305,-1377],[1778,306],[24553,-384],[787,-972],[-180,-13808],[3086,-254],[2183,-5858],[-261,-1656],[689,-937],[186,-1497],[2062,-643],[7764,-4422],[1293,-5125],[1977,-1320],[529,-1500],[806,-445],[-617,-874],[1539,-977],[-194,-1266],[1582,-436],[1461,-1895],[423,-1265],[-2992,-3325],[-2994,-4011],[-2650,-2674],[-1527,-1112],[-3483,-1855],[1125,-1753],[4039,-5257],[5123,-6134],[-496,-1139],[1643,487],[884,-347],[1363,-2283],[1871,-457],[-3982,-3723],[2750,-1088],[-2150,-3325],[2825,595],[2446,-2114],[2767,487]],[[410035,495945],[1633,-798],[816,1501],[918,-222],[1353,-1919],[1207,-258],[112,-1763],[837,-303],[2379,336],[1832,1337],[924,-1117]],[[422046,492739],[-587,-663],[115,-2395],[-342,-2532],[247,-614],[3110,-1464],[889,-905],[1980,-3998],[1093,-1308],[2685,-1520],[1447,-1236],[-458,-1082],[-2840,-274],[-763,-541],[-2140,-4678],[-720,-404],[-1548,878],[-1665,2510],[-1749,127],[-1994,-726],[-1177,-1283],[-676,-2524],[-1363,-1471],[-2284,-400],[-2060,884],[-2478,1787],[-1237,205],[-2331,-1875],[-1432,-852],[-1089,-147],[-1619,806],[-1313,1326],[-904,-318],[-882,-2393],[1022,-3825],[-380,-1284],[-819,-600],[-1600,-153],[-2793,1121],[-2113,2933],[-1950,-145],[-635,-1390],[325,-1175],[4163,-1828],[1321,-929],[736,-1084],[-108,-3681],[-772,-1577],[-910,243],[-1355,1471],[-1589,1216],[-1593,459],[-1778,-41],[-713,-750],[333,-7377],[1313,-4062],[-171,-1146],[-1187,-665],[-1948,-53],[-3453,790],[-1928,-131],[-952,-1400],[261,-5287],[518,-1070],[1706,-1415],[3616,-281],[2281,-547],[818,-738],[354,-1453],[-320,-1121],[-2018,-378],[-3610,692],[-1649,-464],[-1486,-1903],[-485,-3298],[845,-1011],[3928,-1734],[4916,-1587],[1668,-1193],[592,-1661]],[[390362,416147],[-698,-1936],[-1984,-2906],[3011,-2191],[931,-1148],[-30,-712],[-855,-1946],[-1079,-2968],[396,-1128],[3025,-3384],[20,-1421],[-3133,-841],[-1321,-1250],[-150,-802],[622,-4577],[-718,-1974],[-1613,-1831],[-2997,-1284],[-3355,-833],[-1127,-907],[-1500,-2020],[-1172,-3012],[-1578,-2444],[-1442,-1363],[-1725,-1004],[-3026,-625],[-1299,-927],[-1250,-1583],[-2471,-1753],[-3348,-121],[-3830,857],[-2073,254],[-704,-437],[-433,-1011],[-85,-2027],[-447,-1480],[-2417,-3986]],[[191927,489283],[1314,4956],[249,1758],[781,15975],[-16,591],[-1012,2308],[-2088,-1742],[-3195,-1074],[-7502,-1279],[-769,536],[-2446,-611],[-2972,-1278],[-586,-537],[-1557,-944],[-1394,-2683],[-2102,-1889],[264,-2608],[-888,-2370],[-990,-1386],[-746,-2166],[-869,-772],[162,-2363],[-1789,-2102]],[[126088,553895],[-30,55],[1093,851],[162,924],[2245,-907],[4351,389],[1557,572],[686,-2666],[-1032,-832],[529,-1507],[1321,-780],[3407,-318],[1504,-946],[1176,-180],[-102,-2145],[2461,430],[3055,-538],[2530,1609],[2388,1128],[2125,645],[1116,1554],[61,1690],[1236,1004],[975,-836],[1282,-2174],[3060,-2275],[405,-704],[-79,-2183],[-1072,-1147],[2106,-961],[82,-1425],[-1254,-1073],[142,-2833],[-485,-1574],[1083,-1331],[1735,2815],[690,3263],[445,8509],[682,1531],[3414,4392],[1322,1125],[5395,2179],[3654,1639],[3833,2227],[982,1326],[106,1953],[1561,-551],[8875,-6523],[2490,-1807],[854,3822],[546,1093],[3946,-167],[1801,925],[121,1925],[992,814],[7286,73],[2530,-222],[-1680,1518],[-1234,2164],[-602,4816],[-2603,217],[373,1980],[-1033,610],[-748,1998],[-1621,1425],[324,2627],[1680,-333],[1295,425],[2024,-1684],[1680,-278],[1762,1610],[3036,-4070],[1639,-1297],[304,390],[121,813],[-2570,1463],[-243,610],[1235,981],[2368,-297],[244,2942],[5688,-223],[20,1129],[1721,110],[-405,2738],[-707,1240],[-770,-1109],[-2408,2923],[-1579,3257],[204,2091],[-364,1998],[647,259],[2187,-945],[-183,-1535],[1579,-148],[668,-815],[40,-1443],[2855,832],[1337,1573],[-203,888],[-1700,407],[-769,704],[-425,2312],[2247,-111],[-384,1295],[1493,688]],[[511521,644637],[3757,6492],[1399,1980],[3368,3560],[2447,1918],[13364,9255],[3799,2214],[5293,2167],[7532,2306],[8019,2432],[6575,2234],[8246,3843],[192,93],[-634,-3297],[95,-115],[1247,926],[1745,52],[2583,1121],[1851,2254],[2203,-359],[-386,2148],[-872,843],[3624,1735],[-92,183],[-1610,3228],[182,52],[90,31],[1340,501],[654,27],[1785,542],[85,25],[1126,327],[1053,2218],[2458,1789],[2349,1943],[224,388],[3892,-436],[3176,-292],[10,756],[31,2568],[2297,-772],[-6,907]],[[606012,702424],[800,-98],[2160,-169],[-13,2742],[730,736],[1224,-30],[-229,4676],[1530,45],[-498,-967],[73,-4996],[-991,-500],[-742,-1378],[1350,-477],[2054,-126],[1523,-603],[1297,-186],[590,153],[79,3373],[6500,-70],[-59,2978],[2252,-74],[806,-21],[55,-3379],[726,318],[-13,-2903],[-2902,-4115],[-166,-1376],[1785,-440],[2,108],[690,-22],[-2,-154],[825,-16],[1924,42],[-76,5296],[440,1778],[1320,-1274],[1917,516],[82,-1226],[-36,-1922],[-729,-378],[365,-241],[1238,178],[13,265],[554,-22],[267,-530],[524,56],[64,174],[10181,208],[864,-621]],[[646360,697752],[-276,-1526],[1753,-24],[22,-1464],[1407,569],[-17,1218],[1819,1122],[366,369],[-2924,-4109],[18,-607],[3968,-199],[9,-772],[-15,-377],[-38,-321],[2710,-475],[890,10],[4741,335],[861,642],[-112,-347],[-707,-420],[-608,-181],[-637,-59],[-3562,-147],[-631,-21],[-1384,96],[115,-462],[41,-175],[1057,3],[5029,203],[-1652,-1155],[-104,-444],[89,-2736],[282,-4253],[-78,-1955],[2025,-430],[1155,-54],[-244,-1281],[-38,-887],[-73,-727],[145,-1389],[382,-473],[566,-1956],[515,-3055],[555,-1753],[-1502,19],[-518,1465],[-1111,267],[2,-2052],[-2079,67],[-641,39],[-2450,61],[-17,3002],[-501,26],[-629,54],[-519,-15],[-4479,318],[6,-1146],[-193,4],[-301,-1291],[-2099,-63]],[[646749,668840],[-209,181],[-432,798],[-318,-1388],[-5461,193],[-409,2807],[-10,136],[-585,25],[-10,-193],[-2373,-120],[-6739,-510],[-3169,293],[-2227,1872],[-2816,-569],[-2060,650],[-193,-2911],[-1055,-959],[-2159,-3076],[-574,-437],[2018,-1167],[-97,-143],[-310,-737],[220,-669],[515,-1054],[235,-3325],[876,-1762],[-265,-1720],[512,-1936],[-5520,3202],[-1460,157],[474,-715],[-107,-9438],[-932,-708],[-2737,-810],[-1434,306],[-217,1135],[-1863,38],[872,-918],[5888,-2820],[306,-2483],[474,-1510],[-225,-1325],[-2344,-4356],[27,-3096],[1071,-1435],[1004,-3098],[2340,-4396],[216,-901],[-924,76],[-2047,-2469],[-92,-5091],[715,-1239],[-413,-915],[236,-1612],[-1273,-1696],[-1085,-3788],[-3378,-5097],[-65,-1524],[-611,-1831],[22,-1264],[-558,-1799],[-1527,-2793],[-602,-48],[-812,-1466],[72,-1789],[530,-1411],[284,-2220],[-1188,-2258],[-906,-853],[-3152,-385],[-1905,-1739]],[[559383,612769],[2809,2038],[1184,2629],[-118,1151],[-3322,1683],[-213,579],[-2623,816],[-2234,-432],[-2921,-2125],[-3612,-1083],[-1464,-17],[-2590,-595],[-1819,-759],[-2361,-45],[-1360,1467],[-821,3116],[-139,1871],[826,3683],[179,1641],[-298,2871],[450,2289],[2937,3339],[1678,2655],[1125,1276],[1782,2669],[774,2427],[-375,2956],[-350,805],[-2153,2146],[-873,194],[-2103,-382],[-2382,-2217],[-3475,-1485],[-2526,-105],[-1706,594],[-1788,1645],[-2001,3524],[-1417,908],[-1129,183],[-1799,-558],[-1340,-1414],[-389,-1271],[337,-1823],[213,-3376],[-1043,-1305],[-1472,-1019],[-1672,-647],[-2985,110],[-3283,1261]],[[382058,383225],[3532,699],[3620,2083],[-792,386],[1314,2494],[592,2431],[880,1532],[-2047,580],[716,1581],[2321,460],[2264,867],[1193,2424],[-1312,612],[-2945,4080],[-858,-753],[1685,-1282],[-1128,-159],[994,-1334],[-1814,2120],[902,3119],[24319,-7762],[-224,-3355],[-2179,636],[-1455,-109],[-3969,-961],[296,-3759],[-572,-1387],[-2610,-188],[-2265,-1811],[-1127,-2603],[-800,-713],[875,-1792],[931,-547],[-268,-1381],[871,-1603],[-1404,-581],[-3317,-535],[-1894,572],[-3257,-918],[-3480,-1806],[-1574,410],[-38,882],[-998,-11],[-1582,3045],[-4658,3294],[1262,1043]],[[422046,492739],[1209,162],[1876,-866],[2312,-2543],[1225,572],[426,2008],[-74,1279],[427,2426],[536,854],[3602,2147],[944,-265],[71,-2245],[1564,-3148],[2320,163],[1361,676],[-158,1776],[-3801,1848],[-1584,1185],[-4,757],[1766,563],[3774,-1380],[4833,200]],[[527039,416359],[-716,-1308],[-3080,1001],[-852,1350],[-2544,-1769],[2527,343],[1943,-1877],[1422,-650],[144,-1510],[709,-1629],[1698,-1273],[2466,-881],[-376,-759],[-2386,-8233],[787,-511],[1855,-2393],[969,-697],[830,-2579],[-114,-816],[1387,-3299],[-62,-1155],[-982,-2332],[60,-1796],[-1211,-1113],[-2710,2276],[-2453,1066],[-1695,1346],[-4916,-17082],[-2457,1406],[-1626,2746],[-1650,189],[-1281,1353],[-1106,1675],[-616,410],[-602,745]],[[510401,378603],[752,2160],[-1063,-66],[1,832],[-1550,550],[-1041,-308],[100,1038],[-875,-425],[-2034,540],[-37,933],[-2217,1311],[-1190,-370],[-2020,1352],[-456,-1068],[-1261,1233],[-738,-668],[-2758,2214],[-2369,-468],[487,717],[-1692,1092],[715,758],[-1104,524],[-683,-1080],[-1129,933],[420,693],[-1403,-237],[-949,1470],[-339,1800],[-1497,119],[-1797,1334],[-828,66],[48,-1166],[-912,857],[-3118,-712],[-1984,2394],[-1877,1167],[-1150,63],[-1575,1636],[-1185,-5],[206,-820],[-1315,-332],[-2640,588],[-144,-1151],[-1564,1082],[-958,-273],[-1765,664],[-1075,1509],[-951,453],[-1502,-260],[-2395,1120],[-245,1792],[661,529],[-531,1820],[-1546,-57],[-669,722],[-278,-880],[-1039,548],[-217,-1263],[-1225,-717],[-453,1634],[-2228,-812],[-1275,100],[-1318,-680],[-152,-918],[-1012,835],[-895,-467],[-1668,147],[-1044,1163],[-712,-1216],[-1342,641],[-515,-557],[-715,982],[-5087,-7678],[-2611,-2846],[-802,-3008],[-391,752],[-5564,2008],[18,3094],[10403,10896],[-2294,878],[-339,1154],[-860,-464],[-925,603],[-1977,-1847],[-911,1186],[-269,-1270],[-1662,490],[15,883],[-830,339],[-458,-1061],[-942,-693],[-1159,457],[-30,836],[-2226,419],[-138,998],[-1421,-1],[509,1880],[-1305,347],[-809,-520],[-1867,143],[-3182,-211],[-1976,288],[-4338,1255],[-3968,1534],[-2604,537],[-3547,-1235],[-1141,-149],[-2522,411]],[[715699,902193],[3476,5128],[2,1039],[1031,1295],[2402,2321],[3531,2677],[2195,1132],[1778,1270],[855,889],[2238,3241],[2263,2586],[1066,1616],[1593,1604],[5830,4120]],[[743959,931111],[4602,-58],[-46,-11450],[15973,-421],[-210,-11316],[10260,-421],[1460,-1086],[2178,-464],[1040,-2946],[5842,-2546],[704,-594],[-904,-2367],[-338,-2643],[2326,-83],[-217,-9265],[18722,85],[-714,-2828],[-10,-1946],[760,-1114],[3979,-30],[-212,-11941],[14392,-297],[2034,-111],[18,-20674],[12781,-42],[-68,-6042],[12899,-148],[127,-12147],[1915,-20],[11040,-73],[188,-12089],[533,-458],[1719,485],[2529,1690],[1104,1144],[7467,5344],[3478,1042],[625,601],[2789,-1877],[475,-2949],[1326,-544],[6938,4047],[1459,909],[792,422],[2203,1742],[4913,2912],[3704,3843],[4152,2887],[3320,3063],[2463,1706]],[[916469,842043],[1374,-572],[1510,568],[425,-3489],[-3094,-2219],[134,-562],[4035,-3053],[2073,-90],[4519,1651],[1508,-2124],[-86,-2810],[2183,-1257],[1304,79],[1492,-1647]],[[933846,826518],[-440,-1407],[-1298,-754],[-2733,-3011],[86,-281],[234,-11544],[-25846,279],[-155,-11557]],[[903694,798243],[-11404,60],[-290,-834],[-1206,-1177],[-22,-1328],[-2454,-1456],[-3858,-1111],[-190,5035],[-699,9],[10,-2255],[-2528,19],[16,-2349],[-511,3],[-524,472],[12,1882],[-617,6],[8,3486],[-1664,26],[-19936,-271],[-1698,161],[52,751],[-1126,6],[-3172,1155],[-1696,91],[-4087,-2894],[-4423,-1867],[-2090,252],[-1351,-359],[-1531,-1479],[-2918,-3465],[-1309,-931],[254,-537],[-2213,-1567],[-136,-2947],[-2685,-3788],[-272,-1024],[-1262,-1580],[-3159,-3054],[-181,-1161],[-12766,-816],[34,-205],[-9242,-245],[-1328,107],[-10191,-296],[-167,612],[-756,-562],[-1143,61],[-8327,-638],[-4929,-6517],[-1194,-1193],[-3056,-1229],[54,-2632],[-2423,-746],[431,-1310],[477,-3825],[2828,-3645],[1252,-2642],[1000,-3749],[648,-2074],[85,-575],[11,-324],[-102,-1529],[-549,-1501],[-570,-2947],[315,-4054],[117,-1576],[-880,2692],[-1566,-1219],[-703,-1739],[-2560,-1509],[941,-1034],[-2811,-37],[4,-1045],[2166,-1925],[332,-1427],[-1679,-4249],[4045,16],[-419,-2140],[887,-55],[0,2202],[655,-1],[0,-1688],[2330,-856],[2010,-1586],[791,-1176],[792,906],[-98,-234],[-1266,-1596],[27,-78],[2212,12],[3755,-43],[32,-6247],[-605,-8],[-774,-135],[-4514,130],[-1107,-1544],[-274,251],[-104,-131]],[[774962,704680],[-3674,-308],[-6230,1099],[-96,306],[-1482,2142],[706,2470],[-2397,233],[-1599,3435],[-330,1349],[-1138,1697],[-2439,1539],[-543,1933],[-829,145],[-399,1341],[-1029,920],[-962,-6],[-864,1256],[-503,-57],[63,3159],[414,508],[21,199],[-277,201],[-440,-52],[-197,-94],[-862,-756],[-580,-617],[-3646,-1967],[842,-2144],[1272,-1448],[-229,-620],[-2806,221],[-172,-1075],[1205,-1054],[-123,-718],[-1375,-1389],[-3256,2640],[-2591,2376],[-2228,1053],[-2411,628],[-818,-167],[-1476,-1933],[233,-1146],[-918,-605],[-1300,1373],[-1093,524],[-1753,-769],[-344,2872],[999,1973],[1348,891],[47,727],[-1858,1098],[-1171,500],[-2858,960],[-2399,-7],[-366,146],[-231,1320],[-25,662],[-75,542],[-329,1298],[-383,769],[-924,589],[-5649,1095],[-958,-883],[797,-1521],[1538,-1339],[-386,-879],[-2083,-250],[-913,696],[-362,1306],[-1325,1461],[890,1878],[-676,398],[-5170,-522],[-916,72],[940,2340],[-4,1332],[-1122,1986],[543,1357],[1291,861],[455,3178],[1373,1597],[1933,983],[3878,1072],[3057,2261],[1464,177],[-251,1003],[792,801],[-744,2076],[-1685,1751],[-1635,945],[278,23],[-1,359],[-1332,2093],[-1056,771],[-789,2677],[-1543,861],[-2045,1634],[-991,1817],[-1335,1108],[-1658,1935],[-1760,218],[-3273,1711],[-1695,-949],[-2571,-304],[-2303,-2412],[-422,-896],[-885,-79],[-1320,1074],[-836,-407],[240,-1589],[-1055,-951],[-2081,127]],[[684723,768895],[-1395,4426],[-93,1382],[816,1522],[3609,2571],[2322,1071],[2343,617],[5692,545],[2273,340],[3225,901],[1370,657],[719,705],[363,1078],[590,6488],[-249,3012],[-443,1825],[-1443,2550],[-2305,1825],[-4496,1867],[-2485,1324],[-3000,4905],[-1840,4350],[-1464,4287],[-557,2514],[238,2250],[1295,5212],[-102,2786],[-863,4972],[182,2267],[1680,3457],[1499,2562],[1170,2681],[8,2577],[-2152,5655],[152,2953],[708,1716],[1875,2489],[6232,6518],[1494,1932],[1016,1778],[1694,4481],[998,3841],[1108,3124],[1798,7093],[1321,3578],[1077,2221],[2232,3516],[2764,2877]],[[423712,906841],[9848,-5188],[3105,-2174],[2773,-2559],[4,1686],[-602,1907],[-730,1032],[-1869,1198],[-1093,1316],[-2404,7194],[-1050,1491],[-384,3093],[797,563],[86,3826],[-168,1161],[-2659,2532],[-960,1421],[-867,3059],[396,652],[1649,716],[638,1472],[-12,1175],[1454,3636],[4,944],[-2076,2562],[266,2086],[357,6435],[999,3206],[850,1045],[-457,1618],[1007,2154],[94,1012],[1127,2027],[1932,590],[1751,-426],[2089,-11],[1476,1023],[2170,504],[854,827],[1776,-434],[3170,227],[1636,359],[-439,2500],[2086,-1706],[439,-691],[321,1694],[774,-622],[2664,-120],[3114,171],[3454,-590],[2414,-251],[4221,-4745],[2654,-1692],[749,-1032],[421,134],[4053,1634],[292,124],[3508,-2269],[2964,-9547],[-104,-2201],[1332,-1457],[2025,-5380],[2170,-2134],[2772,-1946],[-584,-2935],[15,-1240],[654,-2853],[2155,-4886],[-1106,-60],[-4879,-1108],[-2129,486],[-3127,2432],[-2810,1004],[-3647,-327],[319,-1641],[1280,-3698],[1137,-905],[3075,-1266],[239,-830],[3730,-395],[1610,-431],[2734,604],[3060,-54],[2729,-461],[1742,-956],[-883,1177],[-237,2560],[4487,-3107],[781,-887],[811,487],[2779,4729],[-1307,-110],[-1934,472],[49,6911],[1353,2421],[249,1565],[997,-1348],[683,-1666],[-401,-1593],[239,-1097],[-362,-1292],[146,-2633],[980,-1365],[2080,-2029],[975,-1789],[1460,-706],[-108,-840],[1895,1482],[230,1275],[3504,-294],[2362,-1204],[1997,381],[3174,2290],[3601,-1072],[3408,-2],[2504,-419],[6534,-115],[-19,2783],[-1725,885],[-2975,199],[-29,2044],[-7073,273],[-92,5785],[-2055,63],[-241,1554],[-631,1280],[334,717],[1711,-11],[548,-481],[158,-711],[-123,-681],[257,-1174],[2030,549],[308,137],[901,1607],[-327,10302],[3227,-133],[-16,1494],[3364,-208],[-157,2889],[3221,-156],[-154,11753],[7855,-402],[490,115],[-2328,2816],[-3549,210],[-2695,1177],[-969,908],[-354,-1794],[-4955,254],[172,-8826],[-5849,332],[-2714,-153],[14,-2803],[-3293,-272],[-2970,556],[-2138,-66],[-2317,898],[190,-1984],[-778,-4435],[-1383,-2104],[-118,-1332],[844,-1910],[-2427,-531],[-3793,-1688],[-2346,16],[-1157,6097],[-1911,1512],[-1684,2258],[401,980],[-425,1116],[-983,569],[-51,6282],[-588,1120],[5064,495],[3132,1061],[744,2808],[-217,2573],[92,-13],[519,1688],[-70,5700],[3222,156],[762,-821],[2860,153],[-150,4836],[-516,2002],[-1123,2477],[-697,2341],[1333,764],[2228,-79],[2170,699],[385,938],[8973,303],[8,-1453],[1418,-86],[43,-1452],[1610,-93],[85,-2929],[1626,-88],[25,-2927],[4889,-258],[9,-1326],[3703,-17],[-1315,2968],[-2439,1684],[-806,1337],[-1017,5148],[-1944,1647],[-189,2157],[1644,1686],[1718,-1499],[2243,-1263],[2762,133],[1708,2220],[3980,-149],[678,1751],[943,835],[1631,-785],[386,1658],[-426,1648],[555,1911],[1322,1468],[832,2670],[1671,625],[198,-343],[-126,-2149],[235,-1492],[1169,-2830],[492,-497],[117,-83],[761,-445],[1316,-442],[2906,-300],[350,-828],[-2775,-3994],[168,-470],[1306,-1468],[3862,-7248],[1122,-804],[2394,-1184],[367,-976],[-401,-329],[-1955,-1100],[-1498,-749],[-65,-304],[252,-293],[5071,-659],[259,-237],[-827,-1577],[-1982,-2531],[131,-55],[112,-489],[4159,-1829],[2008,-1337],[2063,-937],[103,-958],[-850,-1760],[-1294,-1473],[-1083,-1833],[-1747,2069],[-654,2444],[-192,1970],[-1024,989],[-993,-231],[-2668,-1967],[-780,-1405],[-75,-3099],[-396,-3109],[29,-2453],[-433,-1768],[-1315,-1837],[-1101,-618],[-3142,-547],[-3732,-3797],[-902,-1391],[-384,-1513],[130,-2609],[885,-2229],[3606,-3181],[1394,-963],[1582,-264],[3307,1048],[920,-21],[3014,-2921],[245,-466],[-2366,-2295],[-456,-553],[-2382,-3145],[198,-617],[295,-294],[-20,145],[-355,795],[1778,2397],[11498,-567],[19127,471],[-894,1007],[-30,1173],[1218,3230],[3705,5130],[1579,933],[1401,1464],[2165,473],[1941,-539],[1198,469],[2240,-340],[1977,2294],[529,1963],[2057,2307],[-99,2401],[2434,-356],[1617,508],[1669,54],[6919,-1429],[1653,832],[5084,-905],[6187,-2788],[942,-207],[2685,766],[2526,-333],[-735,1592],[-1075,632],[-193,1304],[2077,1032],[-22,1055],[-2321,4316],[-175,1266],[771,572],[1353,2555],[-776,235],[447,4716],[2359,1666],[3281,4925],[195,2575],[1739,2643],[86,5546],[-675,634],[1394,1885],[103,1301],[1415,746],[1998,-1465],[4236,-2377],[690,-3226],[89,-3213],[499,-779],[2575,-117],[2124,-2026],[3443,392],[1742,-1061],[361,-2275],[6566,-143],[-144,3031],[538,1261],[1621,999],[1700,-204],[1237,1301],[3259,2255],[4764,2303],[2525,510],[987,-373],[2908,1158],[2013,-680],[703,350],[-771,2970],[-2017,1680],[-2257,1409],[-850,1137],[-1362,600],[-2316,1981],[1896,-329],[14,-1203],[1383,-307],[2686,-2297],[2009,-1680],[1255,-1435],[467,-3120],[1149,-770],[1921,-561],[-376,-2824],[607,-1371],[1417,-950],[1717,35],[1708,1421],[1326,409],[1673,-1553],[2536,-6075],[2476,-764],[675,-1762],[-27,-1213],[1032,-3356],[1181,-1688],[729,-2145],[669,-415],[1241,-3899],[297,-5152],[1295,-1424],[826,-1754],[1150,-1573],[756,-22],[1629,1943],[1920,698],[2437,-55],[2630,-1276],[657,778],[46,1896],[813,434],[3476,-76],[384,-735],[-484,-1964],[358,-1277],[2049,-1531],[2585,-564],[3090,5447],[-39,3158],[958,2043],[703,-1431]],[[752181,948188],[-555,-1197],[-257,-3746],[-1987,-4578],[-1595,-2880],[-1319,-1792],[-1952,-2408],[-557,-476]],[[715699,902193],[-206,597],[-285,954],[-754,-740],[-416,1195],[-1568,447],[-443,700],[704,1293],[-687,1412],[-1912,-730],[-51,-1555],[-456,-263],[-1992,346],[-366,-14],[-562,-335],[-619,29],[-266,311],[-77,750],[80,383],[827,1706],[-1415,2294],[-1773,-1088],[-1575,-292],[-681,-966],[-6,-1032],[-116,-349],[-524,-78],[-314,253],[-1672,1345],[-2734,679],[-969,783],[-766,1382],[-130,650],[258,1204],[652,978],[-1064,-40],[-937,85],[-1663,568],[-17,-59],[-836,-2818],[-1262,679],[-2038,3079],[755,2137],[-2313,253],[-1951,-730],[-674,-1573],[256,-1436],[-788,-393],[-2135,3279],[-2307,-850],[-2004,390],[-862,-2165],[-2840,-2627],[-1942,141],[-617,-1048],[25,-2964],[-2301,-2409],[-265,-2331],[-3092,-4084],[-688,-1593],[2524,-2308],[664,-1191],[2883,-1426],[-353,-2291],[-681,-881],[-951,-2844],[392,-1146],[-707,-670],[-3990,1002],[-2036,-2130],[-3463,-2656],[-2106,-3579],[-1872,-562],[-2726,-1736],[-1476,230],[-652,2062],[-1428,-17],[-643,873],[-1237,-1619],[-2512,-1502],[-767,-1510],[278,-1688],[-395,-2194],[2255,-1262],[267,-2233],[-2571,-455],[-1318,220],[-2803,-2599],[-622,-1033],[-1658,-1185],[-1128,-4793],[-440,-671],[-1030,1250],[-1990,479],[-2627,-423],[-1051,414],[-3516,3186],[-3085,764],[-549,1151],[-13732,371],[-121,-20520],[-6407,350],[39,-2936],[-2380,132],[-2552,1346],[-195,1053],[2894,2066],[1627,273],[-1938,-178],[-671,-418],[-719,-726],[-566,83],[-665,606],[592,466],[-55,533],[-932,948],[779,-973],[-810,-875],[-348,-1924],[288,-751],[-751,-421],[-60,-237],[-756,-386],[-691,330],[-366,-841],[-359,-253],[-286,259],[12,-381],[-710,-663],[-383,-1432],[-1831,1239],[111,-1024],[-1329,-111],[-616,-826],[829,-536],[699,-2120],[389,-2993],[-849,-1545],[-1207,-1079],[-4910,-2153],[-1006,-1222],[64,-2061],[1727,-1964],[1778,-123],[3960,1227],[2042,-452],[859,-715],[1618,-2515],[1951,2879],[770,454],[2563,-476],[1510,-1937],[1073,-2978],[-558,-1190],[-459,-2334],[98,-2047],[1056,-3523],[51,-1255],[-1020,-2781],[-111,-2772],[564,-980],[1276,-610],[3318,1568],[1014,1222],[1296,2755],[2447,699],[1311,-1919],[148,-641],[13,-202],[-16,-289],[-25,-142],[261,-819],[609,-2664],[-911,-5649]],[[610540,793257],[-1791,-1045],[-451,2170],[-303,430],[-1001,-890],[-1637,-230],[564,580],[939,227],[97,794],[640,-11],[225,494],[688,-206],[438,38],[970,1234],[140,1388],[-393,191],[459,1658],[-1131,1003],[-26,-1329],[-745,256],[352,2243],[-479,813],[-3033,-3836],[-3314,-1476],[-1974,-199],[-1146,-1072],[-188,-117],[128,556],[621,583],[812,472],[-864,692],[-418,418],[-531,778],[-96,960],[109,761],[320,568],[168,780],[-232,439],[438,255],[335,867],[-515,-138],[-2369,-285],[-1550,-1804],[453,896],[-43,317],[640,1294],[-265,455],[-262,68],[-384,-160],[67,-655],[-104,-399],[-1198,-501],[-1232,1676],[-1827,-1836],[-477,805],[-1301,-357],[-3066,-16],[-975,-577],[-1219,302],[-1085,1391],[-902,-106],[-73,-614],[1976,-2740],[1426,-1469],[29,-495],[-33,-292],[-107,-414],[43,-71],[-139,-90],[-102,-237],[-1123,-400],[-1432,1237],[340,-3262],[17,-271],[60,-290],[107,-352],[25,-279],[323,-1253],[-2292,-478],[-889,650],[-1211,109],[-951,-3236],[-718,-333],[-921,-1156],[-549,-70],[-130,-298],[-300,-21],[98,367],[-226,-18],[-1293,556],[-1249,2060],[-1419,-739],[-1466,352],[-1343,-1191],[-2035,-657],[-1099,158],[-1063,565],[-1571,10],[-2546,1166],[-151,142],[-175,-61],[-133,-149],[-39,-95],[-156,-106],[6,-121],[-79,-184],[-245,-151],[-171,-83],[-279,-111],[-1257,-1014],[-4009,-304],[-1313,-327],[-2376,931],[-269,505],[-3197,289],[-52,2919],[-3269,92],[1,2618],[-2004,-440],[-1638,-2071],[-92,49],[-860,-1106],[-1375,-1237],[-4335,-2048],[-842,-256],[-32,104],[-457,1514],[-78,600],[37,388],[31,278],[-545,1256],[-1713,262],[-726,-207],[-691,584],[-39,3325],[-267,1486],[1076,904],[-419,814],[-40,11],[-184,33],[-84,14],[-572,-923],[-388,-428],[-152,-1953],[-8229,-357]],[[517999,796754],[1255,779],[3149,5301],[-3100,-119],[53,-1349],[-1490,-5],[-298,947],[-2022,2621],[-4722,300],[-3123,1767],[-4429,657],[-3677,-122],[-474,-78],[-18159,-673],[-68,8829],[-2729,-1636],[-51,1520],[-474,-13],[-12,2989],[-3198,-164],[-85,6061],[3273,30],[-10,5890],[687,12379],[1818,-29],[544,1875],[55,4197],[3495,378],[2101,-1225],[936,-1319],[3151,-2820],[1609,266],[1097,-1714],[1136,-817],[1989,-711],[1834,-1905],[2565,-1479],[497,-1004],[2734,-2291],[648,-2203],[1029,-781],[1404,-5],[1145,-946],[575,-1337],[-136,-1115],[643,-2038],[2674,1395],[3396,-1452],[617,-1424],[1541,-1149],[4181,-1039],[1231,-1880],[253,-1696],[-61,-6161],[-797,-1315],[-1097,617],[-1256,-129],[-142,-4016],[2569,-1783],[219,313],[6890,100],[630,-408],[2089,-2300],[3170,-2519],[813,-1024],[-164,8964],[442,125],[480,255],[-603,2620],[149,2700],[675,1227],[-887,2353],[488,2306],[-1198,4954],[-207,4059],[-983,2117],[-2328,2524],[-3762,1495],[-4167,2425],[-504,965],[-1480,-747],[-776,-1419],[191,-2477],[-456,-2183],[-4482,-239],[268,11846],[118,371],[-2149,1118],[-1745,5966],[-2734,578],[-1528,-137],[-1582,-815],[-4237,62],[-3625,1610],[-4277,1430],[-1379,-151],[-3561,996],[-1541,-162],[-1352,-1847],[-1574,-844],[-2420,-351],[-2479,-864],[-35,422],[-110,447],[-8957,-387],[13,2878],[-8009,-389],[-2839,-1653],[-355,-870],[223,-1645],[-337,-688],[-3003,-1402],[-2454,-2757]],[[454852,844558],[-216,1565],[-1217,598],[-1644,-406],[-1432,995],[-1102,1566],[-2833,1108],[-1264,1320],[-1896,23],[-1160,-771],[-614,319],[827,1784],[183,2548],[-515,968],[-1651,1538],[575,1188],[-369,1998],[-1777,3911],[-1115,854],[-14,2341],[-1546,-29],[-1525,-1469],[-2007,-955],[-4591,1160],[-1691,101]],[[426258,866813],[-44,1020],[-2824,1481],[82,518],[-1402,2461],[-1281,-111],[-893,1074],[-21,1018],[-954,1684],[956,2275],[-976,111],[489,1109],[-203,2610],[1505,1165],[-467,3127],[1119,444],[204,999],[-894,1813],[895,2036],[-406,1350],[1220,666],[-833,1036],[1118,259],[-121,2183],[1260,-500],[-731,2072],[712,998],[-487,2018],[-2154,3645],[672,1812],[1157,-845],[756,500]],[[172050,931045],[1335,1027],[3723,271],[2681,88],[3796,557],[3055,814],[4931,2172],[7875,1066],[2259,-2187],[1140,1024],[2444,-91],[2854,-460],[742,-2215],[1453,-1119],[-870,-4611],[856,-4112],[1823,-1844],[1661,-2363],[539,-1898],[433,-3413],[-1084,-1271],[-1711,-886],[-2956,-183],[754,-6475],[1069,-1809],[1439,945],[2051,3158],[2830,1461],[2003,2391],[580,625],[2440,998],[2400,3385],[2095,-18],[1790,1868],[1201,480],[1282,2017],[530,2109],[1281,239],[41,870],[2431,3619],[-1400,1441],[207,1607],[-1491,2199],[2826,3999],[-630,3908],[291,1283],[2714,5751],[1606,1134],[1696,302],[2671,-521],[2496,-604],[1364,59],[1497,1662],[1885,1340],[704,67],[865,-212],[3543,-2164],[1672,-1580],[2046,-306],[858,-596],[668,-2889],[1964,-2449],[217,935],[2633,3450],[707,488],[2757,797],[1565,894],[735,910],[1463,-502],[1958,382],[1929,966],[1127,-52],[2162,-1192],[1107,9],[3503,847],[3928,-95],[207,-3386],[608,-2868],[-845,-1982],[-866,-1091],[-4861,382],[244,-3286],[1690,-3930],[591,-3304],[691,-1070],[1729,-1012],[468,-2898],[854,-609],[673,-1563],[666,107],[1721,-145],[897,-1097]],[[248751,799131],[-1528,192],[-1025,1712],[-275,1050],[-16403,6171],[65,-941],[-4650,-2627],[-1036,-2386],[-2803,-407],[-2193,-980],[61,-1535],[-589,-1647],[-1219,-1627],[-142,-907],[-1462,-1055],[-1157,259],[-1929,-3958],[-1157,-944],[-1075,-3368],[669,-129],[-163,-2053],[-2821,-1758],[-569,2077],[904,955],[-31,1012],[-517,1286],[-1346,1008],[30,1122],[-1847,1762],[-12,975],[-948,638],[-4506,-4977],[-3100,3932],[-1362,2827],[-721,874],[-2688,2073],[-2343,2313],[-4739,3598],[-2493,1329],[-2129,1909],[-1206,207],[-4231,-936],[-5114,1247],[-443,3664],[348,3426],[-678,5883],[-205,4067],[-354,1202],[-784,768],[-5088,1527],[-2610,2381],[-1940,870],[-886,1037],[-717,-30],[-3182,-2441],[-88,-1475],[-2888,236],[-2544,-876],[-661,5260],[252,765]],[[146483,833688],[3750,1411],[712,1849],[2052,-297],[-731,871],[1950,535],[854,-241],[467,1240],[2519,-482],[1178,406],[326,1332],[-773,366],[1929,1468],[624,1823],[2309,2744],[781,761],[7340,4291],[-286,2028],[733,722],[1381,2701],[-164,2166],[812,648],[569,1645],[1320,1407],[1198,445],[1036,2313],[1708,-18],[1483,1037],[284,1812],[-285,1462],[914,592],[-630,2276],[-2318,-19],[-2748,1998],[374,2512],[153,585],[-1674,46],[-2539,28],[-3744,-659],[-3941,-1193],[-2262,-180],[-1982,196],[-433,-562],[-3439,-275],[-2569,411],[-1644,-37],[-4856,-1269],[-724,1285],[-592,3137],[731,1308],[1154,3413],[298,1708],[-435,1474],[-228,6422],[295,1276],[-525,2228],[-960,2693],[-55,1538],[-520,673],[-1501,460],[-601,772],[-102,2171],[-1470,2877],[190,1143],[1135,1364],[-169,1343],[-1990,2853],[143,1650],[907,1081],[373,1644],[-209,2140],[805,168],[1166,-2155],[2108,-1371],[2699,-328],[1650,-790],[2011,-55],[3574,-1105],[1322,-1111],[547,-1132],[-423,-1902],[2407,-139],[1407,-473],[3603,-377],[2825,-1675],[1951,300],[-1530,2862],[-1928,1298],[-160,1597],[-1094,3584],[-753,6048],[-1301,1114],[-1221,1762],[-309,2868],[7567,82],[999,-294],[762,1033]],[[440089,258332],[-6,-761],[3915,6408],[570,-615],[1866,279],[2938,4095],[1395,3280],[482,5028],[863,2517],[-885,2341],[1145,-1248],[63,1572],[937,-16],[-66,937],[2443,72],[515,1344],[2063,1309],[-1257,1423],[1301,-400],[-862,2078],[665,2859],[3378,920],[2766,1521],[5108,1824],[4804,758],[7185,6226],[1065,663],[2530,329],[7268,11680],[21545,-270],[1457,-536],[1245,-1567],[1550,-1036],[4225,-1035],[3232,-814],[-436,2300],[210,1637],[879,2526],[-1431,1855],[-3855,2648],[-8919,9327],[-1657,213],[-4516,-3030],[-1717,3491],[-624,2304],[994,1599],[-1969,1630],[-5503,2545],[44,6849],[-117,1098],[1024,-348],[288,-1050],[1048,-101],[1082,602],[2068,402],[1956,1181],[2400,255],[2624,1268],[2577,-2229],[2242,3644],[1925,7027],[-370,819],[-2183,1096],[212,812],[-1834,706],[-68,1709],[-1277,614],[-877,1746],[431,1853],[-1039,501],[-528,1696],[165,1355],[1412,1504],[155,2644],[-1156,1448],[481,352],[728,2608]],[[642795,273192],[-14808,-78],[-1841,106],[-18749,-137],[-3,-1659],[-2683,1158],[-1728,471],[-8816,67],[-1693,3168],[-1254,181],[-7366,3555],[-728,1620],[29,3982],[-6439,6169],[38,-23865],[2570,-10567],[254,-5917],[230,-1454],[1071,-3097],[776,-4380],[-421,-3489],[2560,-6439],[-2854,-855],[-4847,-2629],[-2309,-179],[3392,-2583],[2601,-1360],[1575,-2219],[995,-8726],[624,-582],[99,-3238],[1290,-1745],[148,-1061],[-964,-1699],[111,-1194],[-742,-1498],[223,-786],[2123,-281],[-987,-1184],[-2502,-1278],[-515,-613],[-1706,543],[-3799,679],[-8674,31],[-13487,492],[353,2502],[683,2093],[-466,49],[-6421,1856],[-452,-808],[-155,-756],[-865,-1990],[250,-5841],[383,-676],[1567,-6177],[-1859,-5274],[-1679,-2193],[-4048,-4303]],[[540880,179104],[-1260,-586],[-734,-1168],[-1392,-882],[-1029,575],[-1690,-382],[-1374,-984],[-355,-973],[-1665,-1208],[-1022,45],[-791,900],[-628,-1035],[-546,722],[-2402,1030],[-1422,-1635],[403,-835],[-3761,-415],[-599,-892],[-1092,-127],[-520,928],[-1716,93],[-1479,-1218],[-38,-2589],[-647,1025],[-406,223],[-456,-2],[-1164,-840],[-1261,-1265],[-266,-28],[136,-1432]],[[434202,211043],[1583,2352],[1168,851],[5783,2958],[2120,813],[1998,401],[2395,114],[681,827],[-608,1083],[-4460,5739],[-825,2772],[-2581,6476],[-621,3317],[-746,601],[-3065,415],[-1936,-117],[-2546,-557],[-2510,-868],[-3938,-2348],[-3715,-704],[-2218,-627],[-2969,-1203],[-1856,-1024],[-964,-147],[-7147,2550],[-3175,1809],[-4460,4876],[-1730,2263],[-743,2444],[-206,2278],[-663,1592],[-1425,1382],[-1420,2137],[-490,1949],[1308,2199],[1064,1243],[4335,-321],[2767,69],[2509,-281],[3533,-94],[3786,683],[3444,884],[4862,1852],[1861,89],[6036,-2881],[2076,-1407],[6095,-2450],[1229,179],[2271,3121]],[[610540,793257],[22,-260],[321,-1028],[3504,-4116],[-3304,-2965],[-1459,-1072],[-404,-1203],[-43,-89],[-681,-1050],[-1457,-299],[-538,-222],[-150,-132],[-622,-398],[-936,-654],[-610,-452],[-694,-635],[-1010,-1280],[-934,-1325],[-1590,-1639],[567,-2601],[-250,-1742],[-2212,137],[125,920],[-1197,274],[-321,-963],[-50,-396],[-69,-589],[-187,-971],[-282,-765],[-1060,-2853],[-338,-726],[93,-40],[-345,-671],[-81,27],[-341,-3597],[-567,-1373],[-3107,-6604],[-346,-1938],[-79,-524],[-35,-161],[-69,-226],[-469,-722],[-1327,-1088],[-260,-391],[-136,-1678],[36,-2000],[-20,-731]],[[587628,742446],[-1731,338],[-441,-642],[-3877,326],[-819,56],[-1908,126],[-1574,106],[-1336,2115],[-1192,182],[36,-1630],[-2403,183],[-40,1150],[-2899,322],[-298,-904],[-3122,1101],[-3354,478],[-5677,-857],[-1490,1746],[2,-1144],[-2184,-88],[-1494,-967],[231,-789],[-3025,-765],[192,511],[-1237,58],[-366,1201],[-4184,-989],[-782,1303],[54,5577],[609,722],[1748,-90],[1459,161],[-51,108],[-797,-103],[-1345,-36],[-1686,213],[-14,-3289],[-150,-2765],[190,-1766],[695,-32],[585,-2055],[-10431,-2513],[-758,53],[-2431,188],[-4361,643]],[[525972,739989],[504,2119],[61,1254],[-1862,-665],[-180,671],[-1260,31],[125,2818],[1027,4994],[-3,998],[-631,1566],[-3745,3491],[-628,1218],[-306,2037],[98,140],[-160,3277],[100,444],[597,1084],[1078,1056],[161,412],[433,310],[710,700],[318,439],[217,440],[265,-110],[198,-78],[227,-7667],[4110,212],[715,41],[1225,811],[406,-206],[356,-252],[-21,462],[-352,20],[-1,2934],[-1548,-88],[-58,1861],[1700,943],[-526,1478],[-65,911],[-370,782],[-358,1068],[-113,755],[-578,996],[-99,340],[92,458],[223,360],[352,260],[-1922,1862],[1198,410],[358,-1184],[944,787],[-554,674],[-1996,-629],[-1198,2031],[-268,3492],[342,1645],[2291,2306],[-1883,-1444],[-782,-1611],[-23,-4266],[-1387,184],[-120,3198],[-1037,1652],[-258,3793],[-2784,938],[-826,2215],[-1347,261],[-2048,1445],[1675,882],[-32,2873],[1250,126]],[[532841,739511],[524,121],[206,1809],[790,261],[-30,1364],[-1121,37],[-615,-1616],[246,-1976]],[[146483,833688],[-1224,211],[-3396,-222],[-569,-1721],[-1422,463],[-2011,-2182],[-4063,-1239],[-366,-593],[-1787,168],[-1097,962],[325,1018],[-1035,500],[-1463,-1610],[-894,573],[-447,-2034],[-2844,-573],[-386,-2368],[-1300,-870],[-2458,-388],[-690,1129],[-1259,91],[-711,1147],[-1970,537],[-914,-499],[-426,-1461],[-2438,-611],[-828,-651],[357,-844],[-625,-1237],[-1046,179],[70,-1629],[-771,-239],[-285,-1352],[-1929,-517],[0,-1574],[-1381,1999],[-2599,-1628],[-385,-851],[-2132,-556],[-1903,1413],[-738,-659],[-1843,-1400],[-999,-1945],[41,-1296],[-1543,-1091],[-2538,-963],[-1137,-944],[-690,-1461],[61,-703],[-2740,-981],[-629,-1333],[-2274,-704],[-1481,-1684],[-1319,-575],[-833,519],[-750,-1685],[-4670,-278],[183,-795],[-1056,-75],[-1847,-1166],[-1075,-1334],[-932,-2349],[-3663,-276],[-771,759],[-1260,-109],[-2050,-1073],[-793,-1554],[-690,20],[-1950,-2368],[-1484,-564],[-960,-705],[-1125,-2458],[-1172,-369],[-2546,298],[-745,797],[-1656,-961],[-1777,205],[-1313,-738],[-1009,-1220],[-1449,1296],[-1766,75],[-1592,7371],[-429,1327],[-4151,8809],[-4613,7952]],[[30408,810241],[1,8],[2532,22808],[901,8121],[2136,19237],[1442,12996],[1009,9085],[2809,25310],[4349,39181],[928,8360],[379,3416],[690,6215],[458,3252],[1627,14170],[18297,-364],[2785,-407],[20936,-179],[390,-1828],[2494,-2236],[189,-1226],[-2281,-2656],[-41,-1514],[-5094,-1523],[-4177,-1539],[-2518,-1148],[-1295,-297],[1123,-2990],[348,-2936],[-51,-4377],[-517,-1118],[-1317,-559],[1095,-714],[1757,-2616],[329,-982],[-758,-2361],[-744,-4217],[1487,-714],[1508,-1700],[2269,-34],[3156,-1292],[3927,-2011],[536,2354],[510,754],[-12,2201],[457,2261],[-696,1971],[-23,1538],[1264,2429],[5080,2112],[3248,1855],[1927,264],[2319,-1879],[826,15],[1938,1734],[323,1030],[-320,1891],[977,929],[-532,2407],[2234,1274],[348,1268],[5396,-181],[3489,-434],[1293,37],[414,745],[1458,941],[3200,561],[1199,468],[1420,1221],[1960,2804],[2212,1708],[1876,-772],[1081,840],[1861,351],[3351,2531],[1516,350],[885,980],[605,1832],[2230,-2216],[149,-3119],[333,-1113],[1233,-881],[1092,-3452],[4328,160],[1629,-644],[937,-2077],[1103,-170],[1630,507],[992,-737],[1432,343],[2179,-1586],[2986,-646],[1363,-2003],[345,-1974],[974,-1059],[-1358,-1425],[-272,-1678],[-853,-723],[-245,-1932],[1016,-1355],[841,-2544],[179,-1907],[-1578,-1403],[461,-586],[-292,-1207],[660,-2885],[-271,-911],[-1549,-1398],[-7,-1543],[1228,-2727],[316,-1307],[807,-1148],[1446,-861]],[[410035,495945],[20826,14023],[5113,3203],[-1804,9878],[-96,1970],[-1329,3709],[-1840,1207],[-657,1442],[5497,5427],[4161,4547],[1404,999],[892,1854],[-73,1283],[-1346,324],[-1516,1734],[84,787],[-1748,840],[-111,1479],[672,753],[-1029,1355],[139,891],[3054,2692],[1936,2158],[-3319,3037],[-1025,2989],[442,547],[-231,-3],[14442,17794],[-1870,14],[-3435,-1288],[-1785,963],[-2623,367],[957,1501],[422,1666],[-58,3043],[-3698,-26],[-75,-2879],[-3256,738],[-483,1120],[-5071,-4063]],[[431598,584020],[354,2477],[2280,2366],[-77,2056],[1206,1251],[36,3602],[265,2197],[4974,-73],[-39,-2882],[2447,21],[-303,779],[1033,636],[23,1476],[3201,54],[53,8720],[6499,-122],[1,2962],[3120,-19],[112,5829],[6428,-75],[1959,-363],[18,1633],[1271,7],[-9,-1313],[3193,-36],[52,5995],[-1401,9],[991,967],[2173,692],[1559,885],[-1196,1641],[-1005,504],[335,530],[-293,91],[-1873,2653],[-55,1366],[-38,4090],[-1369,4550]],[[467523,639176],[-155,1232],[2375,210],[787,1184],[-1189,4191],[514,1611],[-688,1753],[778,2491],[-19,6212],[262,2638],[-847,3388],[-711,1016],[126,3207],[-935,1478],[104,3432],[2020,1472],[3666,1309],[1791,2419]],[[475402,678419],[1283,-455],[2601,550],[3615,-515],[1802,-1998],[-80,-2239],[-908,-3365],[3241,-7480],[1175,-1748],[2130,-1691],[1970,-986],[1782,-3541],[802,-1085],[2158,-1834],[4684,-2400],[4108,-2866],[999,-514],[4757,-1615]],[[420017,758768],[-732,2234],[305,666],[2070,-279],[-324,1424],[447,667],[1542,-445],[-182,1443],[1522,852],[1157,-537],[-975,-1425],[243,-555],[1908,628],[-993,2110],[1969,165],[-327,-2367],[1422,609],[1969,18],[-508,851],[2112,1109],[21,2369],[1849,-53],[-362,579],[594,1394],[1744,37],[284,1544],[111,81],[589,824],[1676,-573],[-305,1839],[1085,-202],[-542,563],[949,725],[-1882,1710],[-1698,-558],[1037,1534],[-2322,1063],[695,1052],[1132,-349],[-120,1258],[700,1391],[-1713,1065],[589,1745],[-1114,-32],[-285,3622],[-2496,185],[1705,718],[346,1478],[-1725,885],[407,1978],[-1422,-75],[1361,1902],[-994,628],[183,1108],[1240,1624],[-487,1867],[-1177,110],[488,1974],[711,535],[-1564,923],[814,1700],[-975,-223],[772,1552],[-1523,498],[325,997],[1057,535],[-587,4786],[975,53],[-82,-1446],[1199,240],[1097,1200],[-1665,1404],[589,997],[-1259,74],[-1015,1052],[-318,1434]],[[431334,819257],[1355,904],[-994,1062],[1747,618],[449,1871],[-263,1023],[-1078,211],[774,967],[-1463,358],[102,666],[1992,1239],[1260,1627],[1362,963],[1381,-1795],[285,1591],[-1097,1166],[1341,498],[-223,870],[2221,137],[227,436],[-1634,592],[665,3072],[-499,2516],[-1443,-55],[651,906],[-975,1],[184,1869],[1748,1035],[894,-72],[-751,1329],[-1768,56],[366,1406],[-425,1999],[-1828,112],[-121,3071],[-1281,-1072],[-426,1238],[-854,223],[-2417,-424],[203,888],[1382,1258],[-1463,460],[-1929,0],[936,710],[-934,852],[-2480,-351],[569,-740],[-1200,-471],[-1401,1989],[550,1110],[-467,2258],[1261,814],[-1545,850],[62,1295],[1219,-166],[-751,1221],[326,684],[1462,-962],[1037,759],[-1422,1573],[45,1311]],[[454852,844558],[-506,-2141],[485,-1814],[-1606,-1370],[-1,-4557],[388,-1582],[1338,-2448],[-266,-1030],[327,-2076],[-568,-2208],[838,-1218],[788,-4921],[857,-1607],[1197,-4280],[-452,-575],[1801,-1692],[3609,-2010],[554,-450],[-2096,-784],[-3340,505],[-2862,-1041],[-434,-804],[134,-15579],[3218,56],[255,-11765],[-1800,2],[11,-1321],[-1455,-4],[61,-4668],[3229,42],[31,-2910],[6473,30],[13,-4027],[-8206,1967],[-3352,447],[643,-1464],[1574,843],[2907,-490],[4329,-2710],[4340,-3122],[454,-669],[-195,-1537],[-5610,301],[62,-9940],[-1740,-98],[-516,-981],[-1973,182],[-899,886],[-2171,1262],[-1044,177],[-1069,986],[-3182,-5141],[-265,-1841],[258,-1095],[1275,-2169],[-1864,-5214],[-2138,-882],[-2484,-5843],[-1304,-1487],[4246,-2924],[948,-1648],[1709,-1631],[2957,-902],[1913,-347],[3515,1136],[2120,239],[1522,-559],[2067,-2368],[2293,-268],[1126,-2057],[38,-2782],[2503,-1522],[1487,-124],[2094,1118],[2631,-745],[1954,-939],[1155,607],[1380,25],[476,1038],[1496,1239],[2190,570],[680,1094],[852,-618],[1782,700],[1296,-566],[444,-1235],[3060,-2859],[2743,1562],[1917,583],[2672,1520],[1673,1795],[298,761],[1246,-387],[-263,1044],[1431,221],[-350,449],[1723,705],[1636,1448],[117,706],[1330,1288],[249,1436]],[[509259,725482],[7773,256],[3,-1823]],[[517035,723915],[-5,-10925],[304,-437],[-2166,886],[-3682,2587],[-1984,506],[-1226,-340],[-1445,-2238],[31,-3314],[-398,-3076],[424,-3259],[-583,-1538],[-1642,-393],[-2621,1183],[-3739,1021],[-2537,1769],[-1786,1746],[-1730,407],[-1485,-1175],[-6,-2702],[761,-1134],[1677,-336],[1795,-1769],[454,-1286],[-87,-2229],[1384,-3082],[1275,-1166],[968,-1616],[-944,-1669],[-2771,-807],[-2052,-201],[-2233,1626],[-656,3303],[-2724,1175],[-1670,1061],[-3409,4301],[-1509,184],[-120,-1240],[1321,-5311],[1279,-3434],[290,-2191],[-152,-1364],[-1440,-1862],[-5414,-3292],[-925,-1234],[-455,-2631]],[[467523,639176],[-953,-589],[-2661,18],[48,2583],[-3468,-119],[93,2042],[-1210,2528],[-953,349],[-1344,1819],[-2760,3071],[-1283,1086],[-885,2661],[174,1125],[-754,661],[-283,1413],[349,2490],[-409,1128],[203,2247],[-964,737],[-1466,4182],[-1795,88],[-3693,1184],[-1294,817],[-3365,153],[-1177,-1840],[-4612,-2318],[-6970,-5219],[-4438,-3840],[-1219,-888],[-6965,-1297],[-434,721],[-2068,1436],[-912,1916],[-2678,2698],[-1845,972],[-1723,265],[-569,-679],[-2451,533],[-3991,2016],[-365,703],[-2674,405],[-223,1646],[-972,1720],[-3224,2535],[260,3707],[-1094,1313],[-892,-222],[-1844,982],[-305,2071],[1115,981],[-832,2535]],[[646360,697752],[1286,701],[-1616,1894],[-41,3373],[1381,-5],[87,413],[177,869],[-1670,2074],[2431,-1293],[1261,-293],[368,1052],[741,-240],[73,86],[3695,-1204],[701,1081],[361,-7],[411,-20],[-184,2616],[516,1630],[2073,2136],[1578,847],[1838,382],[-855,424],[-2462,127],[26,899],[2660,-84],[-49,3209],[590,2048],[161,103],[409,224],[2637,858],[133,59],[2476,2196],[828,2522],[819,1162],[939,938],[-40,3171],[-1492,415],[-2255,1951],[-1213,629],[-2588,-688],[-1319,1461],[799,880],[2092,428],[1582,1584],[-2440,2718],[-3018,728],[-635,-482],[-1972,3506],[150,1747],[1506,1026],[220,266],[-54,423],[-256,184],[-1497,319],[-979,312],[-1158,-458],[-207,-1457],[-710,-341],[-1088,1051],[-977,1901],[321,2725],[2108,2293],[218,718]],[[655237,755539],[3817,-242],[3671,789],[2666,525],[4701,206],[4477,-863],[1969,-107],[2516,733],[2057,1652],[2247,2884],[887,1783],[515,3056],[-37,2940]],[[774962,704680],[-886,-1031],[-915,-1005],[-1776,-818],[-744,-741],[-227,-514],[-162,-324],[0,-195],[101,-140],[11,-148],[641,-4891],[-18,-706],[-338,-1064],[-1766,615],[-7,-85],[-3215,165],[-9218,-3040],[-28,-1296],[-2932,-494],[19039,-9035],[7347,-3546],[72,-276],[345,-2223],[-234,-2173],[-2696,-220],[-4104,881],[866,-1432],[1409,-3137],[298,-1194],[-230,-1529],[41,-5406],[-849,-3595],[-1085,-2265],[-1906,-2767],[-213,-1094],[1125,-2615],[-2634,-4764],[-2313,-1822],[-1089,-2712],[2517,-1522],[2792,-581],[849,352]],[[772830,636293],[-6454,-9301],[-397,-4747],[-115,-1483]],[[765864,620762],[-821,-7],[-1560,-124],[-27441,-10833],[-902,567],[-402,645],[114,1789],[1696,4509],[-2239,657],[-1468,-351],[-2196,706],[-1433,-1465],[-1527,-1020],[-1183,-300],[-1180,-4054],[-2623,-1213],[-543,-1116],[-5217,-372],[-1039,536],[-2424,-264],[-1268,-1238],[-1341,-310],[-1374,1026],[-1170,-1330],[-2080,-45],[-1398,863],[-1880,371],[-538,977],[-2588,-461],[-947,157],[-1094,-625],[-339,714],[-1370,750],[-657,-946],[-644,1541],[-2132,1292],[1297,550],[3749,154],[-109,2086],[990,1363],[-367,2128],[2569,1164],[1526,-326],[606,1520],[-3860,103],[-248,934],[-844,-124],[-1244,640],[-3003,2989],[-1897,323],[-591,1019],[-2215,769],[-1675,1427],[-1495,550],[-2501,-978],[-1252,-1268],[-1136,311],[-748,847],[201,2641],[-619,2107],[-1435,1877],[-4251,2487],[-2299,-233],[-2945,1741],[-1176,320],[-1558,-546],[-2099,-1520],[-720,-2380],[-1009,-1807],[-617,823],[-293,2634],[-824,2502],[1656,-63],[1049,671],[-676,1104],[-161,2242],[-496,1512],[-3918,157],[92,5975],[-12938,418],[436,11927],[1418,-89],[36,1164],[1114,445],[-25,932],[642,216],[-210,292],[-1834,3322]],[[655237,755539],[-2825,371],[-4311,-111],[-6777,-1210],[-8239,-1342],[-1987,-665],[-4807,-2615],[-1886,-1434],[-465,-407],[-1855,-2043],[-4083,-4882],[-718,-809],[-6767,-5921],[-521,-323],[50,-93],[-2406,-1425],[-1985,-713],[-3458,-510],[-78,3]],[[602119,731410],[-1324,17],[-1253,175],[-2871,310],[-2507,-131],[-3526,-1035],[-231,-135],[-755,-450],[-11634,-3516]],[[578018,726645],[-645,1180],[-1029,541],[-68,168],[1068,1353],[603,442],[780,991],[-135,1126],[-482,124],[-67,2005],[614,733],[233,589],[675,-38],[126,-2178],[1521,-68],[-23,4902],[2658,-21],[499,27],[137,365],[-52,1762],[1032,89],[1461,620],[476,307],[94,113],[134,669]],[[440089,258332],[3440,6027],[913,2279],[746,3239],[-465,2107],[-781,1287],[-981,961],[-2872,1840],[-1718,-14],[-2618,-3218],[-2785,-2230],[-2273,-1221],[-2094,-735],[-3139,-372],[-9773,2117],[-3620,1432],[-1330,1104],[-1536,2389],[-713,1727]],[[752181,948188],[1097,819],[1509,339],[2462,-212],[1239,-607],[5627,-3892],[1635,478],[2997,1540],[1922,501],[1735,-340],[1572,-1314],[1884,-5369],[834,-1180],[1226,-660],[2777,-294],[2847,269],[879,356],[1429,1379],[415,1235],[-130,2218],[-1755,4546],[-906,2904],[-307,2138],[475,1981],[736,870],[1447,883],[2387,318],[3710,-866],[1830,-932],[2022,-1861],[2830,-808],[2692,519],[1512,1093],[1371,2459],[191,1198],[-589,2299],[-2093,2856],[-2082,2325],[-3282,94],[-54,738],[-1498,915],[-2691,2661],[-527,1279],[133,2623],[1325,3296],[1746,3116],[982,967],[1573,337],[3235,-409],[2716,-762],[-135,3921],[230,1684],[-864,1359],[2365,-68],[1290,-804],[-1289,2164],[-1416,1168],[1452,1242],[-1314,1817],[137,1031],[-757,1212],[-1846,1759],[1436,191],[635,1679],[2950,674],[1408,-157],[1126,-1090],[2278,681],[2611,-595],[1346,1900],[722,-1915],[-116,-2025],[387,-1532],[1052,-1247],[-356,-1955],[-1378,-404],[1589,-216],[490,-2798],[-503,-528],[2063,-1584],[-532,-1027],[-3,-4200],[-664,390],[690,-1936],[-264,-1745],[1298,-789],[543,1559],[-88,3523],[380,2540],[1431,1779],[2405,877],[2895,-462],[1256,-2163],[259,-3303],[588,-664],[1529,-563],[1249,-1569],[66,-2912],[-1094,-978],[-4145,-726],[52,-1565],[2845,-2654],[1158,-2207],[837,112],[927,1048],[2459,3674],[888,391],[2597,-1294],[2949,-2385],[852,-347],[1094,401],[257,782],[-26,2822],[564,1765],[2060,-86],[2893,-2832],[519,-1069],[-629,-1640],[-3257,-1747],[-940,-768],[-1376,-2892],[303,-2098],[950,-4224],[-720,-4302],[670,-363],[1441,314],[562,763],[-251,2862],[-493,1640],[279,1703],[1785,281],[3108,-4488],[964,-1842],[-1403,-531],[-1442,-2053],[-2047,1229],[-926,84],[-889,-1090],[490,-433],[4176,-1858],[1067,-1377],[2707,-1498],[-387,-3793],[631,-741],[529,57],[2645,2609],[1302,592],[2422,-815],[467,-684],[-244,-2590],[-549,-944],[-2015,-1684],[-915,-203],[-2922,425],[-1290,-611],[-833,-1072],[-427,-2738],[874,-536],[448,1906],[631,665],[2074,-518],[-60,-2516],[651,-1684],[1180,-55],[1383,-852],[-430,-1042],[15530,-260],[43,-2989],[4857,85],[-8,2774],[2997,-102],[8375,-289],[122,-8715],[1495,3],[44,-2911],[656,6],[136,-1575],[-756,-1568],[-111,-1737],[770,16],[-72,-904],[-1931,-3528],[3182,692],[2765,-371],[183,-1165],[2642,-2204],[501,-2741],[453,114],[123,1164],[3114,4255],[3872,1755],[-270,1334],[1059,943],[1334,413],[-32,1622],[-483,1632],[734,1006],[3077,1495],[849,-266],[721,-4652],[991,-1662],[1017,-321],[2832,-70],[692,601],[119,3318],[-152,2106],[747,266],[540,-252],[3798,-4037],[1217,-1592],[431,-1523],[824,-28],[1930,2151],[-174,1236],[-1611,945],[-2233,2275],[81,501],[2501,1706],[1536,2726],[1071,-1408],[-357,-1150],[-1250,-2054],[321,-853],[3987,-430],[1253,-1329],[-709,-2392],[692,-629],[1497,157],[663,-1541],[-1822,-1515],[-1813,-194],[-1470,-661],[-530,-908],[-205,-1847],[788,-3792],[1698,-1160],[2771,491],[930,-1374],[2430,-1427],[933,-1406],[152,-2099],[-1732,0],[-171,-685],[-38,-152],[84,-514],[620,-2305],[1493,-4639],[799,-899],[2836,-1574],[-500,-954],[-2096,1110],[-937,-194],[-241,-246],[-111,-608],[362,-880],[478,-440],[1043,-521],[-26,-10962],[-1867,-2143],[1643,-77],[-1119,-750],[-741,-2824],[230,-1004],[-1161,-1039],[-1309,-2544],[-1690,429],[-1476,-852],[1478,-851],[-1166,-1756],[470,-659],[-1049,-809],[-8076,-4334],[-1129,-961],[-1204,-2009],[-4477,-2563],[-2508,-875],[-1207,-860]],[[16395,685568],[1368,1229],[2251,1240],[3973,500],[2676,943],[2128,1331],[-102,-611],[3669,-1794],[1825,1590],[1622,241],[3567,-2314],[973,-1387],[2148,-1684],[2075,-60],[2063,-1006],[584,-2653],[-1180,-2634],[2450,630],[695,2594],[1599,3622],[162,912],[-561,1734],[-8128,7309],[-2557,2511],[-1388,1729],[-1244,2523],[-824,4773],[323,4418],[1057,-140],[115,-15],[4518,6508],[818,3274],[2403,1486],[2355,88],[2481,471],[454,457],[4948,5247],[1300,2],[1310,-1586],[7210,-5178],[790,2363],[2020,-46],[-43,2010],[747,2257],[2315,346],[2129,575],[568,630],[831,92],[122,482],[710,18],[161,999],[629,204],[1359,-296],[932,439],[-20,543],[2596,1259],[791,75],[20045,-759],[458,-15574],[-2340,-1463],[951,-1017],[2961,-1420],[2317,9],[1459,1733],[4657,962],[2597,-458],[238,-4574],[3182,-105],[45,-6746],[1387,-42],[26,387],[3648,-507],[10898,-4833],[-771,-2091],[1013,-3090],[181,-2830],[-1804,-2238],[283,-1351],[1642,-1241],[-1035,-3624],[-893,-752],[7947,31],[6,-6504],[1119,-23],[697,-1111],[5785,34],[1068,480],[983,2590],[224,3326],[-256,2277],[3406,-105],[131,9606],[2486,734],[-11,3388],[-2202,343],[205,1650],[972,954],[1772,-954],[1545,-280],[2512,-1021],[-196,9965],[3815,91],[1143,-855],[4424,810],[1240,-167],[1887,-1850],[1603,-2275],[-426,-648],[1622,-1320],[1020,-187],[8744,-344],[3420,-2659],[687,-813],[1439,609],[1278,-868],[892,1368],[-649,889],[1119,2211],[1401,217],[-153,3566],[991,1205]],[[135945,438720],[1286,-359],[929,-1115],[674,-2555],[-123,-2379],[-2655,-5719],[-6356,-6601],[-3219,-349],[-4946,765],[-772,-213],[-1823,-1437],[-236,-670],[46,-955],[1535,-3130],[1034,-1348],[-1018,-290],[-2268,-1038]],[[118033,411327],[-833,-1208],[289,-2375],[588,-1141],[28,-1293],[-611,-1349],[-2863,-2103],[-806,-273],[-1995,62],[-3287,570],[-649,630],[921,1541],[1633,376],[1302,880],[913,1695],[-5,1689],[-1061,1942],[-1004,575],[-1864,245],[-3833,1747],[-3200,-1426],[-1976,-489],[-2074,1791],[-979,169],[-2902,-288],[-1555,1298],[-1647,2221],[345,581],[1760,919],[2391,2409],[278,1270],[-1648,1691],[399,4048],[-853,880],[-1183,423],[-3268,-798],[-1441,536],[-1227,1851],[-1377,929],[-1526,-100],[-397,1998],[-676,920],[-2210,864],[-1790,3044],[517,494],[2000,-710],[1019,763],[108,-30],[332,731],[31,251],[-409,1913],[-1060,1881],[-1077,782],[-541,202],[-579,-29],[-1472,-541],[-3087,-191],[-3410,1080],[-1373,1434],[1903,1724],[1666,2040],[316,716],[-92,1334],[-325,222],[-2659,-1422],[-1139,481],[-116,547],[655,1414],[186,1380],[-127,2121],[1351,1736],[135,983],[-157,544],[-174,342],[-1627,1784],[-407,634],[-154,1039],[-715,1538],[-295,285],[-1615,695],[-441,-77],[-1147,-1395],[-2395,-1233],[-1896,-195],[-1601,1252],[-1594,3253],[-267,238],[-3108,959],[-766,845],[-564,2599],[-1088,1237],[-2522,256],[-1243,2596],[-1431,1291],[-2200,898],[-4103,3718],[-698,1857],[1330,543],[985,1513],[-161,1483],[-740,945],[-1132,848],[-578,99],[104,622],[-873,1473],[-456,377],[544,2889],[-446,597],[-1783,1132],[-446,86],[-1145,-180],[-905,1344],[1348,-563],[1369,285],[-200,1458],[1803,84],[1438,1084],[560,1057],[-1895,1131],[-1741,356],[377,873],[1254,-30],[543,985],[-1788,728],[-30,1264],[-1901,2320],[-840,-359],[-1211,1109],[-1417,141],[204,-1906],[-1597,-649],[-1099,1046],[-473,-714],[-900,858],[-1938,-510],[-1054,1291],[-1993,-1023],[-914,1079],[-1862,464],[-1452,1188],[467,740],[-1877,1312],[998,2468],[-65,1476],[-793,868],[597,1251],[-2913,2358],[-1116,3888],[1267,2342],[-795,347],[250,1034],[1072,-165],[-987,1432],[-631,2131],[-836,-216],[-922,1485],[-1257,833],[-2446,41],[-914,1325],[-753,-614],[-3449,1580],[-2471,470],[691,6276],[7013,65651],[55,513],[6772,59117],[1689,14742],[175,1521]],[[47342,502606],[1105,-354],[2779,3393],[915,1882],[2165,470],[3140,-1616],[1556,-311],[650,-1758],[-221,-2323],[373,-137],[710,518],[380,2121],[1663,1049],[-307,991],[738,1775],[1829,-3168],[1940,-2817],[5373,2644],[2169,517],[13631,354],[1791,-194],[2822,-1266],[-1769,1882],[2037,1767],[-97,961],[2115,1516],[1051,-1536],[2164,18],[203,-1553],[1092,481],[851,-1203],[1767,902],[530,996],[1342,-1855],[-184,-4893],[1077,-433],[1766,2551],[486,1990],[7,7528],[413,2875],[11,2905],[-1019,5439],[-989,2755],[-832,991],[-3045,2485],[-2638,3379],[-3954,3659],[-5555,1702],[-3675,2446],[-3551,3216],[-1422,1663],[-14721,-529],[1724,-2650],[3058,-1796],[-80,-1793],[668,-1647],[1760,-683],[832,-1147],[-667,-1648],[1112,-794],[507,-1184],[1497,-1073],[850,297],[1998,-3154],[-7026,-322],[-1481,-915],[-2243,-2046],[-1311,-308],[-2270,125],[-1296,-301],[-2459,-2888],[51,-1649],[-608,-3271],[-66,-2695],[-855,0],[-2105,-1421],[-3394,-329],[-1944,378],[-2873,-1862],[143,-739],[-1648,-2580],[-1071,-377],[535,-5403]],[[16395,685568],[1633,14262],[1031,11299],[383,4207],[2010,14214],[790,7123],[685,6172],[1833,16505],[2733,24629],[1246,11218],[1669,15044]],[[525972,739989],[-47,-180],[-2905,459],[-4161,518],[-32,-170],[-7431,1703],[-4801,2309],[687,-1764],[96,-1806],[-574,-910],[1289,-1262],[-2200,-1436],[891,-77],[-3,-5713],[0,-828],[-501,-67],[-253,-209],[-121,30],[-224,232],[-332,164],[2225,-2335],[1748,-843],[-706,-678],[642,-1644]],[[393539,167163],[-2991,-5248],[-947,-216],[-3556,1580],[-561,559],[-144,3177],[-249,3508],[377,2318],[605,1123],[4323,2866],[111,861],[-4230,4969],[-1979,840],[-2091,337],[-5747,134],[-1810,164],[-3959,1367],[-963,-181],[-4495,-6468],[-1946,-3510],[-157,-2102],[-1211,-148],[-3395,150],[-2092,526],[-1492,1266],[-3271,3906],[-3714,4153],[-479,1139],[-141,2079],[208,1775],[969,2634],[132,3027],[-723,2076],[-125,1481],[256,4481],[-197,1466],[-795,2082],[-1134,1555],[-2578,4150],[-5048,4836],[-709,975],[-2343,1863],[-5559,3174],[-328,4193],[657,2046],[736,1056],[1465,1110],[5033,1182],[1601,1285],[1513,2328],[1027,854],[1897,160],[3770,-156],[6141,-762],[2442,-982],[1031,-875],[-462,-1830],[-979,-2240],[-453,-2467],[624,-2170],[2685,-3889],[1073,-896],[1716,14],[1507,1173],[1209,3716],[1078,2086],[1146,832],[3572,659],[2102,1660],[805,1229],[159,1540],[-1533,2811],[-1849,1507],[-3314,854],[-2317,1497],[-1869,3586],[-1942,1884],[-2732,420],[-4425,-156],[-7070,778],[-1589,-124]],[[578018,726645],[-1102,-504],[-2132,-828],[-2705,-822],[-719,-248],[-789,-197],[-1305,-466],[-510,-187],[-6394,-1626],[-10487,-3585],[3,888],[332,328],[-54,1622],[831,245],[119,1194],[1529,2443],[-319,601],[-2007,107],[41,-2969],[-2712,122],[-547,24],[-71,2966],[-1547,56],[-23,1527],[59,681],[1609,768],[1,1455],[1299,1377],[117,-1451],[43,-582],[4070,-1013],[27,399],[129,1200],[-1972,1184],[-623,3257],[-3197,1953],[-939,-85],[-3838,221],[-6142,250],[-625,-2716],[-134,46],[-1138,319],[-1640,567],[413,-2099],[-3687,2171],[-70,-17],[-37,-1157],[-3613,-3074],[-164,655],[-1518,102],[-92,191],[-2902,-32],[398,-16],[-297,-4267],[-234,48],[-1278,268],[-970,-251],[-483,-1614],[-104,-895],[395,-1710],[-3278,446]],[[903694,798243],[46,-1590],[-848,45],[-2307,-3094],[22,-1509],[-1191,-177],[-1544,-1625],[163,-1285],[-7256,102],[-55,-1360],[-1098,-797],[-983,743],[-989,-1045],[-218,-2863],[-1696,-3785],[41,-371],[-1131,537],[-489,1308],[778,1717],[-1457,1512],[-513,1228],[-591,-619],[-1554,778],[-1633,-133],[-85,749],[-1419,-281],[-1287,877],[-1384,-1889],[-1896,-1116],[-3374,401],[-502,-2208],[1218,219],[895,-589],[507,-1293],[-529,-208],[31,-2956],[-7064,-41],[-1076,78],[38,-3053],[-2156,3],[-32,3070],[-1110,25],[66,-6416],[-3808,714],[-139,-944],[-3749,-92],[-1733,-5303],[-1336,-2213],[-1471,-622],[-1437,-1327],[12099,-8799],[1355,-1500],[5722,-3303],[447,-8565],[-16677,-139],[1115,-2138],[4445,21],[1231,-674],[3871,-363],[-3899,24],[103,-7857],[3167,-224],[19,-156]],[[859357,727872],[-11,-793],[-1665,0],[-1494,-857],[-3153,-1780],[-26,-1922],[-6539,-132],[48,-4728],[-367,-853],[101,-6734],[-3332,-13],[-530,-4580],[31,-4243],[-1492,-18],[3,-2614],[-4321,1],[0,3175],[-3575,22],[25,-3111],[-5887,1440],[3508,5146],[4079,0],[0,1038],[-3599,0],[-856,-1583],[-3356,-4858],[-622,-3503],[304,-1070],[-590,-2338],[2587,720],[4368,721],[-120,-6775],[679,-1973],[119,-2225],[-167,-1069],[-27,-7669],[2024,744],[865,-2634],[3890,-2389],[1816,-1932],[2333,-631],[3160,190],[2467,-765],[-61,-5793]],[[849974,661484],[-53,-4833],[-5218,-20],[-17484,490],[-3183,103],[-3417,108],[-3140,142],[-29051,1118],[-4360,-6410],[-2147,-2804],[-6499,-9348],[-2592,-3737]],[[606012,702424],[-650,122],[7,1784],[1294,-104],[184,6051],[531,3900],[116,-14],[470,3498],[154,2154],[-392,1743],[-768,1397],[-2006,2191],[-2142,-886],[1499,1401],[-1205,1563],[-576,1507],[-409,2679]],[[586774,722204],[2365,-120],[1455,1009],[2631,-798],[1094,505],[-1637,1018],[139,904],[228,1455],[-1754,48],[-2682,465],[88,-407],[960,-1763],[-733,-158],[-956,-483],[-100,-85],[-1098,-1590]],[[168647,310214],[50,622],[1048,1130],[1532,222],[604,704],[-585,907],[1633,759],[-1008,1035],[604,1203],[1171,-814],[-142,1055],[1189,-37],[1606,998],[397,998],[-696,2330],[-967,1921],[556,1811],[-594,3235],[1493,1478],[-3325,2215],[1647,1016],[1873,540],[-1913,534],[-119,157],[-1150,1532],[-1014,300],[-1219,1729],[-2795,48],[-69,1989],[-1076,653],[-2087,749],[-2422,-647],[-679,518],[-4309,299],[1213,-1960],[-1913,43],[-578,-847],[-861,585],[-2403,276],[-1551,-2479],[-1769,1297],[-2257,425],[-435,1368],[-1166,1351],[-1184,-739],[-272,1163],[-1572,1130],[-1151,-1314],[-787,1352],[-1533,-1165],[-1615,924],[-706,-665],[-2480,1536],[-1110,-295],[-2744,518],[-20,778],[-1412,-19],[-1313,772],[-87,1725],[-1297,244],[-490,-1033],[-1419,-1013],[-771,483],[-2613,451],[-4599,278],[-766,555],[-1493,-944],[-2462,648],[-1776,2188],[-1470,1311],[-1292,2276],[-4439,-370],[-1735,1609],[322,3201],[-1292,1387],[-1130,2146],[-2341,1146],[-1049,-1239],[-3411,925],[-1009,1239],[-1716,425],[-1615,1164],[-67,4980],[2322,945],[9761,269],[-454,5072],[331,1377],[1270,2385],[1558,3075],[-307,13737],[1956,-250],[2702,214],[2147,743],[5642,2756],[2617,791],[1878,150],[2746,-234],[-872,5188],[-1050,2467],[-2459,3422]],[[405978,793660],[1477,-904],[170,-1044],[3436,-1082],[1537,-1516],[1589,-3600],[1452,-346],[953,-2611],[2749,-3141],[1099,-68],[-2867,-2789],[-19,-126],[-8547,1051],[2102,-735],[3751,-2608],[955,-1055],[107,-1132],[1333,-1326],[-12,-2519],[1340,-1525],[313,-1266],[-441,-1634],[-3381,-1948],[-3569,-4026]],[[373760,924778],[1155,-95],[1251,1221],[1558,273],[302,1532],[1708,927],[2319,-658],[3363,-1827],[301,-1152],[1389,-1249],[3233,-2044],[2528,80],[1210,-416],[952,-1604],[2312,-32],[1341,-1702],[3641,-2177],[1353,-1806],[1109,-555],[1781,371],[928,-483],[586,273],[-1493,2881],[97,615],[2467,-2339],[2718,-584],[4079,-162],[4339,279],[-444,1167],[1061,591],[1447,-184],[1261,241],[1505,-889],[-529,-832],[650,-1166],[1485,-555],[1708,460],[1238,-670],[-130,-585],[-3195,-3066],[-1237,-712],[-1336,108],[-59,-1412]],[[431334,819257],[-4055,316],[-6399,3612],[-4703,947],[-1532,548],[-2078,1459],[-754,970],[-1209,2653]],[[431598,584020],[-9101,-7294],[-1468,-1496],[-706,-1647],[-767,-3508],[-337,659],[31,2335],[-319,825],[-2050,1607],[-1173,3902],[-873,768],[-1505,816],[-7920,-968],[-18199,9],[-8047,87],[261,16968],[37,11345],[-2473,857],[-1966,2052],[-1884,2979],[-2552,1128],[-1074,1036],[-689,2386],[-1640,-149],[-2391,1110],[-2958,2849],[-1723,2941],[182,943],[-1948,2054],[-1573,930],[-1931,3005],[290,4064],[-456,1355],[-1145,854],[-703,-1323],[-501,-3422],[-1567,-4013],[53,-1729],[1382,-3929],[2,-6221],[-220,-1398],[-1324,-3421],[-1327,-1242],[-139,-521],[-1897,270],[-1283,811],[-2150,695],[-2564,67],[-1445,-739],[-342,-994],[-2715,-469]],[[933846,826518],[78,744],[1800,2523],[53,2368],[1271,-45],[3494,1938],[4915,4511],[4367,2500],[1684,1258],[2672,2648],[1155,738],[3691,2354],[1849,2363],[-731,-1610],[619,-1977],[-2239,-2003],[-405,-866],[798,-1576],[-750,-1073],[2477,-4948],[-346,-2017],[-952,-1136],[845,-827],[-1488,-2326],[226,-1059],[-726,-1848],[524,-336],[1000,-78],[758,451],[587,351],[122,-338],[7029,117],[-61,-4807],[185,171],[-23,-1471],[2911,-113],[6746,7003],[4004,3606],[2517,2244],[86,77],[3258,353],[-83,-865],[-2,-746],[279,-4],[10,-1022],[1285,-15],[14,-454],[498,5],[6,-254],[517,0],[-6,228],[667,-18],[-3,-1348],[2918,-192],[3623,-42],[-2582,-3452],[-678,-661],[-3529,-2259],[2351,-919],[1343,-524],[1981,-779],[2243,-867],[1301,-392],[-530,-585],[-646,-669],[-1581,-1707],[-162,-429],[435,-427],[473,-1332],[-271,172],[-1633,1],[-1653,-1515],[27,-1420],[1658,-25],[17,-5185],[-1645,32],[-3,-638],[4824,-1478],[-1766,-1993],[-897,-4337],[-2055,-4575],[-231,-3255],[-2530,-2670],[-4195,-4499],[-1951,-3545],[1294,859],[910,-950],[2305,-550],[1623,-1096],[122,-1704],[-1147,-1058],[-88,-944],[1477,-2700],[-861,-768],[-1809,-183],[-2541,-1494],[-1347,-1217],[-6,-1974],[893,-1080],[-551,-757],[-2717,1190],[-1548,-2427],[2848,-1082],[2348,809],[1084,9],[560,-3207],[-1796,642],[-2185,-1329],[-538,-3758],[755,-1828],[-3699,-2498],[-368,-485],[-2427,30]],[[978275,750173],[-28943,362],[-8115,-61],[-17680,-17730],[-1987,-12],[-841,514],[-13,2432],[-3220,63],[37,-2386],[-1014,-468],[-4685,627],[-4070,6],[26,-1074]],[[907770,732446],[-1837,-905],[-913,664],[-1325,984],[-3888,-4446],[-4905,-4826],[-3076,-1],[-14,3832],[-5517,4489],[-817,2396],[-2124,1504],[2834,63],[-56,2684],[5,876],[4136,2316],[1513,979],[971,954],[518,719],[425,775],[-186,86],[-208,58],[1109,2284],[-997,2841],[3440,68],[967,1762],[-4228,-1300],[-3653,-1738],[-6724,-5520],[-5727,-3826],[1341,-1574],[1442,-976],[711,-381],[-1539,-1680],[-1520,-2078],[-504,953],[1262,185],[-1227,3581],[-2245,309],[121,-5523],[2090,-544],[-166,-136],[-1533,-4841],[-769,-190],[-2461,39],[-247,874],[-1025,-841],[138,8610],[-6840,-5053],[-5165,-3080]],[[668478,202829],[-2073,-167],[-1622,-658],[-1146,-904],[-6708,-6959],[-49564,5422],[303,-31870],[-4223,-51],[927,-6654],[-8762,84],[-6764,700],[-6017,-11]],[[582829,161761],[-1283,150],[-5210,1530],[-3178,1552],[-3413,1016],[-4050,279],[-3637,-281],[-3268,315],[-4523,-664],[-60,3310],[-1928,7169],[-534,302],[-77,1910],[-996,-324],[-299,-1007],[-1754,-1441],[-1275,201],[160,-955],[-2401,47],[-1517,1809],[661,1585],[-3367,840]],[[582829,161761],[-244,-15486],[701,-13802],[-6392,159],[-21479,-67],[113,-1613],[2335,-1960],[1062,21],[5959,-3861],[5175,-1643],[751,-880],[93,-6941],[4044,-1404],[-4163,1275],[-769,-1035],[2955,-466],[-3573,-3779],[542,-3585],[1559,-801],[186,-941],[-243,-1676],[-1643,-108],[-7096,-88],[-1773,-1986],[418,-2507],[-988,-1715],[-2646,-122],[2731,-3386],[2205,-3495],[151,-1132],[908,-20281],[-192,-1106],[-2000,-2330],[-485,-917],[-512,-3759],[390,-4284],[120,-17802],[4619,35],[-761,-8019],[864,-2182],[42,-1423],[-1386,-3034],[-2631,-2498],[-2850,-6052],[-723,-3182],[-923,-1370],[-1627,-1278],[-2691,-56],[-1285,-537],[-5704,17],[-3093,258],[-2409,-1908],[-1807,-740],[-622,-981],[-2791,-1408],[-3261,-704],[-2846,-1128],[-2996,-640],[-1453,1170],[-1375,-1678],[-2416,-920],[1266,2405],[162,3720],[-1204,1444],[-381,1277],[603,1036],[-380,2295],[301,665],[-2462,6386],[-216,1862],[-2545,25],[2205,1682],[2407,2306],[-121,564],[-23,1154],[-4418,103],[-1650,1293],[-6357,2428],[-856,100],[-14091,-4039],[-1418,-179],[-929,-4]],[[849974,661484],[2913,4365],[-968,458],[2146,3027],[8378,-1571],[6189,-342],[1317,1294],[315,967],[1182,-324],[-56,1877],[7190,2740],[794,-646],[2576,-6973],[4602,4421],[2868,-8282],[2692,-6],[-66,4066],[1273,-21],[1419,1120],[2561,135],[3367,3485],[1442,138],[-1049,1957],[684,2106],[-6380,4180],[-650,9],[989,1303],[636,587],[-72,805],[85,9409],[2264,-15],[-78,3669],[-13,594],[-2419,34],[0,1713],[-849,3],[-38,2809],[6003,-11],[-1421,12139],[-318,2690],[-996,0],[-11,5997],[224,1249],[1204,2563],[3564,3966],[544,-20],[3809,1065],[-50,2233]],[[978275,750173],[375,-6932],[273,-5062],[-7,-8559],[198,-9116],[3229,48],[61,-14807],[-3227,-9],[15,-9924],[0,-202],[-1606,-1867],[90,-1335],[-1463,-2208],[-287,-1945],[632,-5328],[2680,-2832],[-230,-1289],[-1436,-1022],[-1047,184],[-1209,2011],[-1773,508],[-622,-703],[-1398,-3348],[-2537,-2011],[-306,-751],[1174,-1234],[4392,-2484],[1993,-2873],[1450,-2600],[115,-2009],[-764,-1675],[168,-1804],[1316,-1410],[291,-1009],[-238,-901],[-2173,-1797],[-3192,-1835],[-2838,80],[-2186,663],[-430,-256],[265,-1289],[1894,-1757],[2123,-1443],[2360,-2231],[89,-1174],[-1007,-1240],[-2330,-776],[-2204,-3514],[-308,-1159],[-2803,-1493],[-3783,-3275],[-1668,-1975],[-3088,-2339],[-3912,-3749],[-1228,-2238],[-1579,-2136],[4,-3030],[-806,-1427],[-2319,-1468],[-1257,-478],[-1750,-1652],[-308,-1354],[-1453,-1867],[-1367,-488],[-1422,-1032],[-185,-3084],[-1139,-2928],[362,-3653],[-989,-2230],[-500,-2168],[506,-445],[781,-2214],[1812,-3846],[721,-2420],[-2727,-5279],[1122,-1248],[3330,-196],[1431,-832],[1820,-2626],[-139,-1377],[-1565,-4054],[-1154,-1750],[-3669,-999],[-2225,-1203],[-2999,-3108],[-1924,-807],[-3425,2808],[-1966,1816],[-2453,2764],[-1134,272],[-1824,-1727],[-924,-2088],[-129,-1054],[998,-3014],[-212,-844],[-2610,-1214],[-3891,-494],[-2450,-663],[-1504,-697],[-2619,-2770],[-2906,-4579],[-1112,-967],[-3474,-2266],[-1821,-2293],[-1368,82],[922,1551],[-2432,892],[-3946,-301],[83,1072],[1046,42],[126,715],[-1170,862],[24,1133],[-1348,-254],[-1062,1267],[-1811,-274],[463,962],[-844,856],[-993,-279],[-350,1097],[-1670,867],[2994,3681],[-564,1939],[-1141,1462],[-2686,2652],[-1169,365],[-66,2154],[-5334,2014],[-366,1820],[-993,16],[-2604,-673],[-1194,632],[-1136,1523],[1099,2702],[-5620,-948],[-949,516],[-1462,-796],[-571,1055],[-3578,1024],[-162,-1027],[-1902,-64],[-1140,-981],[-1268,478],[-2319,2713],[-1229,805],[-3107,1004],[-5841,3667],[-1262,475],[-3779,357],[-994,593],[-905,1929],[-569,803],[-4566,1057],[-4021,2723],[-940,-1938],[4,-1696],[-884,-3652],[1545,-1917],[449,-3490],[-1251,-1428],[-1913,-377],[-3860,3545],[-738,2252],[-2197,2850],[-806,3008],[47,1466],[-1213,3256],[-331,2614],[-1112,2804],[133,2667],[-937,1387],[-4028,1085],[-2243,1479],[-322,-1101],[-1539,-406],[-2561,-2077],[-2463,-1066],[-542,-1251],[-702,1514],[-1849,1221],[125,1971],[931,1373],[-3089,2333],[-3,1296],[-1976,439],[-2103,645],[-1618,-780],[-449,-2519],[-2389,-2762],[-1384,201],[-1603,-1061],[-3192,661],[262,1036],[-969,2925],[536,931],[-40,1973],[-1613,877],[-838,2036],[-3047,1141],[-700,1134],[-1643,749],[-835,1732],[-1064,-165],[-153,1714],[-1170,1305],[-1094,-230],[-1146,629]]],"bbox":[-88.3413599,32.317574,-86.997656,33.5558],"transform":{"scale":[0.0000013437052437052377,0.0000012382272382272356],"translate":[-88.3413599,32.317574]}}
